Vehicle_Count,Traffic_Speed_kmh,Road_Occupancy_%,Traffic_Light_State,Weather_Condition,Accident_Report,Sentiment_Score,Ride_Sharing_Demand,Parking_Availability,Emission_Levels_g_km,Energy_Consumption_L_h,Traffic_Condition,hour,day_of_week,is_weekend,is_rush_hour
205,49.89343479610332,82.65277992850861,2,0,0,-0.6091990900689384,2,45,450.7600550695179,19.57433652960039,high,0,4,0,0
202,22.38396487008785,45.82929780270145,0,0,0,0.965442369948869,16,1,321.8003405168867,5.385553512193732,high,0,4,0,0
252,46.88969943933488,82.77246480269831,0,2,0,0.2896603158283986,16,49,231.1526548042294,10.277477486419944,high,0,4,0,0
37,5.73053642288215,37.69556743980888,1,1,0,-0.2719647381913392,66,10,410.3842921098877,29.243279449960266,high,0,4,0,0
64,61.34803435570192,22.31335794983795,1,3,0,-0.7976056171199948,3,5,364.4663416875681,16.801458761149803,low,0,4,0,0
125,9.15074562077742,72.79990343468822,0,0,0,-0.5946363258437672,78,27,349.0453075341282,29.805841938330232,high,0,4,0,0
125,9.162774286317184,34.18201801274164,0,3,0,0.5442838486792319,21,42,363.7459309898909,18.890578675520043,high,0,4,0,0
130,40.993622396031405,40.42793231937237,2,0,0,0.7440578886965032,92,22,82.19081477288391,12.117573134703528,medium,0,4,0,0
67,73.90533684403202,80.60737469182321,0,0,0,-0.4399310045244551,27,4,477.2324199553465,17.22367898264705,high,0,4,0,0
12,65.53559165495976,47.11495674614308,0,1,0,0.5666006957850183,28,8,56.86540356176727,13.04474290683431,low,0,4,0,0
117,60.481377184050814,56.001738449270526,0,1,0,0.6664657071865467,77,39,295.9050841290863,18.446978633014037,medium,0,4,0,0
12,38.73987429516659,69.65316330616227,0,1,0,0.7141623836873849,14,2,179.55588051529534,22.226653546783027,medium,0,4,0,0
97,61.94792468231577,17.328211252878866,1,1,0,-0.4160295300566128,70,12,157.00581313571243,7.226278360692663,low,1,4,0,0
265,64.42220656036997,94.97458762743562,2,2,0,-0.509843380609708,72,24,323.52502528496336,16.808287514257266,high,1,4,0,0
187,24.435895690008063,47.48922185752585,1,3,0,0.3623683878276231,83,36,351.410216996325,7.264291396576307,medium,1,4,0,0
139,21.67302311052592,45.85708774128288,1,0,0,0.7311004064796309,25,8,421.73816741660187,7.12983667274067,medium,1,4,0,0
298,39.8146802697647,73.0033476502656,0,3,0,0.3020293127957278,34,39,108.97478132734614,20.30003674919476,high,1,4,0,0
168,71.17270013565329,90.3311355095128,1,3,0,-0.1871333686058931,33,6,122.32794699154114,29.551370001069635,high,1,4,0,0
188,50.22358935829257,85.22206471130797,2,2,0,-0.7701418177688828,35,47,391.9104428862423,11.82297830383838,high,1,4,0,0
176,19.51636298845032,89.38515987287367,0,3,0,0.3865153779002392,80,10,106.8701080690732,18.44268948648869,high,1,4,0,0
38,60.81684312012823,48.5543592082827,1,0,0,0.2155134762549486,25,39,182.07658609405055,18.188052384304385,low,1,4,0,0
113,36.09859481632135,82.04990255159494,0,0,0,-0.7653051192371645,32,7,470.3349269243291,8.304640100191714,high,1,4,0,0
56,57.38454322166173,24.764000188126225,0,2,0,-0.8891883051351825,35,34,263.2759892873477,20.718723109662093,low,1,4,0,0
114,79.99755567864995,25.02061511790715,2,2,0,0.552604021206045,95,10,192.10991670597213,7.2327914211873745,medium,1,4,0,0
17,71.09147217572958,78.95197163446714,2,0,0,0.1908277492646515,91,2,234.09635550389484,20.24696728592339,medium,2,4,0,0
80,47.49605859316661,63.05449092372216,1,0,0,-0.5591570107296344,42,27,351.9970574018992,16.222708241505984,medium,2,4,0,0
231,26.915595300879552,24.62641256418302,2,3,0,-0.2481712155713014,90,37,377.44668681276335,29.47099974497721,high,2,4,0,0
175,74.60523206298218,92.46344883603,1,0,0,-0.0133839386493355,68,21,101.38611454932744,9.823282793638544,high,2,4,0,0
188,15.567148469930748,54.77980321069173,0,1,0,0.2526972102179952,33,48,369.7603454664389,28.732898162954257,high,2,4,0,0
167,48.58248889932586,39.12002346933019,0,3,0,0.7879892389354362,79,23,300.3471900525193,17.971927208222596,medium,2,4,0,0
91,77.62586240471275,39.72487960283732,2,3,0,6.6979644495202e-06,71,13,242.87191747209764,15.704331724906908,low,2,4,0,0
232,31.17867378139349,92.06030033344884,0,1,0,-0.2525482774076462,92,26,442.5890997999306,29.062142723413142,high,2,4,0,0
218,54.07900288400693,52.49588573785195,1,1,0,-0.6501268299231739,71,7,179.6482813525277,5.926474070098918,high,2,4,0,0
178,45.1138083631014,40.98205381654071,1,0,0,0.4976100687980986,87,8,103.7934778809011,22.51005713337237,medium,2,4,0,0
184,55.88293041200885,39.04751330746949,2,1,0,-0.5360622080462965,80,1,151.10462846324134,27.42719042114565,medium,2,4,0,0
57,78.34660844722822,10.343836706850992,1,2,1,0.3869527196914277,65,34,427.3933685083768,11.74513768817812,high,2,4,0,0
52,72.67421356190098,82.63390703511475,0,2,0,0.7093411006019192,40,48,131.18073333454146,21.297498144452423,high,3,4,0,0
167,25.97242404909632,73.0927863433374,0,1,0,-0.5762364848206956,73,11,362.1701082855061,14.64284588641446,medium,3,4,0,0
197,75.04964465908137,80.57636222919484,0,2,0,0.0713651323289301,17,33,144.469010052026,6.467794258638594,high,3,4,0,0
120,28.45428068369029,88.91625854493435,1,2,1,-0.12026269994859,73,41,388.6328015995484,17.314707524943053,high,3,4,0,0
100,27.5204732653235,65.0461003723046,1,1,0,-0.4469900480251843,3,25,72.31613698129841,16.948276343160508,medium,3,4,0,0
287,52.86087348008984,36.13426324812147,0,2,0,-0.5450682248436705,90,25,100.60884505356618,21.22748639245944,high,3,4,0,0
69,38.21844785174002,74.93906729152008,0,2,0,-0.9205966498656432,2,9,397.9887354667196,16.98513902146859,medium,3,4,0,0
145,41.96284794497191,39.80280635029857,2,3,0,-0.5471756670295298,3,34,204.13901968689623,22.394187139386464,medium,3,4,0,0
284,7.029178890541983,98.42862842720132,0,3,0,-0.9866476533532108,43,27,68.99947647592748,29.37110103011153,high,3,4,0,0
79,60.28169792627553,40.184704954994814,1,2,0,-0.2196382296939711,3,37,213.24818443865044,9.85446506294578,low,3,4,0,0
11,9.319160749520844,22.47702105867736,0,1,0,0.4612918124683303,99,44,235.92703078060367,20.10842521558271,high,3,4,0,0
271,23.190552504015525,45.034081468371255,0,3,1,0.6718498809079942,1,40,245.08622861703347,21.33977152794857,high,3,4,0,0
225,73.80382207885744,49.80791603476349,1,3,0,0.5561346598810424,10,9,158.78453447625284,20.101910588982427,high,4,4,0,0
280,41.0712666490924,96.41704433896126,1,0,0,0.0372163703607444,44,47,497.50633672089344,18.62749970365749,high,4,4,0,0
46,41.35789622022762,13.839692307105942,2,3,0,0.0493435532945747,58,20,316.1279239393985,15.482285113965355,low,4,4,0,0
73,52.21648822344631,83.16622838296281,2,1,0,0.5175470843898515,88,0,494.7243931868538,16.626551561121747,high,4,4,0,0
144,45.6098953431605,47.9161781837563,0,3,0,0.789262135207371,46,49,412.43526497776287,8.938115763058875,medium,4,4,0,0
26,57.46718726223782,13.728001546595104,0,3,0,-0.3129544798065804,33,9,309.9899122081785,5.260934678882574,low,4,4,0,0
299,16.81106266575573,64.80429861209922,0,1,0,-0.1510213586019182,49,20,285.05238479526884,9.860471379386835,high,4,4,0,0
154,22.818286277297425,50.716088017467264,2,3,0,-0.8060828099165109,87,11,293.1259911839219,20.93252929375821,medium,4,4,0,0
151,42.13486623161436,68.15273982778378,2,3,0,-0.2887040237938754,79,49,102.92207184359724,14.066453810758611,medium,4,4,0,0
150,43.632900434981096,13.381769109148305,0,0,0,0.7732679229884583,1,30,414.1457229742099,6.8134472095494925,medium,4,4,0,0
224,44.02835099746424,56.79673116022704,0,0,0,-0.6701621670944911,23,30,390.0010884824383,19.924865076539245,high,4,4,0,0
293,32.2650409833992,92.77027574037837,0,3,1,-0.939420733352309,64,0,162.5534163690799,18.59836662700441,high,4,4,0,0
57,20.330510726738027,28.89163122998877,2,0,0,0.2731662510843942,35,43,330.6898963668321,20.56406796291691,medium,5,4,0,0
286,51.55835982917331,99.64162215486093,0,3,0,-0.6258694423309457,34,21,419.4787779010824,21.02857743269327,high,5,4,0,0
73,5.235374417868684,93.55531179975526,0,1,0,0.0624303196936173,99,22,189.91532775001093,11.989570745690468,high,5,4,0,0
14,18.70803741213166,42.96812517690884,2,3,1,-0.8008142499141737,11,27,243.71706940037825,21.627124423806887,high,5,4,0,0
265,24.33924682493923,83.91090395688519,2,3,0,-0.9375404170263136,88,1,448.80392159091,7.424504353870416,high,5,4,0,0
56,65.82208947578665,80.97585857974069,0,0,0,0.3304622027070543,64,5,499.6357758161299,29.807229980031988,high,5,4,0,0
144,40.82501541871341,46.33998563123546,0,1,0,-0.2214198038537138,62,3,325.45454744496004,19.13591765536924,medium,5,4,0,0
115,16.839692438276156,93.73114037263396,0,3,0,0.8600552699642059,23,6,68.86910368114084,5.314665558368691,high,5,4,0,0
11,44.26966120843294,62.258861054791495,0,1,0,0.7924003535653457,94,5,128.41737681900975,9.404095573624724,medium,5,4,0,0
234,43.86167334021748,98.6140278342933,1,1,0,0.5673520388654962,92,24,170.10342995350248,14.901411174617824,high,5,4,0,0
246,12.333480518893056,92.514586669118,1,1,0,0.3337468638717138,8,26,242.97568595240017,6.605812060858347,high,5,4,0,0
13,8.567387828650014,77.26564970712401,1,3,0,0.9791522224280984,93,23,198.21755123249815,8.311876753129077,high,5,4,0,0
176,60.36147621184783,31.246595913538023,0,0,0,-0.7814736224415133,28,46,251.3769818869556,23.195480238855247,medium,6,4,0,0
176,76.1008085232942,95.37055178754484,0,2,0,0.9954349587343638,19,23,286.01136951166745,18.531052594849506,high,6,4,0,0
95,18.24923855695157,20.996498078658263,2,0,0,0.5647806268134108,2,39,272.72682649063324,21.536330280697563,high,6,4,0,0
54,77.8792493518617,26.052238212547064,1,3,0,0.7383721624507811,10,49,479.255561640764,17.964474166683356,low,6,4,0,0
200,37.78574147628989,78.31278088723474,1,3,0,-0.9969335526934228,77,16,188.2804296161154,13.037593575621562,medium,6,4,0,0
236,66.90866594654275,15.460302206921815,1,3,0,0.4806257421431781,63,18,110.06733809347968,17.581242690833946,high,6,4,0,0
147,11.623676967032296,93.09049154429523,2,0,0,-0.4192680737538918,89,29,228.28406462416896,6.338511739845085,high,6,4,0,0
155,21.143661842276124,97.5150923158531,2,3,0,0.6877609843965422,95,4,495.18065172422735,24.291517475980488,high,6,4,0,0
81,68.87961408691379,44.07587049607932,1,0,1,0.0461074671160117,67,2,282.7010618406011,8.244836427965737,high,6,4,0,0
255,24.749644051236466,66.79166610157546,0,3,0,0.1443967508205212,60,12,120.67574823359716,12.00284103848442,high,6,4,0,0
56,47.60108465146755,90.00809423653786,1,3,0,0.2059821951016509,3,43,444.9607587328903,29.642294253699063,high,6,4,0,0
99,42.31579683056478,69.41972209214416,0,1,0,0.0792598902000241,60,16,258.9778936936625,12.524778448208602,medium,6,4,0,0
204,72.28233218705788,13.803503943372704,0,1,0,0.7362509224118237,49,6,191.25228028249265,27.166896999793035,high,7,4,0,1
276,44.72670945542277,75.0917986349789,2,3,0,-0.2987596782652575,83,48,395.9984008939237,5.075853821674684,high,7,4,0,1
12,33.48544461921523,92.08795275754947,0,2,0,0.4528701861430082,58,17,132.55482489075217,5.083560703150997,high,7,4,0,1
258,46.10589016548361,46.184200746738,0,3,0,-0.0738146711498055,31,26,343.1549681255213,18.987468912198096,high,7,4,0,1
50,76.49639096987447,51.086794345997525,2,2,1,-0.3941163102241947,64,14,488.19283857759655,6.174603273017594,high,7,4,0,1
243,18.77766727045603,36.33253143866247,1,0,0,-0.1786643736468465,17,20,436.57967010993474,20.548946492552453,high,7,4,0,1
146,7.564113951555127,20.99944089650604,2,3,1,0.5534776920632181,98,15,473.5170839057554,29.97309109646085,high,7,4,0,1
238,18.507264706515365,11.60467710480589,2,1,0,0.7445034512281705,9,38,454.49864557048346,11.594265688362348,high,7,4,0,1
182,12.364228885211125,23.06227864544215,0,3,0,0.4478572954032975,10,31,490.5286658880573,20.54937201248468,high,7,4,0,1
89,10.7753704319958,36.47811109770807,2,2,0,-0.9213470034276974,19,42,136.49437997781274,19.16345516470161,high,7,4,0,1
113,28.5149956513012,71.2132812317127,1,2,1,-0.6382984163513834,25,31,305.10991427282136,16.679060969242588,high,7,4,0,1
225,6.801842179656013,83.08514437541739,1,3,0,-0.0581050466197259,72,27,172.04289848799442,9.31001482491007,high,7,4,0,1
69,32.70315419384916,22.79518358940257,2,1,0,-0.921302194538703,68,4,244.2301415151796,23.55252180997613,medium,8,4,0,1
258,19.91420658114672,56.73383144888479,2,3,0,-0.9778148627003548,23,4,57.32850331576091,14.234916887005657,high,8,4,0,1
163,15.4537385704169,78.79140305352313,1,3,0,0.0725452072563312,88,48,361.2870184472336,23.54235920037328,high,8,4,0,1
32,39.48048269952872,94.7018410364765,1,3,0,-0.8734534877854891,79,37,281.64529966018586,25.259796431622146,high,8,4,0,1
248,39.37149026561634,16.44037795887595,0,2,0,0.9980404341550222,44,22,136.89995820044393,11.666233564927309,high,8,4,0,1
187,53.52341624025693,91.56789853687586,2,2,0,0.1565604420240556,44,42,449.0452657537846,27.226808523096093,high,8,4,0,1
230,56.564507665474615,36.35492680974481,1,1,0,-0.9488712936783504,64,11,72.95203428493598,14.433362811129896,high,8,4,0,1
254,14.562958348882184,71.88242576194519,2,3,0,-0.9518469371122004,28,47,264.5449408810361,9.354182902638678,high,8,4,0,1
176,43.39658174229107,78.61973699948632,1,3,0,-0.3830014087038345,36,1,91.98672043399938,5.3534286733399865,medium,8,4,0,1
167,47.28470135990441,90.51235321751098,2,0,0,0.1457631368988483,5,38,59.59089952241013,18.416022983640183,high,8,4,0,1
267,29.513286334499195,49.86942102738581,2,3,0,-0.2376503022557694,57,19,326.23251589848513,15.850933613493144,high,8,4,0,1
206,18.85661946950744,75.24380759018949,0,1,1,-0.4095322937407639,11,46,340.87696930086344,26.528375578415744,high,8,4,0,1
43,8.35483649210628,80.9586846464575,2,1,0,0.6536836631560841,46,48,448.9402347767771,27.66146422272976,high,9,4,0,1
202,12.857793827652667,71.25413962072773,1,2,0,0.6518590509074857,77,33,470.67899373563546,20.60845070415659,high,9,4,0,1
66,79.02215440527998,35.22987207569021,0,2,0,-0.9646896258951554,11,44,165.5376467481222,28.27255387430153,low,9,4,0,1
166,48.64734003049677,44.74205489598403,0,1,0,-0.7322723062801744,93,13,168.4956255585839,11.652099600599437,medium,9,4,0,1
253,6.997656426615949,51.36569731886526,0,2,0,-0.5920781013662497,88,5,161.8192105027798,5.602626892731328,high,9,4,0,1
274,29.906190798036256,90.26598984977508,1,2,0,0.964929706738531,95,34,163.62144023316898,14.09423151615445,high,9,4,0,1
44,44.51791608738469,86.32980533599455,2,2,0,-0.3914840138728623,3,25,346.72346201648566,24.446176867202887,high,9,4,0,1
55,36.05004148529005,22.953003272860336,1,2,0,-0.905669973528986,32,11,442.98143065464905,7.423687586223878,medium,9,4,0,1
257,71.51826609249326,28.941243880434552,2,2,0,0.0903078696231285,58,17,201.8075206849748,6.981107999028309,high,9,4,0,1
22,45.31782146472661,73.24397387333073,1,3,1,0.7795842893040152,90,17,193.3218336317656,16.8423837905205,high,9,4,0,1
293,45.45171078554882,65.2485032899281,0,1,0,-0.0309126237127943,66,49,456.77425091503625,20.504541255755488,high,9,4,0,1
15,67.3111596766847,13.203849299098769,0,2,0,-0.0754718370715723,46,36,449.0855005361736,10.102072260377687,low,9,4,0,1
278,28.518028431677216,28.7186765842534,0,1,0,0.0251969905015305,41,39,370.5954681441099,10.955541774457204,high,10,4,0,0
75,31.67768583198824,92.50525311080406,2,3,0,-0.6701307548693738,97,31,377.5833491193738,29.62572100223457,high,10,4,0,0
292,59.45207757991675,51.56113099424922,0,1,0,0.2647629185325575,59,34,298.3388109699609,15.722933725501068,high,10,4,0,0
215,39.24161422965986,29.919030649414776,1,0,0,-0.4981995015297529,58,13,161.8919383719953,17.58753149414698,high,10,4,0,0
253,59.74660145760081,90.5367424606657,2,3,0,0.4553594989536689,99,45,354.6621929362638,19.19419419306577,high,10,4,0,0
33,35.19627397009948,34.06793592984471,0,1,0,-0.9732940267532996,58,44,80.02292183884624,8.117405298793152,medium,10,4,0,0
297,78.01290238592881,83.26241439501688,2,0,0,-0.6235858112695496,28,9,246.93310823065676,29.802123951306505,high,10,4,0,0
63,60.2709600040544,54.37350861164193,1,0,0,-0.6389278811114685,94,15,101.56522345300225,14.892420207006314,medium,10,4,0,0
270,77.95779564182008,58.62122881471962,0,0,0,-0.9073586810572636,96,1,441.5977093237071,22.938444521973626,high,10,4,0,0
95,10.43845427438752,64.70547307334033,0,2,0,0.4359121924964018,39,31,243.5228649612408,21.762000347264227,high,10,4,0,0
67,7.826150732085058,46.389211598274464,2,3,0,-0.3149576232105711,50,44,388.68491659237634,20.75946340593159,high,10,4,0,0
141,33.17366066975626,93.78414582919474,0,2,0,-0.78415030843626,17,41,171.24372485395975,5.626575578119187,high,10,4,0,0
50,8.577491030635171,22.39656928102928,1,2,0,-0.7282485866636483,3,47,482.65207014613793,20.643691470402157,high,11,4,0,0
157,45.98121970862078,19.43475920469345,1,1,0,0.3395850590160285,13,5,453.5271766098442,28.295879010053973,medium,11,4,0,0
264,50.588270635152575,80.20344600879679,0,3,0,-0.0765301910136553,39,26,242.38766712923737,7.34750929714953,high,11,4,0,0
34,71.80748883612716,98.92023463504296,2,2,0,-0.2362710521735946,6,48,260.4893090391392,18.690658402171955,high,11,4,0,0
17,62.8997728640144,91.61402482189207,1,0,0,0.8237583374788644,12,44,78.5985281070306,26.15302166982542,high,11,4,0,0
182,6.367202104047569,75.29948693048054,0,1,0,0.0980382728120408,84,22,209.82297811042423,11.124231293583035,high,11,4,0,0
95,63.46348013435261,86.91552717071048,1,0,0,-0.2899601678860473,72,11,168.68370605723408,25.42066232298104,high,11,4,0,0
83,22.0821080946198,61.51271147909284,2,0,0,-0.7503497117708673,91,40,498.4798069531995,14.214525525280246,medium,11,4,0,0
118,26.41595955295364,87.91615527225075,2,0,0,-0.4433846229166136,67,0,466.7478901906689,6.396846168064005,high,11,4,0,0
144,20.95659227290061,22.140203400314785,2,2,0,-0.5133757446121987,87,17,390.39107654053527,25.496605230664024,medium,11,4,0,0
246,23.076437391773748,39.832625086605546,0,2,0,-0.4176542704091965,37,29,72.33500736994145,17.910571901482356,high,11,4,0,0
242,61.86963711072561,82.37527920587178,2,2,0,-0.8425448665368165,18,23,289.1034685063099,26.532350133939403,high,11,4,0,0
222,70.61329035096894,67.36210966433154,2,3,0,-0.0606193820770677,46,37,324.98046098128526,12.43369297999652,high,12,4,0,0
26,66.98761413997167,19.539172723060226,2,2,0,-0.438173203244395,37,8,360.3679747717285,9.121759473801529,low,12,4,0,0
162,51.233049697077234,25.63114296428909,0,1,0,-0.7379407524774655,86,0,118.1865134927086,25.62771597134322,medium,12,4,0,0
136,66.50782863289058,78.9760024376244,2,0,0,0.5091917829795454,21,23,353.8032332640824,25.42855864484358,medium,12,4,0,0
178,60.42403392767754,84.94558998783658,2,2,0,-0.3448545351455077,57,8,259.5630790785306,10.35052043191608,high,12,4,0,0
235,51.23787256432476,51.44183771456356,1,3,0,0.352224019426433,88,29,119.6656026153192,22.67942668673566,high,12,4,0,0
82,8.391078760612572,95.64158686981968,0,1,0,-0.8738877946745067,97,15,145.10365948244603,23.893313876337466,high,12,4,0,0
148,32.88128577237697,25.805134561411688,0,0,0,-0.6455596431827109,78,6,348.14665490410374,23.823548612656964,medium,12,4,0,0
94,45.355706388631305,22.0163406993575,0,3,0,0.2419767544126081,15,6,145.9710142018845,23.37965678868274,low,12,4,0,0
31,46.90658566050148,15.854779656766327,2,3,0,0.8803787043999494,55,28,217.29272480372288,13.341852004026515,low,12,4,0,0
57,70.1666836902009,67.02550793200521,2,1,0,0.7419940453308838,77,35,127.0641141813194,19.857290406288897,medium,12,4,0,0
10,22.39622337349493,28.158568973691622,1,2,0,0.6811900963324007,69,23,338.3818875771388,28.70076279780245,medium,12,4,0,0
117,13.860426109400112,56.22125280494099,1,2,0,0.9410240711263752,33,22,177.9675324071651,17.577652550784144,high,13,4,0,0
35,65.84564853553968,23.241878760657382,0,3,0,0.9495562261002148,24,16,270.6118114317041,26.127516986362476,low,13,4,0,0
204,21.9200093178488,97.4613910714479,1,0,0,-0.3694222272428069,45,19,212.74462366942103,10.61022552597317,high,13,4,0,0
77,61.48314556874728,32.247833030944925,1,0,0,-0.3630225202922943,87,9,142.28865850482333,17.413989994519007,low,13,4,0,0
92,41.95808693885725,55.15870682912576,2,0,0,0.1409734880916335,81,49,391.0062188862904,26.840320115555308,medium,13,4,0,0
184,79.70651391031504,80.27996193835567,0,3,0,-0.42985057993783,3,7,59.91269977802846,10.753975765701512,high,13,4,0,0
85,57.6562929900748,85.31252671937168,0,3,0,0.4464138849543204,18,12,447.6608889367798,13.730718226925644,high,13,4,0,0
108,36.61516025594659,12.846673324522587,0,2,0,-0.4279984133632708,29,35,489.5624296733032,9.352121446246532,medium,13,4,0,0
205,47.23930641925332,55.97211962002024,0,1,0,-0.0783409768082568,58,14,296.14621808194704,11.706120504686622,high,13,4,0,0
142,20.098107844593383,87.88753572675188,1,1,0,0.8071790472144444,90,12,408.07627184672856,22.9239503392258,high,13,4,0,0
41,40.17684503081773,60.16763326032515,2,1,1,-0.8381569713353965,14,31,430.233225801762,9.127149111000971,high,13,4,0,0
232,63.62026528920477,12.97631722418732,1,3,0,-0.1614094366503011,57,8,495.43335688561154,16.88354957693071,high,13,4,0,0
91,64.04893291199755,45.86504275367251,0,1,0,0.3271622515701584,55,31,411.51038253852914,23.42660880385557,low,14,4,0,0
244,26.816419125377333,78.8658423907391,2,1,0,-0.3579842315708896,80,7,305.7731246142942,5.540099984766052,high,14,4,0,0
80,53.01306142404585,14.957970282353305,1,2,0,-0.482779290194268,87,25,203.2037970052062,14.733688965693387,low,14,4,0,0
195,68.06853826483672,75.07709229585133,2,1,0,-0.5844138737885509,75,7,387.5648090888199,12.12981558533009,medium,14,4,0,0
66,21.97006630504232,50.438636843077646,0,1,0,-0.875435150553378,14,41,246.98470679725557,25.140382233489994,medium,14,4,0,0
228,32.618763075795826,32.50386147727101,0,0,0,-0.4726125908931911,40,32,84.03785161082561,11.11145210077923,high,14,4,0,0
159,6.363447653535468,53.80978305611634,1,1,0,-0.2023867890215513,22,12,497.74370673675753,15.87943545198674,high,14,4,0,0
136,16.838256514919735,61.3961242904268,2,0,0,-0.485063845178731,95,37,156.0627351171612,5.814310770299651,high,14,4,0,0
53,53.59934560769119,74.13039979530065,2,3,0,-0.0688769851639514,39,42,305.95535520518433,20.43046717707478,medium,14,4,0,0
104,20.3973254691598,75.48181031052104,0,3,0,-0.8667612009412915,55,28,259.684886967285,20.395223481146203,medium,14,4,0,0
34,32.583208380286976,15.948245255629292,2,0,0,0.8437907558064053,87,30,107.71722658667218,15.602234814252148,medium,14,4,0,0
194,21.56827502467208,83.30526861339179,2,0,0,-0.5670965188958927,54,38,447.12201437744,21.11409354018494,high,14,4,0,0
142,78.89325129467325,49.33975346518704,0,2,1,-0.3175781344125832,50,26,109.25613630362474,13.336730652730855,high,15,4,0,0
95,65.26774176329417,52.25810507274328,1,2,0,0.8217995578819182,13,49,51.27129050564912,29.413558492186095,medium,15,4,0,0
294,31.498881087157567,14.453751117307489,1,1,0,-0.7932088207020958,59,10,52.86960754388097,25.517514975060987,high,15,4,0,0
215,55.063061731591766,29.79492562225426,0,1,0,0.7087915108109879,25,33,208.5812827163479,15.4674201769486,high,15,4,0,0
13,77.59872000261822,33.85298580375221,2,0,0,0.0962799316645526,22,25,87.16312705713997,10.211005901597174,low,15,4,0,0
118,76.5690118723237,31.02173610589793,0,2,0,0.0059805697793027,82,29,233.29519071011347,19.78579328558923,medium,15,4,0,0
110,20.651649334895417,58.64893772058527,0,0,0,0.4915674490999346,9,16,308.6467752278147,5.443057101732805,medium,15,4,0,0
12,64.92015491458636,69.54134577239114,1,3,0,-0.1560469549286276,77,12,306.1669326513962,23.081069474558312,medium,15,4,0,0
63,24.849716439979005,83.05890084740203,1,1,0,0.4729499390144545,82,36,126.56647910756662,6.06002964441192,high,15,4,0,0
199,60.54843006897954,97.3655751891216,0,2,0,-0.552784272042582,95,24,167.61320196667577,6.048896342656453,high,15,4,0,0
37,47.74685896267818,22.957019620667083,2,2,0,-0.3694488841570191,61,35,140.91294943262994,26.005500475350463,low,15,4,0,0
104,28.135767277979262,45.91061291206135,0,3,0,-0.842040085014329,96,40,296.8007615832074,5.090273503010644,medium,15,4,0,0
116,7.47828487461223,71.2433323940894,0,0,0,-0.1290169391573532,94,19,205.3198019262362,14.281230584865666,high,16,4,0,0
249,30.59631934285573,20.56855418987161,2,2,0,0.9212414896784537,46,33,462.8447590857815,6.2452106241432,high,16,4,0,0
269,31.83355520943492,36.3372479097319,0,1,0,-0.1425859053914542,16,41,497.2373948456848,14.641958707818745,high,16,4,0,0
250,77.13550006767571,99.0171310512946,0,1,0,0.8988895005438657,76,12,464.2713430161271,22.36503764906665,high,16,4,0,0
15,61.36530197385905,72.05701124408911,0,0,0,0.7944481352127026,72,27,251.6910816384839,27.99140487731364,medium,16,4,0,0
192,73.93974325093795,12.633882771323131,2,3,0,0.1554644733430445,2,34,177.30010951772562,25.70477763440758,medium,16,4,0,0
50,20.475197471930585,16.11175208607943,2,1,0,0.4695276050016477,14,24,75.42746574298219,20.33625463023105,medium,16,4,0,0
124,58.79297410906148,65.30816588186156,2,3,1,-0.6135839971335739,41,46,269.4558592577412,7.383852174419729,high,16,4,0,0
270,70.97091127618131,22.741598021827205,2,3,0,0.5645599286414928,81,43,149.42714899665606,11.75636592619708,high,16,4,0,0
211,66.15027592137753,87.83975967706691,0,2,0,0.3371950560036636,29,39,314.6626161813759,15.405645829520896,high,16,4,0,0
107,13.897333263037766,75.36792108872922,0,1,0,0.8333866328310833,5,48,249.6372101844545,12.348801383676992,high,16,4,0,0
200,54.69261097906136,12.380777303994664,0,2,0,0.9510014088812042,11,28,363.16781301064566,12.079665384458275,medium,16,4,0,0
181,28.880403086189943,95.77905930157084,1,0,0,0.3664980307971126,30,4,155.70166986092988,14.415910119496012,high,17,4,0,1
218,10.501695127830846,58.84161040568593,0,3,0,0.1819389142971357,81,38,177.2195033425984,27.75790731483325,high,17,4,0,1
200,14.596931157884972,89.19579095603365,2,2,0,-0.5299235836669263,65,19,91.11583031979907,25.28874336758632,high,17,4,0,1
141,16.074459725404576,36.18461682298337,0,1,0,0.8439922311060848,24,0,411.0880286601034,9.573890840352895,high,17,4,0,1
280,30.10214206361304,54.79801298883884,1,3,1,0.5266610624676151,12,25,373.2570952338648,28.476102362161388,high,17,4,0,1
139,35.71376243698894,37.18963227252017,2,1,0,-0.0452562771386051,71,29,424.0251602880928,6.533962527205757,medium,17,4,0,1
148,66.57881132438308,60.63315081092194,0,3,0,-0.7503975023769824,82,20,86.02628014083983,14.424671219170564,medium,17,4,0,1
59,56.77686834681478,71.98587522401539,1,3,0,-0.2088585363529718,18,33,392.03101646849217,7.499495424335352,medium,17,4,0,1
198,71.47606611424587,54.51005432416676,2,1,0,-0.905569950055036,96,39,362.39229546034784,22.19071120181724,medium,17,4,0,1
60,39.37396262929671,35.03126704909901,2,2,0,-0.574255179996743,90,1,205.72980163766945,23.716327606481407,medium,17,4,0,1
293,41.92314979469055,55.96665151217265,1,0,0,-0.3698055328289964,7,27,409.07027403540513,22.998347864487528,high,17,4,0,1
237,62.134654348708615,33.12226927828063,1,2,0,-0.6605535651976406,5,35,313.5897710755756,21.69004260285492,high,17,4,0,1
273,10.243463412041615,19.595822105288363,1,2,0,-0.2928716576706609,24,35,67.15843708822526,15.929032437549136,high,18,4,0,1
281,67.0602896883617,11.958625166600145,1,1,0,-0.6937191334565647,34,5,429.0221037564338,18.98366337876302,high,18,4,0,1
188,63.70831041401789,33.77928152546354,2,1,0,0.9280372700575964,99,8,138.6872409128464,9.36791097817795,medium,18,4,0,1
168,53.18705506758885,13.811152017148975,0,0,0,0.7309652989061963,53,24,455.7874143742173,21.16457446885007,medium,18,4,0,1
47,45.41416810838614,18.961618275160436,0,3,0,-0.2739574021937208,7,26,455.93676464704953,12.061134337806376,low,18,4,0,1
92,47.89836752024554,78.49487683614473,0,0,0,-0.1864191762067839,29,0,454.7553928533932,20.69564487167183,medium,18,4,0,1
194,72.79015227833867,71.73004123201478,1,0,0,0.6779887453134268,48,5,99.34492763060923,10.554211756135585,medium,18,4,0,1
39,77.16271036574354,34.01466942938897,1,1,0,-0.743368423439505,85,10,134.77720257009943,8.176337247875711,low,18,4,0,1
218,70.26360126406288,33.0920935235306,1,0,0,-0.4346613419929841,91,4,329.4515769506551,21.659548588706905,high,18,4,0,1
265,33.91326027447008,69.92568643802707,0,1,1,-0.766875624445543,88,38,146.07143018707194,29.995415951759885,high,18,4,0,1
76,30.071477529215063,98.30099756851124,2,2,0,-0.4250959216114929,70,10,214.4826910211556,17.31728256276343,high,18,4,0,1
199,68.37326641201415,67.04670330736195,0,3,0,0.3436748316980764,30,15,473.0247091828309,18.769249301649914,medium,18,4,0,1
244,10.108864530388775,35.136939243515165,0,1,0,-0.3399150193077802,31,46,427.88997054029727,8.83673177825295,high,19,4,0,1
88,53.44446564013458,22.971806625078404,2,1,0,-0.0597072591102512,38,43,481.8512476356943,20.743624870186704,low,19,4,0,1
64,29.9230047544582,41.85638637343625,2,1,0,-0.1302317751972859,20,42,68.45883250728947,23.84811672297034,medium,19,4,0,1
155,78.48787837001066,16.71366632359051,2,1,0,0.5435931198337935,81,6,228.1665257685967,28.34280762328625,medium,19,4,0,1
234,24.50354781052497,26.468457138611537,1,3,0,0.6040206165622879,54,8,319.5614713826392,18.564604786654805,high,19,4,0,1
177,23.04899408480023,23.666915575315823,1,1,0,0.6777336486100651,48,46,246.4361490592432,21.88361103226867,medium,19,4,0,1
259,74.39700522151895,55.23424619438101,1,2,0,-0.9760228456449616,44,25,373.00666060916376,6.0487877360392,high,19,4,0,1
244,23.32228369465584,97.9137365103581,1,0,0,-0.0648758840808481,18,23,429.4601303469001,22.877026119794667,high,19,4,0,1
188,52.96548070471059,11.750009797127952,2,1,0,-0.6689184023066519,1,4,484.3849504167873,16.156287724905596,medium,19,4,0,1
100,9.437356463521771,10.803855749080402,2,2,0,0.3402655093785691,32,10,492.4783539196552,28.8006992409427,high,19,4,0,1
196,71.14153113036716,33.4663367334719,2,1,0,0.2310158866717859,19,36,137.64070113236806,13.476772473377949,medium,19,4,0,1
293,36.37910796765543,82.96993724089343,2,3,0,-0.0381785477890956,60,9,84.59010821087381,11.062045517302025,high,19,4,0,1
165,44.7944593128416,20.384731738784176,1,0,0,0.5319021986441166,40,49,254.20807490076655,14.41703840874666,medium,20,4,0,1
226,23.18650328161951,19.06097828284093,1,2,0,-0.0179961125569547,37,35,324.6671204615868,21.764150735589023,high,20,4,0,1
280,51.71736224978542,69.02413496218195,0,3,0,-0.8865689476529497,17,39,354.02224743080205,27.376949311137757,high,20,4,0,1
144,67.93592604394976,86.28008012262629,2,2,0,0.378042348621987,76,37,376.1106563228696,11.333868363494808,high,20,4,0,1
11,55.170823911518205,83.70923594318577,0,3,0,-0.6095205723448858,6,7,252.3320027371072,25.4180351178566,high,20,4,0,1
146,62.40259361527668,70.25606523616771,1,3,0,0.4792119953147817,86,19,413.50364219707706,5.645098418576592,medium,20,4,0,1
104,77.52843535019775,86.18538121739246,2,3,0,0.1138091370643836,96,1,439.5267144208784,11.736791022722691,high,20,4,0,1
26,14.51073394588631,40.79428752320162,1,3,0,0.357990286708308,70,10,144.71322981413977,9.30729081478523,high,20,4,0,1
175,11.139298111151133,95.57984452510144,0,2,0,0.639412393089207,98,47,159.96551702193875,9.40731556722847,high,20,4,0,1
223,71.08791237825284,55.11267169704221,0,3,0,0.3640602934776256,72,38,309.4628627236113,19.21498667033266,high,20,4,0,1
102,68.09987102512953,63.63583672672495,0,1,0,0.3293554049018015,52,30,335.9197231866907,27.03220538466629,medium,20,4,0,1
211,51.66504036623987,73.08193716856388,0,2,0,0.3523792829492138,19,30,326.1939073402271,19.976647802856277,high,20,4,0,1
34,39.00913426810099,61.11430995457512,0,0,0,0.4218520781164794,7,47,276.17980465445123,7.966594536312367,medium,21,4,0,0
35,59.18372105270303,63.06733199667303,0,0,0,-0.5399765455559906,41,10,354.3279415910924,29.68431333744676,medium,21,4,0,0
31,56.59163335522122,78.4083972549556,1,3,0,0.4023684326596288,57,19,220.2984302248266,6.332560493643631,medium,21,4,0,0
58,34.36342389882028,16.707087629467637,1,0,1,0.7406811916402347,14,37,82.89513400328619,19.61323304799977,high,21,4,0,0
153,18.42225238726272,45.45820186510228,1,2,0,0.9845690227131249,32,20,440.34213839854215,20.49511483665188,high,21,4,0,0
73,26.70083743192846,17.566095642459967,0,1,0,0.8716534989071574,5,36,343.8068865801366,22.181141009765756,medium,21,4,0,0
163,17.51184006738675,99.54855269784396,1,1,1,-0.7784964330449071,4,36,352.4463075702747,10.754876709072065,high,21,4,0,0
129,46.00501061942189,24.363964893528927,0,2,0,0.5944684636862088,68,48,101.77587152745453,15.142557687576618,medium,21,4,0,0
138,54.84243109024519,42.68082912515779,1,3,0,0.7556399535563223,26,22,475.4650356391102,28.10066773267452,medium,21,4,0,0
256,16.348759860379587,54.43599727357193,0,2,0,-0.7612989124730389,49,30,424.0671481443044,12.171417461668517,high,21,4,0,0
202,19.661751628509784,13.264231230070582,1,1,0,0.8524924869957649,81,5,177.2778855521969,20.42735331464057,high,21,4,0,0
122,47.12938350943981,78.9761179725651,2,1,0,0.3985792652113249,52,42,197.1585366398853,24.836498976117248,medium,21,4,0,0
251,21.170433439033808,59.90039139758482,2,3,0,-0.4480510313607291,14,25,264.8383711868454,25.73756896820779,high,22,4,0,0
290,10.211335822121743,82.95215714458622,0,0,1,0.0575725047341182,51,45,228.0016419205791,11.651584157261986,high,22,4,0,0
51,22.83923188040862,13.009610725628686,0,0,0,-0.6202319100885587,40,6,311.9438144935549,8.55361813740873,medium,22,4,0,0
254,50.88414949501854,21.38768463369882,2,1,0,0.4647301971007813,39,18,82.37785139592104,6.601882777157595,high,22,4,0,0
290,62.41342215224725,73.62024315563691,0,2,0,0.6747594212910477,92,26,167.2422429992767,27.240959601477904,high,22,4,0,0
123,9.9678084880386,37.23431556787314,0,1,0,0.7167114042037026,5,0,220.14910738792335,11.039828958955685,high,22,4,0,0
36,37.44539679196464,55.03580825810376,2,0,0,-0.2920399591468365,37,25,409.612273432032,18.07881904181501,medium,22,4,0,0
134,16.88853963585886,42.23776214347137,2,2,0,0.1374733390753821,9,16,145.5424578359795,16.538669225238053,high,22,4,0,0
291,73.2168656574763,47.88400886508705,2,2,0,-0.0629868276766394,80,0,214.50903627561647,17.23284891932996,high,22,4,0,0
52,35.4724967389907,82.40851381292778,0,2,0,0.4187120686884147,28,47,291.2265176244804,16.909247300003265,high,22,4,0,0
32,14.67288452066914,65.90240205180133,0,1,0,-0.3815731352574736,33,28,252.84651663376653,5.329211899220744,high,22,4,0,0
93,54.46017811704215,57.00014012284673,0,2,0,-0.7302240043079831,9,28,133.8606006033387,9.119222728832014,medium,22,4,0,0
106,25.447719747635038,81.54717180070476,0,0,0,0.2822877838954092,78,16,305.90285089286164,28.544178562662875,high,23,4,0,0
99,46.64542710081032,74.98927158068327,2,0,0,-0.0574773344634722,55,45,393.8714674542199,19.387614670057676,medium,23,4,0,0
137,28.557145523656,90.09012227834398,2,3,1,0.371137715308389,12,9,429.1962803416794,14.089827052474629,high,23,4,0,0
131,68.9714780752729,33.81650250737373,1,3,0,-0.3737394289141968,77,18,81.52438041221332,14.485563876052929,medium,23,4,0,0
204,25.92234495281074,22.78863034978816,0,0,0,-0.1156832884327634,61,5,280.57279692137536,12.504785326058292,high,23,4,0,0
216,31.45737782971648,84.44636382752617,0,3,0,-0.2535941929685874,5,31,143.221472440591,11.012572035048406,high,23,4,0,0
121,37.37732308229201,71.75101867016788,0,0,0,-0.934577645689244,58,14,435.02500599319256,22.78178434195553,medium,23,4,0,0
101,64.61485827512182,78.13973810976204,1,0,0,-0.6461527458030616,48,29,319.94524081281827,6.417216830744353,medium,23,4,0,0
43,51.14310163542404,72.01945236118502,0,3,0,0.5999469742382846,84,6,149.94554360887963,15.717160354806662,medium,23,4,0,0
86,76.86317869493868,27.52951908646588,0,3,0,-0.015387581333379,20,28,125.03985204097472,26.18228804485027,low,23,4,0,0
108,33.71477417249251,17.45854865034849,0,3,0,-0.1792847999198914,76,41,185.3176215071219,26.145699644744678,medium,23,4,0,0
256,56.67813799446751,89.1596701779811,1,1,0,0.9962371894040314,86,6,152.7817567643815,27.09581316964021,high,23,4,0,0
168,25.1039601992,49.55044825847375,1,1,0,0.0704948540816381,87,29,452.5317753041561,11.846056541399795,medium,0,5,1,0
278,48.897169720693725,19.29110456497984,0,3,0,0.9358560296159104,6,26,367.0954089296277,20.74278718357526,high,0,5,1,0
90,53.30717330051573,79.58106807864245,1,3,0,0.459366378860061,95,22,165.38194648665748,28.245568131308573,medium,0,5,1,0
233,52.46787047933584,30.46244561392709,0,0,0,-0.3131505350379169,17,25,95.94375791083056,19.789772674543684,high,0,5,1,0
117,58.11048180329459,80.56065227857005,1,2,0,-0.0051096753811037,34,17,334.65369534276414,26.43829467723748,high,0,5,1,0
202,43.83167726338005,36.495475149379615,1,0,0,-0.3483216864662852,68,25,446.1989420049084,12.15849982623202,high,0,5,1,0
173,11.417898280868762,15.711274595396992,0,2,0,-0.7620589783476439,58,0,460.8937463575725,11.534057642259077,high,0,5,1,0
229,51.065439724856326,63.58509502011078,0,1,1,-0.7266577441275184,9,14,472.4454258010465,8.07738118564396,high,0,5,1,0
13,28.12788101662937,90.72117508347688,1,3,0,-0.1465462421889962,61,14,147.1562501199687,23.021691406594982,high,0,5,1,0
31,47.39309137883278,92.23308951293134,2,0,0,-0.8106336459302816,38,15,432.6550144403914,13.013656166795366,high,0,5,1,0
163,32.9966360210916,70.99649822393516,2,2,0,-0.1530777155716076,57,14,493.3180860079625,16.841975539535387,medium,0,5,1,0
15,39.08393320613734,96.65529200659697,1,2,0,-0.9169210378123416,97,14,212.01120322563503,15.336456236908315,high,0,5,1,0
199,27.92623904717753,25.26916627631142,1,1,0,0.6878863669927178,73,8,63.52918305504128,25.951416955670467,medium,1,5,1,0
222,74.31310321734244,71.56162300729554,1,3,0,0.9201321029215694,34,44,68.0058104575168,29.688578599091347,high,1,5,1,0
161,33.88103772077765,71.72906208191841,0,0,1,0.2754426233831073,58,13,133.72292753361114,6.423297801244575,high,1,5,1,0
190,51.24998534860589,28.365232797088087,2,2,0,-0.1929394182390311,33,11,394.57524138397537,28.39844340716746,medium,1,5,1,0
70,72.29984566473519,35.38716562948822,1,0,1,-0.7377449433994827,3,7,260.9003436771857,15.50763809608068,high,1,5,1,0
284,41.24746641649853,76.38054633978929,0,1,1,-0.9991238828276005,99,16,345.2879760143135,21.074191656833367,high,1,5,1,0
38,79.00865297373535,32.54524516476735,1,0,0,-0.9320452065898536,16,28,58.30117601196173,24.39296369661228,low,1,5,1,0
203,79.0098544727801,67.88638958474223,0,2,0,0.7626798847896108,91,27,262.7765871153516,12.87996916252601,high,1,5,1,0
251,59.99374831601016,67.46346461401295,2,2,0,0.178822390619008,64,29,211.8497661483638,7.431374332301645,high,1,5,1,0
205,51.33531667119544,13.180593381548366,1,0,0,-0.08544343691809,75,4,353.13547647558545,24.603896488151413,high,1,5,1,0
68,68.29234969799295,90.99640156364084,2,3,0,0.8752386064894475,83,34,458.43268901700384,13.46887377674895,high,1,5,1,0
135,10.880376809015791,10.663131102471237,1,1,0,-0.0982940594283734,68,21,345.997835028707,21.583736881364583,high,1,5,1,0
104,53.253125514076125,61.95498771629941,0,1,1,-0.0696481552232501,59,48,178.43713824635097,20.60640764101117,high,2,5,1,0
186,36.50633404327368,70.0242186684735,1,0,0,0.7652775662470546,65,0,229.28185181353624,13.114284547795428,medium,2,5,1,0
286,36.63096247073166,82.06851109307327,0,3,0,-0.3822003309659818,30,46,220.72393815277312,17.760627308789424,high,2,5,1,0
94,49.39565389666978,51.29268954587347,0,3,0,-0.5965234248228335,10,49,291.7308365675796,6.960252395264717,medium,2,5,1,0
204,11.694447393308147,83.23507043781608,2,3,0,-0.3495724785337086,6,42,100.55695126118098,27.58609801585832,high,2,5,1,0
100,47.84620170589084,21.73498032276157,0,2,0,0.2853645508214246,30,45,348.73161881005524,17.116969055678332,low,2,5,1,0
289,49.187818432348266,64.31510972561644,0,1,0,-0.2095675297404178,23,11,123.3456076626905,18.385707182475024,high,2,5,1,0
105,46.09712966348952,72.00985292208026,0,1,0,-0.7247320130689741,47,5,476.1465765722221,12.95781944229666,medium,2,5,1,0
158,5.375354473494999,71.14737942267882,0,3,0,-0.0697351950063014,2,29,335.30005528289223,9.587649953160172,high,2,5,1,0
190,13.315189837159508,27.35378681328518,2,3,0,-0.4242862889075727,79,44,109.16378691426416,12.078457395118646,high,2,5,1,0
39,15.194341583320371,16.58720253495877,0,1,0,-0.7501510057890857,44,29,205.427289480434,28.130955929476517,high,2,5,1,0
223,48.49629355224586,60.10276798647433,0,2,0,0.9102735107857614,54,41,437.2270425573355,11.1100790655746,high,2,5,1,0
204,67.51269796658283,22.59972910317739,1,2,1,-0.647723721639665,7,32,268.6411958280548,9.063825861435316,high,3,5,1,0
223,62.08847481661675,24.4881108500082,0,2,0,0.7467108737646646,80,24,403.96399333144666,9.457685036558187,high,3,5,1,0
120,54.56195696133062,72.30196499025706,2,1,0,0.7114328012383189,41,17,210.9827688172965,11.795277330462586,medium,3,5,1,0
296,33.47451102785204,11.93720142117648,0,1,1,-0.3585793512264839,76,21,366.89981538770894,8.43076203841134,high,3,5,1,0
218,6.139505301444729,76.08918889168741,2,2,0,0.4816303727581241,71,18,384.7444582003541,7.665230161740234,high,3,5,1,0
235,64.13811143700042,80.9789113335575,1,0,0,-0.3752586834572378,82,20,455.2976281249851,14.989767070407533,high,3,5,1,0
283,23.949112846930426,48.38036704481369,1,2,0,-0.46564983969797,36,47,52.24920775496323,11.429615011177848,high,3,5,1,0
205,51.80674552453997,64.94120180861506,0,0,0,0.3336942986126745,26,8,114.16894900207971,27.27720258413356,high,3,5,1,0
139,57.85955406515088,38.51691764944532,2,1,0,0.6530414696884497,29,24,242.27023858779648,18.741870691600457,medium,3,5,1,0
106,28.0638650435718,69.47127780386208,1,3,0,0.128263535893782,59,40,88.66386150990621,14.32325755835928,medium,3,5,1,0
299,44.01646857883426,66.28241651070374,2,2,0,0.7230576190351661,99,44,292.687045268625,6.475825980765213,high,3,5,1,0
209,69.25046752687882,24.163692086604456,1,3,0,0.5866324885686274,75,28,350.5623550918743,20.41699086471691,high,3,5,1,0
25,69.42588888944435,56.812837748775294,2,1,0,0.2782258993590611,77,3,425.5997101491955,11.147260325188036,medium,4,5,1,0
238,47.54818993384183,72.23102354450472,2,0,1,0.9347465785163004,86,0,344.99500849131323,9.468187437194054,high,4,5,1,0
26,34.608155954457004,72.19579981674065,2,0,0,0.3521181835886631,55,42,187.8919187437972,22.68005072461544,medium,4,5,1,0
48,7.231880261116967,16.333739090898035,2,3,0,0.7433977031039276,59,23,417.0053306558596,11.42633386147743,high,4,5,1,0
217,50.654714492534616,17.338903252724396,0,1,0,0.2296553615909913,81,8,473.845630584938,20.985244493554305,high,4,5,1,0
169,14.153315227300624,96.876287511394,2,2,0,-0.4780579535184455,12,37,159.0160929433743,7.543480465046488,high,4,5,1,0
164,40.44138109578879,66.18540187184297,1,3,0,-0.5975064283323668,65,4,104.84927233956216,25.71792567701863,medium,4,5,1,0
214,5.649523014898071,10.60335848887299,1,0,0,0.127898623947561,33,18,357.2419444469241,9.862382605322509,high,4,5,1,0
186,71.94496389575116,35.33650244233331,0,3,0,0.6385327443932864,39,32,218.80080078232209,14.135171305314875,medium,4,5,1,0
172,48.51237007541445,13.55222314853244,0,3,0,0.8557376970912425,80,23,283.55901080666894,10.320117336121784,medium,4,5,1,0
35,39.14771570788833,55.14881742873727,2,1,1,-0.8882757621925597,24,49,405.8304219368767,23.912714129708,high,4,5,1,0
239,38.224359863979096,41.81151224713488,0,0,0,-0.6826791854888936,89,39,386.8505453607019,25.397032269599315,high,4,5,1,0
177,72.2064483026959,52.55378796266561,2,3,0,0.4643407389911638,24,43,368.0822573850018,5.760304384228089,medium,5,5,1,0
239,46.96653947865086,66.44367032689328,0,1,0,-0.4317293940266156,91,10,353.39755215299243,16.82680274061708,high,5,5,1,0
295,51.70026172076075,99.55901010895823,1,0,0,0.9855475617550477,16,11,268.3773499932687,23.811482583670717,high,5,5,1,0
202,52.93625675208699,70.85395466350465,1,3,0,0.9888248417063652,28,6,459.7703011393703,7.735945869802372,high,5,5,1,0
265,25.863518063349023,70.7180730362365,0,1,0,0.7044806004379378,7,33,55.04774883748552,8.455696668074983,high,5,5,1,0
249,7.427918109006141,59.22600014319477,0,1,0,-0.2160585785045816,70,14,243.2622561205069,20.2401892082512,high,5,5,1,0
89,50.87134470057896,20.027900617316824,1,2,0,-0.7944544785348435,93,12,430.0896601247666,20.471589920651688,low,5,5,1,0
114,32.73381333428017,31.221188469932745,0,1,0,0.085485175751617,12,19,438.6436718671848,10.993008268817444,medium,5,5,1,0
182,21.37147038555604,26.68290788355439,0,1,0,-0.0469441855000511,9,27,253.23865564822563,18.614859495641483,medium,5,5,1,0
271,56.88297555244331,38.37745487874604,1,3,0,0.6828788147088594,2,39,423.8064043194435,27.255831626525293,high,5,5,1,0
110,48.44585678057912,98.92535150337169,2,1,0,0.3010597040794536,44,3,79.09570227607566,8.508641496181886,high,5,5,1,0
123,55.595288332362976,85.71393087153714,0,1,0,0.9565365171472509,51,15,128.28201839568192,20.11526155723951,high,5,5,1,0
270,34.66347694475817,71.71892018932266,0,3,0,0.5949736589040111,79,10,344.7970675797874,25.086339634515483,high,6,5,1,0
110,68.37670130706508,25.763556280580417,1,0,0,-0.6878207932832185,6,6,337.9439936143545,17.055354578012604,medium,6,5,1,0
40,16.065833757133547,67.15006959410081,1,2,0,-0.95275168141857,76,26,94.87813951166036,28.780097706978232,high,6,5,1,0
82,33.650458110025866,17.02754983655356,0,2,1,0.4826748993444747,55,47,174.04289444229565,28.521766770619735,high,6,5,1,0
129,71.519032397489,10.550057319425951,1,2,0,0.5117881463905734,71,6,462.3287916069194,19.933284144485743,medium,6,5,1,0
156,62.70877775995152,49.419326686736014,1,1,0,-0.036947340784005,8,42,57.15314137925265,12.62662005274515,medium,6,5,1,0
237,78.1433407488453,18.206267411436627,0,1,0,-0.7332306897000536,53,31,120.69663191871072,18.50524283388402,high,6,5,1,0
197,70.2437570561782,57.92744500143299,1,0,0,-0.0543061876755135,35,22,477.8047101759401,24.865531724658872,medium,6,5,1,0
251,26.129129207809143,33.63225281732515,2,1,0,0.2220998639990659,75,28,303.0306812104796,11.878601082535653,high,6,5,1,0
186,44.643050844021744,32.7887250159249,1,3,0,-0.9606793633032232,77,26,102.56512777792658,28.06791495790757,medium,6,5,1,0
82,77.68123898076136,98.93911170810172,0,2,0,-0.024649071756758,93,21,416.337646570532,8.563776986716999,high,6,5,1,0
98,38.52611922827188,66.38133787272342,0,3,0,-0.0312003280572765,5,5,88.7259842334906,14.669627832190322,medium,6,5,1,0
298,57.96602222173823,25.5017784243716,2,0,0,-0.9728185738040253,36,41,208.016112342533,13.78558219460383,high,7,5,1,1
21,50.68758241975973,47.79849750353042,1,0,0,-0.4527092256987397,83,44,194.33102048246872,10.964691601140771,low,7,5,1,1
79,5.601004658367299,96.02427949584934,0,2,0,0.3036205388345834,31,42,285.8299869389818,21.66923139557,high,7,5,1,1
135,62.879716157243344,25.834184853268177,0,1,0,0.0262522449073132,53,40,301.3523382264692,11.158838726811087,medium,7,5,1,1
100,21.788570653937622,17.790144540851664,0,1,0,0.7294997673912649,15,37,192.00530500430577,10.491071658724186,medium,7,5,1,1
66,25.994552335584533,84.53422556400267,2,2,0,0.7712175634187495,7,33,331.72257178456664,5.621458542682249,high,7,5,1,1
41,35.31525454070996,17.251980580333264,0,3,0,0.1921228289433896,50,18,422.9329589924805,10.619558374649412,medium,7,5,1,1
131,64.60877250417713,75.86946964642979,0,0,0,-0.2017204410486242,16,42,281.5698288034232,8.45708112224266,medium,7,5,1,1
119,26.826353353903507,74.83664701283398,1,0,0,-0.9712078600305836,20,1,282.4449325284195,6.596624466039187,medium,7,5,1,1
226,24.09073902207225,38.09747530979269,0,0,0,0.9757776128597312,27,29,352.3252165160307,10.57736432740667,high,7,5,1,1
161,56.90228271601502,21.02431951912384,1,2,0,0.9012962910749058,91,27,372.824770029115,28.01171511477445,medium,7,5,1,1
248,6.429998011763392,16.626999298072924,2,1,0,0.656274462695118,76,30,127.84385069375068,26.96902148201232,high,7,5,1,1
103,15.10577479374345,83.48038196899623,1,3,0,0.6675794850112424,44,25,307.66041386615035,16.400495040521967,high,8,5,1,1
23,10.559859023913017,92.85061255881403,0,0,1,0.651298527663329,76,23,299.7867354081799,7.354351005690808,high,8,5,1,1
150,61.20251783430268,36.2487901624627,0,0,0,0.2832160467795523,50,4,156.4490818667589,19.638689611190685,medium,8,5,1,1
83,24.45997261691812,35.138826433132536,2,3,0,0.0993041414924305,72,40,289.5240750515577,22.94969292981127,medium,8,5,1,1
72,24.97802786801072,77.58909660623085,0,1,0,-0.0033168689271385,3,47,132.4861871090547,16.809161343787224,medium,8,5,1,1
198,23.591986878782837,70.56683587631933,2,0,0,0.7537025612974304,79,27,216.17703502073732,13.49196394846596,medium,8,5,1,1
297,12.530017475912896,47.81842772063875,0,1,0,0.3255063810271925,93,38,253.51527961121784,15.594758497188415,high,8,5,1,1
224,43.629725924999015,63.18984259342836,0,0,0,0.895306261039611,4,47,325.448565934514,18.124719108411945,high,8,5,1,1
126,72.86389541141457,13.591991381118492,1,0,1,-0.2651888373145616,80,5,87.30707980886501,5.966976840737624,high,8,5,1,1
38,6.428008316625142,77.72360806250745,0,2,0,-0.5387764678769698,10,44,338.25361452788354,19.578884297636343,high,8,5,1,1
71,64.02018812775843,71.1085890294597,1,1,0,0.9871982663306252,39,16,145.13979774420986,22.41752949376856,medium,8,5,1,1
41,15.362425110297377,10.57683909641134,0,2,0,-0.338358647224086,70,27,497.3096885969797,22.949645197314798,high,8,5,1,1
150,26.104528021625484,86.55014055746972,1,2,0,0.2973969233951383,99,8,428.3153987834351,23.222076185697965,high,9,5,1,1
33,5.308721543256462,43.26039308917256,2,2,0,0.4874556066695241,93,32,232.640001162996,27.92149249966041,high,9,5,1,1
74,30.418917301424752,78.8857868485726,2,2,0,-0.6157036231597077,3,14,354.1437458660278,26.647346983335492,medium,9,5,1,1
83,25.25310821894127,29.98291719179886,0,1,0,0.905124760792574,83,9,371.20832148358784,28.401040878255312,medium,9,5,1,1
97,12.44689804509748,41.9995740678584,2,2,0,-0.3759412529727028,37,41,207.43459094876613,9.066946033064095,high,9,5,1,1
85,11.96177716026847,14.16402948279081,2,0,0,0.2228322403744118,4,13,95.14512206114654,13.836111866014209,high,9,5,1,1
201,57.88635614901969,52.546253308304735,1,3,0,0.7146422591925383,49,25,426.08801003676246,8.85427617055477,high,9,5,1,1
286,15.135398285880475,98.03217383286436,1,3,0,-0.5678336432914994,33,14,299.044425688864,26.642399395700128,high,9,5,1,1
77,23.48034370091505,81.19131335481902,2,1,0,-0.94348518599752,17,49,322.3969937132239,11.109783641840298,high,9,5,1,1
101,38.19817738455644,82.71101091455283,1,3,0,0.3021048770249082,43,45,220.3588818762181,13.253135554881522,high,9,5,1,1
130,35.61148026997741,51.83359417575785,1,0,1,-0.4910408833039248,34,32,152.23143675862434,23.259599452515868,high,9,5,1,1
233,31.060129481222223,32.848650723301006,2,0,0,-0.3282148133926421,68,18,268.531749811439,5.14903546556628,high,9,5,1,1
154,9.46544801456373,38.74596950061567,2,2,0,0.3676363871691748,36,9,171.2983812905061,16.773717573451563,high,10,5,1,0
72,6.254431139804063,70.05246806617996,2,3,0,-0.4907763956239199,68,12,397.393254400704,21.620665194012712,high,10,5,1,0
25,34.51145218358998,73.59161804651086,0,2,0,-0.9261177405522198,95,38,382.4303479449713,7.307765301697912,medium,10,5,1,0
263,44.59532299552876,36.657671589349135,1,1,0,-0.8654448868473694,2,37,293.1304392460297,5.602583012608979,high,10,5,1,0
48,20.739269786164527,93.6794709152237,2,0,0,0.3586403708168229,28,25,75.05842942040478,25.970360312900574,high,10,5,1,0
174,42.4811935624372,33.61443875033939,0,3,0,0.5630550215773105,68,3,271.0379670329914,19.535177700123448,medium,10,5,1,0
155,42.46858323414125,67.80990246837553,1,3,0,-0.3846183489636217,65,14,90.10705519266436,9.6371729927473,medium,10,5,1,0
192,20.311920219879315,37.52040156177236,0,0,0,-0.3695217686541472,27,4,77.50947184793588,22.08791078168396,medium,10,5,1,0
208,77.79380213205528,22.89591525935244,0,2,0,-0.9830483549409844,68,6,360.9278313644451,17.695713009699844,high,10,5,1,0
241,50.932744733361,57.87475555092291,1,0,1,-0.4210132367686576,44,34,139.5528582169623,20.97347500150441,high,10,5,1,0
52,76.59428532340887,47.15196350585002,0,2,0,-0.5645203791267008,48,44,255.9151630701705,17.83612918848732,low,10,5,1,0
236,14.554013394667932,98.0209417903807,2,0,0,0.8737844068458196,27,20,290.3753460929796,23.58144442974268,high,10,5,1,0
241,74.44478307111227,88.03045521768412,1,2,0,0.9817333189595132,27,44,405.8382472645335,19.30677463718974,high,11,5,1,0
193,6.983052063179885,63.67363371446775,1,1,0,0.6753693829717853,52,42,229.23218296701432,17.425894878813885,high,11,5,1,0
251,64.89742859060607,79.97473902475889,0,3,0,0.0372214215182562,97,5,335.88423887033184,9.290777121934893,high,11,5,1,0
14,72.06900201184122,48.106020037112536,2,1,0,-0.5139248633479012,43,22,170.8685225997421,7.158040609867734,low,11,5,1,0
197,48.4223894009108,38.91832447992647,0,1,0,0.8213841255007692,72,30,167.0136839609184,25.57687479842618,medium,11,5,1,0
106,75.93193459288645,13.556324787114526,1,3,0,0.1738434653442466,38,7,131.8172142440972,14.25702566934937,medium,11,5,1,0
183,9.72991673269263,78.62060089337695,0,3,0,0.5842552958240901,95,26,358.5075097939744,17.75079062641197,high,11,5,1,0
84,31.790993270612823,88.5689316681425,1,0,0,-0.9176391249081672,87,22,185.42067382646056,15.006372434925462,high,11,5,1,0
32,24.490143060415654,92.00204038135386,0,1,0,0.4762817513506328,25,23,69.31799889409069,25.47047231492128,high,11,5,1,0
225,7.501493124171778,60.42259608352594,1,3,0,0.0608850336300328,95,38,376.38421156306464,22.78519679603836,high,11,5,1,0
226,68.33096476915753,92.85890420323952,0,0,1,-0.2497485740907701,46,21,309.8134979258544,6.983094304174193,high,11,5,1,0
171,65.06048472330632,31.919279557465227,2,3,0,-0.3931275502328051,82,39,368.1761234263114,7.268840432763603,medium,11,5,1,0
249,32.48909545344482,17.674688144357603,0,2,0,0.1275349621409975,82,23,316.95338091417983,11.284501570691752,high,12,5,1,0
236,74.65708873148945,16.003441061855867,0,3,0,-0.60143207512075,74,29,124.88391695115646,7.1807198868948525,high,12,5,1,0
284,41.6582933710684,33.17895736594808,0,1,0,-0.5559406430883775,66,49,182.57409187792567,16.332322587296467,high,12,5,1,0
77,5.478466018836421,92.31665074782909,0,0,0,0.1188915191256736,89,2,290.85982829863,19.256309770997294,high,12,5,1,0
293,78.27510058087688,51.48066826002342,1,1,0,0.0536346328292995,62,36,464.87224827414695,17.298837780411368,high,12,5,1,0
144,33.29495363049061,15.435196443571044,1,1,0,0.9006723534707373,33,7,309.90791629516104,22.89473430495618,medium,12,5,1,0
49,23.928857932697728,89.49967573367317,1,1,0,-0.5490817384103415,49,26,366.9158766604309,10.738304112089104,high,12,5,1,0
44,75.17498964329131,95.56762269953973,1,2,0,0.2320132752994159,43,38,199.0814325088258,12.030376392355144,high,12,5,1,0
257,54.4703968081813,80.82227487402695,0,2,0,0.7851379119593846,80,39,253.2490189258696,27.12880386007065,high,12,5,1,0
164,36.16242670838472,53.676138769510615,1,2,0,-0.8369045675984916,71,39,482.3797987952743,29.07657473495315,medium,12,5,1,0
182,13.21207052448247,51.01387506319976,2,3,0,-0.7046929568777927,88,43,465.3530256064946,11.122654167851104,high,12,5,1,0
294,47.11644464157437,49.27627765305583,2,1,0,0.3948915975697193,13,45,399.50294552784055,28.90603324443748,high,12,5,1,0
67,66.16981047259782,47.81300046962903,0,0,0,0.524221647306423,90,38,429.7948649863371,23.45817735552725,low,13,5,1,0
111,76.05551049327941,54.463769188869534,0,2,0,-0.0350184471093149,8,15,284.8589352226386,6.486363578073757,medium,13,5,1,0
175,54.503834624812896,97.45176163732296,0,1,0,0.1591188316844891,17,14,357.9393632151523,19.59780285839507,high,13,5,1,0
201,43.64644793126749,68.4039444173925,0,3,0,0.994782274134205,90,4,497.0880916742011,14.101489579312595,high,13,5,1,0
175,55.69479186521623,63.684106032091854,1,0,0,-0.024179373439942,31,23,203.41439272538472,13.44608179939114,medium,13,5,1,0
37,14.766508420749656,92.43357251249648,0,1,0,0.4008455282214618,34,29,446.33636273328966,21.528204737495653,high,13,5,1,0
215,6.208133675692344,71.30455520635712,2,1,0,-0.5731240011889631,92,20,364.7993060047984,5.863735080768668,high,13,5,1,0
28,17.624721033670856,40.781329325706864,0,0,1,-0.2991104568534295,59,49,232.83366969341049,29.691517264943712,high,13,5,1,0
86,73.84856159770166,23.88041612858996,2,2,0,-0.1219143097957813,50,3,394.530490835415,23.266096499768704,low,13,5,1,0
207,36.74702691479736,45.133001019013264,2,2,0,0.9000767395495299,36,10,281.0706014721406,7.165307683506967,high,13,5,1,0
237,44.67017030782089,20.32315154474039,1,1,0,-0.5716889962437446,52,21,206.9812128188245,25.37701227833788,high,13,5,1,0
232,6.768884048741112,78.47699445688768,1,2,0,0.036121171571199,55,31,236.9984078484385,12.986728459491822,high,13,5,1,0
281,41.08931070167014,67.85113676213075,2,3,0,-0.7665441726698352,26,1,354.38210360106325,15.925267202732844,high,14,5,1,0
129,72.02330170204971,75.05506323158855,1,0,0,-0.5092747852647745,81,30,444.1622208136151,29.59302455410417,medium,14,5,1,0
21,45.00788780065568,25.830818503239893,1,2,0,-0.3995669490212465,36,11,211.1255149723856,18.259277605811768,low,14,5,1,0
245,69.63144806911126,94.85975189276031,1,1,0,-0.2175141679640668,56,24,83.34889085325061,28.934059139811893,high,14,5,1,0
94,16.932637023832747,90.3223677074776,2,2,0,-0.1299175366150289,48,16,324.8627836248145,17.277112788035993,high,14,5,1,0
181,42.60061544971241,42.87446821863334,1,2,0,0.275497822950014,3,18,78.28792604246482,5.057318564207814,medium,14,5,1,0
221,5.243503314866827,38.24055942140387,1,2,0,-0.2820030477261821,20,4,57.7632124223672,13.820882085770384,high,14,5,1,0
284,65.88987409790516,78.5171738150939,2,0,0,-0.5068146491106942,41,29,357.7785229062073,21.086302771020293,high,14,5,1,0
257,27.868587669221235,50.24600935607934,2,2,1,0.6225451943135845,30,21,207.3037785292807,24.75025041419569,high,14,5,1,0
62,38.60734495747295,97.93906414992092,0,3,0,0.006271368830212,61,35,334.675015025776,18.250618778583,high,14,5,1,0
204,67.91879418351937,75.3233552560863,0,3,0,0.9642819673535504,72,49,76.95160778582218,9.636107039187388,high,14,5,1,0
168,49.23876966672907,93.77658914783692,1,1,0,0.9066910461670286,6,25,322.86722092221487,7.997564749794588,high,14,5,1,0
285,21.73827805452828,32.11616279327426,0,1,0,-0.4403747480924556,96,15,215.78188376536147,11.032987618453738,high,15,5,1,0
26,61.5910680741284,69.87820271059577,0,1,0,0.7030510163743868,95,18,483.3305513934409,17.289744253280197,medium,15,5,1,0
185,48.00859027249568,30.275138023686893,1,0,0,-0.0484423655471943,18,48,92.73884477037012,13.168219017789596,medium,15,5,1,0
36,77.60412363480869,21.37863539287151,1,0,0,0.5809991288796867,31,12,88.39776081899095,15.17171920917502,low,15,5,1,0
146,13.361728934309006,69.04200387126292,0,1,0,-0.3199254607161279,34,44,396.9023821559997,23.53004154514386,high,15,5,1,0
82,45.46357549646112,93.96290185442808,1,0,0,0.6938432685225469,82,11,410.07502039364965,17.613528542127113,high,15,5,1,0
182,63.855431135701295,24.881518389824315,1,2,0,0.1046745888244367,20,25,234.96725267246123,12.331489296018932,medium,15,5,1,0
282,53.04840319584499,14.014016955471217,0,3,0,-0.8840199099176549,45,21,460.1225366657469,10.28779494031862,high,15,5,1,0
255,51.78866627563543,25.075635786810537,2,3,0,-0.4784227170132995,17,46,366.9822380026657,9.525673378935023,high,15,5,1,0
143,29.820808717464352,90.71920742845845,0,1,0,0.0133224730629566,36,40,168.18471735440363,14.16077716942647,high,15,5,1,0
73,19.002603929290256,88.57142222465218,0,2,0,-0.4826974360586853,47,19,140.8529523800686,28.3210618815718,high,15,5,1,0
48,69.80575193708823,10.52346190144651,0,2,0,0.140725955826183,40,27,164.99377370088666,26.59324754644023,low,15,5,1,0
118,5.440155755958807,28.384918708279358,1,1,0,-0.0494064440314401,33,19,160.34202730523992,20.96899110332645,high,16,5,1,0
153,68.941734321137,36.39243007013327,1,0,0,0.4307782241661895,28,8,105.1279815140739,18.031584857188,medium,16,5,1,0
188,75.69054987914906,29.37279994236471,2,1,0,0.9769953335279172,71,33,110.49800082522664,8.571789782054196,medium,16,5,1,0
188,50.61616834631442,65.50783649984459,1,3,0,0.9203054319815293,43,21,460.6693218214049,6.100360626721256,medium,16,5,1,0
150,46.59298411800704,15.316655888884908,0,1,0,-0.9151991179892254,26,18,372.5191453314169,24.420981936930158,medium,16,5,1,0
225,8.085902406255014,53.0977485538739,0,3,1,-0.7742665875189034,43,38,166.97481288388374,6.319950659595717,high,16,5,1,0
39,10.672462676121835,17.316344498846874,1,1,0,-0.336323185545001,40,22,159.70544272985336,21.702706546281764,high,16,5,1,0
229,9.634636734042347,66.57495148745113,0,1,0,-0.1570410110843172,82,2,381.5710395570372,20.54225911442181,high,16,5,1,0
121,54.35337204875344,88.81880376656946,2,2,0,-0.8137688390881854,57,49,447.2470507494783,24.91258476159547,high,16,5,1,0
55,41.84537697500876,87.97693758157395,0,0,0,0.9317967431424534,70,40,191.36861188270944,9.742284585842688,high,16,5,1,0
114,73.64167959303705,69.71808590325993,2,3,0,0.0161768685134651,72,29,316.3860349305622,9.53521788222713,medium,16,5,1,0
256,47.18255159828133,98.31572735606412,1,2,0,0.9194668210037183,42,8,153.77311276070012,17.053044558267807,high,16,5,1,0
228,38.92659709685751,52.5941888836311,1,2,0,-0.2908626098611633,41,10,399.7875429015113,11.405257669968892,high,17,5,1,1
143,50.488489295105374,13.526722112431198,0,2,0,0.1060563284055613,70,11,315.8845138399005,11.113501705256835,medium,17,5,1,1
123,74.4090101263405,38.16683375325947,2,3,0,0.3829143940345982,90,26,62.342277918347854,28.16878554879713,medium,17,5,1,1
144,37.369650374922735,94.99049261666744,2,1,1,0.910399243567912,72,16,394.81655991590185,15.466037228046718,high,17,5,1,1
250,53.62813177206306,60.39174534831604,2,3,0,0.2432863938570766,62,16,197.2310741590603,13.39731465938685,high,17,5,1,1
108,14.207201053897338,14.90443507078584,2,1,0,0.7679898627823809,22,9,400.581747200354,24.646072459226254,high,17,5,1,1
10,72.03080296287433,51.171436777860855,0,1,0,0.6416861135038345,29,43,58.1305094811174,25.50250231589025,medium,17,5,1,1
63,44.87964047657783,26.54228027260625,1,2,0,-0.7315129919126242,81,20,412.98925513660055,6.854317910662778,low,17,5,1,1
273,61.08313211350413,48.70645299615111,1,1,0,0.589676411717003,16,18,303.9388287951955,29.40589751660137,high,17,5,1,1
13,75.37875292045048,60.0494015739506,2,2,0,0.5465148977360739,62,3,423.72012031453744,15.391783150481848,medium,17,5,1,1
201,11.385285711162377,56.32760991814731,2,1,1,0.2530944131157555,62,46,498.994908681088,10.4771721332919,high,17,5,1,1
196,13.557814128122695,17.067727588287674,1,1,0,-0.7766339064428083,55,7,429.8841678397207,12.952043268681452,high,17,5,1,1
273,41.52795493136584,13.99003290279409,2,2,0,0.5377604734435475,5,21,302.119919226776,9.40048495031245,high,18,5,1,1
293,38.18420710532771,40.57519190034151,2,0,0,-0.8044917153560871,32,45,101.53811112491726,5.508607897480736,high,18,5,1,1
57,17.116124515758223,34.72229563086243,0,1,0,0.3614166709272635,53,13,307.7855441154949,13.092347408434536,high,18,5,1,1
171,41.27267258675509,28.749120678288428,0,1,0,-0.6375912768866623,20,7,337.642953608871,13.262741320157058,medium,18,5,1,1
135,7.9938453860810785,22.92435599491924,2,0,0,-0.4934899452918322,2,48,371.5939375376158,16.00819921383568,high,18,5,1,1
104,78.7632348805527,32.812042969955584,1,3,0,0.511163664095502,32,30,397.4034638967584,17.98648326198332,medium,18,5,1,1
80,46.844356473913685,28.95234592213779,2,1,0,-0.0454731239253274,6,9,75.96110438715513,13.314124495044432,low,18,5,1,1
298,77.78485880757869,95.72850384163742,2,3,0,0.683825933457396,8,49,407.96260903261503,14.570673245221489,high,18,5,1,1
283,79.96037714284729,21.080493239120266,1,0,0,-0.1002597640640321,46,38,417.3475485432588,8.344543798097755,high,18,5,1,1
109,7.198012067637626,39.66300880382074,0,1,0,0.5604481693811751,95,8,196.97984696765727,18.027541576533675,high,18,5,1,1
256,42.38096028204343,28.97918675226293,2,1,0,-0.15725702067427,3,16,190.6789820699706,16.425455627586082,high,18,5,1,1
148,54.49623508046861,97.58178970501665,2,3,1,-0.2117613399369768,79,49,256.16306723236266,17.880695009958327,high,18,5,1,1
203,23.64702803812773,99.76497474126246,2,1,0,-0.0250276579352757,81,38,77.74057270478787,7.763880402965799,high,19,5,1,1
255,37.39466407148233,97.58191382713316,2,1,0,0.1462248489294757,28,41,319.26922430004083,18.782496315969908,high,19,5,1,1
232,5.435831474598341,70.10077783177908,2,1,0,-0.2568485014379127,89,11,136.9610449893659,21.991524758737658,high,19,5,1,1
200,30.120984245495404,14.786880511047343,2,1,0,-0.2600117317196719,27,49,488.3939392644824,12.743865925412226,medium,19,5,1,1
19,27.17053632929468,25.52943824167165,2,2,0,-0.7083841876204271,39,0,499.5189647970966,21.907107954524164,medium,19,5,1,1
262,79.98444820421045,85.69326869647556,2,1,1,0.4118892758301347,93,4,171.4178917465352,17.157625420625905,high,19,5,1,1
67,56.7350415741922,74.90930279956866,2,0,0,-0.1945217213678953,15,26,89.69046497995102,12.03272016820092,medium,19,5,1,1
293,73.03702110745448,17.46466311416967,0,1,0,-0.2622796585587219,57,47,95.89475585844112,25.540140341640363,high,19,5,1,1
257,15.64194476079707,56.827465049667175,0,1,0,-0.4512492911428172,72,27,480.1361960170602,29.932973318292312,high,19,5,1,1
185,43.16531872460319,86.16787145156397,2,3,0,-0.4339045582749365,22,42,92.08708408498546,17.1162238614952,high,19,5,1,1
39,55.0766669563634,46.02314067080552,2,2,0,0.8160648504647021,98,33,86.13746876747126,9.64082626975079,low,19,5,1,1
192,19.4213097935036,32.52156890012159,1,3,0,0.5695352064327075,17,6,433.6980857591447,12.799801804267176,high,19,5,1,1
299,14.547078296230053,54.8246446105905,1,0,0,-0.8882084409223918,84,41,242.93622409850303,23.64629486150736,high,20,5,1,1
126,27.263889857437235,52.876089902215625,0,1,0,0.0470715809149144,62,33,230.542477534638,10.462550587270629,medium,20,5,1,1
105,59.62762643180496,31.481278253079555,0,2,0,-0.0623436310695089,62,23,186.6350480690894,13.227260036330028,medium,20,5,1,1
50,31.447038985295617,94.7942021817709,0,0,1,-0.7137184090794997,46,16,168.19593308429955,9.77752657324589,high,20,5,1,1
131,70.48022728067905,78.79533813184011,0,1,0,-0.2241631437669502,73,43,499.6209757132079,10.556373850528589,medium,20,5,1,1
61,57.62843496322817,86.3504575420657,2,2,1,-0.9491686883537864,52,27,361.6631304903116,23.130186419280943,high,20,5,1,1
156,30.012810374840488,14.286717641524866,2,0,0,-0.980687946884402,98,12,205.2156776896598,24.6725335753612,medium,20,5,1,1
107,46.58037986763574,11.620572319537134,2,0,0,0.8624684545759922,99,31,481.8175196551375,26.430608655230163,medium,20,5,1,1
256,35.28433134515713,59.61145826840126,2,2,0,-0.9456943634134354,67,44,57.7922299944797,11.591207412415969,high,20,5,1,1
159,32.35067717700612,56.4730851472511,0,3,0,0.7802207358108564,55,32,339.0200858822562,26.32832848609514,medium,20,5,1,1
35,14.893357049339782,72.38023652321188,2,1,0,-0.8271974447456794,72,10,297.042551969348,11.353544476850209,high,20,5,1,1
27,7.49411758016937,37.68930870018723,0,3,0,-0.4113618863283876,53,30,201.55499670364483,7.384430503407581,high,20,5,1,1
193,75.70822841953894,70.08800467861846,0,1,0,0.5871803644585536,55,5,339.1412622449393,23.518498898372894,medium,21,5,1,0
256,19.11529985906369,61.52231915143207,1,3,0,0.4813299482330075,6,28,299.88332604567904,6.126858197554828,high,21,5,1,0
144,61.48883342485713,91.27426456608354,1,1,0,0.7805369632661054,3,4,135.0266808595893,25.932312408052866,high,21,5,1,0
140,5.942196988553679,36.41817486162133,0,0,0,0.2257400149688062,24,11,406.2292268637239,7.32181012934263,high,21,5,1,0
219,6.740431827935742,67.06740779954964,0,3,0,-0.8909988588523043,67,44,402.5618117789155,8.965865187396581,high,21,5,1,0
144,64.55987764491945,27.610852510362182,0,3,0,-0.5368378921896213,95,33,270.6776843569144,23.71972764628065,medium,21,5,1,0
21,52.34760843085696,33.05046333894462,1,2,0,0.3212414377341432,38,5,182.1428957303629,29.522003552611448,low,21,5,1,0
111,30.460688125131934,41.05635525370661,0,2,0,-0.329197217108683,56,20,489.295261133512,15.045468921959932,medium,21,5,1,0
234,43.87370150939642,22.22090454221532,2,0,0,0.6477436401802796,59,22,361.7039823929482,24.11481645011328,high,21,5,1,0
256,45.84786871837537,84.00083206646322,2,1,0,-0.7638402510282518,61,13,58.304556388070864,10.375589257551145,high,21,5,1,0
226,50.02435283985991,35.64057295074239,0,3,0,-0.737397017638888,91,31,199.0907797724607,28.92878787644936,high,21,5,1,0
191,21.564278225096203,10.370853326542802,0,0,0,0.6169435795007103,35,41,215.3020758685913,20.12577157042503,medium,21,5,1,0
85,75.74608522998757,68.02748564781902,1,3,0,-0.1353801329193067,46,42,62.70728629381437,28.491851815984813,medium,22,5,1,0
59,62.37237942201503,75.441841116212,2,3,0,0.5617134586990002,89,23,366.8430875545656,17.987494947538348,medium,22,5,1,0
120,6.60837514905309,86.19544880166843,2,1,0,0.2812930834464049,61,0,261.67695638503545,25.914179420558117,high,22,5,1,0
219,15.152817196929243,27.17585361630992,0,1,0,-0.9125353103445152,88,6,52.562356284826286,7.664395338706385,high,22,5,1,0
287,42.6145972381033,16.49365440852238,2,1,0,0.98331792994293,33,1,388.1378836398516,25.82395618246879,high,22,5,1,0
28,21.037460665591794,50.94310117716114,2,3,0,-0.6546319563802543,26,29,277.63109738242315,10.881728154805154,medium,22,5,1,0
20,5.601824186068417,26.37244240594444,2,1,0,-0.0100399392653005,16,36,176.07142770510086,22.306256278431302,high,22,5,1,0
261,11.73801771889697,36.79808688763136,1,0,0,0.1982029008566705,30,17,407.2603331487702,8.83401140977793,high,22,5,1,0
181,50.278210762065385,35.3048870143668,0,1,0,-0.8435117332526254,46,11,471.4537625952668,29.97260842429445,medium,22,5,1,0
33,73.81496467022106,43.28840528624635,1,0,1,-0.6027192095739797,97,47,131.09950259822415,11.75141043838384,high,22,5,1,0
288,39.055459030422575,33.83838454716343,0,2,0,-0.3222837277568249,76,17,497.1162744689256,18.7648364675086,high,22,5,1,0
19,17.559442047433425,66.76122594785309,0,0,0,-0.8403936527374132,46,0,166.88919916415466,24.409601049146456,high,22,5,1,0
155,23.74849428815396,42.23921701063015,0,0,0,0.196773826478495,21,27,378.8473923941884,7.153623277189884,medium,23,5,1,0
194,19.691284256825632,14.201126579559196,1,0,0,-0.9781655041463564,68,46,407.14255396567415,12.429343483473538,high,23,5,1,0
150,67.67036971759919,59.21365033705416,2,3,0,-0.5934493993093806,74,28,172.44558908737733,26.44511405238269,medium,23,5,1,0
20,29.889221631653864,39.944611288378496,1,3,1,-0.6649660456312474,32,37,149.70160093723564,12.306949591916334,high,23,5,1,0
70,22.35197639776715,91.66272294224235,0,0,0,0.2494979334054583,93,33,410.6564536754751,19.91005670153617,high,23,5,1,0
272,66.11818331817403,95.13143411101704,2,0,0,0.7167262433312109,82,41,230.33885193579883,20.962106172295385,high,23,5,1,0
15,62.99649463028427,61.31242309042315,2,3,0,0.638592703911286,55,49,215.370388134305,25.83982126809484,medium,23,5,1,0
40,41.28976228709614,89.8759416109399,0,0,1,-0.4909298188315656,20,9,55.01025442257046,24.0478567352328,high,23,5,1,0
240,59.90702431554656,54.91712826600712,0,2,0,-0.178441703953549,51,24,92.65776130793242,8.693921175016705,high,23,5,1,0
83,78.50040870570459,88.08844975662518,0,2,0,0.3251528261611909,99,36,438.2885327135704,21.70299874316285,high,23,5,1,0
214,66.40737042333932,88.21451808901907,2,0,0,-0.6655750498690656,74,45,179.71931533306957,27.65518384658069,high,23,5,1,0
112,66.57315089053769,96.02290809292734,0,2,0,0.9867119837223348,45,20,235.85774588499245,9.160764818891778,high,23,5,1,0
92,77.60737335745355,83.84599295022521,2,1,0,0.7540485042714251,33,17,76.49301087733792,22.94716846047035,high,0,6,1,0
280,21.66542628182258,34.65170140229377,0,2,0,0.9114728358707014,63,31,411.7562981486817,24.624806976650017,high,0,6,1,0
54,23.88698939914281,13.322628248812476,2,2,0,-0.0867617636381372,69,24,407.9609306136054,22.273289804750103,medium,0,6,1,0
296,17.794050765657175,15.20097567320835,0,3,1,-0.7270684569165777,73,16,141.9629910493665,7.505750168900048,high,0,6,1,0
65,33.51947070281548,16.481356999709586,2,2,0,-0.9067383650268416,50,12,444.2400705679809,25.990236786293064,medium,0,6,1,0
230,72.99079048905254,61.54332773710525,2,3,0,0.9301926522472046,96,11,321.51950247306326,19.425737591679464,high,0,6,1,0
153,43.23911589964017,24.678774071687904,0,1,0,0.8920185806710754,2,45,354.4641168473336,23.80017633735028,medium,0,6,1,0
105,17.381206608778633,80.60438768351972,0,1,0,-0.7913992205569349,38,8,321.8214187433919,6.3040091644758025,high,0,6,1,0
186,53.860191556358416,99.17760507405048,2,1,0,-0.1314356877250702,62,26,358.2666386081204,13.300307302948978,high,0,6,1,0
115,63.94642130710236,49.54938155115592,2,1,0,0.5619990617087038,75,41,149.67721043460506,17.19494352583931,medium,0,6,1,0
161,75.03715786563463,67.06983442100505,0,0,0,-0.4369896244202942,81,37,367.15491862293936,19.062206379204987,medium,0,6,1,0
248,53.56218091758178,56.49119164962327,0,1,0,0.1648822614531555,10,13,484.699730608845,25.578006774493492,high,0,6,1,0
65,70.72513749244497,23.326715884031657,1,2,0,0.284116004824765,23,46,257.6710926201704,16.274946581413083,low,1,6,1,0
48,17.39865055243794,40.26525505802914,2,1,0,0.6873919798694952,95,7,256.5406534814948,12.918898948809623,high,1,6,1,0
248,7.666725732294256,82.53107247365477,1,2,0,-0.9701713738824752,3,8,250.0130468073157,26.139300700604405,high,1,6,1,0
246,57.24608498321691,78.69890112975237,2,0,0,-0.0173430646122028,97,17,434.3401729658917,10.44054118254258,high,1,6,1,0
214,9.337918465923252,74.07873638197263,0,1,1,-0.4126307328918581,7,46,63.042632235311615,23.8484650646137,high,1,6,1,0
172,10.695594625488596,75.0534553307564,1,1,0,-0.21882086934574,49,9,469.7439622391468,20.002983069310726,high,1,6,1,0
285,65.9808335015314,78.22021950771348,1,0,0,-0.2540702140222486,13,49,84.69662710152559,13.855164286156333,high,1,6,1,0
112,30.088280009740707,37.047132517927096,2,1,0,0.7377201788045573,56,12,72.57890063195025,29.702571323664696,medium,1,6,1,0
294,55.00104435977352,91.33330791788276,1,2,0,-0.4255736750564249,50,46,423.4294562637308,13.832466766269617,high,1,6,1,0
215,62.361105776396975,78.62478309320944,2,1,0,0.8971665391874273,35,5,94.23336265881818,18.836959527833976,high,1,6,1,0
194,36.47368791636171,19.34362306311384,2,1,0,-0.1739846720596749,33,2,60.03543088763952,8.266121029753336,medium,1,6,1,0
199,35.40749081892551,79.6552121529658,1,1,0,0.2433614281733034,37,24,454.9922784429504,24.63593632001457,medium,1,6,1,0
220,30.75784885678617,35.31188106718123,0,1,0,-0.4977359873664488,58,46,200.52674596863676,20.410536980195868,high,2,6,1,0
283,79.8917161971516,35.408240652690054,0,1,0,-0.4839847765120451,96,46,306.6974984025922,14.689664093529556,high,2,6,1,0
125,24.224927202359325,30.953505473832134,1,2,0,-0.5454978555442449,72,29,240.44174723345108,19.477452807046795,medium,2,6,1,0
189,16.49410829201753,34.74767981212494,2,1,0,-0.3321049431333236,64,19,190.69733831875607,24.708883510317406,high,2,6,1,0
110,30.261112429229467,90.43461411307472,1,3,0,-0.5063001387698964,9,37,343.5312778313942,10.81226814145981,high,2,6,1,0
269,28.98257695553994,90.92074109872172,2,2,0,0.9820366218221784,87,17,253.1856592990316,16.406964358044817,high,2,6,1,0
88,41.63040254297098,37.789137168739735,1,0,0,0.8786601074376565,83,0,140.67522789584837,7.719906398858809,low,2,6,1,0
222,20.28202522128613,56.08461098714336,2,1,1,-0.8652286652690282,62,41,301.0341036035323,17.872940186047735,high,2,6,1,0
162,72.31204805559382,66.90830554044501,0,2,0,-0.9361553928898596,24,0,207.68173453545543,15.886023525703118,medium,2,6,1,0
185,6.134579691584337,61.75281961247791,2,0,0,0.2193621681001167,85,20,215.47381547127975,21.56773008695312,high,2,6,1,0
293,11.41790818523921,78.97645740108447,2,0,0,0.0703283477377343,98,43,122.213340029203,6.5532769808996205,high,2,6,1,0
219,6.187062917784515,77.5242637803202,0,2,0,0.8002667150485965,45,29,463.2550884920632,21.41403359283401,high,2,6,1,0
52,78.40660380652105,84.82348382710563,1,1,0,0.0929192039580557,70,15,342.3744028942753,21.268214543607264,high,3,6,1,0
222,56.8469583577923,54.06098603092057,0,1,0,0.5842052017150174,78,13,313.542939977229,8.794973284620465,high,3,6,1,0
133,43.08488302171356,26.023744163940464,0,3,0,0.2673206427660808,54,7,70.39577133496027,8.404640062431277,medium,3,6,1,0
134,50.470065154306695,79.24468115967495,0,3,0,0.4624979031485881,91,4,254.5837383797113,21.00201376059624,medium,3,6,1,0
84,62.40722979357528,23.243886087023064,0,1,0,0.4564516359377033,11,47,482.5258549858373,29.16537637334132,low,3,6,1,0
168,54.68009220702055,62.918330464589765,0,2,0,-0.593861079980754,38,11,241.631818701844,7.706664960027549,medium,3,6,1,0
211,79.29971967309167,57.40402988299275,2,2,0,-0.0256398788774094,19,0,58.172313646261294,23.68910142612563,high,3,6,1,0
252,40.95938881756205,80.57964779778743,2,2,0,-0.6765682644439868,58,27,484.2701423343383,13.30062433178086,high,3,6,1,0
68,8.920417528040094,74.69504267406057,1,1,0,-0.7409199939099296,24,21,348.31537526820705,18.269079085407867,high,3,6,1,0
43,27.20024545285615,59.07124416595804,2,0,0,0.5411792164000486,36,30,446.6376922227231,13.502917880137815,medium,3,6,1,0
295,36.27082003730758,92.5117486275969,1,2,0,-0.8269742728135023,66,16,75.28537467864159,18.140989326545824,high,3,6,1,0
48,77.96271902527663,77.91276945354147,1,0,0,-0.5837981359212401,21,1,141.43871086025007,11.789620040600555,medium,3,6,1,0
210,35.34716430413152,98.30374403117682,1,2,0,-0.0643183437392687,34,21,104.82425227516012,5.075542304496576,high,4,6,1,0
40,46.55890304031165,64.628544324519,2,2,0,0.1778108445477437,51,46,402.4236926700144,13.476043222128688,medium,4,6,1,0
253,35.33503473391148,91.99569949883517,1,3,0,-0.0938158498816557,41,13,390.56683510033815,19.30701218111085,high,4,6,1,0
150,55.22064514855926,54.86267063369164,2,1,1,-0.2403830521273209,72,26,427.20838129898,12.915946720681028,high,4,6,1,0
221,12.3187452955549,67.82460496052153,0,0,0,0.7797597704514523,56,38,95.26280999444069,9.201139452796577,high,4,6,1,0
47,43.929674236387406,52.41419524938047,0,0,1,0.351383790431111,15,20,302.6731498174729,7.800224825266445,high,4,6,1,0
69,28.84613570737441,16.19357031406377,2,0,0,-0.7229953281675447,36,32,271.28249375647124,6.353239893232574,medium,4,6,1,0
236,16.383499109172664,99.5028693017997,2,1,0,-0.6744650060471973,89,20,445.6260841240404,8.052851077596063,high,4,6,1,0
40,26.54939291546985,70.57254045976474,1,0,0,-0.1358113740349107,16,35,459.9297579730577,9.971080346594928,medium,4,6,1,0
290,69.8592361931748,63.575500851123486,0,3,0,0.9626322823035218,73,44,448.0354084172741,17.12982074824776,high,4,6,1,0
197,11.977447665220287,87.7768370661507,2,0,0,-0.4031865744338592,98,41,167.11672878514355,15.574749757266378,high,4,6,1,0
284,25.404868918744583,87.36613519640024,2,2,0,-0.7238416402845547,45,24,241.4624217830328,27.15774483363733,high,4,6,1,0
276,32.12909284265447,76.89939347812087,2,2,0,0.9710642780248192,15,46,250.90569913287203,5.567926386075257,high,5,6,1,0
125,20.14381067027313,29.333296716227803,1,2,0,0.6431429152661023,87,48,153.5964180559177,8.12252980465664,medium,5,6,1,0
271,11.103497416968862,31.01619470336867,2,1,0,-0.0231099652833655,14,33,345.7414808689895,11.752645992715482,high,5,6,1,0
10,42.41417911824977,24.45298033971848,2,1,0,0.5137260387122371,15,22,458.1671695598269,13.596304308999628,low,5,6,1,0
207,8.689165169832256,38.77781723811215,1,3,0,0.4118008389086542,34,26,478.4272293042554,23.541893972711527,high,5,6,1,0
30,39.59804459589628,94.55141606344216,1,2,0,-0.4629606701772459,64,39,407.9823861493997,11.15912370505752,high,5,6,1,0
253,18.453928413596348,88.17758431662836,0,2,0,0.8809348899682499,27,47,342.95685906864804,20.02503953766077,high,5,6,1,0
112,58.314040177421184,27.00037286851793,1,0,0,0.8719688770446281,91,30,369.54046702429696,6.603130336594022,medium,5,6,1,0
231,73.39847528642825,78.18219362150147,2,0,0,-0.7933281359820876,35,12,331.2209425109067,8.013649423088818,high,5,6,1,0
224,8.040662326978902,42.59885219864741,1,0,0,0.8665682195532085,40,35,321.6910049909346,9.401374128526248,high,5,6,1,0
199,49.91975138186792,12.490337627998397,1,0,0,0.0992605593177102,37,0,324.1218106582234,9.74847152780857,medium,5,6,1,0
168,55.49380100111174,39.4459361420914,0,2,0,0.4720501436623614,74,17,423.4001988919511,12.12690039924368,medium,5,6,1,0
256,49.6294418119034,77.83152398620963,0,3,0,-0.619748020583063,55,3,136.02284508772743,8.85218673453021,high,6,6,1,0
234,47.81428324165645,46.28482944389239,0,0,0,-0.2295772259716064,28,47,468.1485527279415,15.67079583493211,high,6,6,1,0
30,61.03682806150154,91.21482885351764,2,0,0,0.7375678352349511,57,44,236.95931631593757,17.167747578247564,high,6,6,1,0
264,27.21731518537315,48.99918755186779,1,2,0,-0.1005725354417541,14,24,154.28798241407284,5.29554035174342,high,6,6,1,0
97,29.59432064209969,79.58626786103602,2,1,0,-0.4388624628674002,54,22,385.169527737293,17.74189467080053,medium,6,6,1,0
290,7.535573778821143,29.390715487322048,1,0,0,0.1295133053569721,6,5,183.71465289617728,21.17708964654765,high,6,6,1,0
135,63.046986644100855,98.37699813918724,1,1,0,0.7122486923799414,2,47,256.0463288827279,13.993637726847671,high,6,6,1,0
125,7.0459459352032745,93.84550053107198,0,3,0,0.6965535922500263,9,11,497.29521982596407,18.457166207428948,high,6,6,1,0
39,49.49046623239216,73.13000855043364,2,3,0,0.3361660890664537,5,0,471.0643326451718,22.35102409552884,medium,6,6,1,0
43,14.538940945504596,21.999572379676454,1,0,0,-0.3874976905702616,43,17,367.8861401520692,28.566098278261272,high,6,6,1,0
63,77.71193930692588,33.86732540872826,1,2,1,-0.6013243579774212,40,17,352.99604184952705,6.150148059105921,high,6,6,1,0
268,7.231297819517258,62.49666681847951,0,2,0,-0.6887399406887835,75,10,265.2522101549057,11.791915163689437,high,6,6,1,0
114,78.72076105399452,18.094435139267567,0,1,0,-0.1618808824567048,64,48,265.5916139533121,22.01424743821728,medium,7,6,1,1
205,35.035631947642074,20.66111333138934,2,0,0,0.0128509024830218,22,37,326.5702556036296,10.784946831571236,high,7,6,1,1
19,63.48476500369176,50.79538244123382,0,0,0,0.5793153465948175,55,40,106.46874422550992,6.50973999361263,medium,7,6,1,1
158,62.71850031980108,74.99576314825248,0,0,0,-0.1134097352597944,45,4,199.7988435376539,26.11099286578788,medium,7,6,1,1
200,56.55894630117147,67.44736863656428,1,2,0,0.9049124855432724,32,0,373.976622016228,24.21725632662052,medium,7,6,1,1
113,7.661831187484637,29.87567342132571,0,3,0,-0.2448718831984337,70,40,395.6426873075616,29.03917112197024,high,7,6,1,1
177,66.79092109947328,97.8461153958476,0,1,1,-0.161768966073889,77,35,273.19427111507184,14.309866099428138,high,7,6,1,1
94,27.188483246026944,37.74829802306088,2,3,0,-0.9609619080199334,80,24,478.7209277567399,27.54708756698377,medium,7,6,1,1
246,40.145171439229,75.46944041720222,1,3,0,0.5029227225884396,71,39,372.0550874717802,20.333934271168275,high,7,6,1,1
204,77.54430576796747,15.838442771114298,1,2,0,0.4226241903584242,75,45,277.0658639380298,11.11355289476137,high,7,6,1,1
61,13.60027400062395,25.264523262130066,2,3,0,-0.2970681406795046,99,42,53.616173017163405,25.134000968470065,high,7,6,1,1
281,46.23597282838067,87.12045628942742,0,2,0,-0.3529173273665156,49,29,397.1805120186954,7.626257100305141,high,7,6,1,1
227,67.3519567855505,91.9200621787025,1,3,0,0.2451486753088227,90,20,360.0580093532619,29.860945207644107,high,8,6,1,1
135,60.60687754499035,80.49966825616255,0,0,0,0.6223447342408792,7,33,187.86961288616624,17.80746212858176,high,8,6,1,1
132,11.992905120721332,93.25565905695724,1,2,0,-0.1781367191811937,1,45,362.1751925540544,16.07913149316145,high,8,6,1,1
216,49.14932610262525,97.50847036587872,1,1,0,0.4006875543940404,25,49,392.22365727643154,9.824858020357055,high,8,6,1,1
116,21.728662773266528,43.17746498889716,2,1,0,-0.0288055702008269,50,1,59.87189287457444,16.380300744400376,medium,8,6,1,1
253,17.19321364717812,10.471281622757733,2,1,0,0.0301795098230042,47,8,340.1717224353072,10.418483251967418,high,8,6,1,1
218,47.46981625899856,75.7892924210636,2,3,0,-0.3349020516619561,77,39,450.5173064772257,6.829425540519312,high,8,6,1,1
239,74.54168611308017,12.437291510099378,2,1,0,0.372803114222199,98,20,173.70321901596515,24.040170137759755,high,8,6,1,1
270,30.391593787520375,14.788522831936415,0,1,0,-0.0632074035105696,97,13,360.8494727808875,29.827473064175297,high,8,6,1,1
35,58.21621910252247,87.73233064552366,0,1,0,0.3237619237272937,78,31,464.26487311138254,15.717036298414396,high,8,6,1,1
214,66.86733069328174,77.76283675359586,2,1,0,-0.9496399291588568,36,13,373.20075789905513,15.189886612744123,high,8,6,1,1
194,44.33464861557113,21.850826730347585,1,2,0,-0.0797277971410017,30,15,115.1625705557303,15.290321156932094,medium,8,6,1,1
160,45.52327574480434,41.40176046068571,2,3,0,0.9293845282001972,9,43,142.27255064070985,6.816055675580666,medium,9,6,1,1
271,69.1770619404817,31.3476777858195,2,0,0,0.6310702059632407,17,39,361.10709752384895,24.85829030801554,high,9,6,1,1
155,76.17917826446808,18.560744736838032,2,2,0,-0.5737604700877583,39,38,462.558695063148,29.57913539317125,medium,9,6,1,1
25,33.07670215951124,40.22481366866338,0,0,0,-0.0913867792641074,35,45,409.9709217597292,18.013512221155217,medium,9,6,1,1
185,17.97991720690649,33.9055465470226,2,3,0,0.0454631562087495,97,41,426.195748029203,6.785939844911743,high,9,6,1,1
215,23.492886259736032,84.7673863654583,2,2,0,0.613000331842068,38,28,401.6811313253037,14.377061493903604,high,9,6,1,1
70,78.83683892530667,67.55049097965147,2,3,0,0.8270203139258305,45,8,168.02826383200355,26.401838803923503,medium,9,6,1,1
124,51.7694772374932,77.70768836305703,1,3,0,-0.4055896372790577,78,20,129.58261568390444,26.828751893291663,medium,9,6,1,1
247,68.19983883815141,86.6785896535399,0,3,0,-0.4317292900271949,17,0,294.12196286829527,11.21810690549101,high,9,6,1,1
163,45.12711539830182,98.5798294897653,1,1,0,0.0712204005018706,83,8,289.8177083033472,19.457907659045905,high,9,6,1,1
221,11.263074144679567,17.523521309172494,2,1,0,-0.0465880409471868,89,18,257.7303970922383,24.53417668985584,high,9,6,1,1
107,15.919422732821763,88.73044916153867,0,3,0,0.9762275286016936,97,0,86.27926426251518,9.754102695008282,high,9,6,1,1
273,45.692817439943255,26.276784908393584,2,0,0,-0.6598853415563859,78,2,249.33494599616424,12.78207012024443,high,10,6,1,0
239,29.92127851660016,58.0775805316586,1,0,1,-0.9427939828016344,36,45,58.038388235837175,28.72559322579014,high,10,6,1,0
275,34.846690522782666,10.669940504576106,0,3,0,0.571002881885015,7,1,321.97059879290936,8.114188024447024,high,10,6,1,0
74,21.18736626868532,69.52070351897648,0,1,0,-0.884768830775269,81,42,304.7793105852499,6.676309038351468,medium,10,6,1,0
245,40.13596752243035,34.44014245166373,0,0,0,0.7175065057945684,54,23,406.41737748417097,26.73724295064985,high,10,6,1,0
168,77.84024017312464,34.236610948842696,1,3,0,0.5503074873747025,98,21,256.2600072909486,29.497734933107203,medium,10,6,1,0
186,6.00949990699549,43.38507833416601,1,1,0,0.941047411577445,40,6,73.60079472716825,13.154708932516591,high,10,6,1,0
35,49.39407867176368,46.34789600461486,2,1,0,-0.122674058069347,62,35,449.17816474654217,22.91873724138661,low,10,6,1,0
155,12.119047454248822,31.08965982684481,2,2,1,-0.6375722777616857,91,37,139.71440611558447,26.548801882686977,high,10,6,1,0
267,19.96085749727827,66.90708514730315,2,1,0,-0.1335338235482046,68,11,117.00036263740247,19.81288833023888,high,10,6,1,0
244,17.793420872269145,32.558701724181034,2,3,0,0.5176108983696843,12,45,395.3032633116875,20.751938773371883,high,10,6,1,0
167,10.265998873467776,23.77153320848764,0,3,0,-0.1212810008663309,67,45,83.16792748573123,20.60615416117488,high,10,6,1,0
30,41.19380377436168,24.1588524054767,0,0,0,0.4393443717294016,16,3,159.79620814896313,17.511136870862927,low,11,6,1,0
142,31.45821806649201,42.98667008016449,0,3,0,-0.2029346997394345,70,0,140.7422749345299,15.16985062186427,medium,11,6,1,0
43,55.44952569057893,18.04248250428712,2,3,0,-0.7807879544002507,52,46,440.67167176656966,8.449267759053654,low,11,6,1,0
191,23.020038265731948,68.21835623642099,2,2,0,-0.2137152989371344,49,49,417.04489351106514,17.81228801738076,medium,11,6,1,0
44,34.70156345214313,70.40355013964201,1,0,1,0.7872801326218681,57,44,439.0719846485922,6.972517045237984,high,11,6,1,0
291,45.8342234247508,57.843113522218665,2,3,0,-0.1552648998048811,91,3,76.54430065520017,8.435347939417033,high,11,6,1,0
290,7.349101766676762,29.134058750362296,0,3,0,-0.484445340940481,30,32,72.17339747621406,7.947606369081379,high,11,6,1,0
86,72.28451088694297,18.601373314147207,1,0,1,0.4383091745143532,66,42,107.79065215832028,25.723749217914964,high,11,6,1,0
56,68.22652465292018,10.593698023990886,2,2,0,0.6250935721664195,10,13,244.0987344373859,14.005891103976436,low,11,6,1,0
10,64.15213826929943,82.57008731099111,2,3,0,-0.1703274432287853,41,19,451.984602717966,10.909217046166972,high,11,6,1,0
247,53.829903221892366,30.079342966669003,1,2,0,-0.2164402608505713,1,24,120.8614237874849,20.858331173424656,high,11,6,1,0
224,33.544536266896785,52.71445321333321,2,1,1,-0.5999781811530267,5,41,140.16726803168729,21.479115908500887,high,11,6,1,0
219,41.212285071650655,94.97867446537492,2,1,1,-0.6673872109514194,33,29,231.3690455985005,12.78465987920038,high,12,6,1,0
243,26.81456725039045,47.45024102217309,1,3,0,0.8791908458763449,74,21,150.01774743064624,10.158811492904928,high,12,6,1,0
193,27.92727474461661,31.67870644064633,0,3,0,-0.434631379518662,8,39,402.1713687983858,22.05466392819168,medium,12,6,1,0
299,7.275461909556729,39.26849128752269,2,0,0,0.8021738364254036,24,14,194.55528134753777,11.80756206697524,high,12,6,1,0
118,55.42245888650398,11.088651515969318,2,1,0,0.8171829764363419,51,37,312.439124918198,29.63159905042426,medium,12,6,1,0
210,57.731558499708434,84.73317928765785,0,3,0,0.8978899075044862,67,11,58.81961921324135,23.06143543344847,high,12,6,1,0
103,7.433808716972832,87.78046383675425,0,2,0,-0.9916090936676976,43,5,201.87996840430603,24.614814150570176,high,12,6,1,0
139,66.1502604531781,27.75935933509936,0,1,0,0.0449656773359892,4,16,451.6149416187584,23.22579523452909,medium,12,6,1,0
44,26.184927641264757,55.916678753708766,1,3,0,0.2170627506664033,26,40,419.5688322187504,19.41101616576675,medium,12,6,1,0
245,10.320381236454278,41.99603786047885,2,2,0,0.3568655470014268,46,24,226.15809759057785,17.87638429728949,high,12,6,1,0
49,40.07207596610526,64.9738387181943,0,1,0,-0.8719375574983637,22,11,386.62429011121895,15.011230812398273,medium,12,6,1,0
260,58.355625684389885,28.50764853945345,1,2,0,-0.0214673841925077,77,47,90.06130557011832,10.01876091667016,high,12,6,1,0
53,11.525511201913789,57.50721348780471,1,2,0,0.8833026319645676,78,28,102.5983517511221,9.90127685462702,high,13,6,1,0
26,61.004991189678606,92.00636422167356,2,3,0,-0.6967204447993722,90,15,427.3023763073137,11.409904382464076,high,13,6,1,0
110,66.58590540568258,79.52886466757067,2,0,0,0.2135740206218321,61,7,449.4769512987152,29.04715596697381,medium,13,6,1,0
249,7.321024871453398,66.68597981460285,2,1,0,-0.4430091090626684,25,12,431.40225079675565,29.68752412376287,high,13,6,1,0
65,58.74814211990716,31.197135895132885,1,2,0,-0.5486898645688034,36,40,154.80038347320985,16.930375430936788,low,13,6,1,0
155,76.71856001326364,66.19874379102552,0,1,0,0.6315293584339179,57,42,207.2866301684965,9.367563577598087,medium,13,6,1,0
269,69.39632337791383,20.356941298425703,0,1,0,0.7147249101850341,50,6,67.83190109046426,17.060196110842405,high,13,6,1,0
237,52.010138337001706,25.898487330601768,2,1,0,-0.1979447588510534,94,34,471.7165257749377,12.706098459759897,high,13,6,1,0
135,7.997745154015332,96.89796173461778,0,2,0,-0.4986961569226795,14,20,475.5460827648489,27.114242397680997,high,13,6,1,0
240,22.497929180590543,29.88362938624906,2,3,0,-0.9963905810114492,1,44,318.5165898467532,25.26464516718028,high,13,6,1,0
218,50.25586758547236,30.56072598031763,1,3,0,-0.4658923095405907,26,43,383.1248437740509,23.642914665871288,high,13,6,1,0
130,60.75527883503835,26.412371860816663,2,3,0,0.2491577999254506,29,27,168.5151851779354,8.46016738030181,medium,13,6,1,0
41,12.98096911827356,44.87796305779146,2,2,0,-0.8435485768830284,65,31,115.74550664221618,10.139252721851808,high,14,6,1,0
31,24.352521633254288,63.763296971935816,0,0,0,0.453318570172027,12,22,439.65950873031113,23.559825520490293,medium,14,6,1,0
12,78.31069514598346,87.70414233311735,1,2,1,0.4861260378208833,77,46,222.3522875205177,14.02541211593716,high,14,6,1,0
36,52.72676302042882,39.86042169811306,0,3,0,0.1110924297868187,74,39,167.00604367698892,29.695738234739817,low,14,6,1,0
21,64.07567056835424,50.18619495594976,1,1,0,-0.5743032615841708,77,2,378.59182511305926,25.475719177928607,medium,14,6,1,0
43,15.635594599213292,55.72796358406066,0,1,0,0.703721509229122,28,29,81.23622689304995,14.551835050508616,high,14,6,1,0
115,54.33867271753347,44.60658923259825,2,1,0,0.0315402788672667,35,6,171.15256222806914,8.690936386341983,medium,14,6,1,0
86,36.8118396396544,15.498242405542117,2,0,0,0.4990302835320439,62,9,386.2072363181724,5.89159712654496,medium,14,6,1,0
14,43.97923288484154,27.07705207279125,2,1,0,0.0250353716416504,26,33,204.04119442707164,14.503201109049886,low,14,6,1,0
115,49.57429899554241,25.198865055066136,0,1,1,-0.8160025033197311,91,49,296.9462973845157,27.51482104239168,high,14,6,1,0
201,38.958854441856346,36.33529781355426,2,2,0,-0.4495847256026808,79,22,320.32787391217755,26.083037675012857,high,14,6,1,0
46,70.91191444636605,90.11956009109032,2,2,0,-0.2273551591258407,62,26,376.857823814103,11.577195738118563,high,14,6,1,0
18,20.281638555824173,42.15924285007753,2,2,0,-0.7798022297570946,32,34,121.1284345243306,21.45792779087726,medium,15,6,1,0
88,47.70751225855003,21.154954061769143,0,1,0,-0.7447042300548121,13,1,178.7730725035608,19.254493220166303,low,15,6,1,0
179,64.87109957465351,98.84329426498904,1,3,0,-0.6924019103431347,74,14,333.88708026379044,18.973907779507726,high,15,6,1,0
278,23.10194987456475,76.94829535983574,2,2,0,0.4561195243447506,21,30,176.3264219226972,15.747051159369352,high,15,6,1,0
212,79.66221098470531,42.98601067566509,2,2,0,-0.520537633012141,24,30,135.9880752334533,29.38485843421026,high,15,6,1,0
89,13.625450361834217,64.5241582143908,2,2,0,0.568682992403007,79,27,125.37722468399193,29.32629203408813,high,15,6,1,0
21,78.27149839535707,29.28560941320347,2,2,0,-0.2548651953648162,89,25,194.49411484834212,6.074007959922602,low,15,6,1,0
210,64.15291410618991,94.46463380377249,1,3,0,0.0959409156877835,78,32,223.0885388959639,29.736487852562288,high,15,6,1,0
30,74.29514307217006,61.872188423588426,0,3,0,0.8269170157601897,84,39,188.1151177346135,6.6558562582978364,medium,15,6,1,0
295,42.40177344652732,62.40187668552676,0,2,0,-0.5231204222836998,3,34,90.84639201710118,19.68725312185175,high,15,6,1,0
24,66.6228368730489,49.12251452542175,0,1,0,0.622065984565936,58,44,237.66014022511916,15.08952046613567,low,15,6,1,0
185,21.485628269663238,45.83566705992518,2,3,0,0.2835557326893834,81,1,449.144353065449,24.212770267475637,medium,15,6,1,0
27,41.90582670469362,17.26829917959767,0,3,0,-0.8640621794226389,56,32,147.62856021995137,27.074846798934853,low,16,6,1,0
162,65.76753099388893,69.28712245814518,0,2,0,-0.9991115414832508,25,22,354.95697696566856,15.794150663832214,medium,16,6,1,0
227,8.70738001274525,60.591193019785294,0,3,0,-0.8186148869270247,14,45,133.2160167917191,18.164171299936744,high,16,6,1,0
94,29.31825627007832,21.415438817204965,2,2,0,-0.7167190713364002,10,49,269.5085907025458,6.430080516376137,medium,16,6,1,0
210,67.79448680626197,99.14811644336046,2,3,0,0.97049347180068,14,47,88.02269309991351,16.68918068178696,high,16,6,1,0
48,58.74962343494944,82.68473744201408,0,2,0,0.1119741793777804,94,21,89.63628419458163,9.79856238635881,high,16,6,1,0
47,32.197441294334936,30.710796691274915,1,0,0,-0.6671438627504098,24,22,327.7341628976493,14.098778935854767,medium,16,6,1,0
192,13.650555042982722,12.17690934589471,2,1,0,0.8201232750143832,94,7,191.30423734099287,8.975665447224022,high,16,6,1,0
189,74.4092896734922,91.14743653931777,1,1,0,0.3203827539209716,27,34,347.8392388821776,7.1283996883509015,high,16,6,1,0
218,56.50082080209291,81.52199073949961,2,0,0,-0.915931528568906,9,8,298.44240851422626,8.261886294155023,high,16,6,1,0
51,32.017507503272974,84.2648548717916,0,3,0,0.1438983480190585,60,45,306.6463279525392,21.75760939241742,high,16,6,1,0
120,20.293276951535702,86.36907575120941,1,0,0,0.5341999788480649,59,11,427.8310238223021,26.70059659269665,high,16,6,1,0
78,16.496828705507774,86.41108075501083,0,1,0,0.4658505146630192,14,16,330.3292643751926,10.81511956758454,high,17,6,1,1
220,24.51915195596755,74.50673133589797,2,2,0,0.1261174255307806,33,40,261.6854843984589,25.28082233182158,high,17,6,1,1
255,78.09105815017826,98.985084771471,2,0,0,0.5864755314516652,50,27,80.16129030783152,15.591784181740572,high,17,6,1,1
149,33.777999048833344,75.09989651302877,2,1,0,0.2410813409231509,90,21,180.97510420691736,17.876748410385463,medium,17,6,1,1
192,25.195968963434545,32.89251142288157,0,2,0,-0.3494501103409175,9,43,74.89544459969743,6.60634544257098,medium,17,6,1,1
12,19.596423192813063,98.66111442755576,1,3,0,-0.9925142818150618,11,36,177.57920480388572,15.234334713749895,high,17,6,1,1
103,28.06009060060432,53.93183892731127,2,2,0,-0.4743415900120094,21,2,224.66623644729304,22.12711998255493,medium,17,6,1,1
164,35.70634580516682,19.890808381327066,2,2,0,-0.1773917912530553,14,8,234.00380145449975,18.975285354281944,medium,17,6,1,1
254,8.717879253403913,95.71562126191314,1,1,0,0.9891543226800577,25,36,320.1531509091936,20.4340293850288,high,17,6,1,1
130,21.230457685290496,24.453447308771917,2,3,1,0.6755160412448538,19,6,332.1948497973911,28.353654603543266,high,17,6,1,1
230,28.094771099143983,36.24528687837977,2,1,0,0.2032910227643254,91,7,387.2338963674996,18.048117145023213,high,17,6,1,1
53,53.355518759156254,13.04110756880804,1,2,0,0.8511121339159875,50,17,95.87839879718832,27.21274565571476,low,17,6,1,1
114,24.636299802209493,50.879195496990825,1,2,1,0.7234844641805407,85,13,434.9952718209509,22.22979063331077,high,18,6,1,1
52,11.731545496981983,32.85361860427507,2,3,0,0.1729400751955223,98,27,227.12086821715235,5.168281382746674,high,18,6,1,1
213,33.43810874354156,29.702473728982667,0,2,0,-0.1137825632850912,15,6,73.63344363353201,14.657528052537035,high,18,6,1,1
123,42.925025617303085,59.872821300803366,2,1,1,-0.3155580680420422,80,22,171.5733068839387,11.551011614081157,high,18,6,1,1
82,28.07948921292632,93.96867899768596,0,2,0,-0.6469543913954028,24,49,414.1134286298369,22.909053470744038,high,18,6,1,1
175,69.27093521967643,69.0365745805301,2,1,1,0.4624076834268555,36,44,389.368810329176,15.233725317666943,high,18,6,1,1
175,17.24796266435949,10.3068035429696,0,3,0,-0.8317950627249187,3,5,234.3318257554715,24.66425860616115,high,18,6,1,1
291,45.22954833446537,62.261739023487536,0,2,0,0.4191126333502575,22,30,228.1652060147964,9.803617441282691,high,18,6,1,1
202,32.126536053026896,94.81207679160444,1,3,0,-0.7689723431249329,87,23,350.5373689620306,11.182283060222565,high,18,6,1,1
100,32.72967028591748,48.31162053716379,2,3,0,-0.4402013449600643,85,36,470.09586848903245,15.790382245934376,medium,18,6,1,1
279,21.41449916434335,99.16193766631044,2,0,0,-0.7631704996413691,22,10,142.4268021491961,7.738730359525352,high,18,6,1,1
222,15.159827695422482,96.17469926740038,0,2,1,0.0808576502711018,34,28,296.817116080595,10.28890213731022,high,18,6,1,1
282,79.4900347710703,63.642705252722216,2,2,0,0.5279319417533064,19,41,88.59117429573791,14.77748347762942,high,19,6,1,1
164,13.147245751490948,30.735986666357235,0,1,0,0.1684367941389313,61,47,62.492002916434245,14.296053051497507,high,19,6,1,1
271,45.52192538609596,60.80429770226564,2,2,0,-0.2105002470786237,14,40,323.1469749174179,21.97749957769001,high,19,6,1,1
292,59.85432918203109,12.292138706619378,1,3,0,0.6153487418767318,99,34,362.9630969286432,12.13570907843386,high,19,6,1,1
228,66.48681367312113,21.646163384662056,0,2,0,-0.4057842359843893,25,31,403.56170299929016,7.710439997462757,high,19,6,1,1
297,11.431919623728517,78.93732403473463,1,1,0,-0.0064652433788936,13,10,355.32589867769934,19.307044493099816,high,19,6,1,1
90,25.241218032573613,37.169281153523634,2,1,0,0.3715708041109877,37,27,429.7786250876863,21.40387239290864,medium,19,6,1,1
248,58.446284066489554,66.21205984281102,1,3,1,0.4317941684123858,66,42,325.399449180052,24.689974819467757,high,19,6,1,1
60,25.019430607584702,17.792214657122756,1,3,0,0.4677743693368981,67,34,360.694198262084,9.86736093614167,medium,19,6,1,1
251,12.110991932976264,65.10491017456945,0,0,0,0.2185110977798847,51,12,280.91072033819745,10.939460310888595,high,19,6,1,1
206,10.28741497174648,82.76323952102643,2,0,0,-0.2603161234547875,48,10,290.5857619588186,5.265931921747869,high,19,6,1,1
186,73.63642531177062,12.484808179206004,2,1,0,0.7001008459911631,18,11,195.01961957398927,21.36522146320688,medium,19,6,1,1
21,56.552680708524015,37.21558144470768,0,3,0,0.7872377246387998,53,32,250.49216339487128,16.16835574250979,low,20,6,1,1
163,25.66041830597808,79.46837080152656,2,2,0,0.7697187019188998,87,14,375.0294836393467,18.118395116915774,medium,20,6,1,1
61,79.4340727801403,46.79854504114364,1,3,1,-0.9656272653448068,63,24,286.271210728112,12.97409998075105,high,20,6,1,1
14,20.44033666496296,73.40387924711025,0,0,0,-0.6406943846860571,25,24,146.4163303030274,19.9833430292854,medium,20,6,1,1
90,10.755986162131846,84.91725757966941,2,1,0,-0.4981017915361636,77,19,237.0632330794524,29.19004186023425,high,20,6,1,1
236,58.992981113434816,67.79204508768382,0,3,0,0.3136145815715372,50,3,137.80324299508504,25.687834505412543,high,20,6,1,1
67,50.64477715520673,66.77445789274044,0,2,0,-0.9703785636236132,3,14,232.55152464725705,29.064298192314737,medium,20,6,1,1
110,34.2715693430077,86.26999965230473,2,1,0,0.3647380018547781,93,42,219.04794790053305,8.276163423334866,high,20,6,1,1
289,50.35870039673655,99.78107681213844,0,2,0,-0.4656398354548572,15,34,312.7622289421829,21.96144362155104,high,20,6,1,1
237,49.01366227041865,94.24855438536838,1,2,0,-0.3586464908412894,56,33,118.66017694186604,17.790339304992628,high,20,6,1,1
23,76.07700420444958,57.12209039419948,0,3,0,-0.5779177217277318,56,17,320.55087360614544,19.642247002673585,medium,20,6,1,1
160,39.07231184530913,13.682648180898816,1,1,0,0.5918660380152525,60,37,342.66094836790563,26.03433909067556,medium,20,6,1,1
52,47.15274064603974,64.33333271221036,0,3,0,-0.2803381282830917,32,43,72.99444770226702,12.489537544584548,medium,21,6,1,0
173,73.9550883000218,24.985435395169407,0,3,0,0.1817122596197875,92,19,495.7861783066515,27.10145572960185,medium,21,6,1,0
85,29.759006451978237,95.43293127372064,0,2,0,-0.5777444706616963,36,37,190.65664363631944,5.447507061530706,high,21,6,1,0
236,73.38605023066144,80.62091071624455,0,0,0,0.8730200367837861,31,0,165.67654832443714,21.599526060785628,high,21,6,1,0
294,58.1445884243656,82.28015093134618,0,0,0,-0.9932907728950208,50,9,281.0762509860172,28.02105781330568,high,21,6,1,0
138,28.37425093647743,96.0839208707532,2,3,0,-0.0175109089241565,68,41,354.5616450371805,18.528346148061743,high,21,6,1,0
21,25.030254136393697,87.85101117925323,1,3,0,-0.4265170641376441,43,9,169.52407452523113,5.462061866403241,high,21,6,1,0
97,40.19939711763326,50.12918045906444,0,1,0,-0.6590087423763147,40,42,182.0884023278144,16.22894702013747,medium,21,6,1,0
242,76.63576248897785,65.47178090641499,2,3,0,0.8490588350317705,58,3,204.66993718390805,9.476780306762915,high,21,6,1,0
43,75.89568591950484,18.807727159178164,2,0,0,0.1756780096529642,91,2,399.8989003168262,24.9056056101074,low,21,6,1,0
85,13.15145452338259,54.0047371186413,2,3,0,0.1655518934448601,78,48,74.60623082819778,14.277902114833989,high,21,6,1,0
255,42.59649756635097,11.932147097090894,0,3,0,-0.464905606380471,30,11,220.4104968118772,15.436230971860684,high,21,6,1,0
250,8.126444792983492,67.88223717360171,1,1,0,-0.9470808470519856,52,23,300.6682116368156,10.933044718682236,high,22,6,1,0
208,73.52700844891014,44.23524222738253,1,1,0,-0.1932348970043518,23,36,173.65300733328115,20.608297169439687,high,22,6,1,0
116,67.57088096575788,15.581878522442985,0,1,0,-0.2495918831080184,79,30,321.6163757780598,25.398746443896684,medium,22,6,1,0
32,31.7132002346378,58.76682529673458,1,2,0,0.0223380363069094,70,8,213.91924630575036,17.837917304618664,medium,22,6,1,0
222,26.29756347472561,71.38491746093713,2,0,0,-0.4687005541819167,93,3,393.09388220052415,9.068789978140568,high,22,6,1,0
17,15.567267957961842,10.449009185976603,2,0,0,-0.8838263786526508,44,40,245.06486272049253,16.61256873201126,high,22,6,1,0
34,8.417358848276255,63.88924644769348,1,2,0,0.5158271368804146,87,47,148.8813412791582,23.246850820277917,high,22,6,1,0
215,32.773359127396475,55.9660334440126,2,1,0,0.1923103661378509,96,17,249.17987196251764,16.095481825520615,high,22,6,1,0
105,54.97390145327118,73.8829543860058,0,3,0,-0.5512475727313781,6,20,372.958944283274,24.034454301988944,medium,22,6,1,0
163,42.010736408163616,19.318055169110583,1,1,0,0.4644429535901233,20,29,277.85563349767074,8.07588237903025,medium,22,6,1,0
107,40.6762740338934,17.987668917840153,2,1,0,-0.5959502021251508,50,15,287.28948551732776,5.453038146212581,medium,22,6,1,0
94,58.05981944834532,17.01990506714253,0,2,0,-0.6772058286521789,55,30,149.7150046454546,10.99898471354888,low,22,6,1,0
226,63.291891036773706,62.57669492922983,2,3,0,0.4698143096401903,52,4,356.3628389914701,19.07172502441535,high,23,6,1,0
43,60.21202269646308,81.80180655766982,2,0,0,-0.5256297486637684,6,36,303.7217448697173,24.60254177776149,high,23,6,1,0
290,46.59226225377817,34.40444475734223,0,2,0,0.859400041795499,30,18,123.08171373432634,8.946914286347885,high,23,6,1,0
18,10.136260412441544,25.05726162958278,2,1,0,0.2048144009975949,60,31,444.2290482920237,19.70549635443424,high,23,6,1,0
32,48.70884409021907,10.36220008152619,2,2,1,-0.038429751549188,90,47,305.8762963716161,20.979263012927927,high,23,6,1,0
81,10.844887717196752,19.11167699248108,1,1,0,-0.8815822925381149,93,48,265.9126521066067,8.91804054716938,high,23,6,1,0
34,75.0172217007677,42.273116304834666,1,2,1,0.7340656264402858,9,4,370.3053269189372,25.16220238798567,high,23,6,1,0
194,19.25947543340863,27.656586921110023,1,3,0,0.4225000014076956,41,6,233.05353596128455,9.006427385771063,high,23,6,1,0
58,70.79478623614683,68.26585240126326,1,0,0,0.4934362936118006,43,25,209.5148016454197,21.847969623168638,medium,23,6,1,0
70,38.80487165143575,46.490427020577066,0,3,0,0.7442391013048204,98,45,171.2081717447913,11.083111017087871,medium,23,6,1,0
92,35.58331080555169,42.59019005737865,1,0,0,0.818891430765393,92,12,129.20858062671078,15.913945756330016,medium,23,6,1,0
133,29.20676133037497,29.40895064211829,0,1,0,0.8314754596366556,49,19,487.5413814920154,23.711330290879985,medium,23,6,1,0
130,64.5032879768031,20.831212427888424,0,2,0,-0.4307254002802918,81,12,435.0106203694783,21.22252588003617,medium,0,0,0,0
108,65.86817130381988,39.40872743005106,0,3,0,0.6255263643056661,93,11,385.338058008487,24.394682461080944,medium,0,0,0,0
281,44.91399987118693,78.43063850078426,2,2,0,-0.7529111975738625,43,44,120.6205066582639,13.015292362431277,high,0,0,0,0
19,66.81546760102148,54.5369757177061,0,2,0,-0.1178804456603397,42,37,405.0593319321425,7.030741329346639,medium,0,0,0,0
26,79.78070001662007,27.797661706443755,2,3,1,-0.7232580997423608,18,26,158.7809196760804,25.876743290905036,high,0,0,0,0
76,61.167621272491175,25.06932350655896,1,0,0,0.2310448915462659,99,49,188.80299055297428,8.100060549811376,low,0,0,0,0
214,54.244714502395546,61.17826200137668,1,3,0,-0.7909638250885256,26,47,80.22194508777353,6.064817808904683,high,0,0,0,0
20,8.027392203938264,24.758950966712845,0,1,0,0.4288133190329994,36,26,357.22168362871224,20.769417915984853,high,0,0,0,0
243,49.59253793431373,49.95219197597253,2,3,0,-0.84135638203174,86,24,484.1677053531536,6.18297974130131,high,0,0,0,0
57,21.05538185358589,89.44638097385265,0,0,0,0.7938845266987702,69,6,475.9875380600495,29.126897585473063,high,0,0,0,0
274,21.548664549298028,79.2138210207515,2,2,0,0.8280198393339051,2,39,155.4004906978427,11.644808048954427,high,0,0,0,0
15,20.54779035821181,15.793733181958128,2,3,0,0.0794279310943191,35,43,142.0963476625704,26.539234937634934,medium,0,0,0,0
216,76.0654105717506,64.85321345012588,0,3,0,0.0197299243361317,46,25,374.4948856258963,7.5951720345867315,high,1,0,0,0
87,43.97415480761551,92.91215342726734,1,2,0,0.1582557851519428,23,18,324.700979074662,20.10837196919168,high,1,0,0,0
68,38.905262801652015,80.44538205818733,1,1,0,0.1593222968019036,94,29,435.09851607337583,18.07418329608188,high,1,0,0,0
255,65.15676574565373,11.436643973165747,1,1,0,-0.0287459853478535,49,26,326.6728910051453,7.616352538158906,high,1,0,0,0
234,70.42004164742879,13.408157850384288,1,0,0,0.7765645720241783,33,16,161.86120212449822,8.354351569225175,high,1,0,0,0
24,71.63427464812439,28.43202841333889,1,1,0,-0.5851033272168951,68,21,325.06302599710006,19.934699100163225,low,1,0,0,0
26,25.469755491684012,23.03687391671544,2,0,0,-0.2347592881389311,43,17,53.75019625675808,27.257135014560035,medium,1,0,0,0
287,37.89952279643714,60.01432412538866,2,2,0,-0.2960841251904738,32,45,137.31002316332496,19.44785522332148,high,1,0,0,0
114,69.17510931258471,48.11340964438591,1,0,0,-0.6035383644177059,3,42,240.3722898072973,11.537502351863484,medium,1,0,0,0
222,74.55302942984443,27.423790925587287,0,1,0,0.5781292178767958,26,45,357.7917298977312,15.94701480835366,high,1,0,0,0
13,22.852425263631886,20.466189437010428,1,2,0,-0.9841558579680528,58,37,488.2508010504407,10.17979925959735,medium,1,0,0,0
169,29.618397344622597,28.645736009429783,0,1,1,-0.9098840050737832,62,24,490.2459127485941,21.536727855433018,high,1,0,0,0
142,37.61325801229472,34.71127246793948,2,0,0,-0.4309446885168144,22,9,168.99305784865203,14.42672651383702,medium,2,0,0,0
224,73.33966788454016,14.865751959050044,2,2,1,0.6528174794356851,55,49,446.822303332462,20.98681973001375,high,2,0,0,0
72,61.12265977441805,78.25686078263601,2,0,1,0.0698687811797649,37,6,147.91444501101856,14.43080757534036,high,2,0,0,0
174,65.23546795277257,64.11258783301913,2,1,1,-0.2539017284846503,51,24,51.25518013719334,9.033204113121112,high,2,0,0,0
240,51.91297355681676,83.29284806635425,1,3,0,0.6884048841761741,25,26,381.1791282534959,17.555010122500207,high,2,0,0,0
281,15.357831379003986,60.35621415275116,2,1,0,-0.3147603150150357,91,10,322.0008544166578,20.583500831681555,high,2,0,0,0
113,54.12945697001229,14.222893138929976,0,2,0,-0.7596879726004719,64,35,317.2345614849858,12.338847107448457,medium,2,0,0,0
278,37.93825771978096,53.29175012199423,2,1,0,-0.5121339925076787,69,35,67.46204977930272,5.80208883664778,high,2,0,0,0
169,38.77876099977119,52.866482043739175,1,2,0,0.897738380741687,72,19,331.7414899062571,25.542207756964142,medium,2,0,0,0
41,17.126827575348635,17.416357536406544,2,0,0,0.6701655920183325,74,24,310.3133231070571,21.86394593619369,high,2,0,0,0
256,15.662276336773427,58.32012714534462,0,0,1,-0.903675741153024,54,14,487.71658589802905,16.922382507405572,high,2,0,0,0
68,70.01671156037486,90.8532296364894,1,2,0,0.0366003171033879,91,48,142.7675153762262,17.125013683282184,high,2,0,0,0
45,22.61838531062874,48.5786419772924,1,0,0,-0.502244390708539,92,45,291.06693688852863,10.057632674256205,medium,3,0,0,0
114,53.35859057368443,20.43249001804131,1,1,0,-0.0601779218473101,99,43,313.35773839533203,13.031281753961384,medium,3,0,0,0
61,18.0076145037353,67.78335880826886,1,3,0,-0.1941421721955387,96,33,98.09114067354582,29.34227892981429,high,3,0,0,0
51,66.63476151623581,54.70421217085827,2,2,0,-0.7015349542950657,59,24,126.9943096710862,12.11107333418158,medium,3,0,0,0
127,69.32669298829596,19.278629800686893,0,0,0,-0.5093836327450079,69,3,392.86323000256704,10.537247987054789,medium,3,0,0,0
277,25.07977901214453,25.71295995330732,2,3,0,-0.0650832694914489,95,15,361.744638500518,14.855006383863362,high,3,0,0,0
213,60.44220436857772,22.79547605287359,1,2,0,0.8634161201842268,75,3,55.24763955377514,21.812182646877638,high,3,0,0,0
44,70.8561366482736,62.67946314478432,0,0,0,0.1160713492587466,53,22,233.4714323842429,18.956731437617314,medium,3,0,0,0
131,62.411352485514286,48.67942550897775,1,3,0,0.2288489005934362,92,20,57.78379972117072,9.210010866484234,medium,3,0,0,0
284,44.28210124059512,39.16051551953103,0,0,1,-0.5530342064625662,41,43,117.37361405956544,19.977873524743075,high,3,0,0,0
199,41.93103197518357,42.37858482264558,1,2,0,-0.948726898700006,92,34,385.8949212719095,6.1149407247112855,medium,3,0,0,0
260,70.43190301770758,89.65608648528351,2,2,0,0.5192028256310106,82,14,420.74316300523975,17.93427384209762,high,3,0,0,0
294,16.947145847969615,90.33782684288326,1,2,0,-0.9750576950808808,2,35,92.7792358262559,6.924337604212726,high,4,0,0,0
120,28.51489094413997,16.15909069516652,1,3,0,-0.7314712468069429,46,5,241.29910141232472,11.659205967963436,medium,4,0,0,0
102,18.00313929496246,62.48744421697007,2,1,1,-0.0509713317855333,38,12,290.2215978405948,15.089086072400557,high,4,0,0,0
290,64.60691023689351,54.664332005917856,2,2,0,0.3799384917597683,41,35,332.9566797493844,27.08759179509488,high,4,0,0,0
123,23.197484885333637,72.79918200375641,0,1,0,0.1932404227708273,57,45,222.8391413130857,15.60450294807986,medium,4,0,0,0
100,45.33242496701442,12.317333571672364,0,3,0,-0.6188185235337709,67,20,436.3812161662566,28.05911261157444,low,4,0,0,0
265,71.81825553111294,95.59445071850874,2,0,1,-0.3962232030441799,3,23,87.6403695972452,5.8715232522476,high,4,0,0,0
205,73.42310529086035,57.13922975682101,2,3,0,-0.95936071187274,44,30,188.1805138465471,24.787106636577487,high,4,0,0,0
104,11.08747804182605,37.82614620625266,0,2,0,-0.393596370584095,47,22,97.91777333622862,15.396164451319232,high,4,0,0,0
114,75.20015167659571,14.044914284730138,0,2,0,0.5521437327274314,70,46,132.0581490658322,7.055566423106459,medium,4,0,0,0
17,60.92222787928648,68.12258975876199,0,1,0,0.0815839743364887,45,30,201.1763650111271,12.267030232325832,medium,4,0,0,0
176,23.3135252545999,42.42104541563316,1,0,0,-0.062262372908225,38,41,233.1817642659504,18.000850328108847,medium,4,0,0,0
226,29.94663189385171,82.23471836431433,2,2,0,0.4911813640220863,71,36,101.26995072341292,7.47741373833017,high,5,0,0,0
258,14.312194026812897,30.58728283553361,0,1,0,0.3874358827847399,41,3,85.3654525321093,14.517379559870834,high,5,0,0,0
47,5.818639109987529,28.68721128746093,1,3,0,-0.9991569528968396,32,22,361.73497284648266,6.298957511007087,high,5,0,0,0
66,28.4984118445206,98.98887561746768,0,3,0,0.2307882205549853,34,28,421.6564250272183,18.759790982700743,high,5,0,0,0
144,43.72364336430776,30.03037711407758,2,3,0,0.753510101087387,92,15,205.33714668185223,6.004635289353642,medium,5,0,0,0
71,6.440426270169187,87.11478921823586,1,1,0,-0.3080830826952878,84,18,57.14922496851709,25.77966836762857,high,5,0,0,0
145,52.16725258141413,82.77775100123594,2,1,0,0.8213442839618956,15,15,123.79060492973537,8.368813369691528,high,5,0,0,0
95,63.34550407949572,43.54570428804912,2,2,0,0.8499925203760612,9,17,228.24978609202225,15.755534833316451,low,5,0,0,0
174,53.51788050326645,54.650261756334366,1,2,0,0.4028231369908808,31,46,69.72004271871081,18.45905412734128,medium,5,0,0,0
64,51.587282285644335,19.323282034002617,1,2,0,0.6855075569641791,80,7,463.064758001637,14.173726796277473,low,5,0,0,0
188,68.69686438135676,63.606112898313455,1,3,1,0.1331404221619287,85,14,80.21107966729033,17.563828476314107,high,5,0,0,0
229,51.4619401230792,54.62117368748814,1,0,0,-0.4521564714155217,83,26,65.73383657766944,12.790473912397594,high,5,0,0,0
184,57.00522850465575,57.23787202493477,2,0,0,0.8970610224248432,68,30,465.4981660967937,9.978147796136389,medium,6,0,0,0
187,71.6089760173819,89.07349766620916,2,1,0,0.7421876627730757,24,39,99.67790561238598,7.67652947744261,high,6,0,0,0
113,31.195870978659386,70.76930507545137,0,0,0,0.0162213556014521,50,12,152.95916819228898,16.350899219741585,medium,6,0,0,0
171,42.48848371982045,11.23733093674255,0,0,0,-0.5718095465381219,46,9,284.0692880974343,21.032104145877778,medium,6,0,0,0
119,31.550808482672725,98.52347199364812,0,3,1,0.293252266308678,40,2,428.082956053456,14.504574844899,high,6,0,0,0
143,44.71671375715776,46.85393208614677,1,0,0,-0.7777708533633299,40,46,227.518998261292,28.266972212994716,medium,6,0,0,0
257,50.47338550741354,46.24117129798328,1,3,0,-0.9945491878010436,47,24,161.6847671114073,14.306740830484866,high,6,0,0,0
126,70.27345711180337,75.69205809639034,1,3,0,-0.3825509316269428,98,46,439.5730875099784,26.027036935597817,medium,6,0,0,0
108,59.34629353845995,12.775270537600386,0,1,0,-0.145779384387199,20,31,442.7101034909653,28.55420097402373,medium,6,0,0,0
137,35.580010746904954,25.14084224718608,2,1,0,0.8405793155418206,84,41,289.79201010940926,22.63532112332009,medium,6,0,0,0
123,8.473249038140613,49.6469543693816,0,3,0,0.9413058808171156,44,49,405.1995969265371,14.472521092354484,high,6,0,0,0
120,48.37653971055579,34.80449934205957,2,2,1,0.8672711635797019,85,5,222.82847844779727,7.798882040061454,high,6,0,0,0
80,70.24911385988966,49.74033328998544,0,0,1,0.4888329985100634,51,49,80.21970728600724,25.977152622119107,high,7,0,0,1
46,10.134206801936962,12.17434440791493,2,0,0,0.1998532975496167,36,24,488.2878480988846,21.802220686245,high,7,0,0,1
79,7.152940143562251,26.29013457885115,2,2,0,0.9471327923956052,71,48,336.56755534842046,11.110640737637446,high,7,0,0,1
246,63.56564197799084,93.39814307836846,1,2,0,0.0241288762560651,54,2,230.82414814713087,24.639764095333177,high,7,0,0,1
167,37.08957485092791,86.74373641265969,1,3,0,-0.594527773368257,36,49,366.8297159292226,25.47961975474877,high,7,0,0,1
170,48.45885802024165,61.23910478657967,0,3,0,-0.0600877129967529,42,46,432.9082750521404,12.92267956051044,medium,7,0,0,1
125,56.76692100239225,75.38022950110273,1,3,0,-0.469801963188371,18,3,188.78146479248417,18.427450957313454,medium,7,0,0,1
105,59.052556018398334,98.90756470700003,1,1,0,0.3254930905141393,54,10,310.20797992874725,27.26535882601004,high,7,0,0,1
172,48.725641723881765,52.6638900606185,2,2,0,-0.4816659236878666,25,0,475.0637676649556,11.978241797214672,medium,7,0,0,1
143,22.84475178805593,83.03793003165868,1,0,0,-0.8739830898366345,5,43,291.92592102294145,7.105220231915553,high,7,0,0,1
50,66.26418718061463,77.84690404094938,2,0,0,-0.4372896226538558,89,21,127.6059037108629,8.24901285737127,medium,7,0,0,1
114,44.22882000711907,31.35264659880889,0,0,0,0.1742702235331763,2,31,230.3029593178132,10.5368828006769,medium,7,0,0,1
96,20.41638837734117,91.40682705082848,1,3,1,0.8832201787918041,59,4,232.2951458024844,26.97144866455941,high,8,0,0,1
102,33.97665967184643,14.971437051980718,1,1,0,-0.0979687152405877,58,21,429.88810926834486,13.981456938800992,medium,8,0,0,1
252,78.23710270713259,76.98186424805293,2,1,0,0.7457103105145628,23,0,469.4577432575721,19.720249463064256,high,8,0,0,1
254,25.41895131730843,99.04861048506385,1,0,0,-0.8806964500378893,91,2,295.53049760929343,25.378287246651038,high,8,0,0,1
267,64.24399681930173,66.67979582989325,0,1,0,0.3685187699828343,47,18,290.676847680132,26.962865120231644,high,8,0,0,1
54,67.85761691141983,59.92103576894534,2,3,0,-0.1872909554850073,49,0,206.31801810304464,29.25369992040928,medium,8,0,0,1
244,13.395732187769015,45.17671890125839,1,0,0,0.0741016828007687,82,24,62.82832662713989,22.99150192675862,high,8,0,0,1
242,14.160613508853368,67.6287730844077,0,3,0,0.1357510651201061,4,41,485.0705825409685,13.422287160903757,high,8,0,0,1
68,36.11851328479316,11.487181659960012,0,1,0,-0.1253998203700241,14,12,337.33733858173025,13.228360051194796,medium,8,0,0,1
79,12.70014038762372,81.14745196696187,2,0,0,-0.6587751224486018,22,32,158.87326455820747,7.241725942910275,high,8,0,0,1
90,19.474090143821225,63.70971924626711,1,2,0,0.4072680614353094,51,12,253.61993467927863,21.693498564670016,high,8,0,0,1
93,67.97997384163617,12.382297550454862,1,3,0,0.9117697874660952,16,29,289.01806399933304,22.91336397776168,low,8,0,0,1
204,55.81831534496377,59.383820790921945,2,0,0,0.3324673709350048,46,48,94.06465827134907,6.374284123332329,high,9,0,0,1
33,11.3835012340512,43.7451041949047,2,0,0,-0.4516062038821624,98,40,207.144891943158,5.6937235371143045,high,9,0,0,1
34,60.7013875197676,33.371642463106824,2,3,0,-0.4292746063547117,69,19,385.4700256321111,28.29583996402476,low,9,0,0,1
163,8.273695968964027,56.97299332065784,0,2,0,0.364357927845216,81,36,479.0812610821099,23.20150868044105,high,9,0,0,1
237,33.044284900974205,50.32894519397758,0,2,0,0.9227405467316612,49,40,171.44347405873606,7.014828175567665,high,9,0,0,1
215,43.26557439675737,77.55400220460409,0,1,0,0.1252249770015874,85,39,157.3495759460102,29.633725474691705,high,9,0,0,1
232,13.59309750168947,26.338487900696183,1,1,0,0.0629006626538017,69,41,395.4078112057836,23.18243865578952,high,9,0,0,1
61,59.76250538147209,44.810377416448425,2,3,0,0.3781645034773577,38,27,441.35032327357936,22.08137002185549,low,9,0,0,1
56,51.05314651654413,59.4648840903031,1,3,0,-0.9082461376504756,65,32,218.30014998098608,19.68478195920245,medium,9,0,0,1
78,41.836037119465,28.86575089922235,1,1,0,-0.2069004684999391,90,46,419.9702701078099,9.494370868811862,low,9,0,0,1
69,21.837681858377444,29.90378781760996,0,1,0,-0.1324091318195377,92,29,138.08692893875755,14.932828835267838,medium,9,0,0,1
81,69.10484018157499,47.76500286999101,2,2,0,0.6854648708141937,1,0,78.45558567283095,21.039050059558395,low,9,0,0,1
43,54.253833073592375,58.3416555837981,2,0,0,-0.5497551415761928,16,40,491.378376336483,6.677100062543713,medium,10,0,0,0
13,16.607285455310556,74.75195235242205,0,0,0,0.7751687409972767,48,30,230.440577055865,13.916758805935116,high,10,0,0,0
239,10.17346698762487,36.77564412895633,1,0,0,-0.8414088649281144,46,47,169.0750598566159,21.216455327038474,high,10,0,0,0
50,55.65561861599461,77.08586507206341,2,0,0,-0.2690323897833644,29,29,61.61512673999336,26.127348235706105,medium,10,0,0,0
90,61.94725888862998,70.6909415718268,0,3,0,-0.8107462612631424,88,12,352.61863313305844,14.286271588034886,medium,10,0,0,0
233,12.690819836384025,41.94850494452815,1,3,0,-0.3730464741765227,62,23,330.3295910792879,27.59850038807108,high,10,0,0,0
19,18.84885191205476,67.5002271765398,2,1,0,-0.793138637111102,65,16,77.6134116625908,11.882042293288576,high,10,0,0,0
156,26.42566695126123,63.87380198670128,1,1,0,0.6399483518705091,90,27,64.17576423895491,9.558770184650612,medium,10,0,0,0
219,22.778984104511483,88.42127433573803,0,0,0,0.2799547014442498,20,3,149.1304368139772,26.597136216413222,high,10,0,0,0
149,6.070376191526928,90.55210915895348,2,3,0,0.1852954093512302,93,17,478.8770660715052,22.653444951558523,high,10,0,0,0
292,38.77921407999387,11.213683435603732,0,1,0,-0.0980589357717336,22,49,154.3928645422643,23.19792457369971,high,10,0,0,0
293,19.391328506013625,64.819989050016,1,2,0,0.9839913731810246,92,43,199.27177013021364,13.870568447817822,high,10,0,0,0
131,9.792001427866428,31.345052133686984,2,1,0,0.0466268343520004,40,10,119.08244134256223,18.078545867540875,high,11,0,0,0
219,51.664101300812,12.656154227503205,0,2,0,0.2088050272723856,18,9,230.26313882393617,18.63888973212624,high,11,0,0,0
247,48.51299823636681,18.85587426926805,2,2,0,-0.543965676844667,76,26,420.7926801088223,12.465878539322365,high,11,0,0,0
288,54.64698431758776,83.13715378427233,2,2,0,0.1632669144684546,46,44,154.10039271955156,28.14203750451381,high,11,0,0,0
241,57.28427982605785,46.48356070311617,0,1,0,-0.8314351810908278,79,12,200.5044304091217,26.91623958104859,high,11,0,0,0
274,78.36080675353716,75.8402629802691,2,3,0,0.6701470111330659,91,0,117.56087684647343,8.011945226161403,high,11,0,0,0
140,45.62267936833465,40.15583785313639,0,1,0,-0.1804597851406297,51,6,466.9685191124878,7.304382109394437,medium,11,0,0,0
173,66.03516181720809,65.57947616724616,1,2,0,-0.642115476395881,35,24,300.5718918866644,8.96705302319124,medium,11,0,0,0
208,73.95852544778792,86.44703024215359,2,1,0,-0.2873651578718086,18,47,386.4840974486302,29.55205931660896,high,11,0,0,0
219,62.77960708055623,29.13830849081552,2,3,0,-0.8526521841726231,8,43,51.68994598209513,12.94461409632547,high,11,0,0,0
221,35.41526382601161,64.2667969634638,1,2,1,0.7542123781756527,62,40,274.98734311446333,9.708858821269695,high,11,0,0,0
284,22.236115921932694,78.42584772936267,0,2,0,0.275167336639661,41,25,88.53956323857786,23.54073405604935,high,11,0,0,0
114,6.7324668902682525,75.0321462870558,2,3,1,-0.0709990305100363,66,39,310.5487947429128,7.930809844286427,high,12,0,0,0
208,52.16717194875108,84.49972501413825,0,2,0,-0.752669565358068,19,29,434.99216733788126,23.91232365263002,high,12,0,0,0
142,57.50886659467655,67.24147608542745,1,1,0,-0.6859487459405511,42,18,292.1613189636399,27.01026799289065,medium,12,0,0,0
166,26.56048497681509,33.064274557896326,0,2,1,0.30040259781441,20,8,203.1840554489806,12.527518196298503,high,12,0,0,0
216,64.9336551842209,18.665048891215687,0,2,0,-0.3009165329850378,42,32,228.49011206945937,28.810388907685105,high,12,0,0,0
25,76.97473163901854,49.25659135481691,1,3,0,-0.5987614494390687,67,26,353.9984612513216,11.151183774276271,low,12,0,0,0
192,55.18744195304957,24.679677181313707,0,2,1,0.7552599316483593,7,44,278.43886055057635,6.933100621190476,high,12,0,0,0
20,49.86345330939119,63.41734200583991,0,3,0,-0.4793332916803581,12,35,231.68501901549115,11.145742794020812,medium,12,0,0,0
162,38.65797913170289,75.50962662284923,2,3,0,-0.7532454799281287,84,12,177.7607419479051,29.85688125140639,medium,12,0,0,0
153,8.135290786489158,24.49658915981206,1,2,0,-0.9028257548789363,99,38,313.6530725024208,27.957543711662616,high,12,0,0,0
138,47.25687370354834,73.34924300555033,0,1,0,0.8259389339628105,97,41,238.37093948812355,19.686520690825592,medium,12,0,0,0
198,6.247371750855425,96.32251105237528,2,3,1,-0.3734278801053368,62,10,423.2698719384203,23.771396172834613,high,12,0,0,0
110,33.06965900685182,62.44505177357208,1,0,0,0.0162662782219953,86,44,161.03051786984886,19.103613764021667,medium,13,0,0,0
190,11.75665569197393,58.57914240090738,1,2,0,0.4370840825523203,30,8,451.4263558734404,11.887528258481794,high,13,0,0,0
158,69.83155854942663,98.2944350600563,1,2,1,0.1254348612762628,22,15,287.205596425423,24.439111582065543,high,13,0,0,0
237,57.61717889157255,31.222241915323515,2,3,0,-0.2450627009494395,61,40,488.2241462577373,17.283472845176064,high,13,0,0,0
137,37.41618679065028,67.36661125409032,2,3,0,0.4367172391823148,20,37,344.99164221247884,20.949138359805588,medium,13,0,0,0
277,27.6571078006565,21.478978103180594,2,0,0,0.0302735162895098,35,32,84.071287436853,21.639373979086034,high,13,0,0,0
117,60.89075048379866,88.0063713931797,1,0,0,-0.8797804295442739,25,23,63.11207748280259,14.49389760789968,high,13,0,0,0
22,14.434858155304129,80.24990753381208,0,3,0,0.2176297570025276,89,38,87.44409961608088,20.60985085783414,high,13,0,0,0
81,62.62010348693805,22.93029210644725,2,3,0,-0.8439654165959025,66,2,324.1015782544369,11.946420087116008,low,13,0,0,0
175,15.191312482888748,96.61099299139934,1,3,0,-0.3987335303604737,86,12,111.59742848835955,29.779556137487763,high,13,0,0,0
208,12.929575192311592,65.73465122832883,1,3,0,0.9510059442995348,12,37,493.36698810150375,16.695464447535898,high,13,0,0,0
28,36.10529941897636,56.41812351284168,0,2,0,-0.6962637452143043,70,21,328.04002794420137,7.298268619227087,medium,13,0,0,0
286,49.23727185417759,23.661663374921623,1,0,0,0.1178082755926113,29,24,146.2399462405478,18.239460837003875,high,14,0,0,0
295,5.289099836755774,21.980929707158023,0,0,0,-0.0692675250513632,58,2,299.9567038420688,5.452861415164333,high,14,0,0,0
205,74.05202782468473,72.64337922199543,1,3,0,0.6794636879659337,89,12,69.75275021236648,10.348858453923755,high,14,0,0,0
132,19.329729350223303,62.1132443785525,2,0,0,-0.1238267140084892,54,17,111.9516857166212,21.320454986977293,high,14,0,0,0
138,9.526045065201105,91.56983730367229,1,3,0,0.0629741470334157,32,43,353.06105898381213,19.06263446278709,high,14,0,0,0
166,17.63395410643981,10.148537322613365,1,3,1,0.8004331337537345,82,23,480.8192765770433,11.122107334948517,high,14,0,0,0
75,70.59579958974084,77.02403243458555,2,3,0,0.0769771570281019,90,8,450.53908160759016,8.456228887538328,medium,14,0,0,0
206,57.30298734836354,11.1794958676499,2,1,0,0.9896414807699024,37,22,222.88867199954228,6.395687359657188,high,14,0,0,0
211,58.4161437294909,39.75896041561347,1,1,0,-0.3716882596499009,41,42,367.7786696151832,7.906747095987108,high,14,0,0,0
251,34.64557486644317,68.60835476400834,0,0,0,-0.9122687971422916,88,11,458.09205421609,17.49039039031616,high,14,0,0,0
156,13.556223235203436,22.348667687388065,0,0,0,-0.8459587139260967,26,26,118.78988800747152,14.75850623963749,high,14,0,0,0
190,34.51030421385211,12.04357588755235,1,0,0,0.478026671730168,1,41,330.75059859606824,6.20009345466674,medium,14,0,0,0
53,44.66821310307207,82.52713612871354,0,2,0,-0.5098284685135945,54,13,226.97160018684517,8.626861341127746,high,15,0,0,0
40,11.269452112460556,59.27924136380179,2,1,0,0.2842135423372247,14,25,358.98375529138093,27.97601483600183,high,15,0,0,0
58,35.90513881647719,58.98013934468961,1,0,0,0.6656936036682262,20,33,300.33025381171933,13.33705759729554,medium,15,0,0,0
14,50.61880218620644,84.74325295037876,0,3,0,-0.6572500830433738,22,17,169.67928631032987,22.30446855943517,high,15,0,0,0
90,14.107770456812007,69.9359405721782,1,2,0,-0.5058102371634186,13,48,443.2211259367912,5.315373931921914,high,15,0,0,0
262,5.497192577040514,12.795548449496044,1,2,0,-0.973510469918097,15,20,241.8066465433185,14.212362918007312,high,15,0,0,0
119,76.4972582280213,53.636585797803264,0,2,1,0.1570692740274903,96,42,368.918415716069,7.348278234337184,high,15,0,0,0
102,49.45816041298197,95.49427514988405,1,2,0,-0.4417107622144498,40,29,293.95174432672536,11.758900200909853,high,15,0,0,0
147,50.087488423053976,31.227944659221,2,3,0,-0.9973668635961448,3,22,251.44821809891852,18.20007128175705,medium,15,0,0,0
12,75.0742508721203,13.314960439202128,1,1,0,-0.2065017335917589,82,49,262.5400820398005,29.376096992658677,low,15,0,0,0
114,11.564799096391535,28.498986393659116,0,0,0,-0.4445863508924275,99,36,141.0168368428241,9.344101309970725,high,15,0,0,0
118,43.77028734827127,12.747754273415318,1,3,0,0.7822597269342066,74,48,78.84222952079881,9.514419394111345,medium,15,0,0,0
122,46.97197023854034,15.377400094418569,2,2,0,0.8940899201147783,67,25,350.6538130923573,20.789929511746195,medium,16,0,0,0
158,14.691788812821168,46.771462577224405,1,2,0,0.5898509068678692,9,28,196.40412653143036,14.24930961654974,high,16,0,0,0
207,63.92867623905378,18.507478340970568,1,2,0,0.4499960667927642,1,28,119.09365688648153,12.687700348279767,high,16,0,0,0
21,68.3694301800955,49.21219004448,2,1,0,-0.2887238983404947,40,29,363.6214110987251,6.621264602651595,low,16,0,0,0
131,40.119765277528245,60.06507589168009,0,0,0,0.0819168407023971,66,42,154.4720942384921,14.866407320309603,medium,16,0,0,0
74,61.15275368410145,45.6797749870256,1,1,0,-0.6517086618002594,4,27,427.5903416269599,11.89865368041875,low,16,0,0,0
242,39.2560185036128,54.21405951743708,2,3,0,0.7584165628409292,92,34,412.99864118921386,27.782833528556864,high,16,0,0,0
159,76.79590533506031,72.7347466253843,1,3,0,-0.8753859217874367,22,6,53.35247080602864,8.87930425476485,medium,16,0,0,0
246,70.31863529982118,20.84176595300542,1,0,0,0.0516977697290335,27,33,293.9120981798982,11.623895974096463,high,16,0,0,0
259,36.65911991927651,21.490778386131574,1,2,0,-0.6167827541635833,12,19,52.811877239257264,29.399318657430157,high,16,0,0,0
61,16.384059620612042,86.19364550157641,1,2,0,0.9326317443903556,61,12,233.956013530854,18.599331697728694,high,16,0,0,0
119,61.46329062525598,24.64409931379704,0,2,0,-0.6605784023573229,49,30,277.0329446669507,25.92359848277022,medium,16,0,0,0
42,34.75373000310146,96.823029947854,1,3,0,-0.3215893023984491,35,6,138.4620060722537,21.09286044738357,high,17,0,0,1
108,24.20024232857809,49.37676110064557,1,1,0,-0.1892139527946039,40,24,436.1774993796554,16.284790050218334,medium,17,0,0,1
190,23.64468985229243,43.57529216240707,0,2,0,0.020841304345327,46,27,276.7782122129598,17.29514151212389,medium,17,0,0,1
189,57.95185679606976,74.84442993972618,1,2,0,0.082110929231147,30,13,487.2116859313507,26.547225986489497,medium,17,0,0,1
244,19.540427403417247,53.04083186745367,2,3,0,-0.3266000559560977,78,28,104.3414955017088,12.990883826643849,high,17,0,0,1
32,70.44580928654983,18.68874785874321,0,3,1,0.028827965812527,61,5,317.96286678760123,25.814140078469283,high,17,0,0,1
24,26.860279349098537,42.87834468357694,1,3,0,0.9173139936641246,79,36,266.7253501342452,15.31347031689849,medium,17,0,0,1
289,69.12632480071711,65.96802760373846,2,3,0,-0.2385339966453226,24,40,325.56594565747,29.34213011375709,high,17,0,0,1
152,57.64358456379009,70.5498698666261,0,1,0,0.4187313296232453,52,35,374.3642232073256,5.898790741112979,medium,17,0,0,1
193,70.5171634215911,45.96986013128859,1,0,0,-0.4443340356954941,71,45,220.24323853907487,24.785382564997107,medium,17,0,0,1
152,39.191952904660006,90.4861871029735,0,1,0,-0.7844037595530353,10,10,126.73378724922496,15.723598076192031,high,17,0,0,1
27,75.46029390572853,60.91699074360294,1,1,0,0.1085510907761182,75,13,360.29797156982073,21.661576307031115,medium,17,0,0,1
203,45.70404051271704,21.67733059294268,2,1,0,-0.965271782953522,65,39,317.4068533301418,27.95254904085577,high,18,0,0,1
102,74.78613593590224,28.8925691790203,1,3,0,-0.1831580737899398,9,25,215.43326141539293,5.532631479980192,medium,18,0,0,1
134,55.16161188414009,60.332653019113,1,1,0,0.9580155149796294,65,24,136.66362150766287,18.1006767189754,medium,18,0,0,1
68,40.83610622982839,77.79621151708734,0,0,0,-0.8844663239335704,79,29,202.40915911276716,27.638923679265982,medium,18,0,0,1
234,41.41097339677951,77.61509922102523,0,0,0,0.4812398255741201,42,40,314.36578387447184,20.31925298786878,high,18,0,0,1
165,17.962877288927906,63.45427264315684,1,3,0,0.677958247737636,43,29,325.3681301038195,24.372695957640637,high,18,0,0,1
142,43.82635688590384,71.62867433904452,2,0,0,0.7244125889858888,64,6,404.9991289356281,8.990396028191348,medium,18,0,0,1
21,5.063578246863963,52.781220294420585,2,2,0,-0.8237109833813052,43,6,453.2942281557641,5.7315141809708825,high,18,0,0,1
53,40.45791926451858,59.80029716278756,2,3,1,0.6845570828176106,55,24,152.80198786349152,20.066546481676024,high,18,0,0,1
22,6.886632702154492,60.108063543272856,2,0,1,-0.5977887738895362,87,48,311.87215609956905,7.645512527903487,high,18,0,0,1
67,25.446781984319028,11.119188732074676,0,0,0,0.2094913650847443,75,28,171.65113465248336,17.0337276303067,medium,18,0,0,1
34,20.671469421868025,74.658571859215,0,3,0,-0.92995154538922,79,12,322.9849815332168,12.913913894315613,medium,18,0,0,1
271,15.248899196873184,81.02468279914095,0,1,0,0.4796237089409991,80,28,426.19760174684166,8.108459050157597,high,19,0,0,1
146,56.43884683912354,16.229585877059726,2,0,0,0.592347724462531,62,43,488.5948016274839,9.89435468743705,medium,19,0,0,1
145,27.26029351620505,34.75892193197535,0,2,0,-0.0597135009998219,89,35,448.85558263161255,13.214685395631276,medium,19,0,0,1
57,22.8471084763873,81.9652092554664,0,2,0,0.1536977735391689,89,4,290.0025233466786,16.881772680982216,high,19,0,0,1
140,38.185633022479024,93.4301117222046,0,1,0,0.9287722825970192,97,32,171.83350900539122,15.688198317494528,high,19,0,0,1
187,63.15864368582557,56.36477266346088,0,2,0,-0.5823259384340125,68,27,185.91011351608083,26.270427127998182,medium,19,0,0,1
249,74.8748930853192,58.5010581163816,1,2,0,0.0854821352632602,70,9,499.9226630053219,22.741442398553996,high,19,0,0,1
104,11.157232097065336,43.59542983387619,2,1,0,-0.205750507585674,85,41,311.49826053343105,14.024417830440427,high,19,0,0,1
256,21.79119911703281,12.159168422293178,0,3,1,-0.4051115975997044,5,29,50.13685533232076,8.507533741855209,high,19,0,0,1
207,39.85502261864386,68.4281265097885,2,3,0,0.0468892865125984,93,16,242.56689193891577,13.479342321862235,high,19,0,0,1
283,22.254360823332064,42.01213177183801,0,2,0,0.159026346092804,14,19,490.901353023682,21.519653117685124,high,19,0,0,1
39,43.43529915448416,79.70911643501972,2,2,0,-0.2907290029791414,26,17,418.8214696479454,16.64242770721476,medium,19,0,0,1
265,11.422487032761468,51.15272120414066,1,0,0,-0.4312990575913675,71,3,489.0333505838626,16.799518688586105,high,20,0,0,1
73,62.10906481128261,71.16908882127974,1,2,0,-0.1733777289236178,32,33,367.8648569802343,6.936002271644546,medium,20,0,0,1
41,75.71682602690981,59.888892170813065,1,2,0,0.5436802623571493,2,43,289.43282768056395,28.56914912810828,medium,20,0,0,1
258,20.853414052924343,14.0741159963838,0,1,0,-0.5680185654609016,52,27,189.20811113209768,17.548531649507066,high,20,0,0,1
289,52.2251990246464,58.48788388377048,1,0,0,0.7100786954325755,50,41,182.2180954409302,11.970057199237615,high,20,0,0,1
272,26.36823433826428,35.4519584495504,0,1,0,0.4353280435463786,60,18,130.072349494528,15.270224126946548,high,20,0,0,1
50,55.60039526512011,54.5838987044061,2,0,0,-0.5584897146410774,58,28,134.2642186637154,18.623692767354257,medium,20,0,0,1
33,19.298277464835667,60.4402804138802,2,2,0,0.8656810451082184,23,19,73.01255552214431,29.4756414835664,high,20,0,0,1
135,70.74453471398935,20.235925719650112,0,2,0,0.4998004625712671,41,44,311.72279456891084,12.076685213065076,medium,20,0,0,1
25,50.51262680054341,82.36364443350165,2,0,0,0.696046719512069,58,26,208.40404929413955,13.483489473118674,high,20,0,0,1
123,39.36836258291643,10.909161116481386,0,1,0,0.2797017919606557,79,5,169.20888564179222,26.15958147573265,medium,20,0,0,1
282,60.37163727020886,44.570374874175705,2,3,1,-0.6435891083342415,80,49,234.18045510975332,6.023436518525206,high,20,0,0,1
239,12.361668039236916,95.79951223002756,1,1,0,0.4940191606479089,96,28,208.26005884294693,17.057054705886006,high,21,0,0,0
123,17.496078639479975,81.63075582747156,2,0,0,0.6483898694023809,48,18,164.66891712174868,19.14881937927325,high,21,0,0,0
13,52.091049361841286,78.39310567396431,2,3,0,-0.822989791357847,92,46,215.71940639164532,28.214129960357173,medium,21,0,0,0
196,33.61982296189417,90.26983778078416,1,0,0,-0.2969861316756608,14,5,54.61294563224929,20.68468496203021,high,21,0,0,0
211,17.606825147813645,95.97642234065653,1,1,0,0.6808050108064401,80,5,360.9332992932809,25.51063627633801,high,21,0,0,0
28,40.95602379750994,41.45082201272061,0,1,0,0.4707739481436221,55,24,477.0905796015133,20.51958793874814,low,21,0,0,0
242,69.55565328847466,26.73956606087561,1,1,0,0.7129204925864727,48,45,186.98996276691884,9.441740194122698,high,21,0,0,0
96,46.095680864911465,68.06932134920265,1,2,0,0.9008676154511668,39,39,102.27958924515424,29.06010425849318,medium,21,0,0,0
202,19.373712607730184,34.99875117332401,0,0,0,0.709538316705693,83,4,131.6093808191934,13.265836013229432,high,21,0,0,0
183,13.637299081457645,24.440039727384463,1,2,0,0.3295418307516147,63,3,461.0189919546408,22.72219773309694,high,21,0,0,0
282,45.86982157253062,99.30680417757696,0,2,0,-0.822007876674892,93,37,464.1809945611751,15.65990775283134,high,21,0,0,0
108,44.6614739720881,72.75545766512388,1,2,0,0.5508916757189499,73,10,402.9718903148848,6.295075788005478,medium,21,0,0,0
249,19.13936976118641,57.13926814026948,1,1,0,-0.9856790290459878,19,7,230.3241447605153,22.4072173128337,high,22,0,0,0
244,60.21639473078484,88.95841640298337,2,1,0,0.2965547246641189,40,13,358.19777469375754,25.798286394752218,high,22,0,0,0
265,58.30301018193153,63.31338509248575,1,3,0,0.5807866017318717,2,47,296.53291128233536,8.811489327101208,high,22,0,0,0
159,45.56966611511552,96.4936878895342,1,0,0,0.8776443502242186,40,22,314.8864002988758,19.933263906237904,high,22,0,0,0
230,38.28140477318341,93.88642273887896,0,3,0,0.779513702421418,78,35,437.2030144391711,14.827140837572127,high,22,0,0,0
167,59.03629126700874,97.94822631318576,2,0,0,0.3338177885744773,45,17,471.7627739392133,28.885652443396044,high,22,0,0,0
253,51.60033643643789,88.3887854323482,0,2,0,-0.5315338137368562,25,3,121.56312685627252,22.09645231494752,high,22,0,0,0
99,17.06713705761733,92.18100741581978,1,0,0,0.4442534351049048,68,7,362.0495026549855,19.280619907229216,high,22,0,0,0
94,44.96833680781919,73.93087514155786,0,1,0,0.6350933362070279,32,30,181.8784719209239,26.374011014172893,medium,22,0,0,0
101,58.21453715840011,74.05708198581668,0,0,0,-0.5865522040061144,46,48,297.79040271093527,16.54798981617182,medium,22,0,0,0
10,56.70396782462266,14.510168016523894,2,2,0,-0.6932646638215167,43,3,222.4330405390677,8.30225316990134,low,22,0,0,0
144,68.1135140858419,97.55810704870892,1,2,0,0.4036735700996379,3,9,231.13307883165788,10.690706098186768,high,22,0,0,0
82,35.62701726923051,85.27808647915431,2,0,1,0.1337469962702768,9,35,461.7440148047753,9.544834685180197,high,23,0,0,0
68,64.47880591910894,79.94979162192541,1,1,0,-0.9359139929568928,49,21,65.30271812969599,9.962242669229289,medium,23,0,0,0
267,36.70871708222032,88.61994534315606,2,1,0,0.0082312236000952,98,15,199.9275372597834,23.923954596859907,high,23,0,0,0
187,36.26648438095994,76.33368539472633,2,1,0,0.0667182522231626,93,33,154.95360997356033,19.969951433496377,medium,23,0,0,0
91,5.308951206392372,90.62114278812126,0,1,0,0.4010559108362255,34,40,487.1233118153256,22.9581971703137,high,23,0,0,0
283,21.756678532281505,47.994095074833645,0,3,0,0.3096554783917471,49,16,456.54686600804354,15.054715165348211,high,23,0,0,0
42,35.40018000210494,19.27307360795311,2,2,0,0.2546212296791228,51,44,340.48495775368986,29.86001953664324,medium,23,0,0,0
252,74.91504283692413,51.82017195350337,0,1,0,-0.3750570060992111,74,0,56.83405920786367,18.371598847418767,high,23,0,0,0
45,68.89638842261836,53.99656599012221,1,2,0,0.2669930506357998,14,41,82.68316336329528,19.80189304122572,medium,23,0,0,0
51,15.264057815577637,26.301830785503817,2,0,0,0.8857341028256354,62,2,102.68464254412736,11.386561777885897,high,23,0,0,0
119,50.50555633686047,81.39681211993262,1,2,0,-0.7033694044527494,2,13,351.369728341852,20.18337031159146,high,23,0,0,0
212,53.15626257189575,96.12165759957306,1,3,0,-0.3746437419990851,37,0,427.14070532858193,10.981512287125964,high,23,0,0,0
255,23.129733600382487,33.08811082998948,2,3,0,-0.2800205850842632,48,22,196.37717996596743,17.066973456926927,high,0,1,0,0
10,50.23440741515478,10.213371028144277,0,3,0,-0.5229484286347883,42,10,258.87545484032734,21.31960793578292,low,0,1,0,0
50,46.57433531872252,58.97518247439491,1,3,0,-0.0323369091341545,23,32,451.4990311881455,28.845501875132705,medium,0,1,0,0
119,48.15500349850552,97.2987700860297,2,2,0,-0.4751735336522229,75,6,452.52878384629935,23.00138543587336,high,0,1,0,0
162,77.4228388661523,28.596458962242277,1,1,0,-0.3047168765538341,66,48,263.0295963173527,24.790265058223117,medium,0,1,0,0
104,19.316403027432862,65.59111502001713,2,0,0,0.0804482109831941,43,0,53.12016657270793,27.226352802957635,high,0,1,0,0
28,9.123860999304776,47.462655880416726,2,1,1,0.2449286636710761,86,41,304.6585152032704,11.15773865516572,high,0,1,0,0
148,33.35516490781943,54.56483958606231,2,2,0,-0.0160109230492109,22,14,306.72804757904987,14.32614668919897,medium,0,1,0,0
172,34.514284281341084,51.02910092391171,1,2,1,-0.2176504596541437,99,1,130.2738549373786,24.563489018239583,high,0,1,0,0
259,28.169297086084672,11.824812489532611,2,2,0,0.9450045483881327,52,40,125.98827644660244,12.114944835999012,high,0,1,0,0
279,41.970126225976,85.49587266180593,0,3,0,-0.1737525257651748,24,11,81.05253749015696,15.8302800303197,high,0,1,0,0
75,31.5162472832032,81.31115938999149,2,3,1,-0.2373969997620317,47,24,374.1415423603662,5.701583837669645,high,0,1,0,0
163,69.142745354098,91.00094500686106,0,3,0,0.6543050675328532,8,29,75.36920523063867,13.066426744787384,high,1,1,0,0
120,62.416528022476335,91.45545207416878,2,3,1,-0.3211411028260718,95,16,240.13686851500577,21.98176817710365,high,1,1,0,0
295,73.2481039584444,17.353916510088574,2,1,0,0.4462661993334911,76,16,154.57795149592084,17.513218306957025,high,1,1,0,0
64,70.19946630724147,63.36657529656659,1,3,0,-0.5323309217935965,70,32,251.6014489361935,28.67365958728338,medium,1,1,0,0
28,59.79172629899409,27.75128019178445,1,2,0,0.575248844802029,19,12,180.4849003006873,5.814325466614937,low,1,1,0,0
240,71.72037176311647,51.827313493013605,1,2,1,-0.1041714192942735,62,14,415.9720848736581,26.760750365021885,high,1,1,0,0
183,53.65963784176086,58.20012270992376,0,2,0,0.8103520115615219,54,43,160.79046280426763,7.839597643081035,medium,1,1,0,0
68,15.2005733391281,57.96413681457639,2,1,0,-0.9403978733483048,89,23,414.7084590554016,18.0455016508558,high,1,1,0,0
274,58.66834973597319,88.8955147713362,1,3,0,-0.661385620126159,1,38,303.48322970774063,14.684620093571686,high,1,1,0,0
71,40.62526990408804,10.100182586570538,2,0,0,-0.4817737319466872,99,34,310.2146969256437,5.479532229198595,low,1,1,0,0
76,9.475804656665217,90.96031094847288,0,2,0,0.983669699111864,87,11,100.34694520674316,26.85351993102594,high,1,1,0,0
272,17.2770310862982,64.10419699219577,0,1,0,0.8136648662331458,61,24,269.9494036164731,25.702853801605407,high,1,1,0,0
165,54.04397320665437,13.825994685058498,2,2,0,-0.1789486305709777,85,46,64.33260562162631,21.59026630037583,medium,2,1,0,0
107,55.6251402407181,71.6526903902553,2,3,0,0.587080803953635,53,18,484.5763875443213,27.728459250994455,medium,2,1,0,0
259,20.82024586503374,71.22080068933228,1,0,0,-0.5566066289637543,92,11,85.58975938535144,22.2643746356449,high,2,1,0,0
36,48.09032317331648,45.66884875589015,0,1,1,-0.8654750262421951,41,6,172.06465946178324,23.991269626335686,high,2,1,0,0
83,58.55124961975067,85.68454826171758,2,0,0,0.580861452997339,84,1,352.54200169285855,22.078213245847888,high,2,1,0,0
74,75.38320425471572,22.415617397976213,2,1,0,0.4559297116081335,83,35,444.7110399389758,8.021240171453377,low,2,1,0,0
299,23.867880773608263,78.45988109665149,0,1,0,0.1717122512325297,11,16,190.61875442501145,19.418495179826177,high,2,1,0,0
171,62.64612109754252,53.98845670895363,1,0,0,0.1578003803797232,27,49,293.15163020406567,10.094851845200946,medium,2,1,0,0
28,7.163770374814389,18.11836273305797,1,1,0,-0.0546004345772161,4,19,54.853593002080906,23.1116159553914,high,2,1,0,0
49,30.096433247567763,35.310557799580195,0,2,0,0.1521926490604355,48,40,242.40952654678915,15.276023982566668,medium,2,1,0,0
211,36.13191052443795,71.5361022706807,0,3,0,-0.9162093190660664,88,27,338.63075906996943,23.257522397016253,high,2,1,0,0
281,72.43345898724503,42.86304366992942,2,3,0,-0.484043378191203,62,19,318.84541293059584,28.173869212179767,high,2,1,0,0
265,29.02106105377344,70.70651142472187,2,2,0,-0.1786624776517327,39,12,374.5105905344674,19.209087799606507,high,3,1,0,0
138,41.94883992335832,64.46986860610583,1,0,0,0.3322379704215883,37,2,277.0461678721822,24.30820223873662,medium,3,1,0,0
206,79.38690525294776,78.77118263647604,1,2,1,-0.5596587446152341,6,33,337.25446234935515,25.961216101728564,high,3,1,0,0
106,71.16711918783949,81.53763146701621,2,3,1,0.5525401453183225,82,25,339.05765033918897,11.148920750517206,high,3,1,0,0
132,14.006897976572471,94.72157088035088,2,1,0,-0.5446424612727518,84,30,393.8855961334588,23.46980969302307,high,3,1,0,0
259,60.37496857020508,33.61374605432374,1,0,0,0.649885460883437,98,45,460.81316630617175,11.123177400097155,high,3,1,0,0
285,30.71655633629115,80.40083952585356,1,0,0,-0.4871464860599863,24,40,426.834759137245,29.443362503595463,high,3,1,0,0
226,75.81537993191952,29.48809935537181,0,2,1,0.0350396482314099,20,45,59.86987454493558,17.012266715820296,high,3,1,0,0
24,17.804800450347003,79.7909654615005,1,0,0,0.7430276956223958,50,37,310.9810284899973,28.14037398262889,high,3,1,0,0
297,16.65471496735816,47.27388127217127,0,1,0,-0.8126545410846202,25,3,267.7844819257117,14.132574008413863,high,3,1,0,0
74,12.523140004632904,49.58356449500048,1,0,0,0.6682558777208079,60,27,270.97251691176393,12.013566562143462,high,3,1,0,0
276,75.9347168587518,55.76141410063734,1,3,0,-0.1902763061945096,78,7,188.7963205729177,18.563408328068288,high,3,1,0,0
116,26.954298352247264,10.089652642243912,1,2,0,-0.241202515654147,98,44,259.3091720936856,21.049179901973037,medium,4,1,0,0
71,74.92589082150516,90.93194491285212,2,0,0,0.1271381552540991,65,28,316.9892539717158,27.490712159559763,high,4,1,0,0
156,33.07738352250175,42.71354614324622,0,0,0,0.6576705077580727,87,10,249.7698350398371,5.622356433874471,medium,4,1,0,0
168,25.278700170372133,92.40192153580372,1,0,0,0.0132060111398915,67,41,159.10747710387037,13.637894427805165,high,4,1,0,0
128,70.6709719628159,42.603109199018846,1,1,1,-0.2492570371026636,90,32,329.2236521068259,27.883924642068354,high,4,1,0,0
115,61.292671269828126,51.47608083965633,0,3,1,0.1070566099231598,3,37,151.64731691142205,29.335391291815693,high,4,1,0,0
219,66.39280153407174,87.7323119521948,1,0,0,0.9358584322468796,85,36,109.03001382479198,16.117427858195413,high,4,1,0,0
55,69.5345681529397,84.2176790938947,1,2,0,-0.6568584165935649,50,25,61.110683951180334,29.92700315969018,high,4,1,0,0
190,41.420639076978894,57.13345459294792,1,3,0,-0.5208907074998519,31,43,319.518217932012,14.00447023739512,medium,4,1,0,0
60,8.418055098547601,12.801335395702935,2,1,0,0.7968572061432655,39,26,55.31344296559354,28.803421484396807,high,4,1,0,0
82,58.97433564043241,25.47847162790585,1,3,0,-0.6937450358168944,23,1,109.18050736088642,17.74212086904957,low,4,1,0,0
87,37.87706809284538,69.80868103822964,0,2,0,-0.7776591385099147,72,5,317.4390728069812,21.98443969695076,medium,4,1,0,0
236,61.13514512331797,36.90603177440677,1,0,0,0.9038659622612076,15,30,427.63634018562817,25.933122493342616,high,5,1,0,0
62,19.358020113460512,34.7213005923803,1,0,0,0.1128029306277393,25,34,80.41196577796958,19.67769849321036,high,5,1,0,0
288,74.49950407456558,22.938206839395946,0,3,0,0.7258565998458364,39,22,281.0688199243409,28.627968618584745,high,5,1,0,0
244,9.062746351183964,56.51528427012841,1,1,0,-0.9576156905566128,19,17,70.95587436034671,26.191316231496238,high,5,1,0,0
52,6.304276629501971,88.09022945366489,1,2,0,0.6509041942361249,87,5,496.7306620293664,22.558598516687866,high,5,1,0,0
116,49.08636219936675,35.42664962020553,0,0,0,-0.8106750204899624,85,24,85.16072185483489,13.139514936004376,medium,5,1,0,0
43,47.79797593769045,60.856019762995416,2,2,0,0.5944798548628909,2,26,169.8412159046644,13.12245755280268,medium,5,1,0,0
226,72.13110058309289,66.03773492904588,2,3,0,-0.0328488919085667,77,13,478.4561473348881,23.95198801132151,high,5,1,0,0
208,20.836002672203197,95.53686498121093,1,2,0,-0.2708080380995776,45,7,190.98831380389336,13.918912152216087,high,5,1,0,0
132,60.893596578921546,14.896110131180356,1,3,0,-0.9519966121311192,94,10,133.34771022914424,24.283830727843903,medium,5,1,0,0
236,51.82457519203383,10.524715408122836,2,0,0,0.545211012667721,29,42,192.2891286946165,29.112828454626904,high,5,1,0,0
282,13.173629232182552,70.58433803035652,1,2,0,-0.7434393590230508,20,34,292.94850941799245,29.46927209168916,high,5,1,0,0
215,44.37902906654746,21.962139152710236,0,0,0,0.2216258088915201,73,30,134.67186441927817,11.027322147087816,high,6,1,0,0
186,76.37739548752187,51.0886826494777,0,3,0,-0.9475319517086884,51,8,435.7821561276163,22.690289777667665,medium,6,1,0,0
133,33.92057877879236,35.19350088538512,2,0,0,-0.0944158886314725,93,49,196.8224639995677,16.257987778921162,medium,6,1,0,0
187,48.163059037855234,37.563263728008565,1,0,0,0.7300264297985701,23,6,160.94059399403284,25.588179558194405,medium,6,1,0,0
282,27.59735478941729,41.8506924104276,2,1,0,-0.8224844991119067,69,0,209.7827296045644,20.142509711297272,high,6,1,0,0
256,53.05418982178362,51.58475403337872,2,2,0,0.5459967218525656,56,22,120.61075264818544,17.200647768594724,high,6,1,0,0
34,26.20132842652647,88.38094726588902,1,1,0,0.942454031381956,81,11,293.1029204348778,13.52241661845868,high,6,1,0,0
24,60.02710545223954,87.0922373813782,2,0,0,-0.1409291795700025,47,42,419.1012313894279,8.615660169184064,high,6,1,0,0
259,60.314182697240966,37.56210527494518,1,0,0,0.6087946237752897,68,37,307.89595193204786,17.51361231745681,high,6,1,0,0
179,58.817519614142405,79.08361330685068,2,1,0,-0.5395506331641815,33,43,374.60973666679575,19.46531952809413,medium,6,1,0,0
47,71.87218226248835,16.289666055055974,0,3,0,-0.3977960646748277,23,28,239.0201549403864,29.5047463152683,low,6,1,0,0
294,21.481951969219104,37.24214981326875,2,2,0,0.2313690287663972,61,34,482.6517967239741,21.12686791476682,high,6,1,0,0
247,61.83791995517859,80.25566227063739,1,0,0,0.2773131016871513,43,10,497.20369854006384,11.786625884001834,high,7,1,0,1
265,30.411398191961528,94.55790613492096,2,1,1,-0.2045593467474975,8,7,52.797911708285206,22.130593084910977,high,7,1,0,1
221,56.87284398306578,34.19962508475096,0,2,0,0.786378947876224,58,17,305.9728769335504,13.309893213889572,high,7,1,0,1
123,65.15256346514661,73.60380465805545,0,0,0,0.6276920044658976,44,40,123.49402326239311,7.73017739026783,medium,7,1,0,1
40,51.58710230980767,71.34985589232012,1,0,0,-0.3957715574607818,31,22,264.30099320361853,29.267016120453786,medium,7,1,0,1
252,10.944473993774002,34.63926311697551,2,2,0,-0.6877426281430921,66,41,93.99670517174286,18.590701322852755,high,7,1,0,1
199,13.52369276346211,47.84938332592701,0,2,0,0.4844980622384152,69,29,448.23146860024406,20.384379155469414,high,7,1,0,1
213,47.03134710799859,38.47214304927785,2,1,0,-0.3644912414719281,86,37,278.35572005054746,23.58436889134028,high,7,1,0,1
158,39.105243648829926,84.32323454367638,2,3,0,0.7559754906834713,39,6,227.6442805114072,22.957756220614797,high,7,1,0,1
176,34.786152623237754,46.523881293776505,0,1,0,-0.9221560100810676,72,41,363.22189408061473,9.596965980658442,medium,7,1,0,1
68,57.54345016746967,14.691746427225874,1,0,1,-0.7426833007744014,82,13,63.20614643235763,19.37510177471953,high,7,1,0,1
67,51.42603243015888,88.44887678532773,0,0,1,0.4300407019929253,86,35,319.4900574505496,15.936426625944362,high,7,1,0,1
154,34.47823143293127,79.60536060822692,2,1,0,0.0743158949327211,77,0,50.61529946795112,28.07123004655745,medium,8,1,0,1
157,7.597875074695924,20.542308034196548,2,2,0,0.0959938448185546,55,43,260.64070093517176,17.34777736907896,high,8,1,0,1
294,43.612667892962975,65.94245232526472,1,3,0,0.3438684171234045,5,23,127.1515816212449,10.27149241252216,high,8,1,0,1
226,45.58021000928184,87.44090446918834,2,3,0,0.1172203314854343,63,42,108.12365086584504,25.586739385213598,high,8,1,0,1
182,29.581465340243145,44.3106135027159,1,3,0,-0.3797546315596762,51,20,281.2407229047669,28.827603521028344,medium,8,1,0,1
98,60.45618633371448,19.23732876539696,0,2,0,0.6071559677859009,84,4,425.5185537811432,28.418082169388587,low,8,1,0,1
50,49.0661981196131,17.920548928381887,0,1,0,-0.8784588774885296,18,25,153.49722787464646,23.329227816294026,low,8,1,0,1
75,22.02378535201369,54.5810521395886,0,2,0,-0.8789179557738462,27,34,475.4502283413006,16.893414930278276,medium,8,1,0,1
199,22.31680473483775,85.82966835373833,0,1,0,-0.0367056669115062,46,10,386.05450948783465,25.92989832553113,high,8,1,0,1
118,24.0453835628698,83.7697220403416,2,2,0,0.116914926304027,67,45,125.06635277236828,19.521440899400595,high,8,1,0,1
270,51.1065977153141,62.91076610960727,0,3,0,-0.5668688179251828,82,5,175.71817709656747,9.39915302531315,high,8,1,0,1
289,30.822805534180244,32.51372539647615,0,3,1,-0.540884484191575,19,0,387.3992523146864,18.587206844155,high,8,1,0,1
133,76.0970966036599,81.44936873811935,1,2,0,-0.405536972804486,50,11,463.7694794872239,25.25056027486597,high,9,1,0,1
116,18.91017919329323,60.364286651941335,2,1,0,0.3667845525447761,97,35,328.251087195212,17.120863324312314,high,9,1,0,1
184,42.14609869509337,49.056153139444646,2,0,1,-0.42892908828926,58,2,116.37255215481107,17.629972968978166,high,9,1,0,1
255,34.81450159297316,45.27836042713245,2,1,0,0.591581691518509,41,15,229.3862651834729,22.308279723131008,high,9,1,0,1
78,75.45476532367651,92.98454794383352,2,1,0,0.9591730689627092,96,41,285.74208181924536,14.590534819771634,high,9,1,0,1
140,39.50568182149979,53.64808412781654,1,3,0,-0.3026419375921929,21,18,63.03901993603336,19.556105431443783,medium,9,1,0,1
283,67.98478086233932,15.63113080104856,0,1,0,-0.6308791229218345,86,32,268.1162572438109,17.393880932213946,high,9,1,0,1
87,42.46265079234769,73.73754655996139,0,3,0,0.7350461354791111,25,3,313.70707370202786,20.80235769569148,medium,9,1,0,1
28,53.111155414003576,30.22005755262953,0,0,0,0.5844069430677634,74,22,136.92700574456111,8.953911918141989,low,9,1,0,1
112,20.42669394625684,38.02656057593345,1,2,0,-0.0044113847294979,31,37,276.5713286181352,20.951737350342874,medium,9,1,0,1
31,74.7881622065505,70.42898901256748,0,0,0,0.8191719858287916,74,26,259.70600467424043,16.60320213942832,medium,9,1,0,1
16,75.07502518253764,82.20718584959165,2,2,0,-0.157211859572073,93,7,107.30871100859494,28.10980158646533,high,9,1,0,1
246,22.928005601329403,32.58859967299772,2,1,0,0.3418360282218011,34,42,275.9703868981161,14.84293937604946,high,10,1,0,0
190,53.77216730967564,70.04241275692466,2,3,0,0.9316200187125236,43,26,236.5030578850198,24.080621114483368,medium,10,1,0,0
203,51.46489857223181,11.908977094498011,0,1,0,-0.7453017149038881,87,29,471.1105617823785,16.34925588471628,high,10,1,0,0
220,18.35709568738641,32.27876641497522,2,3,0,-0.7055422926954078,6,18,144.8959084283897,18.320954232266114,high,10,1,0,0
49,52.63960908324703,93.6535484087904,2,3,1,-0.7587972067843001,91,23,114.66287129622408,26.62241704153321,high,10,1,0,0
146,39.7659191820996,50.80650225443877,1,1,1,-0.4089854702988147,22,32,141.37220391478257,29.636906366403714,high,10,1,0,0
120,71.14122032611236,99.44763102027926,0,1,0,-0.1153728192000365,4,25,175.34147285026003,6.052994545864772,high,10,1,0,0
119,39.9344292572878,72.68275476622186,2,2,0,0.2504540457858506,53,43,180.6666724436009,26.70796057997728,medium,10,1,0,0
222,60.76854881133243,86.357013640026,1,1,0,-0.2546436725798133,40,24,69.7379061036059,7.873178708025878,high,10,1,0,0
193,56.17080635866241,68.42915600211735,0,3,0,0.1592179994565821,26,24,173.65887298346564,21.73209298264008,medium,10,1,0,0
11,57.167634643062655,17.685176187171,1,0,0,-0.7025241498174921,53,22,139.4059384669958,10.6827477795644,low,10,1,0,0
88,79.03602170987149,58.09619819826334,1,3,0,-0.999513868822151,79,43,103.1681516018712,20.438043763646245,medium,10,1,0,0
204,8.289248748535826,99.46862489083853,1,0,1,0.6244644497957255,17,6,243.75071811823608,25.89273589109956,high,11,1,0,0
185,51.76810071007291,16.142015600745346,0,2,0,-0.8532145613956315,48,41,465.7980550866514,17.461176036314313,medium,11,1,0,0
128,50.19880966563906,54.119559529104535,2,1,0,-0.9489683954862702,79,33,177.62033398380345,15.674388956805442,medium,11,1,0,0
168,79.57119639448597,51.28574279676141,1,3,0,0.5350588783734211,95,34,142.32255320790628,28.75963766381556,medium,11,1,0,0
236,11.795294764717491,32.992535417871096,2,0,0,-0.9436245280421524,63,5,207.96346667253172,16.00528552255325,high,11,1,0,0
267,9.233086667932302,77.78215366313721,0,0,0,-0.3109239682314211,3,3,366.5044273611268,7.357477250420792,high,11,1,0,0
93,65.90729074419198,82.12658581551656,0,3,0,-0.162442162394844,67,38,334.2376511492721,16.077208785930168,high,11,1,0,0
276,44.73143472561245,34.560200787945604,2,2,0,-0.3671997260184589,60,21,136.80445631731527,15.844253832151216,high,11,1,0,0
258,32.740168292195435,32.09187622723008,2,2,0,-0.708125997469548,88,22,156.82616277771768,8.217409218417464,high,11,1,0,0
190,30.55185149393018,44.74376008491243,2,2,1,0.0760658383098982,1,35,375.2609697668816,22.305483429532416,high,11,1,0,0
221,35.705855111785986,59.31303067695339,0,2,0,0.5885312251023429,85,45,457.1612538079228,10.829102863674866,high,11,1,0,0
246,44.41162359041357,29.341763977745163,1,3,0,-0.7546542517723027,25,32,364.03567817013226,12.55701951444556,high,11,1,0,0
285,72.01328717328772,54.36325419896179,1,2,0,0.0631979415348427,20,9,359.59728481857644,6.092743814069697,high,12,1,0,0
31,71.78087125587878,29.934958628512096,1,3,0,0.3056121477986673,83,17,342.84258527357593,27.034973387016144,low,12,1,0,0
298,11.07677391431497,64.67303199870486,2,2,0,0.4957493144823808,26,32,355.1635339058676,6.907206828257274,high,12,1,0,0
233,33.09226624491579,42.96823852397279,1,3,0,0.9712482236046722,83,14,276.2865313882156,25.840290721069355,high,12,1,0,0
145,48.595484176464765,99.15756315286656,0,3,0,-0.9592235151506908,71,18,266.5239236435252,14.995801449650637,high,12,1,0,0
214,37.294285729951376,70.84979136992409,0,0,0,0.730987133240965,99,21,463.7017678606352,15.371041679102753,high,12,1,0,0
252,60.10296756178834,13.978944456055704,1,1,0,-0.3861577140345564,79,38,358.9518313060495,22.86499107822336,high,12,1,0,0
192,55.06679431451665,39.40127649012485,2,1,0,0.5463505956795898,71,47,53.10329622525492,5.918429486708708,medium,12,1,0,0
189,42.053377443977,75.88048445773057,2,1,0,-0.2868315614127847,93,12,144.09486506082413,23.44748267104726,medium,12,1,0,0
33,19.3896753378288,22.110222125796653,1,1,0,-0.510768721144726,39,40,427.5242220938309,9.437291800485369,high,12,1,0,0
223,31.27827699007335,32.082981661951926,2,0,0,-0.6188442519223403,64,33,426.29410903257417,17.25630472015986,high,12,1,0,0
284,8.079006233624662,19.02099139436089,2,3,0,-0.4928829832984611,65,32,187.40325117559908,17.595761890388513,high,12,1,0,0
47,32.08848168131512,71.77709408121265,1,3,0,0.1925675511869666,43,16,336.8555111635603,17.403023365545273,medium,13,1,0,0
128,49.34468553494139,70.69117459514439,2,0,0,0.0424214148957593,45,23,337.37420265289364,7.980191095298751,medium,13,1,0,0
15,44.812569108981535,91.29286278155288,0,0,0,0.5806474422993808,48,10,299.8821239401895,20.602994198649057,high,13,1,0,0
140,28.887684010909418,24.99037532384819,2,1,0,-0.0888055458211101,93,41,172.65474470801388,22.236479234815643,medium,13,1,0,0
120,73.70693995647599,24.21485444826027,0,3,0,0.9018396557296552,43,38,341.7534083746826,22.6604568657239,medium,13,1,0,0
71,9.397891643655116,29.856993272584017,1,3,0,-0.9492708477711158,81,20,430.7533741546228,19.10047131099078,high,13,1,0,0
158,35.80050159527978,91.18713855515146,1,2,1,0.2626170204205194,95,10,273.3013946492045,14.02688178613701,high,13,1,0,0
207,72.12367711603257,61.00300956201192,0,3,0,0.856905068048823,19,38,148.82359134772105,28.26346243352378,high,13,1,0,0
160,20.98677021581493,10.924648630017805,2,0,1,0.4446407150324132,52,21,78.24104351755997,27.476674281186995,high,13,1,0,0
90,64.50176004472473,77.23546848253613,0,3,0,-0.7731588536012106,95,37,400.02725128849886,23.513069971852723,medium,13,1,0,0
230,68.25138048840986,67.40637905427113,0,0,0,-0.0573252981990948,97,13,339.1185732754786,20.987141839158472,high,13,1,0,0
161,39.27606297568198,80.02010523061892,1,2,0,-0.8179666467425994,92,13,235.03230232742277,24.908284989684837,high,13,1,0,0
31,51.309151546185376,12.149419983174656,1,2,0,-0.7861835337826066,73,12,450.7471673581641,23.06525530887812,low,14,1,0,0
183,16.67277693134274,69.61488680369695,0,0,0,-0.423318492216572,73,31,174.8272856433648,20.396505482456288,high,14,1,0,0
271,13.566436176560863,28.3229999205292,2,0,0,-0.2842312986384465,72,14,297.27028376232806,14.798541832948922,high,14,1,0,0
28,25.135084113067624,21.50222934736737,0,1,0,-0.9998189166662884,71,41,303.016397549588,25.998450685496003,medium,14,1,0,0
201,62.48815625612042,94.56515409100848,1,2,0,0.8896478751843115,88,43,330.44672562654233,15.702338160581183,high,14,1,0,0
76,59.13466210586636,75.99926188247453,1,0,0,0.0505694161611971,36,13,239.6139506524452,19.023259854563804,medium,14,1,0,0
75,27.367810881362445,13.899877557605969,1,2,0,0.7947316977770065,30,43,395.7501879891611,5.689512883035065,medium,14,1,0,0
234,61.703192623914745,42.49186664513388,0,2,0,-0.8140607361679624,3,36,277.7133732274525,7.558001743712177,high,14,1,0,0
212,75.57005073815637,62.88215456832943,1,0,0,-0.398961215109155,34,4,158.32175278936722,9.845365749218224,high,14,1,0,0
66,9.501020995226142,16.894937419804123,0,1,0,-0.0971518264431046,31,40,398.1223981022161,15.284825065344393,high,14,1,0,0
98,20.15440336699572,94.70685693847462,1,1,0,0.0952369316324408,52,16,491.8944758296563,25.67489071534587,high,14,1,0,0
279,64.5176451841341,87.62400509098634,1,3,0,-0.234332177628217,94,18,423.5375921428935,5.616407499050697,high,14,1,0,0
169,36.269486003989286,19.081581721296544,0,2,0,-0.4291657684759096,31,9,308.4340218277697,15.7036319848867,medium,15,1,0,0
280,36.576148815849685,63.58710680747689,0,2,0,0.6220809342443192,28,28,348.7549888635497,26.724242071864047,high,15,1,0,0
70,43.53525654729267,89.09578437286271,2,3,0,0.7887547391750303,36,32,375.54679185146745,5.834643327509302,high,15,1,0,0
180,69.07025735970309,86.14612210222522,2,1,0,0.488904075840024,37,4,321.53166188304755,7.456448204527087,high,15,1,0,0
57,6.226849880763687,12.007787407507656,2,2,0,0.4595200686999483,40,48,406.4627604169675,7.080907160950021,high,15,1,0,0
292,9.699933192709716,19.84436889071497,1,1,0,-0.711217455944982,79,5,181.25450777241775,25.49421568747306,high,15,1,0,0
74,77.64760437504744,41.37464369633134,1,1,0,0.12823526864011,46,5,273.025621851833,24.83705362771424,low,15,1,0,0
208,17.989366753691968,88.64038818954214,0,1,0,0.9480204389226968,16,12,443.34733240957166,19.90274959099072,high,15,1,0,0
119,66.16004138264478,82.01432860741858,0,0,0,0.9895624265013324,37,32,168.60844081061057,25.562332803405084,high,15,1,0,0
173,66.26411637310898,22.01333763776437,2,1,0,-0.4512079420345769,88,44,162.79465485462435,5.235200437738206,medium,15,1,0,0
279,11.27298226155699,84.24456040037786,0,2,0,0.7345583377936922,19,23,395.4544632862619,16.854734531045036,high,15,1,0,0
72,41.64662339932557,43.95333087822373,1,2,0,0.8370075254973315,59,18,144.50949314119407,9.775146863065252,low,15,1,0,0
124,37.375474147836265,53.56603303019811,0,0,0,0.6387859641212992,72,5,351.1847951467448,17.039289350521912,medium,16,1,0,0
124,17.529162559200305,45.58553704505989,1,1,0,0.476379496100658,24,42,429.6101575634572,12.83298458756244,high,16,1,0,0
30,14.8384751163372,10.036916710328992,2,0,0,-0.2425781916436091,94,45,321.0078434620207,8.081883546117474,high,16,1,0,0
251,75.8996633237236,90.16891858864648,0,3,0,0.8022645201523158,28,11,142.55654555211012,7.943434439946086,high,16,1,0,0
212,67.10490425262319,58.58176158920257,2,2,0,0.1250855288557912,15,6,353.9560704287805,13.956605276458896,high,16,1,0,0
274,12.939990566269651,88.43081655219939,0,2,0,0.0755553141542764,82,20,424.62169928122256,24.603425274769588,high,16,1,0,0
281,32.51774974605544,48.11572625898136,1,3,1,-0.6680262859229018,59,37,444.7620095860594,18.604238306633928,high,16,1,0,0
86,78.5988681742937,97.19963274522836,1,1,0,0.7242739688234225,40,17,205.43241764406807,6.521633687765528,high,16,1,0,0
143,12.910107065414673,57.08621708699472,2,0,0,0.5140710742253547,79,20,300.80426125718395,29.647346514590662,high,16,1,0,0
239,37.65938656829547,91.62231580913532,0,3,0,-0.0277201478047555,46,45,225.3236060495703,24.072854988616445,high,16,1,0,0
184,10.160402054305106,59.62188650116969,0,1,0,-0.2026104287588792,99,23,469.9371632271926,22.32216463676934,high,16,1,0,0
262,14.044172654865177,17.71691795950649,1,2,0,0.2011103169621559,4,20,277.5386489576368,17.372633173760043,high,16,1,0,0
53,41.2961634142309,25.93496758030761,2,3,0,-0.114102471921069,28,24,454.9758790492102,22.649892033110685,low,17,1,0,1
124,31.99659569962049,25.712843149896784,1,1,0,-0.5283489987977628,64,15,238.3509057794205,18.52621923246049,medium,17,1,0,1
260,54.94953922161426,14.930026734757044,2,2,0,-0.1182519784912519,29,47,493.9237465681112,9.086111385180043,high,17,1,0,1
101,24.854162289229382,48.77536539403668,0,0,0,-0.9828931962946345,27,42,355.7712058630857,5.868753206758472,medium,17,1,0,1
130,13.615037393000048,55.305019969337785,2,3,0,-0.9072383163416868,43,9,300.8031077754314,24.349391230837316,high,17,1,0,1
129,25.283840709244316,84.89930636753529,1,0,0,-0.239047604391354,96,27,119.73589195690695,20.81641364080101,high,17,1,0,1
162,11.950519880277795,13.23427649153411,1,1,0,0.358528130610759,63,37,231.6579423053182,5.979664021699403,high,17,1,0,1
243,42.53461917491106,60.25325384786103,1,0,0,-0.781610423350934,45,1,462.9908817509299,25.95485375098027,high,17,1,0,1
90,19.125771615086894,61.87367337296334,0,0,0,-0.7165143006139711,96,2,381.9912758685487,16.610181668920205,high,17,1,0,1
155,28.542673166703626,54.74805526338392,2,0,0,-0.0284917528083199,52,49,110.67268679483992,22.36006138827233,medium,17,1,0,1
125,65.3610130022289,23.948127059993677,1,2,0,-0.9918692273526422,71,43,66.38255090795117,15.202020577762362,medium,17,1,0,1
96,44.53545933159621,33.74003672514036,2,3,0,0.650341898101441,97,4,243.82996031770395,17.15632566198218,low,17,1,0,1
112,26.76751349553843,13.693607617505693,0,0,0,0.9314807794582058,85,44,200.80971492061204,20.52449595891745,medium,18,1,0,1
269,6.450559226205758,63.79563267050507,1,2,0,-0.5233908395488351,18,29,172.78582946155538,23.999759591694843,high,18,1,0,1
160,45.18219756849201,83.09967775631249,1,1,0,0.6889102687872064,34,26,492.2429930657809,29.449735565702067,high,18,1,0,1
188,5.336067590338512,72.02603669955691,0,3,0,0.7009918485070896,88,28,149.6817582802305,28.502318882827844,high,18,1,0,1
181,12.033859848562887,67.44450701209556,2,3,0,-0.3143842420045022,13,24,128.5528435666613,25.28303346511856,high,18,1,0,1
24,38.25131156283805,62.47442937592001,2,1,0,0.61551108501867,92,9,255.9394783016309,27.31202510260541,medium,18,1,0,1
198,32.45803687498551,56.65592667036437,2,0,0,0.1620190667220491,10,44,194.30511539343485,8.473236200959057,medium,18,1,0,1
121,30.723543394033364,35.42821117098861,2,0,0,0.4171092472926239,77,30,393.34213115471454,26.381986273116294,medium,18,1,0,1
144,9.093995678621289,37.2491189007104,2,2,0,-0.8313044105891834,45,21,350.0690989244728,7.895807616891222,high,18,1,0,1
25,66.95561462942405,14.77299468725339,0,3,0,-0.2171328217749604,5,2,140.61514386350683,12.960322440573892,low,18,1,0,1
75,27.117525878159142,72.50838346806641,1,2,0,0.9168120043573772,43,35,415.7355504086125,25.39620216795238,medium,18,1,0,1
107,11.750962267980851,37.44435863549407,2,3,0,-0.9757887418383298,87,46,110.8526773325041,11.417791677415082,high,18,1,0,1
42,57.80273362157571,57.76834475126648,0,1,0,-0.6695722100309325,11,5,280.9255949868186,11.575835110013102,medium,19,1,0,1
35,50.56594326245276,12.383660033078836,2,2,0,0.4524770374536895,50,13,347.606139997174,5.984865650051875,low,19,1,0,1
223,53.88271991731707,36.29188205698959,0,1,0,0.0814423273113711,74,15,264.3005816604631,25.70041804554015,high,19,1,0,1
121,68.56187244434881,41.37409281167963,2,2,0,-0.6233506228712105,13,13,161.06027619034074,19.43089499669088,medium,19,1,0,1
245,15.864853222083024,83.59288429860204,0,1,0,0.4493671339623695,20,42,117.15817420220712,16.40282689490331,high,19,1,0,1
206,34.183668977157296,45.34914115742515,0,2,0,0.1664488478347805,80,4,170.9727277819734,23.483754301608908,high,19,1,0,1
49,64.12740613835436,80.09459368468946,1,3,0,0.4919834309848649,77,26,61.1022790048691,27.032358698851223,high,19,1,0,1
290,18.977406113946177,32.45865477418031,2,2,0,-0.8982300812608512,5,8,345.04333433185656,19.996991069984528,high,19,1,0,1
267,65.18309558767558,45.0226453529701,0,0,0,-0.9593093771991208,47,4,342.7211674701647,5.160821310798054,high,19,1,0,1
215,36.99264225524585,40.6478273755593,2,1,0,-0.047367236983316,44,41,283.2931949476434,27.6918538348367,high,19,1,0,1
169,9.352242635469208,69.01101063956686,0,0,0,-0.2029001736265436,97,12,396.1290725172254,28.721330573275964,high,19,1,0,1
150,41.774731148045,78.30369570654577,1,3,0,0.8760300062118325,42,29,215.17878246585795,10.844618983522622,medium,19,1,0,1
295,63.63524975649168,44.2953373099496,1,2,0,-0.1881678390394068,48,27,482.67396266965744,15.14739993414286,high,20,1,0,1
95,55.50048579430859,15.723766980586934,0,1,0,0.2400809859077177,88,4,228.98131178988208,21.21415107091289,low,20,1,0,1
143,55.11548721050682,50.90689242354441,1,0,0,-0.9316267155693694,10,20,70.63762777286709,24.291578685309464,medium,20,1,0,1
208,41.04018315030588,92.86612651843936,1,2,0,0.1196823530254582,16,32,286.9360931952544,10.82760854689823,high,20,1,0,1
17,30.3209379018233,56.84264729961411,1,0,0,0.8219732915248816,20,44,109.6932175079904,27.01941431890286,medium,20,1,0,1
254,29.19744838462925,13.220217585380944,0,2,0,-0.1319966292626955,41,40,374.1208602531567,8.554993492412306,high,20,1,0,1
90,36.1806033149024,30.216347050615752,1,2,0,0.5409796991010809,93,6,50.44885963717858,9.2053814586655,medium,20,1,0,1
181,62.75736480510714,30.361017752451605,0,3,0,-0.6314244493830339,63,22,109.34498192457164,27.51028071027474,medium,20,1,0,1
22,78.68676381612393,94.9973908829412,2,3,0,-0.1645648132332293,20,19,82.99438814873088,29.6362713987748,high,20,1,0,1
261,47.57628546836282,31.4296738652951,1,1,0,-0.6324278362762745,70,19,253.1640131854177,7.582665514893784,high,20,1,0,1
130,21.15453684088859,25.1700815358274,1,3,0,-0.8353440727889063,78,36,450.11126794658617,28.822878606869555,medium,20,1,0,1
113,41.98785431916837,89.40552299307689,0,2,0,0.205428723263582,49,5,201.55224778512127,11.050562777430804,high,20,1,0,1
236,79.46891782245045,47.27248787371533,2,2,1,0.0300459813781097,73,25,449.4676850615804,13.512326183725996,high,21,1,0,0
281,79.18965308276664,24.19076245331692,1,3,0,-0.2607215791466184,5,10,154.443001162914,26.4746395105614,high,21,1,0,0
169,52.36542742726211,38.23259472330872,2,3,0,-0.3489566527563588,25,37,381.13612557617085,12.002151615322354,medium,21,1,0,0
65,32.171255099685965,20.671298359695594,0,1,0,-0.0091146238755033,91,9,139.04291085732757,12.716574025329416,medium,21,1,0,0
46,79.66888478857553,93.44179702917924,0,0,0,0.3929180476358018,76,33,381.6839028715644,28.325021054796565,high,21,1,0,0
208,47.59432598816548,27.89399826039121,2,0,0,-0.6176389231644783,81,11,408.25803817321207,5.033753557531527,high,21,1,0,0
263,35.45584054252808,49.365032094771855,1,0,0,-0.7933150553286421,90,41,84.48285274973941,13.750959362361172,high,21,1,0,0
144,8.47509307328493,43.93162394502156,1,2,0,0.2825552243330251,82,39,239.35728454769236,17.562015308662964,high,21,1,0,0
132,28.9045322330014,76.48663916166117,0,2,0,-0.4621153978634855,46,21,466.67876364619815,28.257446411815927,medium,21,1,0,0
229,68.37267885915323,19.548250330083118,1,0,0,-0.3221529779370014,59,45,163.59863641652518,8.826586357629166,high,21,1,0,0
226,10.123010304431787,51.67242046121604,0,1,0,0.3970711624618588,48,39,364.6831932321074,14.973821200854555,high,21,1,0,0
121,19.41378335441147,93.56391334480328,2,1,0,-0.7404323203857976,65,15,279.27964174949875,6.34501197190047,high,21,1,0,0
51,45.08352147571007,77.38009351471413,0,3,0,-0.9472695809981132,60,32,319.23121211223787,12.764293829446528,medium,22,1,0,0
61,63.01861901168037,46.81651148346777,0,1,0,0.1367056354620588,65,31,222.75765689472172,23.616353453632986,low,22,1,0,0
279,40.49766074833183,19.17247035729251,0,1,0,0.5181383766400562,3,28,248.39059333880945,27.908017066419443,high,22,1,0,0
270,7.70314158417822,48.52169364130113,0,0,0,0.4393897573625187,76,46,256.42398807842403,28.942479111391084,high,22,1,0,0
175,49.04955029377688,32.32494894105065,2,2,0,-0.4916883737910291,20,47,165.66462492418253,28.871698700664545,medium,22,1,0,0
131,20.87974252870788,18.15583441501479,0,1,0,0.7428102560571561,55,39,389.3871970260146,27.44633714438912,medium,22,1,0,0
159,14.09700116168944,22.01791302872797,2,2,0,-0.3613102576413929,35,28,176.1539287322251,14.501711376657514,high,22,1,0,0
79,79.696517348675,69.51176841407903,0,3,0,-0.7125713313233835,66,12,308.4199825665921,24.80355443173393,medium,22,1,0,0
192,35.93308233016769,52.076524001195935,0,0,0,0.4648977446467237,23,36,489.1555530637447,13.735249602537342,medium,22,1,0,0
217,68.67136682927224,55.45560405882719,2,2,0,-0.9830767640617244,31,16,193.81863870422652,24.36999949904954,high,22,1,0,0
44,14.793823801498242,18.76350058461591,2,0,0,0.7330034857013379,46,17,221.2348054271413,12.855012667621995,high,22,1,0,0
232,47.89486825687116,64.38838294834628,2,0,0,-0.6181381856598103,97,28,84.04398147822309,6.411349986002758,high,22,1,0,0
92,32.07476667485305,65.71628142610763,2,3,0,0.5887784565102641,63,17,188.85376590614865,13.43911959302281,medium,23,1,0,0
284,14.867097434737287,45.41061307527616,1,0,1,0.0398582409996026,11,49,259.6791408176815,28.22464414162363,high,23,1,0,0
59,72.39270128061433,66.51160342363676,1,3,0,0.9266617444235432,85,31,141.37376043905874,13.521946332033862,medium,23,1,0,0
299,76.85349179073634,14.055129101002365,2,3,0,0.6792796614101066,30,34,86.93983672277335,5.890979372904263,high,23,1,0,0
215,37.33318646215236,60.111986551235525,1,1,0,-0.4021237432171494,82,24,287.66557528303576,15.411925517045317,high,23,1,0,0
211,56.604354562119866,64.87493647247297,1,3,0,0.4385410694833607,76,6,448.0374726558353,18.53214810132506,high,23,1,0,0
60,67.37658072549509,32.457907120065926,1,1,0,0.8494489018769633,67,28,401.8406199280048,8.770859939890062,low,23,1,0,0
34,62.906810123821664,12.06390229554002,0,2,0,-0.5448078390516744,6,12,215.1127769348381,24.114717767467848,low,23,1,0,0
188,36.03215579398064,34.21022739756471,2,2,0,-0.8565640905502003,81,19,259.49983896166145,12.008715112261305,medium,23,1,0,0
95,60.64912058418879,53.510311768629855,2,3,0,0.6425043680843681,68,8,113.14374141896876,29.97691260792046,medium,23,1,0,0
270,58.18967640240148,72.63590755510546,1,0,0,-0.8660698729142138,36,28,452.4582122935855,15.45820121905734,high,23,1,0,0
19,34.28985912910245,18.114427861377383,0,0,0,-0.3417197419705176,96,38,414.2857752517137,7.950489170631798,medium,23,1,0,0
150,24.74933116210161,86.11451408105266,2,2,0,-0.8798391612601979,47,46,393.7880033350688,11.86502919699846,high,0,2,0,0
87,10.366082980906937,31.62714329792508,1,3,0,-0.4218556987343114,39,40,325.39150289831707,10.53027112259733,high,0,2,0,0
60,59.94151114793184,85.13068078586879,1,1,1,-0.1469748082822812,16,49,283.818082516708,16.63429204311825,high,0,2,0,0
77,65.14836744802865,50.26590318873197,1,2,0,0.1173561083707828,74,47,183.77889105666725,25.371518932554693,medium,0,2,0,0
95,75.68498593769839,35.987025567773614,0,2,0,-0.5318540561892771,55,47,118.9075356463144,9.05546594682231,low,0,2,0,0
31,23.06658091886029,54.03855995303836,1,0,0,-0.2640091134863038,63,20,302.0433107546183,7.07104650332103,medium,0,2,0,0
190,19.70827522981561,70.9557849204724,2,2,0,0.3554317898777983,35,27,133.43263807903702,23.22086886679908,high,0,2,0,0
63,44.154836356611135,73.31756197192085,1,3,1,0.8010623338602247,88,27,214.68201530743204,12.79209115719332,high,0,2,0,0
260,48.02085945548902,97.21446134545616,0,1,0,-0.947241927335542,99,12,185.90175355411716,14.70430657091798,high,0,2,0,0
281,29.927906599095635,91.2784009509731,0,3,0,0.6432724900517435,69,32,102.17632957568765,10.457158666819437,high,0,2,0,0
53,62.727657021432485,18.00039920169609,2,0,1,-0.4786989017163052,96,45,289.7494873252118,8.557977990159253,high,0,2,0,0
156,8.20624067525035,74.12018373219293,1,3,0,0.0500432666078249,12,32,265.47163929815184,25.414903333365803,high,0,2,0,0
274,70.3463036842028,66.1408060864506,2,2,0,0.2363355878707138,10,22,176.64795538554012,20.336097479420705,high,1,2,0,0
18,70.6006266221104,44.35439925936426,1,3,0,0.2248799629733133,57,12,481.60020104408295,8.481828749386722,low,1,2,0,0
275,45.451160227338576,24.46903387163762,1,3,0,-0.5074034905626958,19,33,381.2390849851265,14.58708747997153,high,1,2,0,0
280,64.96722115849154,92.13336017009168,0,0,0,-0.6777294570026942,87,44,279.0673904271856,13.93402850973953,high,1,2,0,0
297,30.280177912916557,79.86784004454377,2,1,0,0.3324099471021393,14,18,135.55210292739412,16.724647911648397,high,1,2,0,0
238,67.81810453621557,51.5762489829534,1,0,0,-0.8824827392830521,33,15,494.3115859370265,12.748258362537916,high,1,2,0,0
220,8.99593815075286,68.10443730922606,0,1,0,0.9057793465389816,60,35,186.93096886263243,20.26226287293786,high,1,2,0,0
248,47.93739934882856,47.583021652636354,2,3,0,0.0029619858907226,36,26,302.3199919261993,21.788978312248226,high,1,2,0,0
148,79.91198878659169,78.65253638727066,2,0,1,0.5003826994003466,70,15,297.24099256139783,19.350594185209477,high,1,2,0,0
118,59.14448877280587,54.04369797880156,0,0,0,0.8261519874322802,39,36,104.13794631036606,26.0989770613836,medium,1,2,0,0
150,11.727024618611097,44.45325329803358,2,2,0,0.8936196488321135,86,36,55.48387836103081,16.892331717107623,high,1,2,0,0
155,76.67755293017584,27.061109803695697,2,0,0,0.9377335892592832,44,19,292.22342911772046,25.85487327963478,medium,1,2,0,0
202,50.4783167239173,87.39275934806686,0,1,0,-0.0729621539323033,59,43,342.4533846067409,14.66688006359481,high,2,2,0,0
276,9.02411591843261,84.55929619690582,1,1,0,-0.4963711074333723,20,10,75.30602965982706,6.262817765463048,high,2,2,0,0
163,65.94611248084598,36.78799847153393,1,1,0,-0.5170988339866414,60,47,486.4006899877425,18.77931775939761,medium,2,2,0,0
147,34.724052981165855,18.26716898553612,0,0,0,-0.8676996504934704,58,33,97.3006664593804,12.79120779459519,medium,2,2,0,0
227,21.71229292514123,17.371134692058174,0,0,0,0.2925886145974055,79,42,367.3559723503718,21.705728465784738,high,2,2,0,0
160,34.966434226853785,85.5252983075359,0,0,0,0.3322295264609989,73,3,460.530624892146,26.87745188078508,high,2,2,0,0
173,59.3747854692451,48.502640667237685,0,0,0,-0.6578765247538538,49,16,167.70469702027992,28.081621119607533,medium,2,2,0,0
43,16.42478300564923,34.28649465664385,2,1,0,0.8807371134286821,82,45,119.78897067224194,19.9037553825262,high,2,2,0,0
34,37.90668356939626,91.99796092107732,1,3,0,-0.6783857708340819,33,37,89.91071801492018,19.915031994241048,high,2,2,0,0
189,42.4230887329503,91.90117070141974,0,0,0,-0.5999787786307245,38,1,377.0890049864752,28.617315162297388,high,2,2,0,0
58,37.09209963393913,24.55131383836245,1,3,0,-0.6305959144240134,23,16,315.93681287353013,7.196255287481474,medium,2,2,0,0
284,34.29113031059649,34.017401572697906,0,1,1,-0.5267107780645999,86,31,442.2064579320555,27.646849073906168,high,2,2,0,0
205,22.59162156919315,37.462727669025696,1,0,0,-0.4965849948306096,64,7,297.7335611778076,23.86547916691836,high,3,2,0,0
91,53.816114704130165,57.6317662902764,2,1,0,-0.0326396087598415,22,48,351.6172784912192,10.44691512000964,medium,3,2,0,0
250,25.350073737709305,27.15489492545756,2,3,0,0.542673356532579,9,21,443.8515577431419,9.837874552731911,high,3,2,0,0
248,37.03097233361913,97.4109284889353,2,0,0,-0.6418124461379229,90,34,100.74031934924996,15.507198586701708,high,3,2,0,0
189,69.23518377082065,16.529692076654513,2,1,0,0.8413563766289449,97,25,457.5292067524558,20.68698320680516,medium,3,2,0,0
53,26.77093768916669,71.08276775839565,0,0,0,-0.3896098825849086,13,2,262.20131980225585,22.50763098619829,medium,3,2,0,0
221,45.51943881824074,78.60119146612993,2,0,1,0.6194819532267009,68,19,66.50918307660817,17.67196004813703,high,3,2,0,0
268,53.79885621023789,63.0928799095998,1,3,1,0.4920491558893114,2,40,490.9958065840825,24.055186917260578,high,3,2,0,0
130,59.67688028049375,28.47796443866758,1,0,0,-0.327058522919291,99,16,201.01056362770765,24.97821930503611,medium,3,2,0,0
121,72.87298081197531,56.97875084417222,1,1,0,0.6988588318881213,99,5,313.133513432538,7.464320169518952,medium,3,2,0,0
265,69.71747527769072,55.56143665702683,1,2,0,-0.1544193617177311,93,33,376.1066341424888,25.853111870348872,high,3,2,0,0
19,15.55354009344872,40.234930133429145,1,1,0,0.5453756137517778,41,28,88.36420790753206,15.927982603583589,high,3,2,0,0
23,77.44171314581878,93.20580400077402,1,2,0,0.3446141897969574,2,26,344.7174943018199,23.549090514409517,high,4,2,0,0
100,55.58940048681093,48.71126499967242,0,3,1,-0.8090138249282977,78,33,198.0273454324756,27.69525571050326,high,4,2,0,0
280,71.4457350401801,99.0166577529462,1,1,0,-0.4975029571684606,92,23,285.1618907443719,29.08422863828481,high,4,2,0,0
242,56.82606466360967,56.02202111336916,0,0,0,-0.548308919533544,13,24,477.2046736548437,21.78970562174114,high,4,2,0,0
68,28.181499092395065,44.81882702226231,2,2,0,0.7797955011208091,79,47,293.3660188849824,26.56747797632192,medium,4,2,0,0
298,17.580388782077712,70.09554878332,2,0,0,-0.5022612663624992,52,35,286.5123929133171,29.38220676921127,high,4,2,0,0
262,15.666488256815567,67.34280460735891,1,0,0,-0.9863505665424506,97,34,70.66288377246377,13.763664544474873,high,4,2,0,0
247,21.033102419147852,36.31266695307443,2,2,0,-0.4485736654992718,38,47,108.69778915108768,23.06481125515201,high,4,2,0,0
115,34.07233874943942,32.83385886551473,0,0,0,-0.5020528926759844,5,24,270.9267911448062,16.45091879390183,medium,4,2,0,0
128,68.20211087203538,49.337379245534414,2,0,0,-0.0151903964078135,80,1,434.9801661278241,13.039156528022632,medium,4,2,0,0
203,24.921501351871846,18.24615663584602,0,0,0,-0.1069164605214161,88,35,90.73064261704656,15.181291059783248,high,4,2,0,0
97,78.49870604851135,23.36928159495179,1,2,0,-0.3786695921765524,58,12,346.86231873180327,8.88543501653412,low,4,2,0,0
49,33.06832740970445,58.62887983060705,2,2,0,0.2022515673901048,77,9,169.3948216394796,24.045271459116854,medium,5,2,0,0
95,53.55081106109319,43.70223946510778,2,3,0,-0.9012490167490554,73,29,287.3486656715809,17.065566064093986,low,5,2,0,0
93,13.712613671878383,36.39965474486816,1,0,1,-0.3813167736019884,36,20,496.57427217929353,25.494824125612723,high,5,2,0,0
162,37.09484271815504,65.97809624644336,0,1,0,-0.4955993301893464,69,47,189.5440257056057,8.78483491905608,medium,5,2,0,0
160,20.25501221079486,54.427508914173536,0,0,0,0.0992397164521985,28,38,84.71458645409149,6.733143401648227,medium,5,2,0,0
268,43.53585941413658,83.31386153674877,1,1,0,0.6777374350733716,19,33,333.9902119238594,21.829015243202704,high,5,2,0,0
97,74.02168634102067,79.83789782431244,1,2,0,-0.653621179217176,67,17,86.45688376008928,28.862011701099224,medium,5,2,0,0
268,46.34186526751371,18.285414715220025,0,1,0,0.5265635164287712,15,17,184.112028996848,10.42992647524812,high,5,2,0,0
65,52.698325269315895,36.25774655549952,2,0,0,0.2875858991074562,72,15,175.08239586327835,27.90507560375678,low,5,2,0,0
238,62.39068327238602,47.84536271389517,0,1,0,-0.0922782186482125,6,18,129.22709736021474,16.327291285220745,high,5,2,0,0
165,18.170014667724764,53.002881341273,0,0,0,0.9310742062727382,22,4,184.47887206893327,10.738651562829356,high,5,2,0,0
292,47.79740598235406,47.43624655595747,2,3,0,-0.130578483976463,73,25,429.8825699564794,11.446503504615244,high,5,2,0,0
16,15.854045013053664,30.89212724400677,1,1,0,0.8151401246617584,18,14,273.83830556105806,14.73526156838997,high,6,2,0,0
62,10.09273502743447,15.949092655062426,1,1,0,0.9390806232405366,69,41,301.61313201555504,23.625640535971915,high,6,2,0,0
50,24.177447150860345,72.40897820147288,1,0,1,0.8025151215660877,50,34,219.69483316183096,25.38347268428604,high,6,2,0,0
158,29.032322048056614,81.2633117883519,2,2,0,-0.4198309187016913,68,4,260.93972848865576,6.481989329244113,high,6,2,0,0
91,58.35367837871649,62.47190877780245,0,2,0,-0.1980791462291511,19,27,414.8897288735284,12.398690007649888,medium,6,2,0,0
124,35.750304049983896,77.42754639279812,2,1,0,0.1081086190655187,86,41,169.64678567145603,23.014924729388,medium,6,2,0,0
231,5.258113182878727,78.42981400814594,1,3,0,-0.965368598570955,40,6,248.41697736921907,9.40758771612846,high,6,2,0,0
148,28.06033497694722,72.92129635174781,2,3,1,0.2213858116095926,25,41,177.6000821282601,27.84197258867391,high,6,2,0,0
186,26.89785080605037,90.80767088279542,1,0,0,0.7855357424281135,65,42,377.6414436975736,10.97833936506998,high,6,2,0,0
215,78.82773523293534,89.887487724558,0,2,0,0.3549847814010858,35,14,352.59609169476926,6.643593056083192,high,6,2,0,0
136,71.54439321181783,73.30584547716472,0,0,0,0.0601048923510314,50,31,250.17032374625165,24.26366378988559,medium,6,2,0,0
155,31.655575717588206,78.44890169212117,1,3,0,-0.2849463813522057,65,17,349.6877751057937,27.98913622946441,medium,6,2,0,0
81,51.60323664201688,32.17400352326361,2,2,0,-0.0315116967783049,73,17,65.17925969357786,19.357181456928146,low,7,2,0,1
39,50.94866962585204,28.457997592452863,2,3,0,0.6337418251979712,37,31,340.2725949568626,14.17302421721099,low,7,2,0,1
18,68.29190114872047,88.51413278840731,0,0,0,0.4147270369175801,80,2,155.6344648280421,10.127007319861017,high,7,2,0,1
82,36.37603409037824,22.009286669671575,0,1,1,0.5137392948230894,69,18,388.76784120008887,28.82896493048425,high,7,2,0,1
254,71.552458811402,50.908876022786245,0,2,1,-0.1570035794261581,12,45,227.223937164252,18.7378384881416,high,7,2,0,1
135,73.55693069892918,76.70980071253325,2,2,0,-0.1851229461131764,13,47,320.36854417460034,27.04869941809014,medium,7,2,0,1
232,44.00878171421369,30.6063849291846,0,2,0,-0.3737976451725864,69,13,347.12853504701815,17.792406442094723,high,7,2,0,1
20,11.629651849436824,66.79267422355771,1,2,1,-0.932582215806325,73,21,457.9671944781659,15.00129413241027,high,7,2,0,1
87,62.92919989286538,34.46892111558356,2,3,0,-0.0444572218222059,61,14,320.0784331803254,10.917145271963497,low,7,2,0,1
109,28.299578506760888,56.02092160796385,2,1,0,-0.8012562714045144,14,48,342.5493521772757,28.38081465894645,medium,7,2,0,1
47,16.46232006643573,91.48727690010196,2,0,0,0.2959824900283021,56,32,375.7148719677973,29.56227129186751,high,7,2,0,1
258,73.56676198843854,29.023920869428764,2,3,0,0.2011891072281375,17,11,346.50624928755417,17.607607186936622,high,7,2,0,1
82,79.86648840508013,14.095079217206225,2,1,0,0.1581747234900423,78,35,297.531299680459,20.841646279467337,low,8,2,0,1
47,15.69221300799184,92.0488945519492,2,3,0,-0.2937873824546568,53,23,477.9643421386367,25.02705132168993,high,8,2,0,1
295,78.5972683406523,36.30554831031605,2,2,0,-0.1813967315375764,80,17,265.0007732091582,29.23370234225308,high,8,2,0,1
193,15.58775442185505,70.63318086422701,1,3,0,-0.0597075342410047,83,49,407.6088044285717,8.432071581201733,high,8,2,0,1
184,76.61999936139172,25.977865112183164,1,0,0,0.7048603988731059,29,6,81.74148723318231,21.98198617731105,medium,8,2,0,1
299,79.55308295055545,85.5210680877301,2,2,0,0.4224192311689254,87,32,114.95124572996632,7.90817437676269,high,8,2,0,1
14,27.442988149473127,94.04318109697032,2,3,0,0.7434669096807163,44,24,102.04109251124788,18.350749607430387,high,8,2,0,1
30,23.09361132852006,15.610604581743493,0,2,0,0.1983444182007248,96,20,488.38499324052185,29.203769573547387,medium,8,2,0,1
160,74.03490884586233,70.67282777163857,1,2,0,-0.5447615208900396,32,10,476.0315230489795,7.307463109195041,medium,8,2,0,1
244,12.99304281290073,77.52366351040641,1,0,0,0.215946487072443,85,44,370.471813554568,14.330271005878854,high,8,2,0,1
118,6.074997911688557,62.0346983616658,0,2,0,0.5745350224331982,1,3,416.1542283483324,10.650461089722173,high,8,2,0,1
159,59.80395459134321,24.960075372714144,2,0,0,-0.3733211982976459,92,41,489.76846803781496,10.151882671747508,medium,8,2,0,1
15,38.54329717517145,76.36219049040187,1,2,0,0.4168878076107094,31,32,91.81213825693894,14.937657493588976,medium,9,2,0,1
137,66.86534840856098,93.96114118338429,1,1,0,-0.6683204122549629,27,38,333.4671106843884,14.68742948231038,high,9,2,0,1
80,66.32823764444116,60.26274608960078,2,0,0,0.2446829090782729,86,48,432.9162953592469,16.63388318140258,medium,9,2,0,1
117,57.03732288060544,75.1761734026511,1,3,0,0.8830481643790662,7,11,388.9359702874415,21.759819506589,medium,9,2,0,1
126,21.74169389102592,98.71963001947496,0,3,0,0.8816439248573533,14,40,61.47761714921208,16.209822135255845,high,9,2,0,1
100,22.984235971444,77.54412820727133,0,3,0,-0.0356255419015274,93,20,424.9426463816095,16.276446396608627,medium,9,2,0,1
268,73.0346768436143,91.65307104705975,2,1,0,-0.8893818769950126,20,49,252.54765903070853,18.20359478515084,high,9,2,0,1
10,75.02570525268465,58.87408152393117,1,2,0,-0.1879972245726369,14,13,155.2047722978885,29.03178899250145,medium,9,2,0,1
41,7.882460025269864,15.501998979429086,0,2,0,-0.977647942626804,46,8,379.8908669747892,25.947927607804232,high,9,2,0,1
285,59.25298043023205,15.372605950070472,1,2,0,-0.0866507559956566,64,26,109.9152598810083,25.723519336487577,high,9,2,0,1
229,78.14892352308762,55.443268561255806,0,2,0,-0.3639268439557377,7,23,189.7285530576445,15.13363637693281,high,9,2,0,1
78,9.750012183163596,80.18560590393562,1,0,0,0.5474641396577613,27,29,147.03848746102577,18.228021704516834,high,9,2,0,1
241,60.46851448432996,58.25073499980972,0,1,1,0.8767961739338925,54,19,125.98133270561688,28.59000846366484,high,10,2,0,0
180,8.79676467940153,17.735212768172314,2,0,0,-0.1511251433153078,7,26,493.6801053129474,25.35436249096947,high,10,2,0,0
88,45.478735804346414,43.7448145254507,0,3,0,-0.2635283090796152,24,16,56.90912335552349,29.175115985886663,low,10,2,0,0
22,53.51232344974339,15.38385087874029,2,3,0,-0.8930839402054895,66,6,220.0380685898083,22.953259438810715,low,10,2,0,0
181,8.476340793767196,70.15680974594216,1,2,0,-0.3135295514104343,56,9,162.76311326972132,7.499138118399715,high,10,2,0,0
67,32.727152689367266,41.5621350361658,1,0,1,-0.7865213706993985,59,19,492.2875393463444,10.060608849738024,high,10,2,0,0
203,32.88801948275449,96.95807797442026,2,1,0,-0.3001637203799616,50,18,144.39015349238886,29.70633640805362,high,10,2,0,0
68,79.5016654297922,43.353340849896114,0,2,0,-0.6910918103849142,79,48,410.214830901673,12.836720878324694,low,10,2,0,0
37,45.75141475224859,64.362038961426,0,1,0,-0.3061510836559196,76,48,358.9121173362347,24.211701122646367,medium,10,2,0,0
73,16.698248146023644,28.61644757504661,1,1,0,-0.0333461351242561,21,3,388.2592360745628,14.311818227173529,high,10,2,0,0
106,42.61543714449887,11.443395305666993,1,3,0,0.2923623434340068,35,29,352.3841069533444,24.81925054132991,medium,10,2,0,0
297,16.081556888534955,50.69622266956067,1,0,0,0.3765929073558154,56,13,201.6182698798422,26.50248341175332,high,10,2,0,0
174,48.32221409566765,18.432824274145723,2,3,0,-0.1254195373209163,9,9,476.7993830471876,17.31218665071013,medium,11,2,0,0
240,71.13749120367308,16.906865709686016,1,3,0,0.3878901043283487,26,38,426.6146127151797,22.924358348231,high,11,2,0,0
99,54.03917654126354,15.117099088869878,0,3,0,0.2435277276585972,70,22,64.01504154776747,10.569216883186977,low,11,2,0,0
86,74.57041595174616,72.63543519054531,2,3,0,-0.2475028436392199,72,20,160.94849923388034,23.539152578021888,medium,11,2,0,0
107,73.28731275251899,68.50405067664687,2,1,0,-0.2777732931577374,6,34,83.1635958890138,22.840218219364264,medium,11,2,0,0
132,66.89094478152806,46.52453092649047,0,2,0,0.6059879365818344,98,9,264.50587714662987,11.735450587241996,medium,11,2,0,0
268,47.720644318572006,94.4356767176273,0,0,0,0.9159999461028034,57,23,134.00267243359627,12.64746298249048,high,11,2,0,0
16,72.67778776274655,33.2470457060608,1,2,0,0.4287184532491359,60,14,248.06926196454756,6.357896162390629,low,11,2,0,0
255,27.48879301782113,99.0842976542388,2,0,0,0.1999594502565203,58,36,350.2009206418572,16.886140179758016,high,11,2,0,0
21,74.8851297141918,27.2967696686312,1,1,0,0.6453887719892459,40,45,427.10915202180354,9.374971255312548,low,11,2,0,0
183,21.688418238427456,92.6474188901254,1,0,0,-0.5034080686104818,55,9,51.41547287668853,26.14519597285177,high,11,2,0,0
50,35.54037467672201,59.2660144815158,1,3,0,0.9128939417021706,93,9,167.22524944906462,29.914290754299483,medium,11,2,0,0
200,14.006726186901334,89.49781563212,0,1,0,0.706077615849964,54,24,75.07169345108768,22.8696275592074,high,12,2,0,0
133,19.967457046725286,18.46608158548911,2,3,0,0.4944599808401742,72,30,343.146126456215,17.302393053886647,high,12,2,0,0
105,8.50602090226568,74.39313401285017,0,1,0,-0.4378931436906674,71,27,151.02741614454465,14.100205162570596,high,12,2,0,0
195,40.26945882892923,44.71927227456665,0,2,0,-0.3691816701740089,93,49,108.1725845721405,6.852768456911264,medium,12,2,0,0
42,12.926979564000048,53.14119651324005,1,3,0,0.4246182747961198,87,46,314.83671442202547,8.531772054482168,high,12,2,0,0
208,71.83247548136318,24.6922269012829,0,2,0,-0.94084120903526,40,33,328.1956221543254,17.38509146794662,high,12,2,0,0
193,74.00662331141369,89.18110873017609,1,2,0,0.4277910722346421,5,19,327.38419554879937,8.732377149308316,high,12,2,0,0
266,46.40306113448912,35.10835213720638,1,0,0,-0.5676521422542833,10,10,342.66410596680686,25.984307146809428,high,12,2,0,0
28,19.68206246589231,32.343707018546,2,1,0,-0.6499583035367158,40,28,235.25105953402124,21.67171665732644,high,12,2,0,0
288,54.94934824900165,27.57981698358379,2,1,0,-0.7701819830001562,58,21,89.69283971023799,7.98042183180277,high,12,2,0,0
192,33.91782990484843,52.060894590524505,1,3,0,0.1759905304732105,29,16,370.9673330131649,11.09480661838921,medium,12,2,0,0
26,30.851138079924844,12.445866988901772,0,3,0,-0.9977295660598722,35,34,289.4210002934505,12.442315962960867,medium,12,2,0,0
149,57.57388137562244,67.06481524161003,1,0,0,0.8695075152001763,61,48,473.5280383286165,18.964182698429543,medium,13,2,0,0
240,50.14757663348622,83.63822757406777,2,1,0,0.1992814046124238,52,48,111.45408034370377,17.086977909633518,high,13,2,0,0
34,76.85991849718012,15.977221568577711,0,1,0,0.9779622028264436,83,38,52.57143873300488,17.126643182486383,low,13,2,0,0
123,70.3088382626218,82.56493237763996,1,3,1,-0.3043897235685568,55,1,325.2244562277081,20.58481163257575,high,13,2,0,0
240,61.346976644030704,39.00468650669952,1,1,0,0.2538710751903492,20,30,285.8922897756641,25.989361539298297,high,13,2,0,0
214,70.39749546402541,51.41192246579842,0,2,0,0.8036670615938029,15,8,152.44661705463946,20.038972802871783,high,13,2,0,0
157,31.19273655557072,51.16474877611565,2,0,0,-0.4385296673641894,63,44,305.05749580935213,7.108781984167199,medium,13,2,0,0
297,35.7930459033375,12.109233458521144,1,3,0,-0.6045023282727873,22,23,364.522404290062,9.639865807514797,high,13,2,0,0
150,23.82627983753932,76.45357669516818,0,0,0,0.5671999446011353,37,36,227.62824454556704,17.85162446048674,medium,13,2,0,0
12,52.88241083636298,12.00071270816138,2,1,0,0.841685066481769,81,6,469.6101795875848,14.71873579381222,low,13,2,0,0
267,51.43139592558067,63.25699956003765,1,1,0,0.4404654851675076,38,1,464.6822918973597,10.808769112069283,high,13,2,0,0
201,20.53876399447654,63.39019405057672,1,2,0,0.5619579925962361,50,16,328.79117826579443,9.718197886966308,high,13,2,0,0
148,64.63987578129485,47.48893974314627,0,0,0,-0.1440089362698877,44,21,482.9139504825399,12.709281315659789,medium,14,2,0,0
188,73.86052609279292,47.62191527138744,2,3,0,0.0804401918245301,61,24,220.0162168588891,28.511190814227064,medium,14,2,0,0
31,65.47658988781893,61.54148025110232,2,0,0,-0.3519716340718648,98,24,200.94331948570115,5.139715101870269,medium,14,2,0,0
31,18.707207216058883,28.24508090288284,0,2,0,0.6432968703853987,43,48,151.4693042253492,6.3630164337785216,high,14,2,0,0
190,73.97263903430924,24.799218571146117,1,0,0,-0.1999324219500866,57,40,122.83486051574904,16.219792498317105,medium,14,2,0,0
173,26.681371710245816,80.21260161403158,1,0,0,-0.1515061572524896,85,6,56.54193303643025,28.134858883146187,high,14,2,0,0
68,9.196711882787838,19.945199260737304,1,3,0,0.8982880908629034,68,6,349.3281837481102,13.730569030696358,high,14,2,0,0
185,71.76698230739306,62.58876906083791,1,1,0,0.1602816567152902,89,33,167.09560029236917,11.220703047642376,medium,14,2,0,0
228,32.778322868039524,70.12085656806477,0,3,0,-0.8305298579699949,39,23,432.4660630521364,10.428400490141104,high,14,2,0,0
111,54.14445749953092,11.217837599765335,2,1,0,-0.3194443852846966,45,20,137.0088838323882,9.75552697976842,medium,14,2,0,0
295,39.17218203572493,52.02405935411031,1,2,0,0.6955270085041236,81,14,422.2392868845519,7.261241597113619,high,14,2,0,0
17,75.69737199974715,29.95761037989801,2,1,0,-0.9452613049976376,96,47,152.46606921732229,5.222580395169669,low,14,2,0,0
181,72.42352535658351,74.34868156045265,0,2,0,0.2098444679675,71,20,298.47712271504145,12.284717978928905,medium,15,2,0,0
153,59.179310920941816,82.24673766172073,0,1,0,0.0905482696028623,55,43,67.08181601211757,9.4876170179175,high,15,2,0,0
128,42.41043016842613,50.12620231823952,1,1,0,-0.602268587276267,54,2,87.30923525992685,6.450788821584306,medium,15,2,0,0
172,63.47222849960136,99.363707943706,2,1,0,0.7079626544870241,49,37,434.1609159733949,17.437882937188377,high,15,2,0,0
170,56.57199028427668,70.36062665234954,2,3,0,-0.2401383591565113,68,28,59.67570406336664,6.464319077132748,medium,15,2,0,0
117,34.2956703559431,73.00124522623545,2,3,0,0.6660978791950372,56,3,54.74203627325564,22.991128214250736,medium,15,2,0,0
31,17.03782653905256,23.314154999081133,0,0,0,0.9870857260601108,62,17,389.3164261906222,17.443826684014923,high,15,2,0,0
212,5.011059107490957,46.53135641369985,2,1,0,-0.4775882428505293,21,39,129.5477002252225,27.84991357768751,high,15,2,0,0
266,66.83902116312433,95.68533936427384,2,3,0,0.4295846141325465,67,28,80.50405246638843,5.453609079258363,high,15,2,0,0
169,16.564010796469972,22.87340292714719,1,3,0,0.2618200599489624,76,25,443.3033978088365,12.321160154029666,high,15,2,0,0
107,72.21745301049958,86.7461140281367,2,3,0,-0.7631787219207282,88,46,165.31595568061783,10.997809732092383,high,15,2,0,0
55,58.98421263051288,86.28726363932915,0,2,0,-0.7010006868060406,90,13,323.94499390429684,6.873574682815182,high,15,2,0,0
246,74.36937334740688,12.198880557026136,2,1,0,0.7346462092569828,1,16,134.25748211711868,28.664806320168825,high,16,2,0,0
33,33.01544062652889,93.38526978542228,1,2,0,0.2988409415345261,84,25,94.01947205870368,25.34993608003085,high,16,2,0,0
89,14.633300873603524,81.96569856290466,0,2,0,0.0716789503838608,6,37,278.78599370485006,20.00770618317614,high,16,2,0,0
250,22.86903763300692,49.31763775113622,1,1,0,-0.6642155182218723,12,42,477.7138671278465,28.051480236828752,high,16,2,0,0
293,51.47671933252809,67.99486630315616,1,1,0,0.2313528073637774,14,32,284.4684948829869,17.685449812512275,high,16,2,0,0
173,15.661876090042943,64.89847793349821,2,2,0,-0.1363377745212295,19,35,222.8493728515006,20.58351672413562,high,16,2,0,0
48,34.784164395896454,22.18872629229006,0,2,0,0.2456843321137667,19,19,76.91319197540858,14.457218747493153,medium,16,2,0,0
200,40.0577600568816,19.0285125048532,0,3,0,0.8814612129314972,89,7,383.6349355675848,23.82540452626081,medium,16,2,0,0
277,41.73781184521964,85.73101965047559,2,2,0,0.5588150662579765,88,23,400.7108482036642,9.241197190606488,high,16,2,0,0
124,36.38684432336908,28.399473191511,2,0,0,0.0551278493539468,80,14,477.2938245408992,9.013914965768317,medium,16,2,0,0
200,15.388482753343926,49.83792999023034,0,3,0,-0.543483421766253,9,40,214.06818711762972,27.76721361226329,high,16,2,0,0
54,58.14058752267495,61.05165855387304,0,3,0,-0.7003608096499814,58,39,173.58700006473666,8.11624683029402,medium,16,2,0,0
52,15.112308927782962,37.84195351479429,1,2,0,0.9151032911942844,70,36,450.9949829075448,29.82137429308074,high,17,2,0,1
206,12.159029492869026,82.69759294655775,0,1,0,-0.9561421703479608,45,18,209.15833661460317,21.71838717068432,high,17,2,0,1
132,58.344097886782166,66.57981195281829,2,0,1,-0.8291492081539538,49,17,486.4496834797729,15.719746160236806,high,17,2,0,1
221,57.8922167423564,28.34001459064191,0,0,0,0.3871345705967168,83,23,402.93959390261256,12.481380097360258,high,17,2,0,1
145,17.500577548232776,62.87335204006484,2,3,0,-0.231961528122663,83,31,201.60281927424512,8.420681557993172,high,17,2,0,1
37,24.07965537435778,16.292874282629448,1,0,0,0.582844314474779,63,19,119.03056102178871,15.067414223276486,medium,17,2,0,1
186,45.81200253641267,63.9767774915702,1,2,0,0.7670842781278557,53,37,57.2947493509024,18.73797831586689,medium,17,2,0,1
228,8.323268502669528,83.99288679653898,2,0,0,-0.8854747095015507,88,44,111.55726698514388,5.233684726154454,high,17,2,0,1
61,14.401389697653968,43.6335124684578,2,2,0,0.322216412756924,16,15,235.60821584910897,13.510779230560644,high,17,2,0,1
141,13.115319025594117,78.49619554474181,0,2,0,-0.4679763397589436,96,28,484.8209375035673,16.60586501934452,high,17,2,0,1
53,7.3391442042847155,71.34151024098992,1,1,0,-0.0753344956623378,36,34,499.7913829187385,27.979755209173728,high,17,2,0,1
48,53.410183659464,52.32090648136016,0,2,0,0.5215083094619204,37,37,409.2947475243973,14.769341883418203,medium,17,2,0,1
242,7.026703200197655,37.36887703736664,0,2,0,0.2706946562518548,74,48,68.61018723280118,21.93776865179844,high,18,2,0,1
147,60.34257662341696,83.61777479661006,2,1,0,0.7742134294285323,68,26,84.0344653110989,28.00238532237008,high,18,2,0,1
63,56.24228865569312,43.505538041726375,0,0,0,0.1603665908978155,66,28,297.676374649464,17.76437550581145,low,18,2,0,1
173,71.87400070230552,16.504976346721854,2,3,0,0.9214857437995028,54,13,272.9189055524125,22.593706259992228,medium,18,2,0,1
237,78.2154981677254,21.44470772464864,1,0,0,0.2478789572563873,29,9,368.4734086258261,21.42126623817126,high,18,2,0,1
18,15.7306841629427,95.26381446161582,2,0,0,0.4859595740754319,17,10,63.64734190714472,28.106854722078907,high,18,2,0,1
101,18.89381031268784,15.00977670571158,2,3,0,-0.7718497570507257,25,35,333.89575135468,27.204017511972047,high,18,2,0,1
87,49.10963027937301,44.2216906471652,0,2,0,0.6057776249097726,26,0,163.33612854985304,6.65073587643279,low,18,2,0,1
96,76.55306454159907,46.59357106703628,2,3,0,0.7025510052001154,34,10,215.68271971500369,7.618973965616577,low,18,2,0,1
215,77.67735885015504,30.835787290003434,1,0,0,-0.7990505665291834,33,13,486.4983743430919,25.34469553824688,high,18,2,0,1
292,38.69235587787282,86.5716795675379,2,1,0,0.5380403080435245,85,29,294.0732880224001,8.593619158648304,high,18,2,0,1
44,48.22345150033801,47.83818756803654,1,2,0,-0.6449327722765543,47,23,75.60420771288662,24.26062643178708,low,18,2,0,1
123,50.85424597097819,28.9299680717364,2,2,0,-0.2978547639738549,56,36,112.24224277176492,22.59269309197064,medium,19,2,0,1
215,44.45465378147647,70.87214003063767,2,0,0,-0.2762483246761098,60,36,398.7652755259583,12.625141294949469,high,19,2,0,1
154,42.82786337880155,66.43522124868589,1,3,0,-0.7148219396076689,32,42,311.72138235912183,25.460420627239127,medium,19,2,0,1
191,56.00019958248967,27.370932482217547,1,3,0,-0.6110982418007798,90,25,464.24554751570577,10.208035420772354,medium,19,2,0,1
236,46.64874479596525,95.9570090505024,0,2,0,-0.0118185596298732,43,18,292.2505155527668,23.8228688448982,high,19,2,0,1
118,63.16391905008928,50.00376567172289,1,2,0,-0.9833063464924988,29,24,124.51131134471704,23.257058270049956,medium,19,2,0,1
116,33.12831648866084,45.38082684582567,1,2,0,-0.7312375972528526,43,12,190.44199971087687,11.6354579635995,medium,19,2,0,1
111,63.964207604298025,57.66903860354559,2,2,0,0.1446120233007495,2,28,252.08800343569305,11.931132883082178,medium,19,2,0,1
126,8.000227992620967,63.07746046133077,1,2,0,-0.3879812307589791,24,2,299.16531657183657,26.5349104114206,high,19,2,0,1
79,16.69818611196736,86.29660309865176,1,0,0,0.4374458644451711,69,5,233.86408429670192,9.202033087899492,high,19,2,0,1
274,25.195968623552165,80.74446728125683,1,3,0,-0.8866154720033126,5,12,484.8659432169816,5.593856018079012,high,19,2,0,1
18,30.18974956041338,40.96595852068201,0,0,1,0.0719543605115347,12,13,233.36537618071685,20.35220151392027,high,19,2,0,1
88,53.16743155455519,52.869462284755095,1,0,0,0.4057720525444666,96,46,436.2346296910944,7.840618466873831,medium,20,2,0,1
203,26.99880965413783,73.58272152749244,1,3,0,-0.8308042692631341,74,12,165.9575663223987,29.01150782821992,high,20,2,0,1
85,56.11159901036,98.07116179913768,2,1,0,-0.5735103090489464,23,39,252.82962470113472,13.109786256650969,high,20,2,0,1
161,24.830555915247515,46.1934845217509,1,3,1,-0.4175404228007722,85,43,476.91095416777694,10.287218302294953,high,20,2,0,1
113,74.77666165518009,70.07714390381508,0,0,0,0.8841885275695558,28,9,337.074344701413,12.592692172054022,medium,20,2,0,1
44,42.51788014789913,22.61065299096116,0,3,0,-0.3493791069650491,48,44,229.46601846919864,25.69461401050431,low,20,2,0,1
198,22.99060415118252,79.31239474568068,0,2,0,0.9042987865567198,25,15,150.71857649642106,14.745939137406696,medium,20,2,0,1
176,12.932168480738724,73.7272067823224,1,3,0,0.3871469579799087,26,37,108.1842016699074,17.94685678631441,high,20,2,0,1
280,22.179935708996144,87.20444542705168,2,1,0,0.8731621305254178,91,44,457.4992288443903,20.143569536197884,high,20,2,0,1
95,22.82199642000365,86.90028596151973,0,2,0,-0.2142788247478027,12,6,477.8758685225049,13.88010167250855,high,20,2,0,1
255,67.99465934028373,78.7651473880523,1,2,0,0.2274843476955654,61,4,201.1078436859393,28.950647301914017,high,20,2,0,1
225,67.57229165751363,48.928242477794505,1,3,0,-0.3317132272390395,29,12,445.334523223038,8.01063048375644,high,20,2,0,1
40,45.99917463438848,27.67741611269432,0,3,0,0.1836694648326147,21,0,180.5998219002556,9.973308919905204,low,21,2,0,0
275,28.974326838598536,31.25691642463721,0,0,0,0.8970684356680634,11,41,272.1877247593616,25.072842506701097,high,21,2,0,0
163,47.99911819026364,94.81034309849024,0,0,0,0.0342617994425429,76,19,185.2630319151002,11.82032520456577,high,21,2,0,0
296,43.23979571772229,46.44838031465101,0,1,0,-0.4894628695460683,25,13,69.71695416446785,8.22677046767399,high,21,2,0,0
259,52.985622853248856,62.23811031827677,1,1,0,0.0696132629182528,10,46,239.85458545232788,19.82454764648156,high,21,2,0,0
166,53.90324585828234,12.239213112065734,2,0,0,0.8088587524039184,34,35,441.0425625538585,21.44651162450851,medium,21,2,0,0
87,22.51504444734213,66.50436587177502,2,1,1,0.3858130721524015,42,13,232.05724574012984,14.083615562360716,high,21,2,0,0
95,34.62874927004536,29.114123907721225,0,2,0,-0.7923879890128316,51,2,474.0853467203282,5.356919416742282,medium,21,2,0,0
106,42.16981754531369,65.9493976888119,1,2,0,-0.8025161590466148,39,11,445.0255917560437,21.552937315851118,medium,21,2,0,0
255,57.34145414256105,29.444017289018,0,2,0,0.8006049375994151,98,25,466.66884863571113,12.615089557401587,high,21,2,0,0
299,13.25886304972532,11.619944793409372,1,3,0,-0.492159986248833,68,2,246.6949752236554,7.58889288471951,high,21,2,0,0
258,15.100751680412053,30.45207533431257,2,0,0,0.7127120742332016,16,3,151.82660767783088,6.582234904995561,high,21,2,0,0
145,16.230960713503165,74.57753215573648,2,3,0,-0.69171496906859,13,41,117.55008132699751,26.924588324482897,high,22,2,0,0
207,71.63149605573977,78.5751349737339,0,2,0,0.6238726457397483,7,28,448.56225879722746,8.92582058692086,high,22,2,0,0
132,14.341651678932203,43.82995533937344,2,0,0,-0.0690706871387025,78,7,148.2699957948303,12.132858765725874,high,22,2,0,0
193,28.55302845549525,74.7964008305661,0,0,0,0.0161534964510658,18,43,105.65304901849244,9.670422660708113,medium,22,2,0,0
157,33.60901472333583,99.20740449319182,2,1,0,0.9690543827189972,36,16,373.7737677749825,25.076178373104945,high,22,2,0,0
259,74.84100892855001,82.77749297863448,2,3,0,-0.5155337241997049,93,17,145.75962816703318,12.8690914884107,high,22,2,0,0
270,9.102502761654652,47.50179607455135,0,1,0,-0.3650163385604119,95,39,207.47010141585147,16.638300103434112,high,22,2,0,0
91,75.69167466494669,35.78351286362029,2,1,0,0.102125793740718,4,4,124.78912867166308,12.420834338176558,low,22,2,0,0
282,47.77886256956119,88.85918202841803,0,1,0,0.5494948788046192,69,35,370.47442194367153,14.333824535377108,high,22,2,0,0
288,36.8755091496173,88.45601522049576,2,2,0,-0.9665135088932976,28,5,57.62970475396631,28.64048100582129,high,22,2,0,0
211,78.21711037775094,68.1750015998478,1,3,0,0.3242057392065838,94,11,190.4583605215049,24.632665289630825,high,22,2,0,0
233,5.386275045742929,22.65249752148784,1,2,1,-0.1569785734974089,47,8,474.1150149764033,16.365821086887827,high,22,2,0,0
172,18.285441084336632,26.20997286019773,2,2,0,-0.1338736563944385,56,6,154.07236419572655,22.571398625941264,high,23,2,0,0
42,68.07488318132702,50.922944537424456,1,1,0,-0.4498573146651687,57,34,155.29861824319602,25.206955843655354,medium,23,2,0,0
16,14.883291341573964,42.45858447756914,2,0,0,0.7930357603194478,28,7,232.45136985898623,28.635383438776667,high,23,2,0,0
285,53.454174804308416,60.65901492091305,2,0,0,0.1092772529597805,58,42,455.47748202054805,23.411830537383707,high,23,2,0,0
103,52.51064686221586,84.80053450746732,1,1,0,0.4157123806840017,67,1,79.0982151874291,28.220040314870893,high,23,2,0,0
44,36.35851955448588,29.590585599924243,2,1,0,-0.5843730985165163,8,42,464.3168057076063,22.731392474297383,medium,23,2,0,0
276,33.0894966165542,96.05436687855804,2,2,0,-0.925167154797387,2,46,78.10928170312977,29.702532267178874,high,23,2,0,0
162,50.39269003461904,45.139509542244674,1,2,0,-0.0462216659023511,43,30,461.6083446432695,13.76513695385164,medium,23,2,0,0
294,30.135051253010715,65.35969916308636,0,2,0,-0.0026796453434789,21,43,238.06747014296195,21.182634790788704,high,23,2,0,0
18,74.41826591472244,65.98731838271135,1,3,0,-0.0055790389017713,45,11,260.2208241453391,29.54380009348408,medium,23,2,0,0
256,21.45012585704237,98.76460974848956,2,3,0,0.6511210162175369,55,32,383.8029443125574,7.845010896231598,high,23,2,0,0
131,30.74116121827559,25.558525870858933,2,2,0,0.77225366168056,72,2,91.51807188986982,29.514076840325615,medium,23,2,0,0
192,45.22217479111084,64.01829456609525,0,3,1,0.2418160481703206,8,39,145.52139583542137,16.86665045623576,high,0,3,0,0
45,38.63863641245219,24.099978871092134,2,2,0,-0.6582244651632407,48,4,288.97135375427973,23.530066079278903,medium,0,3,0,0
227,34.11734202184583,97.10021224876654,2,1,0,-0.1281924109359089,55,19,171.28159765512487,27.16150374943181,high,0,3,0,0
58,5.227570839403867,30.37954894034789,1,1,0,-0.4764736144909904,45,34,156.89025473666308,20.398790572108403,high,0,3,0,0
244,76.02244591319841,62.79575173589611,2,0,0,-0.463002014620365,8,45,299.4414878413173,15.783240950858556,high,0,3,0,0
76,36.328953434230286,36.42110722813466,2,0,0,0.2968694318627105,16,28,82.80695688636473,16.383196012361275,medium,0,3,0,0
154,47.65935335925718,42.3097967293931,2,3,0,0.288881451060587,46,38,207.38866959504196,26.506614024548245,medium,0,3,0,0
187,25.90306218652205,12.33456762391745,1,3,0,-0.857477069583584,55,22,53.1480391119122,12.016997223355483,medium,0,3,0,0
20,26.420064857281584,95.68636662388104,2,0,1,-0.5922320411295623,92,34,209.0429320937525,11.34765139942591,high,0,3,0,0
88,29.78705706387026,97.47399968547774,0,1,0,0.1926009862368056,79,4,379.24498793346805,26.436633277427507,high,0,3,0,0
80,39.46390497323912,12.490357085776562,0,2,1,0.6903115572837566,12,42,181.6352539412522,20.78734001717247,high,0,3,0,0
57,60.22456984055498,46.98607638386546,2,1,0,-0.312662823871972,39,4,185.76579268049977,7.052699014365164,low,0,3,0,0
204,39.75291606795872,88.89207521164937,0,1,0,0.967478867580593,76,26,157.72673467640706,20.134117343038213,high,1,3,0,0
98,24.05323048275288,60.95050247992469,2,0,0,-0.2880641909469725,87,30,400.506914222459,13.824137873161812,medium,1,3,0,0
17,50.08705809788899,31.683041840395223,2,2,0,0.5407187908871374,27,7,167.90703765213465,16.597331836750506,low,1,3,0,0
225,61.6588197326946,65.69437090980162,0,2,0,0.4968502535769576,53,6,233.06127854957043,24.525563379380813,high,1,3,0,0
285,41.70399609133813,46.891280984835504,2,1,0,0.5369827249719694,77,24,71.88957371116739,5.099674677971148,high,1,3,0,0
258,20.03093560617271,81.82521998001995,0,1,1,0.8858285367094361,81,47,344.4526595720298,7.916061407729304,high,1,3,0,0
112,53.45272698354721,89.1089157011286,2,0,0,0.4864926762137405,2,2,55.12880636165862,6.364123008893925,high,1,3,0,0
73,63.21208139127782,35.59575075611211,1,0,0,0.4223235168196237,74,33,107.38700704333456,27.39166818058184,low,1,3,0,0
144,17.952461501541734,39.05315367987703,0,3,1,-0.5349788298114095,43,21,407.3852627844564,19.5512960143668,high,1,3,0,0
234,27.400090335610333,43.61105768218764,2,2,0,0.5621960803253085,15,10,391.9014268600666,19.84757435329727,high,1,3,0,0
228,72.91088027960652,53.80284260332069,0,1,0,-0.3274591143651335,71,8,344.9141058778436,6.87851313831994,high,1,3,0,0
126,56.16378435710178,49.817479234298034,1,3,0,-0.8782057077945558,97,17,389.1386702389567,11.023112417340496,medium,1,3,0,0
54,43.26671926729665,95.23636710391833,0,0,0,0.0699314220958944,62,15,143.55233942720557,7.589536448300125,high,2,3,0,0
259,29.18110666762233,70.80143444852347,2,3,0,0.8322151080388576,99,44,258.1725462248427,20.605124310743115,high,2,3,0,0
96,43.57425718551775,63.41988701353585,1,0,0,-0.5269095825056418,36,12,66.73470688656644,27.584755737495904,medium,2,3,0,0
59,16.27572988292738,51.74972867258816,1,3,0,0.3368663526849109,54,7,147.9131794299669,20.858734465578674,high,2,3,0,0
16,44.52713303671592,41.1858726341078,0,1,0,0.7125463079476022,8,42,238.0226104005524,22.16632079716656,low,2,3,0,0
213,52.978213890219216,27.727763500116325,0,0,0,0.8147124686264768,9,19,99.56292500631096,11.678770741703346,high,2,3,0,0
291,27.794148883593927,68.39218880997421,2,1,0,0.0336797352802746,51,9,140.05069160839446,23.24352023796721,high,2,3,0,0
97,71.56613388234649,85.01775955934202,2,1,0,-0.055319026035109,36,32,59.631266879263535,16.380776250509985,high,2,3,0,0
156,46.04241556048116,31.545780174022504,1,3,0,0.0572722648805945,42,37,234.0879346111775,16.491057718552653,medium,2,3,0,0
156,30.60909008183338,62.35383299503268,0,0,0,-0.4828977154115579,64,49,74.29406341275772,9.564878517752216,medium,2,3,0,0
103,11.223192231627376,31.75144822057881,0,3,0,-0.3562054873958191,96,17,330.0485455987794,23.755624555466472,high,2,3,0,0
84,58.39357527727499,49.02942945439189,0,2,0,0.1006075829656103,35,15,320.5535398462877,16.17307831500321,low,2,3,0,0
120,7.29135665749371,95.06140874240604,2,2,0,-0.9109461407864066,38,0,220.18529668668396,26.414242474382924,high,3,3,0,0
267,17.60270426594511,51.09684906217668,0,2,1,-0.4137537856679889,89,18,323.37278458258675,20.863761170225644,high,3,3,0,0
261,43.06999558070189,63.922759035806415,1,3,0,0.7521501023820776,58,43,76.41191506808522,23.420209974901784,high,3,3,0,0
32,17.863873441637125,79.15087169510814,1,1,0,-0.6502199130175801,14,30,403.6269315616873,27.30751324449489,high,3,3,0,0
193,48.61284042804528,85.42287718013992,0,2,1,0.0480493614479815,18,8,323.924626880319,11.580218175744427,high,3,3,0,0
284,51.73481049125203,47.97612404732614,2,3,0,-0.769643252571764,52,34,439.4418651657244,15.442082207972788,high,3,3,0,0
49,53.450831763054126,28.659499323719057,1,2,0,-0.8596519470875681,81,13,298.96044325328273,17.754283197458644,low,3,3,0,0
33,52.738151432346505,33.63902980489141,1,3,0,-0.3349557674976997,24,1,131.11413063594512,24.031179864786655,low,3,3,0,0
184,69.5236837036172,28.591223905661064,0,2,1,0.2992203728913418,90,42,459.3876668835654,21.307306543355136,high,3,3,0,0
224,36.12395896304805,22.40395888669965,2,3,0,-0.4509808089903189,70,19,154.21488477033586,16.210011154042235,high,3,3,0,0
207,25.166658573438458,77.90729111096492,0,1,0,-0.4426804307280527,22,0,482.39381494895287,7.024768740638466,high,3,3,0,0
252,30.88999606667437,32.47714907086375,2,0,1,-0.1992894667311116,55,24,329.8843342535356,19.86899285356564,high,3,3,0,0
295,73.25515542686674,58.16396274777235,1,0,0,0.246286879672166,78,49,328.02533888849445,19.237250558077086,high,4,3,0,0
210,75.4803698404375,79.22603777159013,0,1,0,0.1841890758682138,63,21,58.34191390482181,14.459677986053142,high,4,3,0,0
80,15.178125116317396,85.33096044615428,1,1,1,-0.3573794783746176,47,18,301.7982095014835,12.668232583692276,high,4,3,0,0
215,55.8648537107988,76.5932987517256,0,3,0,0.2395626719713641,50,49,395.54656981665,18.349313949459,high,4,3,0,0
254,74.83370670312893,72.98102633164319,2,2,0,-0.0805935462104934,84,22,460.6549686447078,20.427472776303546,high,4,3,0,0
219,18.576963966381665,11.77960658037908,2,0,1,0.2334654066128096,81,42,413.4826743713377,10.115152327480544,high,4,3,0,0
256,50.44348824642104,37.495597805950695,2,3,0,-0.9592833932240304,89,14,130.79223984125915,7.158534993354327,high,4,3,0,0
162,31.44596653713497,23.36856882639028,2,0,0,0.0993124321409339,36,4,451.04508097593566,7.015096802715299,medium,4,3,0,0
30,31.93163806071796,47.62239703492963,2,1,0,0.4243213377394046,37,24,428.63376156872414,16.510792272810885,medium,4,3,0,0
158,22.790743394548983,85.42941021006276,0,1,0,-0.3568035730526131,25,40,347.7039707581684,19.1697458965226,high,4,3,0,0
272,15.757493374196615,21.78758726017402,1,0,0,0.985907294446493,70,26,185.1244470332745,12.070678308734262,high,4,3,0,0
72,22.86210293971037,50.46113997532174,1,0,1,0.9398732605174168,60,44,284.9276016662825,23.34427738519049,high,4,3,0,0
81,17.18359069820025,82.03012236951503,0,3,0,0.4737763010537024,4,27,61.889653694700016,17.89839614101013,high,5,3,0,0
182,20.54012163135987,95.6201267161942,2,0,0,0.0719008936668821,86,4,101.27159597400764,6.711013802720743,high,5,3,0,0
257,41.8077127990772,46.124265359213226,2,3,0,0.1059850904996144,81,44,470.246951404637,24.90553393315532,high,5,3,0,0
207,22.559564406222783,20.56768113056645,1,3,0,-0.383592645699883,27,7,433.83785322006514,16.183437886274277,high,5,3,0,0
39,67.67412964642914,85.28151184329798,2,0,0,0.7731436807701635,84,19,430.02370654664736,22.8446791143683,high,5,3,0,0
120,42.36780961121517,96.82109952499223,0,0,0,0.1577810970031905,13,9,108.7358555356174,5.187301156637735,high,5,3,0,0
222,40.29926387667914,66.57858531628891,0,2,0,-0.2766078700579895,19,21,125.44379744240896,17.089579988876274,high,5,3,0,0
250,9.396830860179588,99.20421192627929,1,1,0,-0.9218476828484444,30,5,462.1901447014011,6.353473249321816,high,5,3,0,0
265,54.17043059648585,56.35484908734798,2,3,0,-0.4693603090254348,40,10,79.10918737049911,8.56952168129468,high,5,3,0,0
243,41.94493661809109,70.2414408780009,2,0,0,-0.2345455113296395,83,47,479.3279843003608,5.477673527847744,high,5,3,0,0
68,65.00732946771805,67.14912880129206,0,1,0,0.3544739569259945,72,8,278.6864986043146,8.25339740630421,medium,5,3,0,0
234,51.95009192225568,40.09026988172734,1,2,0,0.0696225231980034,66,49,249.08099573797344,26.240640031862824,high,5,3,0,0
149,77.4402283903702,84.61414123788634,1,3,0,0.0257949472695337,34,7,104.2808612691112,9.420397747512904,high,6,3,0,0
31,61.74690472740318,92.128909003944,0,2,0,-0.0227710287215812,13,21,361.5701730976658,29.8125228487907,high,6,3,0,0
146,30.608522801049663,11.844468673907745,1,2,0,-0.4351021864430366,52,41,153.66905731042715,23.82696917117008,medium,6,3,0,0
49,58.63575922800286,18.097373443358745,2,1,0,-0.0718367337455658,62,1,193.771283301156,21.10017127464944,low,6,3,0,0
243,71.7463612016231,85.0810696157573,2,2,0,0.6037885181782636,25,8,447.2998264253437,16.363282660893077,high,6,3,0,0
127,63.40504245168274,30.211258517791016,1,1,0,0.0614349582136375,10,49,355.90679003545495,22.56206718135038,medium,6,3,0,0
67,24.00730030821706,66.97250202710686,2,3,0,-0.8211141232635968,52,41,325.7029610267708,19.09176563422653,medium,6,3,0,0
155,7.22691637836272,88.50349759691505,0,0,0,-0.0694028297170639,33,0,227.24545627419,16.38550004428917,high,6,3,0,0
56,5.473509739344536,58.790714272946666,1,0,0,0.8784517974623394,15,10,197.3787101192328,28.772384491298308,high,6,3,0,0
275,49.53888399285701,72.11743139084376,1,3,0,0.0169705337902836,85,14,447.3940801808907,5.948533716577293,high,6,3,0,0
253,50.96687197771956,96.3964468183364,1,2,0,0.2575628800328715,86,5,133.37246418701244,7.215973548027672,high,6,3,0,0
81,44.18479190732004,71.41260942014583,1,1,0,-0.8057762545737583,68,16,357.29036632608614,19.33892325020821,medium,6,3,0,0
199,30.09236214819568,60.53546945159572,2,2,1,-0.7727740296015666,36,15,395.21977025628064,23.90068364392649,high,7,3,0,1
293,39.74661422216898,81.36488894750327,0,1,0,-0.4411436114786848,75,42,430.1516836603778,22.083318762440257,high,7,3,0,1
68,75.26722776810682,78.82413255939022,1,2,1,-0.8449913652004029,31,49,176.7702072006182,25.549205599665505,high,7,3,0,1
26,61.31079181267096,91.97213996944596,2,0,0,-0.7619923826466266,93,19,304.04240769412456,12.69390125324552,high,7,3,0,1
114,76.46072631366204,79.16704826597652,0,0,0,-0.0096255603232686,52,38,58.41875249091507,17.76668828114703,medium,7,3,0,1
28,43.92752639952952,41.04159165971496,1,3,0,-0.3060414300060416,27,1,306.77886532902903,11.312212987333332,low,7,3,0,1
104,5.656783390940277,87.17117046725268,0,0,0,-0.4069597599759949,76,8,206.28506576806416,21.245686681393543,high,7,3,0,1
262,63.9211378976872,60.46757054111976,2,2,0,-0.6356568938366618,12,49,187.141830624706,5.544095466283379,high,7,3,0,1
149,70.33570103324293,81.11458511276071,2,2,0,-0.8555282530123522,64,37,210.61414425939708,8.118289383280878,high,7,3,0,1
294,53.80201350264371,76.28128488776612,0,2,0,0.1141072732607526,74,9,486.7314201681816,12.363164209246758,high,7,3,0,1
157,78.86995876138893,39.16062869269482,1,2,0,-0.0309095513623967,21,3,357.73818477910123,10.829884523439755,medium,7,3,0,1
129,27.0997275516505,27.00228428330305,1,0,0,-0.7449665684615154,95,29,265.3212110419289,8.957560599412949,medium,7,3,0,1
288,44.25218889917071,57.34015751902491,2,1,0,0.6579600617376311,34,6,180.30918859475744,26.616738067568743,high,8,3,0,1
131,32.59698488992643,68.11744965916509,0,3,0,-0.6494103258940374,47,22,201.64134959532177,9.63908763699909,medium,8,3,0,1
266,45.00140568356578,69.71949399640764,1,2,0,-0.537956440424241,28,7,396.1902229224103,21.176258463071,high,8,3,0,1
181,42.387387263990895,24.321293379658783,0,1,0,0.9550207212828096,45,33,179.72287775952458,11.576547965896465,medium,8,3,0,1
253,50.36310036732398,93.89465282153512,1,0,0,-0.2151278221797445,4,34,430.311824236709,21.38980906538386,high,8,3,0,1
27,53.0451880669606,15.831898452092094,0,2,0,0.4399856271246614,99,19,219.6801857825841,23.82853004513249,low,8,3,0,1
98,46.74572490797722,72.30090545598458,0,1,1,0.4229079599892129,40,8,340.30337525836427,27.597747399592347,high,8,3,0,1
135,14.955023881516167,77.62688424196331,0,2,0,-0.3015094393867428,39,31,486.77226141207774,12.957779867702408,high,8,3,0,1
293,20.59630597764633,68.30079254024545,1,0,0,-0.4108690865968272,38,0,86.35247050436996,27.19014322050764,high,8,3,0,1
246,73.12583609740486,96.83662540702542,2,1,0,-0.5206197731228577,87,24,74.093583736507,11.209372678237212,high,8,3,0,1
205,72.97690268906285,80.38193808628795,0,1,0,0.6300134069772836,42,0,100.7323850572674,6.098276684486748,high,8,3,0,1
18,75.66667880729752,42.00364030640877,2,0,0,-0.6336219488047532,30,1,468.9731742504275,9.113033706611962,low,8,3,0,1
238,19.00987198302809,31.50072900366153,1,3,0,-0.9824683847905809,90,38,411.96738876305295,11.865947419900769,high,9,3,0,1
106,45.67227180970052,32.480609151208114,0,0,0,0.9766882208021744,66,19,61.61475576120232,18.34836741545264,medium,9,3,0,1
146,56.6697850496813,65.58714439961574,2,3,0,0.4149616667343117,18,5,229.53204265582264,12.209105243902163,medium,9,3,0,1
250,52.70682979299959,70.37433436712251,2,0,0,0.9967666406540644,20,20,170.87682847383076,7.483926803565456,high,9,3,0,1
42,62.18476514787704,92.9392767089515,0,3,0,-0.6466280951422121,21,11,250.1082131054116,23.30005627459745,high,9,3,0,1
123,10.914233351181451,56.40273900383203,2,0,0,0.2250891765137239,4,10,143.1380976157089,27.11674314695799,high,9,3,0,1
87,59.06896548830574,49.11900984387185,2,2,0,-0.0634965157866529,76,39,476.491900927931,23.06402516206983,low,9,3,0,1
251,24.372431109380663,98.70668884629528,1,3,0,-0.7403274535521844,90,4,350.53299057643727,15.429550733388773,high,9,3,0,1
152,70.77997044711877,78.28298501743565,0,0,0,-0.7802178646869478,48,28,483.0895440357603,18.092397470364038,medium,9,3,0,1
215,61.80287393069763,75.34364533963021,1,1,0,-0.0802034672113209,24,49,370.8444112440636,14.31907787395485,high,9,3,0,1
141,62.67176098904406,80.27543384274638,1,3,0,0.6764883036094729,31,26,367.43561017106526,13.914981307680115,high,9,3,0,1
124,60.802737476152295,46.03043043391369,0,1,0,0.061773233074899,40,47,487.5447039995762,12.511793897775156,medium,9,3,0,1
257,13.784621518718849,46.5991716459432,2,2,0,-0.9714459826330786,62,32,55.76344283783149,5.38796898977847,high,10,3,0,0
191,15.866026324162185,63.4615217607481,1,0,0,-0.2908006466534423,28,7,252.310665184442,10.146676248464946,high,10,3,0,0
252,74.48662673962444,56.98554435196768,0,0,0,-0.013816514500426,61,18,188.32281714105267,5.198089692683187,high,10,3,0,0
73,54.93445619712145,76.77548632128644,2,0,0,-0.4765392957695029,5,15,164.95292259956952,26.80105180924432,medium,10,3,0,0
82,51.67543360111191,76.04536216713966,1,0,0,-0.4261066103209483,70,23,481.1663217411514,25.36941409998162,medium,10,3,0,0
38,16.24450304751425,74.1079710624527,0,1,1,-0.9845374852577276,32,40,397.91512303272776,16.205280791844288,high,10,3,0,0
182,77.53241643091664,50.57590071448163,1,1,0,-0.6430070602122206,65,4,242.9328428508665,12.729826927106432,medium,10,3,0,0
30,70.80906083787411,44.66990187622248,0,1,0,-0.4254554347759418,25,44,493.4419137452201,8.210712981710836,low,10,3,0,0
258,75.57508824061323,12.357914928836667,0,2,0,0.6038447824066626,95,25,306.352324462318,13.28888956496909,high,10,3,0,0
94,57.31435959651586,88.9648663496879,2,3,0,-0.8482142077587802,1,31,392.42596944033545,9.196077102394408,high,10,3,0,0
286,34.37207827776305,34.66746447557256,1,0,0,-0.9270339499299378,5,20,96.010621923909,27.626871358514144,high,10,3,0,0
141,20.58963124352877,28.121430571370663,1,0,0,-0.1789483517635026,88,34,134.3635030237358,9.117318430648108,medium,10,3,0,0
59,10.659637923764466,64.82730873698432,0,3,0,-0.4698057468134611,42,34,83.7284631646766,17.40557198344926,high,11,3,0,0
180,13.9449154011054,97.15789104703023,1,1,0,0.5246286674749054,90,43,196.2169448142928,16.83075843686094,high,11,3,0,0
202,35.376788350550896,46.65123323439385,0,2,0,-0.3317803414699947,51,21,223.2399393512765,11.610215689094312,high,11,3,0,0
66,31.714607882035367,71.02069431205067,0,0,0,0.819975777404713,98,34,314.4410386026566,28.65236421467949,medium,11,3,0,0
172,6.152055312059577,22.870606567414427,0,3,0,0.3967164744226685,79,39,57.244896653326784,26.91209926484742,high,11,3,0,0
51,16.747368215256756,99.74210026444452,2,1,0,-0.0979488089966031,65,15,250.022710925178,11.893392142953228,high,11,3,0,0
71,21.617701844403644,56.354822399103725,1,1,0,-0.6747956480470452,26,39,299.71227092397385,23.54295834755936,medium,11,3,0,0
114,36.152305380409445,34.96770057847978,1,0,0,0.8167687277150713,99,12,55.00982096101606,16.836173755066316,medium,11,3,0,0
32,70.2427237842867,27.06650308457951,2,3,0,-0.0303212708018922,21,38,149.6803770402259,9.85488375865733,low,11,3,0,0
40,34.70207050422978,43.28804315236636,2,0,0,-0.3169238746229117,94,39,391.688796509094,12.04785833219306,medium,11,3,0,0
115,44.98738110377841,46.24588733810397,1,1,0,-0.6149619987608361,32,1,463.93441340131375,26.83806036898876,medium,11,3,0,0
257,29.706380716816124,59.725314334153296,1,1,0,0.3319411544759156,42,49,165.78990059562204,23.367900793815764,high,11,3,0,0
187,47.90309443339397,11.756194342115494,1,1,0,-0.279943264566286,48,30,488.9233891909036,19.84557005538927,medium,12,3,0,0
78,33.10204908944662,24.241836918318945,1,0,0,0.8432997992739688,87,34,145.9013751165977,6.349686609324732,medium,12,3,0,0
139,19.359381316243407,53.85358349978381,1,2,0,0.5439727803321388,63,38,395.0388888479997,22.00305440347621,high,12,3,0,0
139,49.37234121307028,19.198025570197277,2,0,0,0.6360980966221472,30,18,303.5067851561914,20.928017402323967,medium,12,3,0,0
38,32.84643588778231,90.82628490857842,0,3,0,-0.3375230944645573,20,6,102.22427268045058,15.85854023597518,high,12,3,0,0
252,58.45247847700277,51.083974070615824,0,0,0,-0.130238951841642,44,31,141.53663866966076,11.829196516107796,high,12,3,0,0
58,62.49359067805776,53.9826849633798,2,3,0,0.8272420169883472,91,4,440.0763368601425,28.08588788937835,medium,12,3,0,0
182,11.928715294075868,70.96361617467846,2,3,0,-0.7645686785077919,39,15,218.63596137270724,11.681408860001454,high,12,3,0,0
42,55.04552565991733,99.70986410526064,0,3,0,0.1697531891524621,92,41,229.9565751075076,28.320367164672263,high,12,3,0,0
10,12.158374562252996,30.8695121448553,1,2,0,-0.9891505287331284,71,9,426.3198161261277,26.027112741595843,high,12,3,0,0
211,67.42255403758193,38.338999118041926,0,3,0,0.4475666726790743,14,13,456.30594576695415,6.41447740734082,high,12,3,0,0
219,54.01843064746442,91.52709024705725,2,1,0,0.3183214658107201,84,18,60.54095820139703,25.83955079920592,high,12,3,0,0
91,39.28005275058025,43.94253560719554,0,0,0,0.8097257478787339,73,44,159.06610785381156,14.866206499247989,medium,13,3,0,0
61,72.7966306532845,68.68266266909583,1,0,0,0.6112838326512933,94,45,298.7232458384992,13.480286252356573,medium,13,3,0,0
47,23.72376239938989,36.371956319245655,1,0,0,-0.990679461744743,96,38,403.54551706894296,13.551048888387976,medium,13,3,0,0
271,38.33675225011325,47.106842823483696,0,1,0,-0.5581644165675654,41,18,363.5969776265201,29.02584106761268,high,13,3,0,0
170,40.93975734381685,31.931679010656552,1,2,0,-0.3375689618851967,24,27,266.86434647084263,23.28044433553029,medium,13,3,0,0
139,60.02206241068977,30.087282122258603,2,0,0,0.3136290225837548,30,36,158.63217543992914,21.07880265452055,medium,13,3,0,0
90,59.87076621111449,73.07436115691532,2,1,0,0.6530042522123618,8,48,447.66204810019343,17.0872130668154,medium,13,3,0,0
138,71.8501942596918,77.70045724963823,0,2,0,0.7712029985025448,54,34,144.54236930498894,29.58778464226788,medium,13,3,0,0
163,69.13661566729743,43.45252618537157,1,0,0,0.7042958293224544,4,25,211.05905201416635,22.448934740085758,medium,13,3,0,0
170,51.70486895005256,68.6290489180339,2,2,0,-0.3032145665492474,69,48,491.7419282114433,24.82910362237152,medium,13,3,0,0
191,28.80037082218406,43.634010464817074,1,2,1,0.6773361301706695,1,26,123.21512779992048,23.334825893391237,high,13,3,0,0
290,7.278031003408302,97.32919223724043,2,0,0,0.3035890273184443,81,6,322.8273688951298,11.046197453599842,high,13,3,0,0
221,63.2148306207231,73.42204401796174,1,2,0,-0.660401043205626,98,34,408.2564252083309,27.95811590079221,high,14,3,0,0
294,78.2577390674869,61.94475164452392,0,2,0,-0.3422744870761343,65,39,313.8710733981832,7.252553441884208,high,14,3,0,0
143,54.99705721441084,95.71965381631918,0,0,0,-0.8369171919754268,82,10,357.54989740990663,25.19181940749164,high,14,3,0,0
46,15.084959445104912,72.9384064103366,0,0,0,-0.566158527187707,43,22,434.7516866931202,8.280656009302907,high,14,3,0,0
221,77.88175668058008,27.477329299365422,0,3,0,0.7329553700650893,58,10,383.32006053320174,23.324222081100743,high,14,3,0,0
214,39.82464858030077,28.17809622080186,0,3,0,0.9117118952669,70,19,92.70311967166406,14.703826218965036,high,14,3,0,0
118,67.0096909942049,69.83686167474937,0,1,0,-0.0523078389951183,1,33,322.3320091720196,18.19083559180737,medium,14,3,0,0
78,79.02643478310326,40.319098492986086,0,0,0,0.9790797391190752,75,16,68.83471042835887,24.86543507022283,low,14,3,0,0
59,36.68261510757692,43.48238681957036,0,0,0,-0.9570995659162758,96,44,318.47053519771595,5.137994476636985,medium,14,3,0,0
63,19.74771263386583,38.57020000571548,2,0,0,0.0671213424415722,99,45,416.9299475457063,7.899241277355347,high,14,3,0,0
179,22.355014191592502,90.86724727905036,1,2,0,0.4970234280752705,47,19,247.6273760502602,12.063442852426526,high,14,3,0,0
234,58.73032869502339,87.69556931068712,2,1,0,-0.9218143563209312,62,9,367.2650281442107,26.964453387456405,high,14,3,0,0
13,78.52177337152062,73.05480309679379,0,2,0,-0.6420118891704556,46,35,267.01214139404595,11.63750267266364,medium,15,3,0,0
14,79.58902485403983,51.188085127512245,2,0,0,-0.5094916146096851,62,37,273.4254449670912,24.161216839240343,medium,15,3,0,0
161,48.85035897768338,23.407836088849574,1,2,0,0.2547090189425312,8,24,491.2072365449583,14.011800037404374,medium,15,3,0,0
224,68.35533922596832,69.34805045435968,1,2,0,-0.4308548694871188,50,16,454.8525107923005,24.973869751134387,high,15,3,0,0
279,57.88391287774751,90.85590244563284,0,1,0,-0.0062508294670147,36,10,222.13470021938048,17.31153424522431,high,15,3,0,0
40,31.485657600914987,48.60794100740813,2,0,0,0.722016949683018,24,7,389.2907471040083,8.270889822459852,medium,15,3,0,0
133,28.063681887868288,44.42646434642423,0,1,0,0.4599211605520505,43,39,92.61351545444496,28.40949527107856,medium,15,3,0,0
174,16.27063007032882,75.27689123951444,0,3,0,0.5876487470750356,54,6,425.9813615231774,14.265468895204371,high,15,3,0,0
127,59.40815722498741,43.276979144735776,2,2,0,0.0426808107726561,2,27,356.1433076933045,26.349077825049505,medium,15,3,0,0
65,35.62200513640162,42.6553140357031,1,0,0,0.5147802823873333,20,11,214.74455251536972,26.633944042840564,medium,15,3,0,0
137,58.12266623996759,43.19204379510057,1,0,0,0.172015720762801,4,11,364.11030495636817,29.110531619369223,medium,15,3,0,0
45,33.85641225862217,26.437063261366813,1,3,0,-0.1604723945990787,23,49,409.615449599788,8.977040121952621,medium,15,3,0,0
275,5.0510470766885405,18.43758246660749,1,3,0,-0.8249410009070142,53,29,188.128766247819,27.281755787427336,high,16,3,0,0
187,56.94590620733037,18.75965677170276,0,3,1,-0.7402373500253943,46,28,220.2877316926956,27.06784787690733,high,16,3,0,0
182,30.57616866429653,30.200431644397465,0,3,0,-0.4705609275808002,10,16,428.3846285489768,26.581565245629747,medium,16,3,0,0
41,21.83490016354051,63.51622894382235,1,2,0,-0.2285722584310003,35,44,207.02344927964052,19.52071494378096,medium,16,3,0,0
289,11.95310819287433,27.1573808530462,0,2,0,0.8887651179576135,41,16,369.6850731608709,23.417377112150653,high,16,3,0,0
198,71.62286469313824,51.04057581120947,1,1,0,-0.924904440021206,98,22,229.5323477690833,26.788048644856037,medium,16,3,0,0
184,41.23535687491951,15.885522897703302,1,0,0,0.7562436442205058,75,10,195.4932410224988,20.45284233962633,medium,16,3,0,0
31,72.5123385160833,10.627611958054912,1,2,0,0.3392191070114831,14,24,181.3604451994368,26.929734710944505,low,16,3,0,0
171,56.31703695679224,37.04552982055182,1,1,0,0.094273479830808,97,12,338.2038090837997,17.714951626077813,medium,16,3,0,0
109,65.0412449410563,14.337271236285908,1,2,0,0.0152703110075709,72,33,210.85133355168392,13.026088226898604,medium,16,3,0,0
68,69.75586198830064,60.32135742851967,0,3,0,-0.9162290130460684,46,9,148.9623781239516,19.8843877497486,medium,16,3,0,0
189,13.36315990715504,91.65901940348093,1,3,1,0.5942165538605104,16,22,71.82435854955253,22.879912418665626,high,16,3,0,0
292,61.05320987372377,93.7705058042743,0,2,0,-0.5146742089634171,72,3,413.1031821355545,26.6011007244078,high,17,3,0,1
275,13.328942318232514,47.604860615795694,1,2,0,0.622883263605597,44,12,413.9877187953549,21.766314029777064,high,17,3,0,1
267,9.765496763790702,75.65393973976302,1,0,1,-0.8427461818589208,77,16,467.1362676823071,11.930697696127286,high,17,3,0,1
169,6.097085454389632,63.718601907193495,0,3,0,-0.6630999789845733,59,45,99.08103608204016,24.35705325950042,high,17,3,0,1
135,68.76129374987471,81.92369848057558,1,1,0,-0.0415601588251197,45,19,498.9507963786329,16.608681744197447,high,17,3,0,1
38,49.92669670212781,11.583496327570682,2,3,0,-0.7948382129362999,1,45,58.33773061485758,5.101989492643451,low,17,3,0,1
95,75.75133673674638,94.01970581069384,2,0,0,-0.4572491685734203,5,48,422.9054514989597,15.81626770704325,high,17,3,0,1
266,64.92780727979166,39.59051279406336,2,1,1,-0.8910363039201279,36,13,95.92559749225316,13.079544403010678,high,17,3,0,1
175,66.35923684060583,14.306002536607275,1,0,0,-0.9783063079617114,15,23,126.97386113150364,24.410095237224237,medium,17,3,0,1
231,5.751631760105437,88.25753633890093,0,1,1,-0.2348224982362916,40,19,414.64576898292137,28.855596802199187,high,17,3,0,1
166,36.74520259886461,91.6118640281236,0,0,0,0.4087053806978826,96,13,118.06962398337132,10.323158230787872,high,17,3,0,1
50,13.34142522454383,56.09906349497944,2,3,0,-0.1883555666592333,74,23,395.7949649574781,15.743246756224622,high,17,3,0,1
150,48.759961153123335,28.00070208300399,0,2,0,0.8762134231373802,17,43,395.546537220536,6.98620539831327,medium,18,3,0,1
16,78.254031464242,62.63637508487787,0,1,0,-0.469245732579995,47,2,160.4309764295335,12.929041119324314,medium,18,3,0,1
278,21.092491364988064,96.74867450004024,2,2,0,-0.6516641975683379,41,40,65.74666420215776,13.175163240892672,high,18,3,0,1
26,24.462356435004978,61.889817985784426,1,1,0,0.0770487356950127,76,1,285.5696932844577,16.85281854601086,medium,18,3,0,1
263,70.325397050126,76.64721254082487,0,2,0,0.0703641169497115,19,22,83.52612631589605,7.917720866154791,high,18,3,0,1
91,15.868438316514622,51.17800751099322,0,2,0,0.8817085940959086,39,9,337.9069311577684,9.62548269996524,high,18,3,0,1
107,28.427521390671185,94.92467749939736,0,1,0,-0.5779849476107308,37,23,111.94499327839128,13.782279188871906,high,18,3,0,1
62,33.59599339447611,11.289071132421304,1,3,0,0.0584842580440865,17,32,395.3650822825648,10.340205323681593,medium,18,3,0,1
283,48.221268747967656,19.809387354878822,1,0,0,-0.3116069300699511,66,38,410.4505680818039,16.927949012572533,high,18,3,0,1
67,59.26700971508294,45.09334247652643,0,0,0,-0.6878681504740431,14,14,121.80116296180336,16.87991087924969,low,18,3,0,1
240,65.90723428874674,86.20377858200455,0,2,0,-0.768890106715117,61,43,81.5965326218283,20.730607235334556,high,18,3,0,1
68,12.92924844183554,55.90359640504281,1,2,0,-0.2009533039434059,30,37,402.0997591900943,9.35372479815764,high,18,3,0,1
246,70.21466430772708,32.173462397788086,0,3,0,0.5361849404573045,68,15,156.97673303826562,13.11986646811754,high,19,3,0,1
253,16.357849828706776,91.83995369121168,1,3,0,0.3135795632570963,7,24,64.86002675860631,14.031020478907822,high,19,3,0,1
206,7.999342778057243,28.59401804344542,0,2,0,0.5891114153668662,54,13,465.366100254315,5.524485413215647,high,19,3,0,1
201,43.09858674582832,57.25410116432906,1,0,0,-0.616021172262408,19,5,466.9167192104548,27.782727703476574,high,19,3,0,1
89,65.77004759212448,14.585526644856277,0,1,0,-0.3433591129486482,19,21,359.400680203677,25.883548690493893,low,19,3,0,1
29,39.03405352600392,67.94532190284585,0,3,1,0.973711894082538,31,41,380.1776270567092,19.9726722605056,high,19,3,0,1
151,27.51024827283228,35.385249457845944,1,2,0,0.8691011814156957,61,25,337.6863962763328,21.0985684188677,medium,19,3,0,1
73,72.82518914470946,93.4214391422911,2,3,1,0.4419365165017841,71,15,428.4103754179323,8.078678322692397,high,19,3,0,1
221,56.19879697774968,95.4097573279398,1,1,0,0.8146368946139793,74,44,102.3712459279088,25.84682439922366,high,19,3,0,1
46,48.04002818696341,47.62914123829695,0,0,1,-0.1323012965941128,48,31,448.0665742286126,13.344067318019944,high,19,3,0,1
127,43.14331614472922,43.96522829311562,2,0,0,-0.7863187884551779,31,20,467.1173855942292,18.169108030571397,medium,19,3,0,1
279,48.118450445100486,38.77352226557552,2,2,0,0.6429112003115018,32,43,98.97706900533122,24.175991972288863,high,19,3,0,1
152,78.5008976534356,68.88218818503147,2,2,0,0.1429775045315031,93,11,273.8946673204225,6.994622825519518,medium,20,3,0,1
105,8.363940770742325,95.73121138016572,2,2,0,0.8698611442636699,80,11,171.4754748625336,23.40266391830868,high,20,3,0,1
155,18.70414530415033,73.37186542919908,0,3,0,-0.4067438427354166,86,20,133.40011376120677,16.262498514463473,high,20,3,0,1
161,32.11780464816849,36.77764442595459,1,2,0,-0.0328185075834372,45,3,110.6157518733525,18.678697132264148,medium,20,3,0,1
119,68.35429190258635,16.54522450895179,2,3,0,0.6681578548070106,30,27,237.38995782586107,7.862654729150563,medium,20,3,0,1
186,42.92111083519962,52.191190365137295,0,2,0,-0.5169431230802142,58,21,309.86149297299977,13.66214086886156,medium,20,3,0,1
198,16.68953262997285,67.7613740154708,2,2,0,-0.7793879604005411,45,5,372.3400149221507,13.399196489537331,high,20,3,0,1
182,78.74983815327724,84.59121435004393,0,2,0,0.0341608266920538,76,27,478.3382711060824,26.20968193924391,high,20,3,0,1
59,18.926178982770303,93.98603878198882,2,2,0,0.2390337570715672,12,5,61.41688018338208,28.826898652147428,high,20,3,0,1
164,19.24910769666759,87.10343578631993,0,3,0,0.5779122626759392,40,30,147.11195913618198,15.990222500868567,high,20,3,0,1
265,18.77612834454507,91.40046045669104,1,1,0,0.3159634252430803,24,7,93.05011216559676,16.344697147615776,high,20,3,0,1
151,54.54080325803057,48.53260094994568,0,2,0,0.0951692736791887,19,21,213.1965701345809,28.870734737571,medium,20,3,0,1
168,61.73008887382991,47.84284699549318,2,3,1,-0.3306887209530409,25,21,230.57318473442268,5.523605046920739,high,21,3,0,0
142,30.58263075496382,31.97321714226736,2,2,0,-0.4350525347243836,83,12,113.74232374889482,27.39594008437026,medium,21,3,0,0
257,43.046940947293606,97.77914936528548,0,0,0,0.3658174668514986,61,13,498.669945639592,23.55273880625521,high,21,3,0,0
72,79.21801121888011,76.91697159727083,0,2,0,0.8308066346950822,68,1,475.4494721010872,25.306070868028005,medium,21,3,0,0
237,59.99175081868148,77.63703090875612,2,2,0,-0.9725354661537584,88,39,437.7004320925497,14.20601262981379,high,21,3,0,0
280,66.36061805511434,92.33085307996774,1,0,0,-0.4993851532882949,94,3,434.2438775521423,13.871351902479937,high,21,3,0,0
191,41.964170690563606,98.04515730220004,2,1,0,-0.9924462887814164,41,47,315.9331611620236,27.390878268756044,high,21,3,0,0
22,51.808330825642045,67.60421467406945,1,3,0,-0.6001254800973048,74,28,170.8415511115661,20.938907353984945,medium,21,3,0,0
76,47.10348647221564,50.81720693313533,1,3,1,0.7372983747647237,39,21,217.28940701710235,24.34678720015144,high,21,3,0,0
204,51.551489687993175,23.65024519180151,0,2,0,0.6357707932749859,92,47,96.73384744752126,16.940628654434587,high,21,3,0,0
75,21.27736085706809,92.35939232105508,1,0,0,0.7270321198449756,31,40,191.53450856166663,25.01312942084449,high,21,3,0,0
251,23.164084440846008,56.56348546852154,2,1,0,-0.3969668343169859,27,20,273.53470862568963,5.300872433858118,high,21,3,0,0
261,34.947540040091056,96.01642609858096,2,1,0,-0.3793438911746321,43,49,138.90537275630763,25.52622372860615,high,22,3,0,0
10,69.75745538187013,65.24322526393016,2,3,0,0.3200887431238499,30,22,252.8820917946584,26.07776922290129,medium,22,3,0,0
245,48.83355234084886,56.414993051698815,1,3,0,0.3596007922517912,54,46,444.6812654873714,25.919696231775205,high,22,3,0,0
77,57.95320446734236,94.21935597296772,2,0,0,0.8622197450552957,99,19,313.8224882818586,11.750521432883296,high,22,3,0,0
155,58.39827431624038,93.15655035302863,2,3,0,-0.7145958916518365,21,39,86.5638416315887,18.946859535477834,high,22,3,0,0
13,41.429139766861866,12.997289911379344,2,2,0,-0.1084825041532926,95,16,77.26947041040461,27.948542916557724,low,22,3,0,0
12,30.43877565101904,66.40423872153258,2,0,0,-0.1747283127064387,26,36,353.32973530878724,25.962415812748013,medium,22,3,0,0
25,59.70383788147805,23.10522163049259,1,1,0,-0.7627001716955226,84,8,152.07936384444895,7.783535930974965,low,22,3,0,0
41,35.795050784336695,43.84364945214369,2,2,0,0.2494126790306741,34,23,358.05085031680125,13.932380561342978,medium,22,3,0,0
212,54.41090235261802,68.2674703149546,2,1,0,-0.4347863059221515,76,40,452.25197741333614,23.450544852596742,high,22,3,0,0
246,77.11225908998618,87.39372407164437,1,0,0,0.7431975184318258,7,36,196.96737852751647,27.017036101210525,high,22,3,0,0
275,70.68842071467772,16.818969488466017,1,0,0,-0.512041543714683,75,31,483.6468672854061,10.51536521799726,high,22,3,0,0
296,5.728787431775416,49.83453478227948,2,1,0,0.9076958367052704,40,43,187.09189175419223,14.082173183799258,high,23,3,0,0
193,68.74692837914849,38.79431263976527,2,2,0,-0.983176405715834,58,1,482.1589761570048,10.309845978767036,medium,23,3,0,0
104,24.26709423505419,94.63448871525527,0,2,0,0.3947796590190287,73,0,287.1313265381229,19.588294991685785,high,23,3,0,0
235,7.639663812399309,98.00979891804616,0,2,0,-0.6513603892461555,75,13,246.76132034981083,8.160175106471058,high,23,3,0,0
147,8.664331118437117,66.5067083997375,0,3,0,-0.2346323872849354,63,45,114.07792555392577,17.593511274213235,high,23,3,0,0
242,6.544463347376832,99.89702445519325,1,3,0,-0.1446327287860382,22,4,261.3364258889587,9.766605143678596,high,23,3,0,0
102,68.53596296603776,28.45229233642252,0,0,0,-0.8212256774457447,93,5,253.59149473188904,19.566785067583695,medium,23,3,0,0
64,40.080163404215085,75.03609327460201,1,3,0,0.3053882962573422,96,31,53.88686356027832,17.55868996408586,medium,23,3,0,0
19,29.30655768072504,60.614461090041104,2,0,0,-0.0740147973620832,54,2,129.0982962585622,18.876309709019605,medium,23,3,0,0
270,41.991067091846055,45.882161271655605,2,1,0,-0.2759547375154056,91,26,351.1848561776178,6.033513477201073,high,23,3,0,0
164,58.949475235592985,53.11822842689383,0,0,1,0.6226694320794608,14,12,61.00948905675557,16.715903765516003,high,23,3,0,0
84,47.60181264292182,78.13602716476076,1,2,0,-0.6923110584247629,40,49,339.34240005114884,5.100532518916843,medium,23,3,0,0
277,23.957151621444147,34.40573427492849,0,2,1,-0.49981586832633,30,12,168.2592142137815,25.59030080767443,high,0,4,0,0
206,52.9425241488598,50.89612063293556,1,1,0,-0.5424574774227491,2,46,462.5854198064602,20.071340359414407,high,0,4,0,0
174,9.090521841935772,63.736305416473925,0,0,1,0.3684824881456014,33,23,268.54240292193936,18.383160738537597,high,0,4,0,0
263,32.31097075624042,62.29784748568596,1,2,0,-0.2301279178983317,81,0,425.2276490947697,20.34213396887112,high,0,4,0,0
17,10.804969441026376,41.81905119675306,1,1,0,-0.5149765280951986,53,17,256.2542884781448,26.02042746392732,high,0,4,0,0
86,48.48911755345482,21.94415127114536,0,2,0,-0.7292489566240599,30,2,142.6976030861864,11.62951429360486,low,0,4,0,0
22,48.125785878025134,57.13171363305951,0,3,1,0.0335312437884882,13,16,164.0003521906703,5.096534343751872,high,0,4,0,0
116,61.62346297342535,33.606831596982765,2,1,0,-0.6995874218028661,25,30,56.17872375353246,7.070960449123435,medium,0,4,0,0
68,35.36871184833061,93.20806237715618,1,2,0,-0.3405440964465516,35,18,313.75287811768646,22.003293909640384,high,0,4,0,0
68,9.79118041619323,40.18993985817265,0,2,0,-0.760000357388902,80,25,85.19968755768032,20.76384676688153,high,0,4,0,0
179,63.26161579931188,85.82172568176055,1,3,0,0.9936195777981676,87,5,85.8812365047883,14.876987260748075,high,0,4,0,0
172,20.110993031419557,42.99375381654626,1,2,0,0.2688927227737838,85,38,221.63099327596663,18.03218652530377,medium,0,4,0,0
143,50.10611181679951,60.82338573450724,2,2,0,-0.9957138247876977,24,19,443.2219130251048,12.853680351664185,medium,1,4,0,0
84,11.950220347390992,61.52686624091068,0,3,0,-0.8816904260670968,81,49,468.4676141814272,9.210109145115569,high,1,4,0,0
155,69.43284163311039,46.850070302862726,1,2,0,0.7318459242632376,36,21,244.786585828228,25.322060231559576,medium,1,4,0,0
257,40.505080276788505,60.13759838154569,2,1,0,-0.671368064911094,17,44,389.8659859789503,14.474449930873645,high,1,4,0,0
48,68.86723146413682,69.81826005291768,0,0,0,-0.7588197836365078,36,1,249.62334231157007,29.439677505896142,medium,1,4,0,0
32,20.327858007026308,52.08656835411677,0,0,0,0.0913532980757239,20,14,257.00414136528866,20.4497074781693,medium,1,4,0,0
205,77.14145619695962,56.15151516507547,0,2,0,0.1152290475401349,30,5,246.65008685114412,21.4367642708057,high,1,4,0,0
138,7.536640605140702,13.907351199979974,0,3,0,0.0103025024442551,7,30,263.73636705077945,15.832985081559444,high,1,4,0,0
107,26.43162362722353,45.14463442003448,2,2,0,-0.1651985058096374,59,27,94.41739182653612,6.504172522748117,medium,1,4,0,0
90,34.90278490115955,13.91003879498494,0,0,0,0.2914764083880168,75,24,366.1869848603836,20.39985357359649,medium,1,4,0,0
28,47.90254355305557,47.02941313384321,1,2,0,-0.5046116095267119,38,46,269.4846828491893,27.730378237028507,low,1,4,0,0
45,13.993908594351186,56.66367936855534,2,3,0,-0.5857449795473575,96,33,205.05034839287484,29.93863577822576,high,1,4,0,0
293,28.72961410560606,20.040221703485805,1,1,0,-0.4539815085951917,34,0,180.21454765656,9.08515648686402,high,2,4,0,0
234,28.079712898436146,49.83072107230306,2,3,0,0.9476369642639446,40,18,187.58892834269972,7.406533841162547,high,2,4,0,0
188,7.392596879993822,53.146508933941526,0,0,0,0.5251641879927444,87,22,264.49097513108256,9.74965326955428,high,2,4,0,0
69,13.59379950600434,39.46389765439703,0,2,0,-0.5045592012609172,14,26,209.68065716085215,10.66242418620693,high,2,4,0,0
108,79.33659271062126,71.23068689971585,1,1,0,-0.8829050930334137,49,35,148.42307232771134,8.645663949595335,medium,2,4,0,0
105,28.572489493984943,38.02629635250053,2,1,0,-0.8833526115677106,80,48,225.73791277653743,17.550937434328297,medium,2,4,0,0
203,42.88907077127157,49.817373459347074,0,0,1,-0.1398737092155184,41,42,354.5758914399575,6.344106586179078,high,2,4,0,0
246,38.47217023520928,97.11687374127524,0,2,0,-0.7990352487570904,76,49,459.4408896290712,24.33563397621347,high,2,4,0,0
175,36.86072679521702,28.262035706494757,0,0,0,0.8141069017028455,13,26,95.20301023101332,20.72235213551626,medium,2,4,0,0
215,21.43984308464893,67.76630349399215,1,1,0,-0.9267515001059696,31,27,366.7972508945226,20.15979933837092,high,2,4,0,0
92,66.61629445977285,41.0827183678692,0,1,0,-0.8778067180408833,29,20,339.0005703838845,27.05544002439235,low,2,4,0,0
80,31.27360427984727,39.814406316654825,0,2,0,-0.8081690626676783,63,36,399.5094730801342,10.66290251181071,medium,2,4,0,0
163,71.2317521177957,84.25007940727694,1,0,0,0.1666699909792677,53,29,325.8140167093373,19.443274691425053,high,3,4,0,0
16,50.98595318800847,13.490226490442073,1,1,0,-0.7657608788351724,49,23,290.7486097264201,23.751517060302614,low,3,4,0,0
195,56.28338928771943,94.14080745997596,0,0,0,-0.6672820806633633,8,33,491.9735436996265,18.796737381667043,high,3,4,0,0
238,7.14442320869726,24.775992097017728,2,2,0,0.0783492084482473,80,34,443.0006897916982,28.276386453763877,high,3,4,0,0
275,26.56595321996638,25.870928935834986,2,0,0,-0.9525212694765612,43,8,123.4188984301969,8.012984056698395,high,3,4,0,0
257,33.326272660281944,94.1084293374818,1,3,0,0.5623927388365346,57,49,179.97784357413562,12.98112607812271,high,3,4,0,0
34,61.07590660940834,38.00482979623497,2,3,1,0.6226486317893936,69,14,342.47710749851603,8.47732844645075,high,3,4,0,0
228,74.78565691043804,84.56976814168702,2,1,0,-0.4135753169765803,56,30,329.1329025987287,15.259693632701827,high,3,4,0,0
234,52.29317154719655,41.99724749785289,2,2,0,0.2658949330887217,96,23,474.0343764679026,8.255156418590463,high,3,4,0,0
220,70.69868333286182,34.9553687114017,1,1,0,0.58375292232051,46,33,354.8330935101447,6.75285296332792,high,3,4,0,0
189,40.580515350315125,68.88371660776446,1,0,0,0.4698007849763204,91,17,410.52883115744777,23.199379995197194,medium,3,4,0,0
41,44.90550537582533,46.65101540897345,2,3,0,-0.1579678768578554,86,2,201.1170659807428,28.07815875908247,low,3,4,0,0
103,5.856498932551878,13.138567692453153,1,0,0,-0.4217828160009158,69,21,443.93961062972073,9.404837628441957,high,4,4,0,0
177,10.021907839996048,47.48013360473453,0,1,0,0.5750535602469511,17,40,407.90394310153823,6.878649874595064,high,4,4,0,0
145,67.71833921815278,99.4809064077814,2,3,1,-0.9132901729648676,67,31,270.9986219601029,10.934348278879462,high,4,4,0,0
193,47.26906497825781,71.13767023153434,1,1,0,0.5319874232913595,31,41,233.66111048230488,19.141462526963306,medium,4,4,0,0
245,35.955749094657534,23.86398288954929,2,3,0,-0.8842942658806308,34,32,172.7941584572489,22.43867816098855,high,4,4,0,0
277,36.23358989447398,36.13738366210913,0,2,0,-0.9067109938393788,70,7,165.0590859762251,8.380490595307084,high,4,4,0,0
226,36.10073173227444,61.88113504018454,1,3,0,-0.6420544442471645,22,44,333.776579066511,5.4740407592329685,high,4,4,0,0
284,63.491310654675054,50.39490564939488,2,0,0,0.2425555727657407,63,32,467.1878644288034,8.130748838927596,high,4,4,0,0
134,79.03931237838303,76.94255158478188,1,2,0,-0.2574221168397805,8,31,315.89598824151363,18.42549576500462,medium,4,4,0,0
107,41.15815000678248,41.68153307329804,1,1,0,0.0037418503053434,8,3,66.08132479699758,27.10698568108435,medium,4,4,0,0
77,32.379927695200806,57.3892230451436,0,3,0,0.0702090373688137,45,48,86.9740159218604,26.35164567867684,medium,4,4,0,0
110,12.644995396769067,35.39549897016273,0,2,0,0.2717155457519151,48,47,301.10413086429253,13.166086977799727,high,4,4,0,0
80,79.96876758099987,29.06071806610763,2,2,0,-0.7663454926073645,70,26,184.5960651065102,5.650274771052365,low,5,4,0,0
18,33.15825618260556,30.743869486002502,0,2,0,0.2722771158118517,3,0,388.7450736077888,26.029868218119656,medium,5,4,0,0
241,13.847200194900704,77.58112110269447,0,0,0,-0.162885186057677,99,31,252.2559622452712,8.190259143613359,high,5,4,0,0
78,40.99475394445315,81.62370076246658,2,0,0,-0.8461140010236141,25,4,361.77453312272814,9.514347003408515,high,5,4,0,0
91,77.90830030341098,19.963769137314426,0,0,0,-0.1647227403911031,84,15,187.64860143744403,17.803363574226402,low,5,4,0,0
193,5.0274748747827065,30.0608726031155,2,0,1,-0.5862032029009421,98,45,272.6703749497101,18.069143402209804,high,5,4,0,0
72,25.443903239951855,10.84710130511682,1,0,0,-0.6784439565488614,7,0,235.7402363232627,21.94537023906858,medium,5,4,0,0
243,51.45038359142304,70.68916872203643,1,3,1,0.5686538080349695,2,31,81.79829978815084,18.997545184906866,high,5,4,0,0
123,46.08114199151368,16.344457330283376,1,1,0,-0.1296871297588073,97,35,291.88411605653494,12.989084534783386,medium,5,4,0,0
205,51.31921921899442,39.91146258313947,2,3,0,-0.2770571784033078,3,7,336.9268894129024,25.69678400722128,high,5,4,0,0
91,38.85573443262078,62.626232579432966,2,0,0,-0.1027874979568728,39,28,411.3896690781678,5.6427703478758655,medium,5,4,0,0
82,42.3948532994736,24.261391137373312,0,3,0,-0.4439180798209772,71,19,175.56168879061158,16.92387177955716,low,5,4,0,0
73,39.459791942118926,62.64715240948333,1,0,0,-0.7212292145865633,97,8,294.49124387579536,10.824979085204468,medium,6,4,0,0
214,17.76343073380621,41.65677129983428,2,0,0,-0.1372268326550418,2,19,261.6202875809853,27.382853188608863,high,6,4,0,0
83,7.02131886128909,92.0424991998748,1,1,0,0.8269569767835372,53,30,336.9228776352097,28.59487875653197,high,6,4,0,0
223,42.57043869157629,10.286112404445566,0,1,0,0.2471672698265357,37,48,121.77875743388168,5.847693898820748,high,6,4,0,0
137,25.689594200837117,53.68502742426651,1,3,0,0.6139941699740339,88,21,53.025403948537104,24.91926609641838,medium,6,4,0,0
223,22.807955352601347,16.51220378289975,2,0,0,-0.2094990088024166,68,16,121.42955582736415,13.860205795440294,high,6,4,0,0
238,26.43084679864716,79.83822833584458,2,0,0,-0.8551732721776049,65,22,172.48298273975448,24.32683764532032,high,6,4,0,0
51,16.020407403431967,82.48544630551385,2,0,0,0.2415233183578129,15,28,150.57875085753955,13.98702082582571,high,6,4,0,0
234,58.04573765176126,67.40258206843802,0,0,0,-0.1323336100636341,46,8,79.43178704034136,28.661422454302063,high,6,4,0,0
71,18.268968527966397,95.5354123364131,1,0,0,-0.7602599291842522,65,42,489.89221524731175,21.697104512075995,high,6,4,0,0
98,78.11672945144389,28.19581966757985,2,2,0,-0.1676154660506701,71,30,105.84746603174824,28.90940345566254,low,6,4,0,0
32,57.3363908114255,27.696756816417828,2,2,0,-0.2964133910739035,49,26,88.27068115572385,28.87348055456109,low,6,4,0,0
219,34.3878009967102,70.88581510050301,1,3,0,-0.5762843783939351,31,2,64.13792192633201,16.792732577532448,high,7,4,0,1
232,24.92325739316682,53.90241551054741,1,3,0,-0.5837376123837528,96,17,465.73020841734126,29.43895318498808,high,7,4,0,1
121,54.07731091538053,53.09028024892866,0,3,0,0.778051998161756,13,48,179.27156490926822,16.428200152017162,medium,7,4,0,1
149,10.667392732151695,89.72069057160078,0,1,0,0.6832064219991385,18,33,242.58876206810223,29.14366026728281,high,7,4,0,1
275,28.49783074658208,80.69159363282937,2,0,0,0.9212080071224932,82,23,76.36640502421643,16.558640896647404,high,7,4,0,1
99,76.43226254175686,41.45011055834706,1,2,0,0.0154803488637182,66,17,386.4302918804797,7.990936093774602,low,7,4,0,1
267,51.93367336298641,39.8374347459376,2,3,0,-0.059005047738158,96,0,368.0025104809992,12.614228034328882,high,7,4,0,1
29,47.99113763293043,72.94054207822778,1,2,0,0.8951890050847358,16,37,243.3557318300664,9.49723356916806,medium,7,4,0,1
279,42.62464331845531,82.13681431974788,0,3,0,0.13496381284592,89,19,153.56697484338903,27.24010455576277,high,7,4,0,1
281,50.49603700117282,57.49440337384191,0,0,0,-0.5718896162455989,85,49,266.72595687029127,8.188878897959583,high,7,4,0,1
164,53.71150839118836,77.04920102257826,1,0,0,-0.961583715679662,4,11,50.60692126118101,26.12348410153501,medium,7,4,0,1
147,52.0149253292876,60.36802579649948,0,3,0,0.1327897149325339,19,12,307.34495688094074,11.879593894561332,medium,7,4,0,1
145,68.27940952900879,32.3736302572966,2,3,0,-0.0187339153422576,85,31,338.3135105056801,17.915666242975597,medium,8,4,0,1
197,40.55087313785079,16.08206369652837,1,3,0,-0.2190291263715098,55,33,398.4241462258278,29.545078293868677,medium,8,4,0,1
45,41.95764465070453,85.05143929452737,0,2,0,0.7768158194339256,41,48,472.8723715614072,26.704706341667425,high,8,4,0,1
161,20.95214062957607,37.02116085161548,0,3,0,-0.3989636273662471,17,16,173.15340224528154,23.090432627382093,medium,8,4,0,1
81,16.24614156202084,66.26680522967663,1,1,0,-0.5945903752976691,18,2,136.10256965459507,29.117603292257584,high,8,4,0,1
66,27.181275826907825,67.47696175555006,2,2,1,-0.72590580536953,49,14,306.17000413171536,10.604073363593068,high,8,4,0,1
98,66.81582657096317,91.96165574706912,2,3,0,0.8226108630683031,46,28,408.23363598277786,27.474618725193142,high,8,4,0,1
211,52.58113905654523,51.69035363947837,2,3,0,-0.9536196278472516,8,2,409.9182707414157,8.62438450924073,high,8,4,0,1
109,6.79389669922084,43.99456354795424,1,0,0,-0.0165610064673888,27,45,392.25790459982375,16.009866808244503,high,8,4,0,1
65,70.02052243624743,37.16608360623431,2,2,0,0.2904301400259865,77,34,96.0229831189984,9.87678282567855,low,8,4,0,1
156,49.30653693165456,42.06410958541391,1,0,0,0.051350899504645,33,8,257.853134780484,18.026159921045384,medium,8,4,0,1
133,68.29742410310712,73.5992705690675,0,2,0,-0.2503973477441659,32,1,84.66693956406024,18.245307804685304,medium,8,4,0,1
73,52.57431937237401,51.3151128812887,2,2,0,-0.9333200513043372,92,31,121.26121892434202,28.252408996422638,medium,9,4,0,1
30,71.71203979962259,41.96970782282103,2,2,0,-0.9350818029096886,58,9,311.82601557124264,15.267543393068252,low,9,4,0,1
187,16.05428060235293,22.892760014876856,2,3,0,-0.2438200653793247,23,38,476.62922805740766,10.79803818327162,high,9,4,0,1
118,33.75746512802682,10.10895174231112,0,1,0,-0.7726830981129023,62,4,131.6373239323831,17.569429907195783,medium,9,4,0,1
79,77.28473847692078,41.439790684262974,0,3,1,-0.2722319235921191,31,22,468.1029423558798,26.978679827821708,high,9,4,0,1
156,26.83312519327636,40.122411678079615,2,1,0,-0.3542196285855779,44,16,289.53277085193747,29.70326169146684,medium,9,4,0,1
257,60.75058766933459,38.94407691795576,1,2,0,-0.2600463797210783,34,43,369.9886915132741,18.879207970801858,high,9,4,0,1
140,52.761192506875865,30.475028252320577,1,0,1,0.7460345139032771,37,2,485.345631245241,29.719836680854044,high,9,4,0,1
209,39.45159146153616,44.09947221411672,2,2,0,0.7811886929951968,70,29,347.5071257144514,25.41859980017467,high,9,4,0,1
37,70.55477696561216,25.18157690191742,1,3,0,0.3556277853277403,24,10,313.0460185131502,26.930363394670717,low,9,4,0,1
140,36.55941180850989,90.59695778527134,1,2,0,-0.703898749851317,57,1,202.90683090186025,18.703725006402244,high,9,4,0,1
143,48.753448011993534,28.734319426777617,2,1,0,0.7083303609840899,31,46,464.7073661634488,24.772618108192965,medium,9,4,0,1
245,73.94032907239387,50.21141471860657,1,2,0,0.7680037009049401,5,44,323.74420417533213,24.700451960529584,high,10,4,0,0
129,14.37854882675722,86.07726427791069,2,2,0,-0.3880141015786351,33,28,170.81839627387706,15.571353145756648,high,10,4,0,0
136,33.341862711134425,21.33149586460573,1,3,0,-0.7766793785232724,53,41,147.99981770178127,29.40515944881241,medium,10,4,0,0
93,53.618760873123584,34.06963661667551,1,3,0,-0.8547519194288848,22,26,337.8829744507199,15.397794632248624,low,10,4,0,0
41,67.98958228728559,55.51808405410602,0,1,0,-0.6560590133029316,24,33,342.0920087061316,9.646097547473389,medium,10,4,0,0
229,17.48346596717939,36.25815039859798,2,0,0,-0.2737894827419667,48,35,343.9791696257056,28.63072377371142,high,10,4,0,0
67,41.84389755300564,81.40564512244354,0,3,0,0.2648649883565805,14,26,485.805491545525,22.51807141272755,high,10,4,0,0
24,52.283989273892345,36.31366119789982,2,1,0,0.432102180510914,71,32,163.8526798223824,15.864667845792484,low,10,4,0,0
194,21.53758360769655,45.43721759763461,1,3,0,-0.8420868443049403,11,45,181.68001464384028,26.755089202795347,medium,10,4,0,0
291,74.57726352542488,35.023884904226634,2,3,0,-0.8939120676233567,44,26,127.5592423916784,28.730648262565417,high,10,4,0,0
52,77.78162712505362,38.46483609013476,1,2,0,-0.0540280432884996,97,41,217.24278860110945,13.757017486651735,low,10,4,0,0
290,9.77410747036166,10.54784482304245,0,2,1,-0.4335456156732757,85,31,413.8152728750928,11.98638255007688,high,10,4,0,0
121,13.661878436763956,88.21767166103481,1,2,0,-0.1571125173804557,11,18,412.3109970161904,28.949622697834634,high,11,4,0,0
124,21.11760696947854,50.0837744928545,2,2,0,0.4641688492676887,8,25,136.06861756420312,29.008796626822043,medium,11,4,0,0
242,13.468849665868092,53.905228025797385,0,1,0,-0.6795280013605625,77,49,456.1002250902243,26.749463128289896,high,11,4,0,0
208,49.17048361154665,91.78580318820626,1,0,1,-0.3586366270246603,30,45,409.62243191412966,21.16619442354129,high,11,4,0,0
129,16.2283648748697,68.37185435866213,1,3,0,-0.4168521883445535,35,8,171.99804827971434,8.742292118588908,high,11,4,0,0
12,25.7266439747944,84.42048532117803,1,0,0,0.6397025277289992,20,26,256.3036021708733,15.38539865957962,high,11,4,0,0
245,47.00457644274523,67.81955037743205,2,0,0,-0.8164325601135192,79,9,427.2604286387685,18.60445252500425,high,11,4,0,0
93,19.49123064726352,97.95337121117686,1,2,0,0.0930467356877615,22,9,91.03759356220776,26.65174335908197,high,11,4,0,0
109,15.511648000668938,76.91772310660821,0,2,0,0.1957547460027031,58,27,186.3837109706361,7.277081683606849,high,11,4,0,0
36,79.19283061029202,53.63746253247668,1,0,0,0.8392061338406027,4,32,166.94322943958775,13.923058831117489,medium,11,4,0,0
17,8.293596609656735,74.56625980537159,0,3,0,0.5783610707727869,82,15,431.6333298013235,25.66422544003937,high,11,4,0,0
272,29.740921211120643,30.65506629760976,0,0,0,0.5913623466521074,68,0,102.93229318920795,11.04352039516226,high,11,4,0,0
72,32.376598463813025,62.280484671302574,1,0,0,-0.917318934475802,71,47,416.8434631974405,18.357268141731964,medium,12,4,0,0
121,59.9692489750932,87.60662595388537,0,1,0,0.4611726532704321,49,17,60.21232207728145,20.415334017157228,high,12,4,0,0
54,23.082023999488666,91.4788970845802,2,3,0,0.4697301678162366,40,10,139.42394233691766,18.386243339872323,high,12,4,0,0
131,21.793593820889853,60.70548996564776,2,2,0,-0.8304205305930052,57,0,393.85000045253,12.334398988360991,medium,12,4,0,0
219,7.967107832513187,62.00726282155031,1,2,0,0.1720178623633428,49,45,331.3387685124512,6.772964626860881,high,12,4,0,0
150,72.19289038833047,35.4469794421824,0,3,0,0.2605775142613533,73,26,335.9216083829762,26.28925775143027,medium,12,4,0,0
182,58.03150772761102,55.45483174646123,2,1,0,-0.5059557200860803,58,42,318.2300236826147,28.965553130488946,medium,12,4,0,0
92,5.047025644612883,87.92542548942437,0,3,0,0.9737986801788086,5,24,479.3480423385208,5.054064261137865,high,12,4,0,0
164,10.92956986203271,79.97152582428632,1,2,0,0.9551606059416996,12,49,219.82543762239905,9.884476885900202,high,12,4,0,0
121,33.93109452495831,67.91521308615945,0,3,0,-0.4406031214750303,12,30,368.518593231813,29.27119723676511,medium,12,4,0,0
250,30.6671547572821,21.501817343365715,1,3,0,0.5561475563564482,39,37,480.23939937392186,28.68305897541587,high,12,4,0,0
264,64.06800473895512,18.96408559279876,0,1,0,-0.9282341634934363,64,27,302.93335042076234,20.099100618820028,high,12,4,0,0
205,74.18574161737158,40.37131795212973,0,3,0,0.3813914172718615,81,19,292.1798091622724,14.462019350821883,high,13,4,0,0
232,69.29601025724489,89.29297086844247,2,0,0,0.0578768806280172,76,4,108.73966777675656,24.879974442875856,high,13,4,0,0
140,36.02331586385351,59.99253807920172,1,0,0,-0.9048852015574996,87,10,209.44373308361693,10.998084689910227,medium,13,4,0,0
65,55.5479207919155,15.062427818240453,2,0,0,-0.6651801347492388,63,19,493.8892203796019,8.701331169480584,low,13,4,0,0
252,58.371192945890336,77.94233181973857,2,0,0,0.0712192061744234,51,18,293.39258718148244,19.002691788889933,high,13,4,0,0
251,34.36576366350517,40.1977551808279,1,2,0,-0.1940240599255198,82,35,415.87104814935526,11.514445232351664,high,13,4,0,0
211,57.454243880686825,52.70074171326992,0,2,0,-0.0188395826921046,65,9,372.0008066101507,22.919643828757074,high,13,4,0,0
83,65.85246806721744,40.94149152944616,1,0,0,-0.4477806411646141,46,15,449.9821307106944,7.278469766421481,low,13,4,0,0
224,69.61233369350533,84.6055024909605,0,3,0,0.6574679944982551,87,10,309.0269546439205,20.696543356738125,high,13,4,0,0
245,14.07001635235393,26.803150718402257,2,2,0,0.3728046721333051,16,38,81.62043852383012,10.46086670575111,high,13,4,0,0
95,9.604352832282691,89.45212142251067,0,3,0,0.3553805935774965,84,44,302.84338653034536,15.899167081094724,high,13,4,0,0
170,21.561163076662773,62.00565856125027,2,3,0,-0.7084765765999985,43,1,101.88081747523404,7.410039445678866,medium,13,4,0,0
252,24.53053951180289,78.05308221318771,2,1,0,-0.3106404811807768,66,46,415.7858278297381,11.136204620569336,high,14,4,0,0
260,45.09925392745416,82.71663090335215,0,1,1,0.2778744963508761,23,33,300.49885444583765,26.24775207476973,high,14,4,0,0
139,44.96868117923724,30.647513349827257,1,3,0,-0.7370254319964684,95,40,115.78493191482916,7.865189406946136,medium,14,4,0,0
282,65.43179898405367,10.796490236673016,0,0,0,-0.3153958648282511,94,10,374.7553791470966,15.867521437376713,high,14,4,0,0
58,52.40526792511864,88.8723128545665,2,0,0,0.8673960550267821,70,3,487.3518147496071,24.69076639609091,high,14,4,0,0
124,11.237244647348998,45.67577210050751,1,3,0,-0.5936623608816405,20,29,272.4687916941139,5.812952495475461,high,14,4,0,0
54,78.22175598231527,50.12051597851264,0,1,0,0.2142922357807963,17,8,314.17860272281496,15.219895060038256,medium,14,4,0,0
262,74.51852802620402,75.49312901422354,0,3,0,-0.353997051723572,10,23,355.61813476505625,24.085950161643595,high,14,4,0,0
275,24.432364887797902,74.89880680931738,2,0,0,0.907988988582012,68,3,357.9011925746191,5.129564244502742,high,14,4,0,0
51,55.43469879266512,39.26336274115188,1,2,0,-0.7363770285218951,75,30,310.1641801992217,12.414384968627107,low,14,4,0,0
237,76.960375054037,54.54266358722364,0,3,0,0.8007256054630603,12,4,422.47515510928565,29.308544473186533,high,14,4,0,0
138,27.495168732278245,58.70524033688404,2,0,0,-0.1933778063448634,5,15,66.71323067448104,22.491817678565635,medium,14,4,0,0
34,64.4746048984255,77.21140224661144,0,3,0,0.4022627605917184,44,5,229.0146473474253,15.02835244840347,medium,15,4,0,0
260,73.21217159496189,99.7732503024548,0,2,0,0.6815818875313504,29,43,221.64957614871645,23.983019656713147,high,15,4,0,0
78,33.20714468524966,61.999529240733104,1,0,0,0.4587353983352022,99,23,254.6035398065409,11.13111585525623,medium,15,4,0,0
207,55.37156589381488,82.24116852269603,2,3,0,-0.4645031936328916,62,45,373.03886863487054,20.042965234046505,high,15,4,0,0
44,11.775248100853831,34.3078116574989,2,2,1,-0.5531052068178903,90,35,166.072416701958,27.714153868254865,high,15,4,0,0
40,27.51027693187472,83.54427552224247,2,2,1,0.4344980158650771,35,22,453.1059235088703,22.863274603458063,high,15,4,0,0
278,62.186295829147,49.31649520675147,1,1,0,0.6969894409040862,26,3,52.36971974613073,28.445366904558863,high,15,4,0,0
159,45.068398013718856,65.6334672638136,1,0,0,-0.7589472978254053,75,25,255.0958805626447,28.709640438407003,medium,15,4,0,0
168,34.58798593536689,61.59022003394789,2,3,0,0.5956758510312121,27,9,217.4958481630208,23.84666027647011,medium,15,4,0,0
255,77.11472232263824,14.100249282612044,2,3,0,0.7208161813088954,92,47,71.74554660123928,19.62569974353981,high,15,4,0,0
210,5.058904273338506,47.20731165211401,0,1,0,-0.5004865682915223,77,47,297.80754216868525,21.11228994822777,high,15,4,0,0
218,50.35932409540414,30.07564925999109,1,3,0,0.8239664061885688,10,33,126.53464731230343,28.27752683081405,high,15,4,0,0
222,48.37214351574082,40.844473990676335,0,2,0,-0.002703490363326,12,22,417.3436668150633,23.272108009860137,high,16,4,0,0
24,72.54802584896386,31.16379280383472,0,0,0,0.3057421110371103,79,36,358.7284442169383,19.03256358687945,low,16,4,0,0
17,42.60559741765893,36.9538308600296,0,1,0,-0.9908348429288524,65,30,488.8382577362795,15.500042499991135,low,16,4,0,0
195,48.55904827994435,44.74078465068818,2,1,0,-0.8973733109603454,89,4,218.86596320382884,20.94398552141018,medium,16,4,0,0
170,40.65244868254674,92.42155153220656,1,3,0,0.7808892523042892,41,24,97.5996856097562,12.45089465886984,high,16,4,0,0
193,38.73797085443086,60.931459901206445,0,1,0,-0.7824646318200741,93,36,382.4328349469175,28.0244026637066,medium,16,4,0,0
244,37.95170321988533,20.50898451723743,2,1,0,0.7876113485507426,51,46,240.4451704684529,18.28133337190865,high,16,4,0,0
202,20.69412023495543,44.29408075897192,1,0,0,-0.861475900983512,60,44,195.77171144689012,26.33541777000324,high,16,4,0,0
85,77.12355201156288,29.469985553845152,1,1,0,0.8829120371726247,56,32,265.1071323967864,25.18113348103374,low,16,4,0,0
190,67.49684283553114,78.95804318781153,2,1,0,0.701348089767494,1,44,62.71308584738115,8.72385905682038,medium,16,4,0,0
78,64.78385465194597,26.314780142395108,2,3,0,0.2757652346689216,23,17,318.3164758418398,24.8536638229535,low,16,4,0,0
229,77.87058815002254,25.48933566088226,2,3,1,0.5621284457310787,19,1,454.9599519621636,5.931503044326865,high,16,4,0,0
73,16.558446646337245,31.84109701542373,1,2,0,0.9705925542710871,44,13,383.1211719793846,27.022384193821924,high,17,4,0,1
261,29.316655613250248,12.853535113704464,2,1,0,0.6063803084757038,72,49,425.1160630572746,8.445381380398294,high,17,4,0,1
44,29.962963607233,84.78252896622585,2,3,0,0.840540482066644,40,23,326.6472704971339,20.872576855066452,high,17,4,0,1
81,64.96920076169943,67.6795311018937,2,3,0,-0.5015363888749587,38,30,466.3152276952152,17.36543381902017,medium,17,4,0,1
249,75.6139360865273,90.83039618221969,0,1,0,-0.5332387253261452,31,38,488.510224191736,23.851802789043496,high,17,4,0,1
73,61.75685485646692,90.7896974581042,2,0,0,-0.8125447244534061,62,19,261.8693462071453,18.447753583763745,high,17,4,0,1
180,51.972748640526845,20.37052968617731,2,1,0,-0.1277793229594621,9,18,100.33704701938916,7.11443188314985,medium,17,4,0,1
154,77.75432187565917,72.91842650239946,2,2,0,0.7790549992229012,98,8,103.66811048211385,14.875816953955043,medium,17,4,0,1
172,62.90328865506809,25.18017316978146,1,2,0,0.9048030700502016,88,12,338.5964110284549,22.933345034172746,medium,17,4,0,1
21,58.74077589193554,21.726042343539305,2,2,1,0.0561375142989191,30,38,287.98526501892013,7.6953372746044835,high,17,4,0,1
19,53.16963132905722,24.025579054435035,2,0,0,0.2439078974869371,58,39,301.6766952132022,22.103030550466443,low,17,4,0,1
77,75.3473331210873,84.91282873694598,0,1,0,-0.4418457003734413,63,11,297.64024530207143,17.789719167907137,high,17,4,0,1
240,22.80169897860449,35.75256309001648,0,0,0,0.5461057030681027,23,5,94.38214354918388,20.292482259309907,high,18,4,0,1
258,23.074322446978968,72.51592376138457,0,3,0,-0.0568416861133018,2,16,385.29715801586434,19.44560631582584,high,18,4,0,1
90,8.650552151853512,83.09119199702015,2,0,0,-0.465934639321393,5,47,114.40598592476744,11.66472091860738,high,18,4,0,1
12,47.77922007461785,43.33870915370192,0,1,0,0.8482678322554751,55,2,101.3598864093581,14.96363407634313,low,18,4,0,1
46,38.55185140676313,42.588142845354405,1,3,0,0.4136610623108887,6,4,445.7712847267798,14.908629462720436,medium,18,4,0,1
73,42.01264407845307,22.302831033096165,0,0,0,0.3844816616339843,88,41,70.14524539908693,16.763538363181368,low,18,4,0,1
115,25.155541921964083,88.34781386911465,2,0,0,0.2393100798035423,42,31,138.31376194813157,28.86954418058893,high,18,4,0,1
289,62.853982850095385,79.24920338688133,1,2,0,0.4449637816610923,52,43,92.37240296976891,12.89748538502906,high,18,4,0,1
194,8.54120002988856,43.95116845610695,2,0,0,-0.3915611539406152,48,23,270.46584091040006,15.77921600865774,high,18,4,0,1
289,60.403734053695416,75.94841997906035,2,0,0,-0.3987866223939089,84,28,448.23535220657584,5.254335581621396,high,18,4,0,1
160,6.097994630923166,74.8702891868284,1,0,0,-0.2436762453850562,46,7,101.31382183699694,18.66643280225051,high,18,4,0,1
296,22.209597232345796,28.016543888291665,2,2,0,-0.7226374185333255,54,16,140.61442131186004,18.93267424513888,high,18,4,0,1
285,45.15127202461288,18.836276226028357,2,3,0,0.2088131933875041,93,29,132.14696920952412,22.85472440742144,high,19,4,0,1
166,36.35754950644088,35.420641459967385,1,1,0,0.4131491670261591,77,25,415.549590233153,28.492885236824183,medium,19,4,0,1
108,45.31057784447424,35.5486206149044,2,1,0,-0.3630413579660421,36,10,313.5737036316725,5.941302394898094,medium,19,4,0,1
45,35.93813177460376,17.21518767113265,0,3,0,0.006707485770117,88,7,349.37591706284326,27.43468500621604,medium,19,4,0,1
102,21.902640255976777,13.203740959615743,0,0,0,0.306789496719714,61,34,205.79282582627823,23.04507814073473,medium,19,4,0,1
230,58.17905597309211,87.15527590817729,2,0,0,0.3205014680962197,93,47,256.938649678249,6.3131760342588805,high,19,4,0,1
115,18.351562850126054,10.553331132746768,2,3,0,-0.0820960510061532,98,23,193.2404034145396,28.89340603308419,high,19,4,0,1
283,69.18856628211074,46.05698701851095,2,0,0,0.021052590573368,14,6,490.08499420635695,25.658120021037067,high,19,4,0,1
213,18.87412887607676,43.8906721019442,2,1,0,-0.0426776941037938,19,25,234.74123308990067,7.595508903225369,high,19,4,0,1
272,9.957344062166548,98.9845843167412,2,2,0,0.3007250383082578,73,7,130.11304750526898,20.43519570346139,high,19,4,0,1
287,19.95363327285577,62.87662560566128,0,1,0,-0.086163852626433,10,14,123.58501127221182,8.539738432923883,high,19,4,0,1
242,14.952665927037089,25.209700900624867,0,1,0,0.837528852657389,41,0,65.01522573537179,29.17731420655181,high,19,4,0,1
175,28.4649169168411,15.807686928852224,1,2,0,0.381071863823424,48,14,136.33891620721676,23.356783944900005,medium,20,4,0,1
213,30.418835103304893,88.20431176273541,2,2,0,0.0534768811608075,56,16,176.24393005164166,12.005625631474013,high,20,4,0,1
295,43.21978125100573,86.66059404885755,1,0,0,-0.2743329834196064,21,31,428.61177690067234,11.904484617448997,high,20,4,0,1
30,24.28730706482396,93.9645712612116,1,1,0,-0.0855934595125997,33,35,464.8957709903253,18.417136476997914,high,20,4,0,1
166,46.6319348739066,26.65767104503952,2,3,0,-0.2442306135367558,43,46,89.69467821413011,15.059935221322522,medium,20,4,0,1
256,54.31558696591949,95.2874208712467,2,2,0,-0.9330881893066044,57,21,340.80097596320144,17.336320298140492,high,20,4,0,1
225,19.739057966296173,95.78613015502438,2,1,0,0.7856055156755279,94,42,62.294988049286495,5.608684219124717,high,20,4,0,1
92,66.30481041362589,46.07763628874706,2,3,0,-0.2569715362214604,7,38,405.82537791522486,25.260295138582944,low,20,4,0,1
191,7.989685685088672,65.03369313983985,0,2,0,-0.5149924870488352,97,24,285.0250376495708,19.869923874919536,high,20,4,0,1
299,38.513737460040645,56.92750275566453,2,1,0,0.2744602652766423,66,9,210.57777158227844,7.855907917049011,high,20,4,0,1
188,12.9954567897539,68.20703187727952,2,2,0,0.4700554269425998,89,0,112.41721980051872,29.94790432340621,high,20,4,0,1
213,38.37136921407168,22.70002913268946,2,3,1,-0.035685550694563,18,42,420.4482796455916,14.52082258445861,high,20,4,0,1
22,55.40155819343771,72.0264065474669,2,1,0,0.7935383885165666,29,25,130.71406863587703,10.806099947422837,medium,21,4,0,0
160,25.83838857526228,12.357420842807326,2,0,0,0.8554793062290573,20,44,329.6458174531409,27.27739360318173,medium,21,4,0,0
255,20.226135397972968,59.627849355770536,0,1,0,-0.6012988953442275,82,35,494.6455034734131,12.110802404819225,high,21,4,0,0
47,17.244491434013142,62.67641941209841,2,1,0,-0.1580896967182987,36,0,384.9174834126741,21.915425166382768,high,21,4,0,0
230,49.12733714547868,66.7929415754046,0,3,0,0.5765245177959826,10,40,399.37234715841527,6.838577340957039,high,21,4,0,0
270,59.458955660875645,53.19805847587187,1,0,0,-0.4545068124095417,73,25,172.5705952150538,11.77209115393787,high,21,4,0,0
229,64.7641759228332,70.7704708465867,0,3,0,0.2047576573993077,90,28,251.14906525877885,14.797852981740428,high,21,4,0,0
232,73.42782422549257,52.51519762321188,0,2,0,0.6686775257067865,64,27,315.1812262420332,11.54221558569202,high,21,4,0,0
123,78.37375267703474,22.21240407323932,0,1,0,-0.182183962228039,91,34,155.8913195033765,5.4129970230409565,medium,21,4,0,0
76,68.35891053491449,27.156288963757277,2,0,0,-0.7598021285796313,97,24,461.4361326486915,22.620754683131302,low,21,4,0,0
216,39.17227805000917,24.87064830981218,2,3,1,-0.5444772561520681,76,41,450.4968743110797,8.192940537398066,high,21,4,0,0
76,17.640563930136228,71.39689830189349,0,0,0,0.9083070385897192,42,27,396.7048415953989,17.196396190514406,high,21,4,0,0
254,49.49398324446179,80.02826905910656,1,3,0,0.7997786748637981,64,18,258.62760915034653,12.17832849976876,high,22,4,0,0
266,68.35020798412961,81.31131540625533,2,2,0,-0.7823719730838168,9,12,437.04699983141,5.376560071576093,high,22,4,0,0
87,20.79430473732504,16.62914607099712,2,1,0,-0.1390619984652492,27,12,398.1618140479882,7.787366375516978,medium,22,4,0,0
210,13.659725112490609,66.5302491260394,2,2,1,0.238285511204225,38,17,106.32178383628634,20.116101232653428,high,22,4,0,0
48,55.44392503110423,54.78317881982576,0,1,0,0.7726140790495251,88,25,492.5000333995514,12.76075717333264,medium,22,4,0,0
185,25.58742076792632,98.6106704290724,1,2,0,0.3552366662436685,21,0,240.95378849222868,20.54896981301613,high,22,4,0,0
38,62.21715372952892,19.225417387201126,2,3,0,-0.1499046367445757,9,13,442.0530932734048,9.6322424740051,low,22,4,0,0
250,10.811449190399635,48.003567612010265,2,0,0,0.2590717074471549,30,38,131.5770132674138,10.379158455160043,high,22,4,0,0
140,53.2513014631058,27.816305409975328,1,3,0,-0.5798740507919773,82,18,165.2128794309421,21.71610576609236,medium,22,4,0,0
186,77.92566338061127,45.630547733324775,1,1,0,-0.0475922478400037,27,41,125.79888580180078,6.815562435110343,medium,22,4,0,0
267,19.10955861042884,73.94378406185758,1,3,0,-0.8926901331609278,24,1,257.8072676950474,11.607570669085286,high,22,4,0,0
53,46.671713911898095,36.803785925290285,1,3,0,0.9688751345974472,72,23,130.11341202713885,18.63935170044765,low,22,4,0,0
137,47.10487181266964,47.41772585201381,2,0,0,-0.4877984352817437,85,27,437.7981029575439,18.75002310751806,medium,23,4,0,0
211,39.96505459757972,39.67180909027535,0,2,0,0.2857017400787138,50,7,264.66341285642045,12.872281480724672,high,23,4,0,0
130,35.76469438558925,79.0543744565268,0,1,0,-0.9579044224611292,37,49,81.63313341875809,26.096842766846315,medium,23,4,0,0
163,72.18669424654377,39.046522346413184,2,3,0,-0.0430826833970472,23,48,341.02999903864963,26.816426127601098,medium,23,4,0,0
150,67.81426557044753,66.68145775464811,0,3,0,-0.3335525987210865,14,38,334.3817852068232,16.4278716617927,medium,23,4,0,0
59,25.21667241689168,33.927094175151055,1,3,0,0.3882950047842484,56,30,488.5529339053845,10.473495757866448,medium,23,4,0,0
225,73.90603515342735,56.84636690530438,1,0,0,0.1123639785120766,44,42,236.36105526850977,28.940883166074972,high,23,4,0,0
244,53.8229378317364,26.62712887314326,2,0,0,0.6008776524599979,97,9,235.15238373483905,24.069055513812582,high,23,4,0,0
130,46.81799036491378,73.47643760689,1,3,0,-0.8571703031900679,33,33,288.4901137548422,27.83047533631964,medium,23,4,0,0
254,35.82477339736107,60.81756661101563,0,2,1,0.5175958845705895,74,39,262.08643206331635,28.55544141202204,high,23,4,0,0
208,33.759363454093474,33.73844255532956,1,2,0,0.9664226496657996,86,22,94.23189311507276,19.76456497406861,high,23,4,0,0
204,8.103984660747367,47.65615578115327,2,3,0,-0.1341279414205758,51,2,82.78003209733467,12.863537358683736,high,23,4,0,0
156,64.76859077776942,50.75561996913891,2,2,0,-0.6124566564345757,21,47,475.11552126667806,9.305271459627203,medium,0,5,1,0
92,78.90433440337874,23.817556486333373,0,3,0,0.2058701481910676,47,16,367.8627075465916,24.61150349749452,low,0,5,1,0
60,47.236144235145225,19.90821562215812,0,0,0,-0.9374138660089342,53,40,118.4312927792712,23.70125815765941,low,0,5,1,0
170,52.86272877150191,12.360028023613534,1,2,1,-0.2418362380272256,42,8,124.04330962354396,21.895801872818573,high,0,5,1,0
54,21.139273952090928,63.30907172259254,1,1,0,0.815547453571076,59,12,297.11621261606194,28.2465090796376,medium,0,5,1,0
36,26.609249639238637,79.13328397314396,0,2,0,0.9663636292230202,29,37,449.5544365894459,18.87606339496704,medium,0,5,1,0
82,18.260390788346115,39.41842088017761,1,3,0,0.1180862789399002,56,6,373.3166559890816,24.15530151273534,high,0,5,1,0
211,58.60716822671705,73.98902575695121,2,0,0,-0.4023810900378752,4,49,467.3512269482131,8.324165324692874,high,0,5,1,0
185,67.43164608508889,57.44677127377935,2,0,0,0.5032707104613614,45,9,63.88231463041404,21.624458088041383,medium,0,5,1,0
133,16.536720733613933,37.21038087248796,2,1,1,0.1753383283766627,87,2,463.4349000774665,12.188655437550327,high,0,5,1,0
219,75.25711151614603,61.98389909203371,1,3,0,0.3821144094119113,89,13,158.5557558503627,17.290931603418123,high,0,5,1,0
231,73.59719266286294,61.85371468953956,1,0,0,-0.7617945861243658,89,23,401.77488319881934,27.73864032619168,high,0,5,1,0
71,78.81368650418459,56.73424565785058,1,0,0,0.8640797553856086,24,26,106.25807348377832,21.714373278654413,medium,1,5,1,0
46,29.97733018350125,59.1309484072286,2,1,0,-0.8511145559071667,49,12,413.945694812828,20.360394527711637,medium,1,5,1,0
112,14.886492578974742,18.313396967990265,0,3,0,0.1917002982555515,32,30,413.54428212183376,23.62573313341896,high,1,5,1,0
27,6.172583063758884,69.47341069009397,2,1,1,0.5796695941405796,79,49,223.8824633351909,7.513375693047271,high,1,5,1,0
110,71.51498561911004,82.15308751748447,1,0,0,-0.4097487289492898,38,31,352.453097664231,7.870091679946551,high,1,5,1,0
231,38.62460867230859,12.866801263546154,2,3,0,-0.4574229365367166,46,28,123.67132744425068,16.53870351631729,high,1,5,1,0
223,26.444112947889963,98.6734071737237,1,2,0,-0.2159778094486257,34,38,491.0119950678893,17.25702304532374,high,1,5,1,0
187,71.25279234285885,66.49036352378434,0,2,0,0.8203736936722013,75,48,90.47209537223786,23.49833521222815,medium,1,5,1,0
232,69.56014559542027,98.872210175272,2,0,0,-0.7274536454803981,25,49,420.4509073343373,29.77514795348815,high,1,5,1,0
55,49.96373128945275,42.68834980927089,0,3,0,0.8123653533131845,3,2,86.33275622496166,15.267272146346968,low,1,5,1,0
50,6.347077261970245,60.768376766914905,0,1,0,-0.0201145331011292,33,16,342.3479887983206,7.934707914360074,high,1,5,1,0
13,70.59917761747046,82.75159217863137,0,3,0,0.939074764896472,12,14,382.58173337118615,17.610778125002234,high,1,5,1,0
81,63.92976721484861,93.19197094781056,2,0,0,-0.6595522117665071,43,37,397.6908651331447,19.06531446816439,high,2,5,1,0
178,8.357673816968582,95.4259430083587,0,3,0,0.8048969669554693,51,5,149.9526317689124,8.809953367929577,high,2,5,1,0
170,45.54800823512604,51.51581490223332,1,3,0,-0.0938739878244661,95,17,207.16703601034,8.484277626921992,medium,2,5,1,0
108,66.72214357243412,59.046292625530576,2,2,0,0.2545800619866758,57,29,442.7105965926188,6.863138708784284,medium,2,5,1,0
173,54.3543227965292,56.81114445421075,0,2,0,-0.5072695677817742,51,38,151.69946938293305,23.64113821212657,medium,2,5,1,0
161,55.2458023434837,80.83502152144831,0,1,0,0.8669044208651491,2,10,447.594844116395,11.687161714758824,high,2,5,1,0
266,6.218015969429715,39.72476743117659,2,1,0,0.0997106909598684,77,12,225.73332086119416,25.556285577824767,high,2,5,1,0
213,78.53100519456989,34.76931027944943,1,1,0,-0.6743091433064505,8,49,452.86661299632976,18.207860733867577,high,2,5,1,0
84,14.412392337584654,13.077646538294406,2,1,0,0.532292825088873,93,23,492.1875967692214,13.137027576446824,high,2,5,1,0
44,25.21076815443137,42.93616344054324,1,3,0,-0.5546282225419286,33,20,177.47267525397507,18.698888659047316,medium,2,5,1,0
131,78.36539732004314,27.36254409704509,2,2,0,-0.7562724948483297,30,12,396.2378628385257,27.258058523790005,medium,2,5,1,0
276,22.28399263923654,52.662060876473326,2,0,0,0.2868156072771937,77,33,212.0157013103008,27.651182018005567,high,2,5,1,0
43,61.23803636724541,39.08748008590174,0,2,0,-0.0978157802539756,36,15,409.24434106241097,26.88975295952221,low,3,5,1,0
279,57.18977979801303,86.73867719601994,1,3,0,-0.7819122464619812,26,41,315.51918586775207,12.998657583714785,high,3,5,1,0
31,60.57700056148361,74.22424065803142,1,3,0,0.3775974134723845,50,30,102.3973445695323,17.12508150259268,medium,3,5,1,0
20,50.602112779202805,11.062287710649787,2,3,0,0.5735966435477879,17,5,425.0085988125833,11.70424333587375,low,3,5,1,0
42,71.56165346670258,89.56088003802441,1,1,0,0.5984940962999348,89,45,356.5111450550443,8.322128103356771,high,3,5,1,0
283,20.45352733737393,43.13222693935485,2,3,0,0.9255713447889646,33,23,375.2119081708233,24.333842757986943,high,3,5,1,0
283,29.94939632348277,97.3910238542436,1,0,1,0.7811091377377837,79,4,60.17190772708743,12.043937192596132,high,3,5,1,0
163,52.5684953097497,83.50247089375819,0,1,0,0.063322865834833,66,42,266.4277289544905,25.473063745278715,high,3,5,1,0
167,76.31286410987028,45.00318559281893,1,3,0,0.9057868546906978,42,28,457.66167233986073,20.887001348041245,medium,3,5,1,0
14,8.440097746039708,91.8405267435711,1,2,0,-0.5697402993053546,25,43,118.64374683529051,18.805055606948866,high,3,5,1,0
110,42.24783795795535,16.588300033293706,0,3,0,-0.0015138542771138,83,36,70.53469033506605,6.97540135886233,medium,3,5,1,0
90,34.236572205967626,37.45347069460023,1,3,0,-0.5240701364447415,99,47,180.22385214922963,9.60266836519102,medium,3,5,1,0
229,53.095705805065,33.92635322298817,1,1,0,0.1329128254028342,42,24,436.1076424392515,21.54949562456003,high,4,5,1,0
182,77.08559277953343,57.18776550178044,2,3,1,-0.1617258166449948,56,29,283.56085948830344,19.99190011584334,high,4,5,1,0
47,51.21031234999973,15.012686272612848,0,1,0,0.1514340367249684,42,23,126.1044175594921,13.589741331256198,low,4,5,1,0
267,47.63132148197372,66.55008229749365,2,0,0,-0.8509060474783197,6,33,443.5052751429446,6.888306027131459,high,4,5,1,0
297,18.86731091939211,98.14676527731667,2,2,0,0.879772572912215,80,18,444.3409914283131,23.31240583024147,high,4,5,1,0
175,19.1622166801832,80.0362161896229,1,3,0,0.3932093034064881,30,34,206.149109447316,15.785064330608426,high,4,5,1,0
262,21.50259675766872,25.42317112962737,2,2,0,-0.2255105586017598,51,42,103.30216614480314,6.492504291672936,high,4,5,1,0
26,76.79901566160719,84.50065864388174,1,3,0,0.5857265467784756,19,12,62.36939774000997,11.033025922584052,high,4,5,1,0
57,44.25653451000783,94.2706046595153,0,3,0,0.0015168124443787,62,5,344.37150210871766,5.977660549779355,high,4,5,1,0
15,44.46032644902536,23.186795744754484,0,3,0,-0.3173693928201806,26,15,495.1998948669109,25.68522077762496,low,4,5,1,0
32,40.81114326278336,40.476280946692526,2,1,0,-0.9496041511268244,12,39,465.5314556352576,18.436948900439127,low,4,5,1,0
128,8.300982647074113,15.362708666991406,1,1,0,0.2192224703520258,57,4,266.0545562101105,5.712087240104095,high,4,5,1,0
44,60.46620748380264,32.66605712722965,2,2,1,0.2628714897074604,70,1,122.09054409153462,23.55904187079627,high,5,5,1,0
40,65.60958329732475,25.94749297916311,2,3,1,-0.7754869798468815,40,15,389.935194862248,21.576415804123133,high,5,5,1,0
66,57.69769300711594,80.1614900660761,2,0,0,-0.9489590594036256,95,34,241.70702723329228,17.515261741660083,high,5,5,1,0
248,41.69666744078659,35.82149043271035,1,3,1,-0.1738133338962608,71,13,256.7842523531725,24.034333052641912,high,5,5,1,0
177,29.05513228071822,23.098695647005822,1,0,0,0.5185058643380096,45,4,341.21314098328884,29.44248468589535,medium,5,5,1,0
294,15.96357516630632,30.698450910920176,1,2,0,-0.4630081294443817,42,45,86.72228509747559,14.227497598364724,high,5,5,1,0
162,70.17344337849181,79.66635942932432,1,3,0,0.0724097785211448,2,9,498.3237402724419,24.81152062315052,medium,5,5,1,0
192,8.816672944425928,65.19091773478532,1,2,0,-0.1537520023432774,38,44,220.2623472990892,7.605731796288671,high,5,5,1,0
258,19.06610373064497,43.11859562935844,0,2,1,0.349460603900918,20,6,479.14039045666186,22.2130148463367,high,5,5,1,0
107,36.91545045640533,58.84878067706156,1,2,1,-0.0314282944690891,24,27,201.0192786370598,23.213760634829843,high,5,5,1,0
208,45.882293120494886,92.66774998028824,2,2,0,0.7258245659595572,92,26,186.22348629640615,22.84477923752754,high,5,5,1,0
34,75.91511475751726,20.86085878887182,2,2,0,-0.3166271191779644,40,18,109.23368209669307,28.60521349121843,low,5,5,1,0
52,54.24862387720879,90.18639912849758,2,1,0,-0.2754192902939543,56,45,458.6285554748936,13.84199866329798,high,6,5,1,0
23,24.254689074430228,69.15578997683865,1,0,0,-0.4705299118899968,52,5,216.2612143339658,28.049356840393735,medium,6,5,1,0
168,6.793077378708563,17.009234519774544,0,0,0,0.8600720742460166,92,33,224.35328235358364,19.46061007884537,high,6,5,1,0
176,31.413993498583395,25.79878545844713,0,0,0,-0.7463034356981648,52,49,77.29547509371747,20.80000547616108,medium,6,5,1,0
178,26.48503287238681,42.65702071432323,1,2,0,-0.5350591769686273,54,23,174.9316962040396,13.601205904848037,medium,6,5,1,0
272,18.33717214020464,24.9831330096643,2,0,0,-0.0124713457331377,55,44,470.5014534348789,23.997777381239395,high,6,5,1,0
156,23.16277594435052,62.366858083184695,2,3,0,0.820159247078355,24,32,377.024332205071,26.5126876620217,medium,6,5,1,0
190,51.50826331287144,97.89775480852788,2,0,0,-0.3458278690133192,35,12,370.9692606095344,28.572285076884132,high,6,5,1,0
268,29.28916178580222,85.96748927475679,0,1,0,0.6337150508472584,63,21,253.92021318142343,12.397514715964755,high,6,5,1,0
95,15.74634438035558,65.81983985735906,1,1,0,0.1489518607316016,4,35,394.7695951263241,7.567988863013937,high,6,5,1,0
247,6.209027986923755,15.851373926640722,1,0,0,0.8542001206201624,72,15,244.79703640788543,27.66786579537905,high,6,5,1,0
282,68.49715075414363,19.696672020344277,1,1,0,-0.0867821866397877,22,48,181.32811671720324,9.97854433420822,high,6,5,1,0
32,38.952593315028565,21.932012153900175,1,1,0,0.9748837153799136,83,4,248.71298245672196,21.208908514970005,medium,7,5,1,1
163,15.730034971101016,90.17699115207124,0,0,0,0.6859466214035541,24,23,397.5201756319718,7.785983956968277,high,7,5,1,1
247,56.490078452503205,83.42647251046148,2,2,0,-0.94031571083198,81,13,436.8179208403355,25.543462725718413,high,7,5,1,1
100,48.71472534291704,75.56176933900858,1,0,0,0.2431558976796042,44,39,87.41876926250377,7.12530414930199,medium,7,5,1,1
145,34.61564873691063,47.77746185036705,1,1,0,-0.802383943200051,70,46,302.68180237026013,24.37660679257415,medium,7,5,1,1
167,65.07581243725546,93.16189137840134,0,2,0,0.9451225917468912,66,31,384.3502766180108,13.182630364933974,high,7,5,1,1
45,31.99526171728856,28.761048291522616,0,1,0,0.6463085512762874,40,33,59.13567747036575,19.29466426459408,medium,7,5,1,1
165,43.407247331521,76.71389097453078,1,3,0,-0.1829333021569421,96,19,214.95159545566307,18.757626514527693,medium,7,5,1,1
63,53.15557164814095,47.78506238171629,1,2,0,0.8777815954930528,93,29,253.7471210870298,14.28481207755761,low,7,5,1,1
22,39.70816240991007,81.91353145027392,2,0,0,0.0874280935168712,85,38,68.31774875110906,12.672971830527946,high,7,5,1,1
258,45.79207691662902,51.602459598394695,1,2,1,-0.9939883371744818,26,40,458.76386292693087,10.132406878515376,high,7,5,1,1
92,65.9342704903265,60.18059657901727,2,3,0,0.734692865077121,61,6,414.338833666513,10.021025737725726,medium,7,5,1,1
47,52.55479264663738,10.233780499979645,2,3,0,0.2894278965459025,78,36,168.30878177527364,21.40597467317947,low,8,5,1,1
299,75.72343315089117,31.17554086766266,0,0,0,0.9864450856668884,90,39,126.36551672660552,6.731855041391331,high,8,5,1,1
98,66.31104198933323,90.66107107454516,0,3,0,-0.958851126573846,29,25,286.86147875207087,23.40543497143514,high,8,5,1,1
224,38.979459262837935,10.596325669363017,0,3,0,0.5811294064816386,14,39,446.14454753109584,14.777015949615867,high,8,5,1,1
39,13.699055361144111,18.866236390126573,0,0,0,0.8779985413641496,66,24,337.470057535018,8.602008055037778,high,8,5,1,1
65,25.075531042890766,27.90094993332519,0,2,0,-0.6051190499856629,62,0,486.0048522764346,13.553392291960332,medium,8,5,1,1
147,42.04306168682275,55.23472426633977,2,1,0,0.1475421076468863,67,31,405.1165693262142,21.048616117273703,medium,8,5,1,1
203,57.77014728033735,91.52427877434118,1,1,1,0.2818139733129428,53,1,277.14528073216934,24.15347198085981,high,8,5,1,1
194,12.88463435957784,53.95454691564301,1,1,0,-0.865801535566433,94,3,471.8096619359714,12.162790189749645,high,8,5,1,1
69,19.78577836749084,10.575721710804538,2,1,0,-0.8606440799077426,9,8,237.31845496336828,16.674218171645705,high,8,5,1,1
231,66.50364335734295,19.18705097457981,2,3,0,-0.0472603708706229,37,33,248.8410197133417,10.834509352204154,high,8,5,1,1
138,76.61566965543217,50.9501639024293,0,0,1,-0.4857832419155392,38,27,171.0191557882435,24.01230516641515,high,8,5,1,1
15,45.57830132082615,21.59869060394217,0,0,0,-0.280201078632339,14,49,75.28466213448512,7.052801291713003,low,9,5,1,1
258,45.72227492934464,67.249181825742,0,0,0,0.7420242891204891,46,5,427.65435445342206,10.855928591380133,high,9,5,1,1
89,31.570630862695296,28.34632858550329,1,1,0,-0.222454201113964,49,49,178.46343717435877,5.538902924421924,medium,9,5,1,1
91,58.62798870700147,32.28153736069972,1,3,0,0.4180252835299129,26,21,77.3551767708536,19.088178715150413,low,9,5,1,1
268,34.86837761722606,64.73788993150612,0,3,1,-0.5420880058196962,25,49,188.8007335283473,16.73796829900857,high,9,5,1,1
73,78.67429115643898,72.44832339366536,1,0,0,0.5358788423845795,18,27,388.1491227924272,10.748978810182772,medium,9,5,1,1
22,45.29336663444419,16.680546405568087,1,3,0,0.0495722101023987,2,14,327.7614832978192,27.08896841253979,low,9,5,1,1
274,16.895423943143246,45.38533521697623,0,1,0,-0.6135077424644362,73,38,464.71848686749536,8.508548794399871,high,9,5,1,1
35,60.10329042735608,37.33214934610625,2,2,0,0.2048898073183032,22,20,189.1282442462993,5.966570776157264,low,9,5,1,1
276,46.245834585616414,44.93516481577653,2,0,0,0.982168718050977,18,45,220.336127467943,6.423799667298084,high,9,5,1,1
205,61.77281684594176,62.1989158479604,2,2,0,-0.2229803149426468,62,27,90.06956677896693,15.412861913614185,high,9,5,1,1
28,73.61893141336913,11.218986580679628,2,1,0,0.8421574387137303,5,27,298.7632726402685,16.71125179669182,low,9,5,1,1
199,27.698011731626323,59.53732858509829,1,2,0,-0.5246020189857554,20,47,324.4747211371456,21.982036664979077,medium,10,5,1,0
34,62.255630716537546,20.187560598255008,1,1,1,-0.5905354123490263,19,40,86.23061288756725,8.9805164243432,high,10,5,1,0
103,49.28021131122145,70.85257697183083,0,3,0,-0.7344450169892678,5,9,207.4707278242682,12.57730741869273,medium,10,5,1,0
231,45.35877886888182,25.24547845033501,2,0,0,0.3453856250353551,88,47,146.80634226826174,10.072177241388836,high,10,5,1,0
197,7.09973272327181,63.364076785951774,1,0,0,0.1776327259157266,30,3,395.9328931433016,23.17750448534225,high,10,5,1,0
138,27.96939176897205,60.83786263799981,0,3,0,-0.4391874542533263,65,12,150.45499650864457,6.494425330320567,medium,10,5,1,0
261,34.694273254948655,11.550597620295363,2,1,0,0.746338059944011,69,49,215.93304094476505,13.270864925754726,high,10,5,1,0
58,31.994947720229344,21.76387694762859,2,1,0,0.1875470126328164,94,31,377.4430032373805,23.39278077091781,medium,10,5,1,0
283,41.87206294666528,53.23368532744577,0,1,0,-0.0152705159177148,28,38,492.5561714435029,12.69710040725584,high,10,5,1,0
129,51.30054709767754,26.95943530725968,0,0,0,0.2304918269217761,65,35,424.54066989901656,11.550831626144554,medium,10,5,1,0
84,74.79128917494236,32.8741200361291,2,2,0,-0.1880186608038767,44,36,347.42606752096395,17.412607978177032,low,10,5,1,0
141,78.45788407223311,82.97053211079744,1,0,0,-0.801610842229848,33,33,434.1308667229899,8.073502130239447,high,10,5,1,0
255,58.08007809120285,10.015188132357352,0,3,0,-0.4684217519454927,76,7,497.8919898893831,14.216994610125344,high,11,5,1,0
44,36.33092979474311,61.80439240305712,0,3,0,-0.7039229592839977,73,30,68.47650364217111,6.97707263968612,medium,11,5,1,0
294,45.63589506469879,45.8662405425095,0,0,0,0.6655781007446886,30,34,424.40807180971854,16.23583654996226,high,11,5,1,0
283,49.34399779790437,61.55152129940431,1,1,0,0.9882465245368636,67,7,480.0159989624216,11.030964578314997,high,11,5,1,0
155,16.145830840922308,19.189706554249547,1,2,0,0.4516872306080897,88,38,360.2644150304711,24.817741273292395,high,11,5,1,0
28,68.2660198944531,43.31279961487103,2,1,1,0.8204904976543848,48,2,305.5988962146565,9.199056009494878,high,11,5,1,0
67,19.44893011061224,10.32098206448757,2,1,0,-0.6739853797990074,86,7,355.3926209258498,5.331095150253774,high,11,5,1,0
17,65.56312531421781,78.5762915323949,2,2,0,-0.0443457190309761,33,42,264.8868382626016,17.643303407761493,medium,11,5,1,0
161,52.21830711667416,37.47118305114449,1,2,0,0.538721704698198,58,3,234.0252596780084,7.28466418187763,medium,11,5,1,0
254,66.76074516313263,20.038204047340088,1,1,0,-0.4178392097959491,32,25,316.17491581565383,21.16470853756075,high,11,5,1,0
120,53.30414461884761,52.62329775789288,0,3,0,0.4957187014694408,31,11,121.95642837716962,14.867116211568632,medium,11,5,1,0
258,10.336530313049783,67.78028056651368,0,0,0,-0.1690729792423713,51,1,115.00530663919348,27.71496438894311,high,11,5,1,0
146,70.5096487655878,59.10740505705294,2,3,0,-0.0026868570155527,64,44,378.2191618853328,12.617696360318096,medium,12,5,1,0
224,22.213064559801385,69.23647122372515,1,1,1,0.0638231844411794,45,19,490.3964038946718,20.517940350651592,high,12,5,1,0
25,32.86941915056407,51.31616496304721,1,1,0,0.664512778015705,87,48,364.92368283768735,26.300993823015805,medium,12,5,1,0
233,45.02032705107384,44.35126222295175,2,1,0,0.4766163977439579,93,36,131.28324745002325,15.55052796859476,high,12,5,1,0
63,69.8905966160515,72.32913918552684,0,0,0,0.242744085003391,59,43,314.2115751483163,18.08958055516593,medium,12,5,1,0
60,29.373826065645527,88.1095729756846,0,3,0,-0.9589046668123832,84,27,169.62818098647858,21.619405230078947,high,12,5,1,0
102,36.21247598470824,43.18862218436264,1,0,0,-0.7406702169048363,81,19,172.65415842017046,21.525201376263706,medium,12,5,1,0
62,54.55254294323426,20.49274537706651,0,1,0,-0.1185579045602465,82,32,218.8083658559296,27.97695462257475,low,12,5,1,0
96,53.21618298003709,94.6984083324022,1,2,0,0.7375367586737414,28,27,416.3132833855453,12.802477426832388,high,12,5,1,0
19,32.51805308664058,80.23467420373886,0,2,0,0.9753519334548968,55,36,437.4212264957092,21.424089438314645,high,12,5,1,0
43,47.30185299442883,46.24410535672787,1,0,1,0.830784192858262,93,5,96.03351247490338,29.230739756721302,high,12,5,1,0
76,31.68595376600529,96.72509853822248,2,3,0,0.1004430982985158,82,17,278.8124195723253,23.501633732946285,high,12,5,1,0
244,17.008840490116825,30.29582293000964,2,1,0,-0.9946231074227734,13,41,366.5111883422608,21.807154388770574,high,13,5,1,0
79,28.12373478978984,34.55934060258548,0,2,0,-0.8193327094875511,18,49,269.7646241574188,10.76254196882523,medium,13,5,1,0
221,77.61333368213894,84.16513133526612,2,1,0,-0.5881755050022464,87,37,439.7588797139101,23.381742453059516,high,13,5,1,0
272,46.19740150279705,65.99414908714121,1,2,0,0.1730680170331133,50,8,499.5770932684991,22.83508641862416,high,13,5,1,0
262,77.98377788651544,14.717778913841732,0,3,0,0.5622350289971083,89,19,124.50850428981688,23.535980357800327,high,13,5,1,0
143,73.19738561993816,57.79363394705384,0,1,0,-0.4242846841775833,24,11,489.65898520966937,10.245249847663144,medium,13,5,1,0
75,23.280604026820672,60.048430994217,1,3,0,0.3971613443322752,85,42,487.096770557556,12.964905216192294,medium,13,5,1,0
290,51.30049461162883,48.64057284429173,0,3,0,-0.6157169532356317,24,14,269.9218520934071,13.380970321828917,high,13,5,1,0
113,17.956040118173547,79.37402323369136,2,3,0,0.8778850205486874,24,36,311.47259399306074,12.327929797867055,high,13,5,1,0
25,55.33346897210341,72.61706848700078,2,2,1,-0.3828695373800364,94,44,66.80842092055866,16.414347886255293,high,13,5,1,0
166,26.13427902580122,68.44891398137588,2,2,0,-0.9270215860309255,33,14,224.85182655224452,27.20185650444676,medium,13,5,1,0
282,74.33195760226926,51.39756311646175,2,2,0,0.1450143974219062,18,5,151.28368393420388,27.58913370607727,high,13,5,1,0
228,65.19701791436395,84.87572109194109,1,1,0,-0.1998757959656374,51,13,202.26264126619972,12.03874638317112,high,14,5,1,0
25,9.034363995782506,33.75327737382425,2,0,0,-0.4438398956165195,85,34,150.73545431730494,26.277316660402324,high,14,5,1,0
166,66.74179136388354,76.0941452332977,2,3,0,0.0085979191897431,17,30,141.60704436119494,28.113228266734456,medium,14,5,1,0
53,15.849191938766843,63.75971053736915,0,0,0,-0.5660766219854467,15,48,388.6742246256687,7.602252673802413,high,14,5,1,0
111,37.78452059873946,58.4864115657394,0,3,0,0.0830862253635138,56,30,209.59701833750285,6.258001721733826,medium,14,5,1,0
62,12.361558243527682,23.592759877456565,2,2,0,-0.8861297790823142,48,45,311.72866570133334,15.45868952291746,high,14,5,1,0
237,60.782414350011344,62.37930022491257,2,0,0,-0.9991056400043709,60,1,285.0983787820146,8.429446852995579,high,14,5,1,0
240,58.68603981226861,13.673992252174706,1,1,0,-0.3837216425580556,99,15,438.885465354908,24.88063552595924,high,14,5,1,0
38,55.471898081218725,17.670714752158997,2,3,0,-0.1194489743390188,64,26,63.47038225885383,28.28629367973684,low,14,5,1,0
30,75.25120606208469,93.16759264082732,2,0,0,-0.3613972921759221,39,18,81.69661022657698,17.167785519315395,high,14,5,1,0
192,64.42143822038447,88.75346099189464,2,1,0,0.925488582207788,95,30,88.07665233820339,28.759991311203425,high,14,5,1,0
117,17.641635079251074,94.43086908993534,0,3,0,-0.5806849479043688,9,19,170.83812862271415,20.406760265503166,high,14,5,1,0
132,42.73712631711886,42.8032626411648,0,0,1,-0.4602997598156013,68,13,306.7964123772478,19.209413157975955,high,15,5,1,0
54,39.207466718322216,18.326345679680895,2,2,0,-0.2859888204000409,88,8,259.5957924165688,26.38999428409963,medium,15,5,1,0
186,21.45449931835209,71.94166489352443,1,0,0,-0.8741629108836888,91,33,57.80518224772948,18.73033503734348,medium,15,5,1,0
60,66.39180295829019,16.726209108800294,2,0,0,-0.4918152070159121,25,11,199.12890818360856,5.128385664153285,low,15,5,1,0
180,62.0519928386131,41.14566678837248,0,2,0,-0.6223966824176728,14,14,248.09630873120307,11.125845304353708,medium,15,5,1,0
293,55.51271029553467,22.533044690323024,0,2,0,-0.3007638563958548,94,43,354.8487910050329,15.337686887062208,high,15,5,1,0
115,50.28168391974272,27.96589238012588,1,2,0,0.9061774628662328,98,6,136.56071396694,14.315756052634516,medium,15,5,1,0
123,44.30518406399335,27.901482990633838,1,1,0,0.253656914699802,39,21,59.50133550915905,20.858261187913037,medium,15,5,1,0
45,25.03128077078046,30.531886100857868,1,2,0,0.2542591348359377,68,36,307.16215051200527,17.725564287503246,medium,15,5,1,0
247,5.458561117558304,85.7288735569654,0,1,0,-0.7076765473816744,45,35,271.7713979155109,26.250807855725917,high,15,5,1,0
68,38.7336729459671,14.4128064021778,1,2,1,-0.1858248684127272,72,26,382.28830476262607,21.15273572725599,high,15,5,1,0
189,36.768704396342685,83.67174249640965,2,2,0,0.1096038894399171,9,12,68.16652628350398,27.13529279191494,high,15,5,1,0
242,32.4989738229325,67.6573741467115,1,3,1,-0.363229968202285,58,49,423.3116442142589,27.554888099912525,high,16,5,1,0
227,45.94093027384989,83.70814793010035,1,0,1,-0.6769401630479421,54,15,339.4198516213026,9.7425682855412,high,16,5,1,0
205,77.45806882935291,37.690455266653736,0,2,0,0.5105494492646858,37,5,137.5690414193279,15.269415053323751,high,16,5,1,0
297,77.36085494637172,87.67253914062954,2,0,0,-0.7140680280094285,62,14,194.60653898582777,8.18736465868624,high,16,5,1,0
136,16.937952750944895,28.43996033673151,2,1,0,0.9309103151956656,38,38,227.8068664951496,11.635569274181345,high,16,5,1,0
206,17.670807290214523,24.37563404721708,2,2,0,0.1861535622903056,59,11,169.55378635715522,5.935903766948007,high,16,5,1,0
177,55.26632991399911,16.867146919556085,0,3,0,0.3393129663540073,3,39,283.046253874766,8.452384709055142,medium,16,5,1,0
174,28.54321247279124,55.88553156080061,1,2,0,0.5532556813650888,53,48,216.87392594699023,23.625882948267627,medium,16,5,1,0
166,40.46140782079722,76.53630867157973,0,3,0,0.9888931457205516,62,43,194.48684801237448,25.9897095098372,medium,16,5,1,0
83,9.495312566574396,98.82706292543998,1,2,0,0.0206623012214874,82,17,294.69814171674545,10.603302321298786,high,16,5,1,0
296,30.172803798606072,56.05891202575762,0,1,1,0.2507791853864967,53,47,105.0254275029732,26.244553624477717,high,16,5,1,0
255,71.77824851110832,55.10859265898569,0,2,0,0.8870238965195121,10,25,384.4411898169324,7.95329467605267,high,16,5,1,0
161,12.410160404010009,28.1836072836901,0,3,0,-0.0560751422662233,29,21,338.2205531372406,14.715190284758918,high,17,5,1,1
162,30.66578508094461,79.38247562553259,1,1,0,0.8270586997711309,46,10,388.3349948182388,10.740732100719168,medium,17,5,1,1
67,38.437274406103285,74.96219593419444,2,3,1,-0.0520669646052953,34,44,302.9545349691823,12.92420013744838,high,17,5,1,1
162,16.31891646533536,84.81470085989083,1,2,0,-0.8900906389790946,6,44,369.8767673787979,29.773295074255277,high,17,5,1,1
30,26.508435711850765,98.57875250041954,0,3,0,-0.0445787751260375,95,45,130.99724290872808,14.555311716559922,high,17,5,1,1
256,66.26523473273627,46.56249163006119,2,3,0,-0.5446666026457216,61,14,209.01040683363476,20.66424677448513,high,17,5,1,1
111,69.14227087835411,65.53074155260657,0,0,0,0.6708123299931781,69,37,352.06261865619115,22.31036105805581,medium,17,5,1,1
153,24.73314248386286,27.184584681402814,1,0,1,0.3502538042689262,82,16,358.4815005852782,11.519655387005766,high,17,5,1,1
225,11.177236232104413,68.10558114106664,0,1,0,0.640589924293635,73,10,335.3197990423382,8.424558534869561,high,17,5,1,1
57,36.158007636386046,33.3125740397421,0,0,0,-0.3484828965079529,26,31,97.00782694026309,9.36112606470127,medium,17,5,1,1
244,37.13531760240068,37.573536223731736,2,1,0,0.30218589634792,25,26,335.92047170330864,29.22754238601989,high,17,5,1,1
197,73.76917795989823,85.24827643656272,1,1,0,-0.8902375192526131,44,44,290.285262934438,6.498664944093603,high,17,5,1,1
205,34.16046141294319,18.875721979409533,2,0,0,0.5695372063584208,89,12,352.48535171148274,25.45417117151072,high,18,5,1,1
124,71.00234987276828,84.2179514125811,2,3,0,-0.1981961046971196,42,41,475.712378411167,13.528049886973552,high,18,5,1,1
201,16.13572154459817,65.1512512621551,1,3,0,0.2444955178761725,77,27,273.12934423864385,22.432402143589535,high,18,5,1,1
85,51.039783495599416,82.62624291064127,1,1,0,0.481027144476952,29,7,330.8930145814635,5.64678219178147,high,18,5,1,1
31,14.547076464418508,27.035151097599076,1,0,0,-0.3078239435915826,29,14,254.6072471735076,12.69035418919016,high,18,5,1,1
112,41.86785406669928,57.00620121213053,0,1,0,-0.0708624373955575,29,17,259.51690689984696,17.82268654276797,medium,18,5,1,1
179,26.09417350132436,24.119023074011423,2,3,0,0.3975772763924903,62,28,174.87751981677928,16.21065503127972,medium,18,5,1,1
128,61.18500767939402,47.257526610896434,0,0,0,-0.0924285736728096,62,29,428.6028594853879,14.09604281231852,medium,18,5,1,1
153,77.85608394959395,99.27549536063268,2,0,0,0.2542584143834929,74,47,54.13947354396288,29.19182096066289,high,18,5,1,1
230,28.78806427009577,46.160809355708345,2,3,0,-0.1825910537847519,91,9,408.0455030678157,19.59393899504903,high,18,5,1,1
66,12.114245962905144,94.60412598712588,1,1,0,0.2253645256964203,50,15,214.36697225573403,7.5653310524852255,high,18,5,1,1
269,42.416967485671215,40.5342464898888,0,2,0,0.2242374196391601,72,24,296.4705044703891,15.288603562930753,high,18,5,1,1
58,31.35781769047691,91.78817474502388,0,3,0,0.148048776373137,91,35,332.0048935841836,24.94518700706656,high,19,5,1,1
222,15.744174614733057,25.2787212961599,2,2,0,0.4045866916327096,65,8,423.4320890625415,24.99572780701033,high,19,5,1,1
182,72.84876738604841,98.30859948785408,0,2,0,-0.0653313207472561,47,1,130.67897609637726,15.537710360723644,high,19,5,1,1
234,5.306799952707332,57.86290645233738,1,2,0,0.6406888014115866,69,3,407.7409107879465,25.53447259800113,high,19,5,1,1
292,33.44891145410999,47.05054851251958,2,1,0,-0.0384688016892957,78,16,275.9389225405595,18.14557260380852,high,19,5,1,1
202,28.57407382842506,67.15540083897025,2,0,1,-0.302599240291683,82,24,286.71895928901,26.69685895085752,high,19,5,1,1
287,49.92136647550726,39.03557021370121,2,0,0,0.6890843915402207,56,31,52.17195581144553,15.67618293985426,high,19,5,1,1
146,73.90479684626884,64.63365651880974,1,1,0,0.1930494767936759,26,27,308.9833149872209,14.333567009490112,medium,19,5,1,1
289,17.865854141315058,89.26107966550178,0,1,0,0.1916479789805345,75,20,294.5522012386643,10.78429579174253,high,19,5,1,1
49,54.23996335276391,36.42974701368232,0,0,0,0.2677578223607753,98,41,138.405213040082,10.97095197340314,low,19,5,1,1
148,36.54997743998936,82.77124657134387,2,3,0,-0.1393756198041422,3,40,238.73624741148268,26.376079503924554,high,19,5,1,1
91,5.191642134476211,80.56180674252232,2,2,0,-0.91928800636745,42,23,396.98635261612645,7.298957057358322,high,19,5,1,1
86,62.404692222956086,19.72326986719387,1,0,0,0.7316128174018706,25,46,236.4923690103035,12.85371392491164,low,20,5,1,1
272,66.511575159198,28.2806243308887,0,1,0,-0.9983698634600836,83,29,171.60522783739424,5.63607361340543,high,20,5,1,1
252,25.01768266146729,39.310156032624775,1,3,0,0.7830658597267062,45,16,476.366007992843,12.615640096472648,high,20,5,1,1
92,61.04859586929903,95.898917618774,0,1,0,0.1168666723677247,69,5,475.2695134186345,7.41481861992261,high,20,5,1,1
207,36.90928378546575,79.52782767778118,0,0,0,-0.914611742765191,61,46,54.242613097455866,11.863922170945616,high,20,5,1,1
104,69.39158540471477,37.15764080889745,2,1,0,0.9595737373518508,81,42,397.512260503802,26.19535708088541,medium,20,5,1,1
282,77.20938232872645,50.482545865905415,1,3,0,-0.0709748239859171,20,10,352.0463326351282,21.57125300974841,high,20,5,1,1
28,19.745815020184484,73.00135435614284,1,0,0,-0.2785866859240804,94,5,133.1879576453926,5.996388920138758,high,20,5,1,1
231,70.22083530461333,76.65454627622822,0,2,0,-0.8766888381984517,18,29,469.64700774581047,12.605609919445802,high,20,5,1,1
22,44.80294214266931,12.850478747470753,0,2,0,0.2807724404692346,22,23,478.50710319317005,5.7547623956113,low,20,5,1,1
48,72.41268040036707,13.57630457450971,2,1,0,0.5219127070984455,30,0,253.7556216033159,15.621499789703169,low,20,5,1,1
201,24.71746117563044,74.00220820207707,2,3,0,-0.978979779051778,52,6,357.77731516313327,6.08345916491106,high,20,5,1,1
181,10.385683650318589,67.92384838609712,0,3,0,0.3974814850622565,33,39,117.67617071862315,28.161327967079817,high,21,5,1,0
152,60.8651875422217,42.82545476606976,2,1,0,0.7347485791436152,92,43,226.89278455973377,7.1009835786478135,medium,21,5,1,0
128,34.412340454348,94.40806403044446,0,2,1,-0.3739079912292864,51,45,219.37616169902373,9.877785783232971,high,21,5,1,0
120,35.644426620045095,90.59616261551032,0,3,0,-0.9767190411129416,4,36,218.89973240574483,20.69191152104853,high,21,5,1,0
121,56.14005041361657,67.139117347118,2,0,0,-0.2952891351736506,17,1,236.74050621917655,10.51907913311122,medium,21,5,1,0
173,64.98751690975664,69.50650236308888,2,3,0,-0.0863548638784919,74,49,463.7872295963959,5.960619420069928,medium,21,5,1,0
18,70.21469776097572,25.826085103827623,0,0,0,0.43396526578522,99,11,76.05848717197995,22.915574401118057,low,21,5,1,0
198,51.17219584662898,10.860568939044056,0,2,0,-0.3007820480894179,82,13,261.95945975281586,19.95736124306712,medium,21,5,1,0
20,44.129911167440696,43.194465963308055,2,0,0,0.2817024960125969,5,45,311.8174472854702,10.399128179283643,low,21,5,1,0
117,32.083950282752184,42.01268224317519,2,1,0,0.5194477299100251,22,29,172.89180853183774,13.432415028645876,medium,21,5,1,0
13,49.550606903841775,62.34047759407998,1,1,0,-0.7098505763487823,68,49,207.42024795848772,21.229099665648704,medium,21,5,1,0
13,43.201357286646,45.73871248754504,0,1,0,-0.605425707505201,34,23,337.471211373248,22.409156935832502,low,21,5,1,0
171,38.20593567747618,20.470909400302848,0,2,0,0.0415433814745629,9,33,338.65873219915244,7.830649008081204,medium,22,5,1,0
25,64.25955879427431,56.316579609760346,0,2,1,-0.4393644415860409,30,34,390.76534039841147,24.67941419222935,high,22,5,1,0
217,78.69048754445062,58.46066333232599,1,3,0,0.6917998234897187,8,16,96.67082855698295,27.80747638371404,high,22,5,1,0
124,28.869330851328414,89.66241764065171,1,1,0,-0.3170026281566258,2,6,262.4307724659096,9.908037593125222,high,22,5,1,0
285,61.250468033835816,14.146051060832203,1,1,0,-0.4461741049831422,65,7,332.7907186298045,13.28952566669785,high,22,5,1,0
115,71.51010792287387,53.989276651463456,2,2,0,0.6623187247743798,11,30,246.2991972300633,20.73047564019412,medium,22,5,1,0
246,17.225403590327012,40.93757577218378,1,2,0,-0.7767076728875322,64,41,241.5964644348806,17.974226066142187,high,22,5,1,0
144,19.46802279828386,64.14682821556033,1,0,0,0.2821308290342581,43,14,200.6118312428254,20.04443609779051,high,22,5,1,0
37,48.796465461210246,91.68496866736776,2,0,0,-0.8715945124537132,93,6,186.70785784023207,19.3416447150947,high,22,5,1,0
25,51.84915095318519,59.14657049216668,2,1,0,0.762254428912398,26,47,217.07225740986112,28.144400466530534,medium,22,5,1,0
287,68.21205028021848,61.728518086456646,2,1,0,-0.4248784290002463,81,30,472.1294148999536,21.449702914884774,high,22,5,1,0
185,46.58833336333452,33.24141260104854,1,1,0,-0.7589685677401437,83,44,419.6830307863554,23.231635235781628,medium,22,5,1,0
204,18.232603284061145,15.98948000454151,1,3,1,-0.0351844485391241,46,31,480.6474877002297,11.404968979985457,high,23,5,1,0
248,79.39901002108856,98.32449072308064,2,1,0,-0.8928113271527962,36,49,152.1574511501967,18.09314769343922,high,23,5,1,0
251,60.87620300132631,44.5340452782149,0,2,0,0.527652829039525,90,32,264.3194397330471,15.177702159828875,high,23,5,1,0
51,22.28432643029446,29.65474894834716,0,0,0,-0.5629825290774535,27,15,419.1693076858664,10.159686630173614,medium,23,5,1,0
37,9.778146944009844,39.44566982709311,1,2,1,0.8259300454476426,69,10,74.86455232285132,16.699615998467337,high,23,5,1,0
29,43.04982778892353,75.8208978110352,0,0,0,0.7732080872637426,10,18,237.71816423344265,9.98612501366568,medium,23,5,1,0
24,11.563684627897178,81.3686370770935,0,1,0,0.1054796621181188,80,17,309.50134290651266,17.208014854192704,high,23,5,1,0
40,34.33986839956671,74.06597469835812,1,2,0,0.4144104979108136,68,4,192.08129570997949,11.07923575989135,medium,23,5,1,0
127,39.63295231093881,67.41609018976091,2,3,1,0.2209513172971655,71,2,180.4156172928957,15.51060322670344,high,23,5,1,0
250,60.83417092729029,44.691860389065305,2,0,0,0.3673200549038493,23,14,274.77886147348295,14.681056933908676,high,23,5,1,0
202,40.16764353799349,15.28836821013856,1,0,0,0.9727274158945368,77,35,462.6668591121007,14.042499211021518,high,23,5,1,0
249,45.32904388952784,32.23574386482775,1,1,0,-0.4555768231673662,92,15,397.4311717160654,17.358170163352156,high,23,5,1,0
212,12.54398724134756,40.4049374357045,0,0,0,-0.7143503987964974,20,29,109.11409275518852,16.00863133164914,high,0,6,1,0
36,63.5720666591739,56.76280250044942,0,2,0,0.9939530704190792,26,43,347.0305930313583,16.8301566439019,medium,0,6,1,0
70,50.64400332578065,17.75090401153588,1,0,0,0.4027771335955499,23,42,216.20947505246085,27.57266726269532,low,0,6,1,0
134,77.70222421982258,19.431062292682647,1,0,0,0.9057906960251958,19,46,484.3791242267909,13.42166131797269,medium,0,6,1,0
172,37.62502696182682,95.09931324407576,0,2,0,0.304198375455414,2,22,406.3838577782279,20.77661350046266,high,0,6,1,0
38,27.53342990511524,83.720829439516,1,1,0,-0.4935127980019671,49,18,312.6173546114021,23.13536560029957,high,0,6,1,0
58,23.442152073695567,14.2518257389243,0,0,0,-0.8307569401174892,20,14,323.1009617364104,27.926466126590256,medium,0,6,1,0
198,42.70416522049883,17.624965607360917,1,1,0,0.363047246191186,56,10,484.6240171634488,29.867853111951284,medium,0,6,1,0
295,70.37898677931086,30.63730958855135,0,0,0,0.4715351512996708,23,5,233.3044038289784,8.369587257593665,high,0,6,1,0
243,55.0502027972634,90.99775637019576,2,0,0,0.5965758377467636,85,38,110.21279277110524,21.64944065445407,high,0,6,1,0
59,5.35351602668737,90.95342549610376,2,2,0,-0.5677037056931171,87,10,74.22734645719373,6.762558855798066,high,0,6,1,0
95,16.367992054584917,43.74976353424958,1,2,0,-0.7531002877929756,20,43,236.34371403600628,26.37615280568736,high,0,6,1,0
26,62.89590907400023,67.2219037854033,0,0,0,0.9239057720198688,37,14,480.3412397391767,16.539968323367564,medium,1,6,1,0
219,41.30431813485597,86.03386286577339,0,1,0,0.5639453242895038,44,6,283.44490761150337,17.95364353335309,high,1,6,1,0
220,37.82234059293751,51.59495170649547,0,1,0,0.2748775333256921,23,3,66.58977378479241,20.93240928298887,high,1,6,1,0
229,8.813795551109846,62.54526460651598,1,1,0,0.196386336641281,61,20,268.48781721417606,29.448069100669667,high,1,6,1,0
261,72.38273286775822,80.80388075370014,0,2,0,0.1344293956818461,31,2,485.0620421970576,29.28721669277147,high,1,6,1,0
232,6.675223442683471,73.73596101987228,0,3,0,0.1001918683465519,41,20,317.8725683011087,23.100215058606604,high,1,6,1,0
256,7.628222502778573,89.63328145619329,2,3,0,-0.2843498912977951,61,17,478.1862646602867,26.864301268562976,high,1,6,1,0
190,17.774012635410728,45.62827837788176,2,2,0,0.3418575641750594,10,2,135.5103331022329,6.1269379708045255,high,1,6,1,0
192,14.782425921318085,55.193853492934046,2,2,0,0.1957973342520826,91,44,102.05129406763422,24.78207099343932,high,1,6,1,0
272,44.6081086872048,88.13508644096999,0,0,0,0.9920879630849628,8,19,392.1738283524752,22.100292238079007,high,1,6,1,0
260,12.226176249039971,39.44840688841297,2,2,0,0.3010549875122406,90,2,327.75025783922786,7.252334748534279,high,1,6,1,0
25,36.27880327981121,10.974197783222984,2,0,0,-0.5105460228515628,68,37,208.87641268584315,5.302163085455093,medium,1,6,1,0
298,56.48182637942004,30.414823506354782,0,0,0,0.2433751058173487,42,20,271.90330030012257,20.69460918568624,high,2,6,1,0
230,28.7975224083812,31.678059246731323,2,2,0,0.4118197783266741,23,10,219.45643045995783,15.220961235891345,high,2,6,1,0
194,11.27702386520138,87.12531011645751,0,2,0,-0.7802718867614804,72,44,423.3864410069906,6.157120949421428,high,2,6,1,0
15,5.010123263640244,63.3480852037509,0,1,0,0.4931440562304927,43,2,218.5278441447246,14.78111805810436,high,2,6,1,0
166,22.420727843384974,21.043156010936592,0,3,0,0.9699862899532496,93,7,82.3730968030833,27.068404615248173,medium,2,6,1,0
129,40.2749660683609,27.718398873618003,1,3,0,-0.4566654617510641,99,33,210.768448644587,16.39062299746169,medium,2,6,1,0
206,17.95936763370412,63.86545976535034,1,0,0,-0.0258305029197352,40,25,462.4742152144111,18.612612761999323,high,2,6,1,0
156,72.726364002243,43.00527576309251,2,1,1,0.402024960131329,42,44,213.0702808952556,28.49187010068187,high,2,6,1,0
139,31.68116237527843,57.03125448945491,0,2,0,0.5247103627590477,39,5,254.357322752771,12.048908942146074,medium,2,6,1,0
54,9.578694571096612,85.66908793492809,2,1,0,-0.1942226066451158,25,16,399.0369404942172,21.77406680383632,high,2,6,1,0
181,49.6221588453016,62.3604385300834,0,0,0,-0.2971459654069399,59,8,72.7800670740706,16.96387846930896,medium,2,6,1,0
154,62.33618890477663,49.487642665492544,0,0,0,-0.4847319476105929,73,41,96.99384617329964,28.245924612356784,medium,2,6,1,0
290,50.469612398851154,34.97296744471399,2,0,0,0.5017583933595657,26,2,234.878481489133,8.555935268728641,high,3,6,1,0
264,11.779381601174322,41.95218174021103,0,1,0,0.821311704257996,36,13,107.5680713049388,25.250302143562017,high,3,6,1,0
105,29.04671308070284,92.43342413750077,2,1,0,0.8879290191137705,6,10,93.20404401071818,8.083263549273365,high,3,6,1,0
248,72.39466169518091,73.74287755771178,2,3,0,-0.0830672585922416,51,12,356.30442507815434,29.914118997843847,high,3,6,1,0
96,33.17873069767288,79.33431119048052,1,0,0,-0.419453096809641,83,33,133.46812517734364,13.376866692830564,medium,3,6,1,0
93,43.206920134777455,69.86725965754869,2,0,1,-0.8828181553502765,73,16,79.89745408551761,27.10085450411832,high,3,6,1,0
46,19.189288667697973,53.90225520841529,0,0,0,0.6319129917676654,97,42,229.49114213544013,19.976804046351845,high,3,6,1,0
116,19.48438476795841,40.66795163854745,2,2,0,-0.8042871586312392,49,18,116.27594470523672,14.656714247944834,high,3,6,1,0
284,61.51343082201219,36.45894349691753,2,0,0,-0.8623321685576744,61,45,252.9252980671613,5.476877073126797,high,3,6,1,0
44,40.96305748299889,85.60153258157584,1,3,0,0.4311483073758417,45,31,335.332034696482,6.924016020028175,high,3,6,1,0
52,43.44668838109774,44.623301252540834,1,1,0,-0.2922862175719292,91,17,185.56825301176988,21.464213163019664,low,3,6,1,0
48,69.75020502561291,62.41433858654173,0,0,0,0.0048054674102138,10,1,59.60786125895059,11.37705355110384,medium,3,6,1,0
166,60.01404867036548,43.33532213873496,1,3,0,-0.3487562868112817,80,3,207.88222101798627,23.257098644602973,medium,4,6,1,0
43,10.324090828602696,58.27891566785444,1,3,0,0.4542450933729949,90,10,363.8883881956849,10.347723010646266,high,4,6,1,0
233,36.45622806828681,97.38189618084338,1,2,0,-0.7955499443058076,83,23,64.50821879550823,7.389810029687006,high,4,6,1,0
24,10.148621005280626,60.62751255313136,1,0,0,-0.571654090465658,2,38,346.48178808157934,7.830054917092099,high,4,6,1,0
196,26.486257578323677,24.08081304846354,2,3,1,0.7950852827560502,45,13,440.7893348846761,7.286233302307355,high,4,6,1,0
27,70.19140799032509,16.636672706458047,2,1,1,-0.1384744159913524,89,36,360.0298160127443,15.159597569028277,high,4,6,1,0
275,29.626142250774,57.89219527205159,0,2,0,-0.8871541399009122,90,32,433.531956104095,29.545732902164207,high,4,6,1,0
122,51.4000773652901,65.4209414668787,2,1,0,-0.8011780860224038,60,31,62.20804749617314,28.15071823298272,medium,4,6,1,0
212,70.44761728098055,88.72128271512267,2,0,0,-0.7757073113799753,3,20,58.13807970925485,11.298001931744508,high,4,6,1,0
129,20.27763446952534,66.99662084662049,2,2,0,0.4918353765790357,75,46,86.07395601265375,28.99997688376501,medium,4,6,1,0
280,42.823777756602375,26.174453729083687,2,3,0,-0.262979381111639,42,3,113.79508792428156,21.90377315642932,high,4,6,1,0
113,11.232847659502792,18.580490636562672,2,3,0,-0.7766643057725184,61,6,79.35877568555716,11.843731543672156,high,4,6,1,0
276,37.506701140850986,46.63003472310445,0,0,1,0.685756301805021,67,41,148.02446923058713,7.411881259091164,high,5,6,1,0
34,35.32666352425204,32.962598376565346,2,3,0,-0.7101012440201657,21,14,485.90699589596136,29.71828975150235,medium,5,6,1,0
255,79.95129317090478,75.64173890424482,2,2,0,-0.2002407203339138,70,20,374.1130593793395,15.146544338323157,high,5,6,1,0
44,51.78703252675736,38.90907236553079,1,3,0,0.692842696690597,82,2,296.1826131670124,7.74163969289834,low,5,6,1,0
230,55.18942477591317,78.16879155025333,2,2,0,-0.3720414151995086,14,2,357.9875282133049,29.33354844764697,high,5,6,1,0
127,9.38809097150534,92.08137696794194,1,2,0,-0.4282351395156514,16,44,304.5458396724247,26.963071610581128,high,5,6,1,0
35,74.47398761934878,90.04721316050345,2,1,0,0.5036387628313037,53,26,477.46535327184273,27.830601429338923,high,5,6,1,0
108,52.14908558467427,46.61562394685959,2,3,1,-0.4705660330535524,17,40,497.63854526681314,10.361252262006968,high,5,6,1,0
154,42.09675670281314,42.35737797925913,0,3,0,0.9833848945754532,42,14,447.3232817212244,14.78926761326813,medium,5,6,1,0
133,75.73074127998336,13.116150208041596,1,0,0,-0.9828196744143592,14,17,422.1356929397347,16.408296339357847,medium,5,6,1,0
177,19.730783824265,50.54084872342949,0,1,0,-0.8229885904022372,88,31,392.47612098266944,15.064736468939245,high,5,6,1,0
79,30.685374063886293,15.776538634697223,2,2,0,-0.0481357030779896,73,1,458.9719732317189,7.618839453519698,medium,5,6,1,0
296,63.19129383250013,88.94422382788973,0,2,0,0.5297897855693043,82,23,183.66194942696688,12.767078341650263,high,6,6,1,0
220,75.11345800455905,29.781862534085967,1,2,0,-0.5627526688532798,98,28,335.7458810297595,8.3184694263098,high,6,6,1,0
125,10.884038465551564,36.390707064276086,1,3,0,0.5282710772632011,9,22,193.75706883190605,19.135849539007115,high,6,6,1,0
38,31.92707077598149,70.7227066314737,1,2,0,-0.2029528251003725,68,32,425.2891117469435,25.817746875552253,medium,6,6,1,0
87,20.55502638849118,98.92132941719228,2,2,0,0.5350600176098923,70,31,80.66619879643358,25.53433093396811,high,6,6,1,0
69,27.26600782820824,27.13451160618087,1,3,0,0.0210990675437521,76,21,275.5874577865918,7.953493191299772,medium,6,6,1,0
227,75.71172012337051,72.42960834279106,1,0,1,0.2978749167994692,37,14,143.37791781998902,17.506288549894812,high,6,6,1,0
220,56.49060853433508,58.54549675098436,0,1,0,-0.627303230288695,21,40,375.6168135521226,11.540204605554631,high,6,6,1,0
98,67.98374313858659,88.81512382449492,2,3,0,0.570421331214614,46,30,217.6881475694763,29.03783073920897,high,6,6,1,0
155,20.530348551999385,11.761888523423004,1,1,0,-0.174229305863329,88,30,239.96570792781665,6.829096267021013,medium,6,6,1,0
97,57.27871311829016,65.47558680704606,2,3,1,-0.7510261481545064,8,16,312.9936410168832,12.857851289215384,high,6,6,1,0
115,30.214205511232446,62.28828764186878,1,0,0,-0.1184496958816276,26,9,403.2171873813176,27.106261749119525,medium,6,6,1,0
65,7.972703711974603,47.998164325718896,0,0,0,0.0792377563477004,13,19,377.2585769525298,5.118736508298273,high,7,6,1,1
238,76.6849930266413,69.38233832303385,0,3,0,-0.3855567964765183,95,20,64.75715153690393,29.32500626582329,high,7,6,1,1
288,53.39291619695763,44.29300616414199,0,0,0,0.7090178313431903,42,6,275.9680852016344,19.90127299799645,high,7,6,1,1
243,64.1659297658122,91.42870657628517,2,1,0,0.3641308154991332,11,34,185.60365350676864,28.11786295169209,high,7,6,1,1
197,77.33001715278547,37.02518427457356,1,1,0,0.5760559208497926,47,46,488.5067715871776,10.996665645023278,medium,7,6,1,1
63,16.506186809669728,70.8657232686447,1,3,0,-0.9770123360598202,71,36,470.4168718902855,27.661091581383342,high,7,6,1,1
218,40.02169240327159,10.588512202593485,0,2,0,0.6067458619171178,63,12,491.7764770624275,12.541574887009306,high,7,6,1,1
86,75.72068718795327,92.5256399675242,1,2,0,0.882125047313137,96,11,170.7639241402706,6.280461043981552,high,7,6,1,1
217,59.92605336026715,55.70780897718573,2,2,0,0.586578523982165,63,37,294.0744192316813,20.806749348142684,high,7,6,1,1
246,15.13047684026434,29.2516116616349,0,0,0,-0.5298608278472161,34,30,114.04098928875524,19.52068665561413,high,7,6,1,1
58,73.58848483196849,86.64555056105162,1,1,0,0.4424097896243553,12,33,349.1654797752461,29.698225875955952,high,7,6,1,1
47,52.22264384562,51.75695778011823,2,0,0,0.6657283660134512,20,27,126.52164940751295,6.988836528393861,medium,7,6,1,1
270,46.10486349035174,94.83054461989803,2,3,0,0.4634842776130343,37,39,106.07276097350024,18.380798596754545,high,8,6,1,1
42,73.75055645672245,80.18084072470648,1,2,0,0.1156009046634951,84,10,269.7979372260513,29.12865447562356,high,8,6,1,1
178,69.8837107435142,19.38517330864605,0,3,0,-0.8229400449689521,42,22,330.56191262005274,12.440232161852354,medium,8,6,1,1
248,34.65209670217745,14.384784973948737,2,2,0,-0.2385788829863249,49,28,349.5366846893996,5.74541270144641,high,8,6,1,1
223,26.781711801182027,39.209690627802935,2,0,1,0.787425506159044,81,28,309.0721925327095,8.667404005363784,high,8,6,1,1
148,56.650615645792136,25.630343699089664,2,3,0,-0.7363186554772025,32,6,473.4328773744163,17.054977299136375,medium,8,6,1,1
96,54.96419427471052,73.85797989740624,2,1,0,-0.5989532831845334,10,27,300.7309371776194,17.081321501728763,medium,8,6,1,1
16,63.58940002103808,53.49416604324437,0,3,0,0.943693585207816,77,5,375.6954139304314,17.308949318250267,medium,8,6,1,1
55,14.822982567812868,87.83432180579551,2,3,0,-0.0294033042538774,87,7,272.90489996174097,20.48012451493484,high,8,6,1,1
252,46.68476717079703,22.04707183995726,0,0,0,-0.958574521706598,37,31,71.15805278595903,17.46601488347285,high,8,6,1,1
60,7.717687606162988,11.497653724278903,2,2,0,0.6345668500626158,82,42,161.57094911745418,23.97782070975423,high,8,6,1,1
72,46.45543576227926,89.8963401113111,2,0,0,0.6426470543399072,92,23,437.2188714637354,19.044441864119943,high,8,6,1,1
77,34.09242176188299,68.49962764318585,0,1,0,-0.6339042994932385,86,15,488.3636490337642,5.97016375005512,medium,9,6,1,1
207,38.055795791510725,51.16953175649526,0,0,0,-0.0576869185861717,59,4,94.32885337260156,8.418366915265917,high,9,6,1,1
235,51.013791853260486,18.936674840343645,1,0,0,0.4307789566950331,91,33,346.03078154960644,20.009041190112093,high,9,6,1,1
145,61.95036281687264,76.81744312742146,1,2,0,0.2736213024976985,37,38,417.363004260519,20.71950773218152,medium,9,6,1,1
233,6.418682342620004,56.71108109466143,1,3,0,0.4504519801413373,4,19,230.3571499012631,29.18615227126458,high,9,6,1,1
194,72.00601271957689,48.73431451079615,2,3,0,-0.4741468169117078,88,43,201.8896299164966,23.122066293585576,medium,9,6,1,1
239,53.2874632956866,90.71896469094308,2,3,0,-0.8519121486151704,78,4,357.3577275593532,18.34175829598744,high,9,6,1,1
122,32.69148967558332,45.758104407292365,1,1,0,0.2754694100589889,75,47,120.7513911402266,19.530161016247284,medium,9,6,1,1
136,10.265276507013656,69.6708550282371,2,2,0,-0.4572462259451273,30,47,117.4070410626235,9.1745462096588,high,9,6,1,1
240,63.179507733758925,49.22861230725884,0,3,0,0.6187240782146535,61,26,76.93623122091043,13.389737263832773,high,9,6,1,1
232,30.23450052181903,32.21365369210773,1,1,0,-0.4761507028196852,45,48,367.2741663748799,25.128948349868757,high,9,6,1,1
72,54.69592448264638,55.85963323770185,2,0,0,0.3268038722781263,23,41,356.54282349526267,14.700507374162296,medium,9,6,1,1
294,33.2695908611899,67.74936385614122,2,2,0,0.8230830201237997,86,47,451.0129138926238,24.47565589035882,high,10,6,1,0
80,29.31088173254298,83.03396190880113,1,2,1,0.9791010010391096,18,23,95.68184148224094,16.7468766368198,high,10,6,1,0
296,76.68385053437653,53.847364943180885,2,3,0,0.2428137233165928,30,7,88.06470527199986,18.95644682383469,high,10,6,1,0
212,17.418623137110654,49.12645554447528,2,0,0,-0.8915678591961786,69,2,149.55493696385594,22.18328204099461,high,10,6,1,0
196,62.69434105731119,18.086314586120903,0,2,0,0.4440583308745929,3,5,300.6904219604754,6.459284209729391,medium,10,6,1,0
278,48.319712243131534,14.044931480926437,1,2,0,-0.8255358321841697,4,24,430.2168410118343,9.056355035867623,high,10,6,1,0
31,10.304613623057282,70.36473922745424,1,3,0,-0.3063236468394898,81,30,441.1696448692792,12.052606841554082,high,10,6,1,0
191,77.08476536598431,41.720984326395865,0,3,1,-0.2984532871081051,80,20,475.8451915205681,13.55706332561628,high,10,6,1,0
194,15.372771413100477,96.7778662432424,0,3,0,-0.592537702246569,30,41,50.75994419903349,25.750511956793265,high,10,6,1,0
236,43.14119510048528,70.67280221486268,0,1,0,0.269238973997473,70,2,321.619478291394,23.45053037525063,high,10,6,1,0
191,79.15203594268907,38.90537553748071,0,2,0,0.0881197752246774,21,30,354.295124437519,27.79582377640692,medium,10,6,1,0
52,23.543098615334543,57.58315626824155,1,3,1,-0.5282070100554355,55,4,103.17661536305656,17.190648791895754,high,10,6,1,0
285,14.46175032462478,19.943590286834883,2,3,0,-0.7566678080473062,77,21,437.6477396032207,13.109285292215787,high,11,6,1,0
37,53.46412726741976,85.02617461910019,2,3,0,-0.8927217546505402,97,19,291.97857199423936,16.03597983917512,high,11,6,1,0
68,66.0339155045721,22.30521055127568,0,3,0,0.3653893941961634,49,26,232.85116901797548,11.846611343712834,low,11,6,1,0
186,7.704690072422267,34.16272961815994,1,2,0,-0.5864045173003607,75,15,111.33387235331216,29.887204573502554,high,11,6,1,0
238,8.78189337997054,18.28858786332728,2,2,1,0.4907119171374634,54,8,217.9247748027821,14.163313765840794,high,11,6,1,0
210,30.048683544575635,92.95163224051616,2,0,0,-0.1760558215301162,17,7,186.6127615095316,26.14362988381403,high,11,6,1,0
89,68.72094077260763,23.69420179783713,2,1,0,-0.1827456868108719,1,15,189.718698339604,18.395648879964774,low,11,6,1,0
150,42.13809228262723,92.63580796766024,2,3,0,0.2950090157633385,24,22,159.55756536756576,5.903699067357258,high,11,6,1,0
42,41.57963480538569,20.122979186593557,2,2,0,-0.8787799313467628,83,4,57.847309591548445,13.92188953548477,low,11,6,1,0
99,42.37115738207604,21.9425342663812,1,1,0,-0.6862911125029703,89,35,140.46680869162296,26.018649750826736,low,11,6,1,0
169,46.01950260982948,49.09395294363837,1,2,0,0.5244658634371568,35,14,266.01598378062084,6.3154975954895205,medium,11,6,1,0
201,26.990230199326597,80.9078163345908,2,2,0,0.8127040105114871,83,47,225.1487886653176,8.840593144126974,high,11,6,1,0
201,64.61806575383042,51.2907760552548,1,1,0,0.73757748729007,45,5,225.71779411916089,27.826893782881903,high,12,6,1,0
19,14.689287895072008,52.51313373407819,2,1,0,0.7558546189458166,2,0,121.62121619974144,17.578904907852767,high,12,6,1,0
62,40.138838475096144,63.828399806803446,1,0,0,-0.3986362694722587,37,10,461.8691114149774,23.07444324857656,medium,12,6,1,0
229,79.91242643828231,66.21983225326159,0,3,0,0.0265691248910684,82,0,251.20375433041292,28.757045639367664,high,12,6,1,0
263,63.85286418445677,93.52465122376056,2,3,1,0.0042811806002993,55,5,191.31933649861173,19.58543231621311,high,12,6,1,0
12,16.430919658457835,14.747196323079606,0,1,0,0.5248855977317217,91,14,453.0260207209349,22.711425435187422,high,12,6,1,0
148,63.38105381035689,23.39581385779165,2,3,0,0.699864810468737,44,8,287.7953738133576,28.644358676661568,medium,12,6,1,0
205,72.81238733834006,50.37100570295461,1,0,0,0.4390981131751899,58,5,435.1914767417646,13.252791395644108,high,12,6,1,0
291,74.7217988160644,95.3568813047084,0,0,0,-0.1763736121198227,3,13,369.2787624300608,24.448316967749022,high,12,6,1,0
125,20.61316211604112,44.65700981971182,2,0,0,0.3688950344439907,11,16,380.4901737510695,27.48568371241426,medium,12,6,1,0
246,35.325150918758816,50.42661375728738,2,2,0,0.689519404230708,12,1,370.168695878877,9.577006388245795,high,12,6,1,0
276,61.382632726532506,43.32663128939927,1,3,0,-0.1784789344238151,29,9,275.4259359880232,23.004750405798127,high,12,6,1,0
166,50.425738252700754,37.73292652284891,2,1,0,-0.5216416436235889,9,40,308.42107574087987,14.4416545667047,medium,13,6,1,0
236,22.06668302409416,76.68490714389314,1,3,0,0.99021219215276,8,3,207.23896220812216,5.609214913751751,high,13,6,1,0
253,33.79269306276976,18.98852795428784,2,1,0,0.521719163135242,10,46,450.4452085028038,10.052296284593238,high,13,6,1,0
47,55.49408994421689,63.54708558545597,1,0,0,-0.5351784253837906,52,17,211.28226530676423,20.988184910441277,medium,13,6,1,0
118,32.53603858742584,53.6062964813331,2,2,0,0.1616192426438163,67,46,413.9764195812464,6.270525099514128,medium,13,6,1,0
284,11.753429485971935,60.06301909338388,0,1,0,0.6810036225700595,18,4,84.25955794185714,22.421455013047407,high,13,6,1,0
261,68.82740650100806,60.18788566772263,1,0,0,-0.7599165365318872,72,14,462.68004101827023,17.388839336989385,high,13,6,1,0
77,17.689950473617348,32.79327909066075,2,1,0,-0.4455027810072038,86,35,493.8048779539971,8.14697515999967,high,13,6,1,0
240,30.819552240778087,44.15515798165909,2,0,1,0.0157287066703977,42,44,154.9788236095157,8.847529916549753,high,13,6,1,0
148,36.60005125835059,23.691796516484665,2,1,0,-0.9389420848853414,11,46,454.70836773810265,15.153407552039187,medium,13,6,1,0
184,55.44757082857672,95.52520368448111,0,1,0,0.7629449454530164,17,21,428.34891601116647,5.67257147883277,high,13,6,1,0
66,78.14008988817176,10.396067208379907,2,3,0,-0.192952178918766,60,49,188.60602110711648,11.097701953787771,low,13,6,1,0
71,73.71131687527425,63.91665856774871,1,0,0,0.7495194369996772,54,43,166.6388556598987,11.088510581376188,medium,14,6,1,0
57,40.662177741534535,84.073723077666,1,2,0,-0.9308972414119518,84,32,271.6247248004914,24.982883796849595,high,14,6,1,0
215,22.068177196358818,97.37888542432825,1,0,0,0.4812709587913002,30,10,354.69492281580574,6.320946440294113,high,14,6,1,0
205,15.50290220719594,30.91860617318921,0,2,0,-0.4994066797209624,50,40,302.0591834144635,13.52107872226414,high,14,6,1,0
264,22.52873308588819,42.10040622913061,0,3,0,-0.8835233407745124,51,41,95.29056377771376,15.578157869906432,high,14,6,1,0
58,51.41645081251612,10.293681848146036,0,3,1,0.9991217106029072,58,44,372.7926247321077,14.752561853132097,high,14,6,1,0
214,59.94101283633859,53.73477568435922,1,3,0,0.0563619985116627,96,29,345.553451181808,26.43604660156945,high,14,6,1,0
85,27.77504838502545,10.005030776733784,2,3,1,0.8519970592610322,62,9,162.4332762371937,13.435831424490218,high,14,6,1,0
202,79.31839930313274,18.39210010373995,1,2,0,0.7030224118252628,25,28,131.57840971947385,9.31886963998749,high,14,6,1,0
252,30.77426204467412,34.39805372866198,1,2,0,-0.5042257756858175,9,20,70.8371447985809,26.719435261347662,high,14,6,1,0
57,6.260880668354112,26.609783166950606,0,2,0,-0.7133961040730776,95,4,302.6295652129389,18.78122399015123,high,14,6,1,0
289,15.032938306033673,35.59453521340379,0,3,0,0.0789674127613635,90,3,259.4060278882838,13.61867549729702,high,14,6,1,0
164,7.522168839445035,85.82374645830276,2,1,0,-0.935628051744454,96,48,468.60873765741576,21.52095284646912,high,15,6,1,0
107,64.98573963629806,69.7632676512711,1,3,0,0.4357226414075101,31,28,445.1900535867899,20.27021267518983,medium,15,6,1,0
145,35.600191717708014,42.95484293167784,2,2,0,-0.4299282177711006,37,36,351.4441452994376,28.319914505327183,medium,15,6,1,0
292,59.81512649014315,92.892260522978,1,0,0,0.0883741019770301,63,20,437.7439241670782,24.19667807554016,high,15,6,1,0
118,40.64692491195144,46.13413680662473,2,1,0,-0.4882332323561649,5,25,386.9553742965503,20.627368558961656,medium,15,6,1,0
58,30.553957196501408,45.80248453019012,2,2,0,0.6642204930353635,94,22,165.37962960891923,21.41373149571378,medium,15,6,1,0
97,45.8953067343136,76.48521582197961,1,1,0,-0.4337729764347491,63,31,185.74399670950663,29.82728609006422,medium,15,6,1,0
17,41.26021888922858,85.67059241201294,0,3,1,-0.6708564506535304,63,2,71.01796295460136,16.794927607191298,high,15,6,1,0
205,8.2479197339356,75.17828352849848,1,1,0,-0.9349097405277904,62,4,223.62437622364325,29.379992115489387,high,15,6,1,0
169,73.92679466117319,96.02071837361294,0,0,0,0.1456732692174318,81,37,116.35822389115944,28.629241105903688,high,15,6,1,0
123,33.79546867754655,97.05031070587388,2,2,0,0.0957060286311033,17,13,132.59328310356076,21.08733905642184,high,15,6,1,0
159,75.16593437551167,73.29467800406346,0,2,0,-0.2448265387651271,85,13,205.3164282592905,23.24135496253134,medium,15,6,1,0
220,17.475142848291004,83.02025065965874,2,2,0,0.0371728054502502,86,14,98.04786617809526,26.799423968651084,high,16,6,1,0
78,48.01920812217792,46.35094610571836,2,3,1,-0.1588571008106289,2,32,445.7897498573213,25.073583848162677,high,16,6,1,0
94,15.017995150367929,28.027266723046683,1,3,0,-0.1502237542807902,37,49,424.3818945734364,18.498043739401044,high,16,6,1,0
193,60.30837534992691,67.41369115380016,1,3,0,0.85642771451457,37,12,180.40380462379105,17.358232471920616,medium,16,6,1,0
77,14.465142932212856,71.80525708375761,2,2,0,0.0884355863571815,57,21,106.79661040491204,25.06492157158849,high,16,6,1,0
56,12.362270078731846,27.99888537012076,2,0,0,-0.1343634156278366,36,15,417.1960320213447,13.487851930236188,high,16,6,1,0
230,7.596681677107032,65.86911473865503,0,2,0,-0.3913117379529529,23,14,296.4020996860584,23.90436783406955,high,16,6,1,0
11,57.32370169243615,44.44228652916775,1,1,0,-0.0736734989208434,64,49,275.9116472377216,8.157703698884257,low,16,6,1,0
248,36.289965899682514,77.45560891042246,2,0,0,-0.3253744688350446,58,24,66.54183186947071,9.837363335249044,high,16,6,1,0
76,10.470403407773176,36.15200515860896,2,0,0,0.4978195930760349,41,17,382.84007181292833,9.852421503674629,high,16,6,1,0
13,46.85454144432181,76.83823669623892,0,3,0,-0.4095680119624845,70,27,242.59704918379404,23.541925810965584,medium,16,6,1,0
123,71.17798834219396,16.87822176779985,2,2,0,-0.0286891403248887,47,34,204.16158294137043,29.597761828084103,medium,16,6,1,0
42,9.6669028608294,21.91333909125747,1,2,0,-0.1883158624306375,13,49,185.9785566979572,28.93710393287698,high,17,6,1,1
78,77.52789090863568,65.22196613927588,0,0,0,0.6472800023224163,80,15,429.01244588005727,24.896259060541706,medium,17,6,1,1
275,52.16816023573114,99.0891206090848,1,0,0,-0.5585484731891894,74,2,58.54801840278584,22.45508530999792,high,17,6,1,1
65,8.606670849440956,79.55222327192766,1,3,0,0.9268441818165424,29,26,330.08668222302134,18.812256289166505,high,17,6,1,1
66,9.04491789068057,11.260694861393816,2,0,0,-0.8431091875835677,31,47,162.06443791700002,25.242952916562476,high,17,6,1,1
102,75.40814377239845,40.60165994773759,1,2,0,-0.1402986751438473,15,8,476.8328830188407,9.5608820811397,medium,17,6,1,1
220,39.13905264258124,97.84698985237394,2,3,0,-0.96322861491284,42,10,186.2684292252191,9.424781339134428,high,17,6,1,1
158,58.95733630200802,61.86059290518135,2,2,0,-0.1178318827528743,89,16,476.243802138091,10.734092393541292,medium,17,6,1,1
57,55.359867231639136,37.57772532711712,0,3,0,0.0107575169827087,26,33,406.4514182454704,20.33698377561808,low,17,6,1,1
182,16.067208791555153,41.077068718476326,0,0,0,-0.8101942642710616,53,1,140.83714371376624,26.501089625926827,high,17,6,1,1
55,6.009793753022192,44.91582485802225,1,1,0,-0.4642524435330146,82,18,192.70496875885897,8.871396656293602,high,17,6,1,1
143,35.4293165859192,89.28720342832706,1,2,0,0.1750817425596917,57,17,287.0273660209384,24.95732945934684,high,17,6,1,1
246,56.112008896199896,88.80403882750666,1,3,0,0.2954919787239822,92,42,323.96335819985296,14.687228689649505,high,18,6,1,1
239,21.950983256628124,18.818102446154445,0,3,0,-0.4285806245181869,95,32,229.60690993816888,27.328089753324804,high,18,6,1,1
80,45.90170523375322,61.1162837824602,2,1,0,0.6802768773548444,23,1,153.95461167874612,15.952444522196576,medium,18,6,1,1
137,77.1986193272311,59.7983815267675,0,3,0,0.6715069500191284,48,5,73.67906028478271,5.891040453387862,medium,18,6,1,1
266,77.78639850281714,88.77683573096441,2,2,1,-0.9637335729857166,54,31,53.07775877570799,25.85427253957697,high,18,6,1,1
110,55.94282153677701,14.685401836429058,0,1,0,0.9711498520171232,88,37,137.90148039435718,19.27022127917582,medium,18,6,1,1
217,18.38481877976056,84.49043188464024,1,3,0,0.122748761105609,95,46,382.78126131778856,14.691960878825572,high,18,6,1,1
61,6.302576691363816,28.860842158593325,1,1,1,0.9586128097390744,38,6,261.8553584616668,23.87098657612068,high,18,6,1,1
296,71.06360157644563,63.39666193192378,1,1,0,-0.3592484477396782,95,9,90.22244815421728,20.882198139566867,high,18,6,1,1
252,41.45636471295127,71.20148265287074,1,0,0,-0.692085393775957,95,30,171.640723900184,11.78339016328028,high,18,6,1,1
26,63.3642920661549,48.04368576978934,2,0,0,-0.0645101200872009,57,44,234.90294349220665,22.786572582703563,low,18,6,1,1
185,74.73610589780576,19.56437879956526,2,3,0,-0.1901049122492144,21,12,227.09442738256772,8.384806474971525,medium,18,6,1,1
164,55.42750708928239,38.084067129332055,2,0,0,-0.957017140189824,97,45,496.51623397227786,12.317130281391844,medium,19,6,1,1
166,37.467023146274016,53.492989495896296,0,0,0,-0.3053855285932494,79,44,111.9678329276458,24.949871126641884,medium,19,6,1,1
14,37.81721371526736,49.687417998396015,0,0,0,-0.3735169145905093,93,11,184.64619863268652,8.995180484828042,medium,19,6,1,1
266,68.46409393566648,56.94751355352641,2,0,0,-0.6382379750068581,42,46,54.94254480470485,25.478075454605406,high,19,6,1,1
194,6.817832232405312,58.57233833211963,0,3,0,0.1159364203381614,82,35,393.5617681829747,16.692171625739878,high,19,6,1,1
229,41.87218891882255,59.799244306561256,2,3,0,0.2070042537451371,21,39,372.1907509251515,6.981480819002107,high,19,6,1,1
128,10.523892721190482,96.12422271298094,2,2,0,0.8208996887848128,6,33,232.06653156823373,13.523634851764044,high,19,6,1,1
31,10.83704963192573,36.13041566308538,1,3,0,-0.424233696642265,90,49,130.71317249556122,25.438232245247235,high,19,6,1,1
22,42.74282975705044,38.32106034223244,2,3,0,-0.847318794642937,80,21,148.7753661606988,19.188696861305992,low,19,6,1,1
65,8.011185341191453,37.42897480445165,2,3,1,0.9568738720245492,85,29,380.79740037993656,5.680328340384969,high,19,6,1,1
89,46.297238764634336,69.00807560917795,1,0,0,0.3691527493126574,5,18,93.01878890035844,14.451978450781082,medium,19,6,1,1
243,56.46365977963569,16.2499329938977,2,2,0,-0.5869402316388983,72,10,251.42815858911143,10.450825825489105,high,19,6,1,1
97,20.282017081041893,91.98820506735026,1,2,0,-0.7855589583386622,48,32,444.400843061697,10.9283950685857,high,20,6,1,1
101,58.97422788137308,45.356868276355726,0,0,0,0.3612892858692658,84,7,344.8691400954624,25.231540721126287,medium,20,6,1,1
51,74.32600516446335,87.6398048664529,1,1,0,-0.8390132010741012,17,42,431.34303028602807,9.23911345215045,high,20,6,1,1
181,23.904386190298165,37.41606443612188,2,3,0,0.8076441752767425,38,19,201.66557408849505,8.663099366894375,medium,20,6,1,1
270,24.30610249245754,25.24246170436772,0,1,0,0.0816972979061931,77,48,51.11195195707391,5.597236917563834,high,20,6,1,1
105,6.232147598370911,43.08848254457588,1,0,0,0.7110835963100919,98,47,407.8318490263084,26.93498109633508,high,20,6,1,1
291,24.113598840534674,85.37655769245815,0,3,0,0.8095151656073689,4,22,198.2031709934012,22.296881669560808,high,20,6,1,1
291,14.520826327758078,46.84328177495644,1,2,0,0.8212348751074439,25,14,305.4694564430821,16.464812855385333,high,20,6,1,1
54,19.703401699268515,20.24118539534989,2,3,0,-0.7620567908978706,34,33,392.8129175924472,10.390338991357376,high,20,6,1,1
12,66.81473718240548,19.02547024684296,0,2,0,-0.115696703539615,59,7,456.2506850434097,29.81008802391603,low,20,6,1,1
110,36.30621077762556,97.8224806717331,1,3,0,-0.3135523925944037,34,5,184.1614378224659,10.20952753120608,high,20,6,1,1
87,40.10818649806564,50.03179341674788,1,3,0,0.3180919684557171,40,10,277.5370802472776,10.249833542569103,medium,20,6,1,1
20,29.811103217199584,41.085265908815146,1,3,0,-0.6985841876569057,83,12,289.41103249084165,22.74964864735549,medium,21,6,1,0
119,68.30434436955395,30.495601033565706,0,2,0,-0.5022447278480748,40,1,391.8976253536202,8.244827928801094,medium,21,6,1,0
62,67.2668505470205,88.20146836001375,2,0,0,-0.4805753234823093,24,45,168.43081030897545,19.228799571073253,high,21,6,1,0
281,31.082143030577157,80.10201986643237,0,3,0,0.1083053990009723,97,41,409.9855899996589,16.278137457912965,high,21,6,1,0
241,8.714758753253053,58.478555839095634,1,3,0,0.7941581801472022,86,37,100.63930772297688,19.758571891457937,high,21,6,1,0
276,75.67610499685661,12.728966540722904,2,3,0,0.8644816579874055,7,48,259.3045126875071,15.87958912464222,high,21,6,1,0
151,52.71672350783753,55.28455369806324,0,2,0,0.7748222240511062,17,45,119.56524357987088,13.976854274311256,medium,21,6,1,0
267,13.088608837595036,31.31558129890901,1,0,0,0.266229638072023,20,30,400.58154985471975,28.09198094200769,high,21,6,1,0
265,48.155103433839486,13.068037476368644,1,3,0,-0.9033487228811954,41,26,311.00762808982824,10.99411527986976,high,21,6,1,0
267,20.942552901439413,29.421149295348627,2,2,0,0.4821542307303497,79,28,431.12924665436447,17.588065945814556,high,21,6,1,0
31,5.589145428205348,96.65860150093236,0,1,0,-0.1347382809293262,50,28,257.6910478198389,29.19406935147161,high,21,6,1,0
295,45.54860419195452,20.853132485944197,2,3,0,0.9572411192226518,62,17,62.69311104601321,25.49820931435537,high,21,6,1,0
110,50.34802268269387,13.764372687480694,2,0,0,-0.1595661858559189,82,11,329.89775937352283,5.0503843610414085,medium,22,6,1,0
220,44.857264264180905,44.2843795544221,0,2,1,-0.0630485693304254,94,1,359.0317578353732,11.94933155417147,high,22,6,1,0
148,54.54356752342844,35.36296002869352,2,1,0,0.1524104931209442,39,26,106.62809561100543,14.761895579568316,medium,22,6,1,0
66,12.921879159339014,53.035756023509926,2,2,0,0.3106326059160322,63,45,271.80630735791647,15.927496526182804,high,22,6,1,0
224,20.74003375954254,65.17366793295353,0,1,0,0.5980080882887553,93,48,424.00307618339633,8.546026149220713,high,22,6,1,0
191,17.032436356793202,78.90261375596229,0,0,0,-0.1596357965960588,73,37,196.85773580415483,18.51706068885906,high,22,6,1,0
60,69.85696815374747,74.29190051420031,1,2,0,0.8819818659896845,87,28,121.95702231431412,15.942002546964064,medium,22,6,1,0
260,69.01134372002713,29.57697150480658,2,3,0,0.9747924582075612,79,10,441.0802645835049,20.09055622205504,high,22,6,1,0
50,17.692928429566848,15.412722882136954,1,3,0,-0.3832283541234569,72,42,55.102101829137325,20.72005891678121,high,22,6,1,0
139,30.699274859455954,46.09791108273786,1,3,0,-0.82921470520261,46,26,58.43036647609734,9.650872165247636,medium,22,6,1,0
109,22.20993706951716,57.737980527321575,1,3,0,-0.2699815236267997,80,46,160.03191556473,28.5761889666516,medium,22,6,1,0
259,18.706936622157045,69.08922992439102,2,2,0,0.6265510587025487,98,23,341.5034928794833,16.733732762161942,high,22,6,1,0
56,22.15149052175212,57.836568660072345,2,0,0,-0.4644151946751798,6,46,134.24724440111956,21.217348632412307,medium,23,6,1,0
237,16.847978744525435,58.71051453914659,2,3,0,0.3884397514469941,11,13,471.7337287237462,15.38208918344126,high,23,6,1,0
57,75.7320380753597,99.54324061055831,2,2,0,-0.551630693526932,72,27,94.59125810556408,23.4258281420753,high,23,6,1,0
188,21.3954984570306,25.13123621462228,1,0,0,0.9552959147944218,85,11,248.66886930822,12.05647912243553,medium,23,6,1,0
211,46.08223247215448,15.803899768109316,0,2,0,-0.8830122967888208,43,8,165.87215632847042,16.188051067200092,high,23,6,1,0
149,39.99525039898723,50.01028803316122,2,0,0,-0.7188459794708515,99,11,283.7586110194349,9.449104276299328,medium,23,6,1,0
61,12.148363547925197,66.78441803034514,2,3,1,0.4131209372764859,28,43,454.5235694608411,18.15159968961396,high,23,6,1,0
134,59.19016534063773,99.33223821052393,0,1,0,0.8237238365177437,94,29,411.9479697326215,14.457772628893846,high,23,6,1,0
26,21.20101465751368,37.19452954751645,2,1,0,0.2928897601815663,29,23,187.17074181624923,28.400483066297088,medium,23,6,1,0
202,70.82195231599117,19.456501814923755,1,3,0,-0.6792880176234792,67,35,59.19921634435994,28.146324644251244,high,23,6,1,0
265,11.066396060699084,60.984664415368165,1,3,0,0.5263285720484088,56,12,145.52843727067813,17.809892118314995,high,23,6,1,0
44,24.634290058386743,85.4672256814075,0,2,0,-0.4060818921688105,46,16,342.3781634186733,9.10519278717064,high,23,6,1,0
276,77.9849415414218,38.04596210243223,1,3,0,-0.0802648363152542,88,41,158.65043709797587,19.138181645281144,high,0,0,0,0
269,58.61815909568372,22.36273062620074,2,3,0,-0.3244267394366695,31,20,157.70388179994126,17.80766994489229,high,0,0,0,0
242,40.73549199683378,68.76013144222095,1,0,0,0.8750562441065131,17,28,213.67147819335275,12.840944308844586,high,0,0,0,0
100,16.690690125695344,23.88178911597015,2,0,0,0.9110273565808726,35,13,99.36742697181688,22.49298164782539,high,0,0,0,0
254,22.259404355465545,85.40131311466466,2,1,1,-0.2841038748708036,35,49,246.23086456027949,11.491953162873742,high,0,0,0,0
131,57.8509184199033,57.48246071846989,0,0,0,0.7637039269259078,64,26,50.457654527849314,8.98124692655141,medium,0,0,0,0
167,17.882769815098037,33.304762313563835,0,2,0,0.5660160817696687,64,2,396.9337062069113,6.592792840123023,high,0,0,0,0
131,52.86953873181862,42.70112500773758,2,3,0,-0.2120431997783243,81,48,57.95541849639449,21.822784095172025,medium,0,0,0,0
77,35.42745207045837,47.35138337537696,2,0,0,0.4091841173656989,67,33,287.4183120723739,26.89796263815737,medium,0,0,0,0
89,67.22746301885462,69.27471744108283,2,2,0,0.8885904734445365,34,40,499.2442117328382,8.285613017920106,medium,0,0,0,0
135,71.17066911035803,40.128969974610406,1,2,0,0.1402570564847516,81,40,144.91470280956958,15.796223913705184,medium,0,0,0,0
51,64.52752711561385,43.31473724028361,2,2,0,-0.1079822877411689,41,15,194.2255025571406,24.240795751120302,low,0,0,0,0
177,70.36002751643612,59.63061816370562,1,0,0,-0.2891865125506558,89,16,102.25372169221268,24.03244842668929,medium,1,0,0,0
291,30.71254080511083,94.47580156131268,1,3,0,0.2708380613380903,23,8,225.26269106204015,11.82882260313254,high,1,0,0,0
247,68.02929524802391,69.10576314566109,1,3,0,-0.796574046894923,85,33,356.65773044627326,14.29201544874909,high,1,0,0,0
82,41.07339972651744,42.45805968603956,2,1,0,-0.7435757978072377,15,44,239.4440451693671,12.839028109824916,low,1,0,0,0
245,9.839098544711334,83.17706400973525,0,2,0,-0.0064964637363125,31,39,186.89320578322005,9.513671790574676,high,1,0,0,0
204,40.342519941965975,93.53309450842508,2,2,0,-0.8212745595862698,47,8,106.9701351215514,20.66367606575272,high,1,0,0,0
260,57.23736339007058,37.17787910704325,2,2,1,-0.2459699871743048,58,12,336.62199097400554,9.325817691125074,high,1,0,0,0
99,57.62522939601875,82.20664767538847,2,1,0,-0.1900348128921201,98,24,496.8608030123991,22.78987114444144,high,1,0,0,0
114,70.81522464197002,99.8289602982465,2,3,0,-0.0701224895823664,63,13,100.84552607001126,28.81596363403598,high,1,0,0,0
292,42.61142841077446,85.16135768113986,2,2,0,-0.2004139247464389,16,6,88.69719908452473,6.673403268590229,high,1,0,0,0
182,39.17559843676797,59.33598922496444,1,2,0,0.8250516577130689,85,13,360.33817077371646,7.789595601793332,medium,1,0,0,0
214,18.7479102987543,87.16012815900997,2,3,0,0.0606201122461624,24,46,69.94645114349788,29.943581277522643,high,1,0,0,0
161,72.58262661036801,55.24782333412762,0,0,1,0.7622748579448548,51,21,152.49738165676212,26.8206579974697,high,2,0,0,0
147,53.40840556819231,62.00180078801587,1,2,0,0.1350265739118585,99,8,188.10456558034883,24.61580989605192,medium,2,0,0,0
265,15.037034909588328,39.37010962849002,0,1,0,-0.3097703750342104,22,1,266.3991648096659,12.554764173068644,high,2,0,0,0
239,64.9490716190601,42.22083376497268,1,1,0,-0.6754421526555199,70,10,211.34905701901909,17.581733715026324,high,2,0,0,0
83,18.43990079911277,33.390153904987685,1,1,0,0.3039238466984939,56,8,188.7759040160941,25.146576215456296,high,2,0,0,0
181,48.44931652135337,76.75161288934638,2,1,1,-0.0580942870354419,3,0,315.6951986784794,18.18356027439769,high,2,0,0,0
144,54.38606088138409,86.33695416114261,0,2,0,-0.1315370851610282,69,9,275.3175751762616,10.774491982719692,high,2,0,0,0
89,18.77675212551599,36.73360278123739,2,2,0,0.7770426237586945,51,24,209.7070382911864,7.054910585500963,high,2,0,0,0
183,11.747339602444752,50.320244789802864,1,3,0,-0.3640956573505942,58,7,351.0926085205076,14.266627374424717,high,2,0,0,0
62,55.11571317650296,14.999070278241252,2,3,0,-0.0204916110892876,97,28,476.8612926392368,16.58230214529936,low,2,0,0,0
194,36.55047422099812,20.876610851556578,1,1,0,-0.7000385391576869,26,39,285.79391698645736,26.51321949547857,medium,2,0,0,0
134,38.238792107659854,42.35046987897609,0,3,0,-0.3598798179281066,58,5,170.34798883716235,21.961308611695948,medium,2,0,0,0
137,36.44571765381652,71.72416951518983,0,2,1,-0.3505472204125428,50,21,213.8823939330296,21.82213018332331,high,3,0,0,0
186,56.24424026511039,86.54421990800283,2,1,0,0.0441846244771888,92,1,374.7522915338942,10.537613560877542,high,3,0,0,0
249,63.1227338447526,63.76993003598145,1,3,0,0.4822577179226512,55,22,140.30840596011154,23.9465048820241,high,3,0,0,0
71,27.14724535235041,10.59092297995817,2,1,0,0.5698735766228653,57,11,370.2521185191911,7.701081255982585,medium,3,0,0,0
159,19.366790321292303,58.69004435633798,1,1,0,-0.4425366653406064,7,5,192.9829127657288,17.260676248275942,high,3,0,0,0
48,19.50581071907469,14.112456597845892,0,2,0,0.7111281783560255,9,45,469.85239349900826,10.222266204555083,high,3,0,0,0
110,69.70229493942097,78.94874329252225,1,3,1,0.982888413376488,36,16,485.1632480404517,24.371544918837117,high,3,0,0,0
215,47.89590644555232,14.559447566268178,0,1,0,0.4724193421502132,77,8,105.8105745863059,18.01461927317486,high,3,0,0,0
164,79.1149622588053,20.364140636550005,1,3,0,-0.1856452609877801,8,9,145.4701542161191,16.440442648272093,medium,3,0,0,0
165,46.9643368975664,64.91760490700437,0,3,0,-0.845531326095317,51,11,260.80538575455967,5.583190381205342,medium,3,0,0,0
159,18.044157975356583,91.87105384680156,0,0,0,-0.5919471384537243,44,16,189.62257000276816,15.226786934681842,high,3,0,0,0
53,23.75454759348449,26.261871849955877,1,0,0,-0.9583536363399896,90,0,228.4854501797984,7.901419134902272,medium,3,0,0,0
273,62.87024795841347,91.6942177510539,2,0,0,-0.6210077534358018,46,12,240.7726226559984,5.5615282106983255,high,4,0,0,0
75,39.375460634135614,72.17973924832054,1,2,0,-0.3249023126841506,94,37,110.26980565764303,13.765768788559022,medium,4,0,0,0
10,50.92426923206295,38.69350523984114,1,2,1,0.9379647021179454,97,38,326.7542678027526,9.464757291336444,high,4,0,0,0
277,69.70374939524044,53.788133726675255,2,0,0,0.4487690962844444,3,0,408.6480084777853,12.921465623347496,high,4,0,0,0
270,51.37332535897609,32.2090493390634,0,0,0,-0.5853722169260909,64,40,153.56008330403435,27.77641135475448,high,4,0,0,0
166,32.20295947909655,95.20787544027036,1,1,0,0.60553698759095,59,28,250.1230206243022,16.800459536170987,high,4,0,0,0
227,54.61434846026593,52.21125652233353,1,2,0,0.3149851265862851,51,33,314.7224995213492,15.709489771018358,high,4,0,0,0
26,75.70447423128277,72.28431805623218,0,2,0,-0.8313552683966836,63,35,465.36947109479513,5.653867693903754,medium,4,0,0,0
243,13.598530566603024,12.21487813180024,2,2,1,-0.6692359004442412,83,27,368.9933843494841,19.46587881278188,high,4,0,0,0
213,42.06406612763289,72.66254260475793,2,0,0,0.8665345848579464,52,19,153.01378195954285,27.139131227967525,high,4,0,0,0
53,59.67067232321733,64.59175656272487,2,3,0,0.6217808392672037,26,15,86.90043694030322,22.9902503337566,medium,4,0,0,0
168,7.666544535798074,73.46144855891656,2,0,0,0.2788335874333785,61,7,232.7353565468849,13.21008775903004,high,4,0,0,0
174,64.69663578660013,71.93472675444823,2,3,0,-0.7737504980078296,54,35,215.618064051546,29.63704748589676,medium,5,0,0,0
261,77.14346149672407,44.63790432538229,0,1,0,0.8727250704655956,46,28,443.8245914895365,10.017684117604729,high,5,0,0,0
73,36.207153905276655,26.64978455420143,0,2,1,0.1805527423719426,95,32,360.7422802572564,25.10071210198332,high,5,0,0,0
108,6.605156973373214,93.44653765484355,0,1,0,-0.7156715567214735,85,10,315.5795327220164,19.95293577457401,high,5,0,0,0
26,37.18598850180745,12.803362251641452,1,0,1,0.2006495457755308,32,15,313.33100070449166,8.57722341874986,high,5,0,0,0
151,11.400279568256796,82.26786984873435,0,2,0,0.5256403553203917,33,26,376.2399174710148,21.08612124630596,high,5,0,0,0
298,78.28517616324464,24.643903722977967,2,3,0,-0.9365582037175944,4,38,102.90778944172108,22.567883381120385,high,5,0,0,0
169,72.34973028296977,78.2107753041297,2,0,0,-0.3400792444283922,94,37,84.06307195518134,14.741381272386112,medium,5,0,0,0
183,62.44418518646758,64.486234916157,2,0,0,-0.0332722530634521,7,3,300.8006629779702,8.531364991127159,medium,5,0,0,0
55,42.38465479126735,15.830766230820387,1,2,0,0.097386044031807,13,11,120.2289078849598,29.391644735943583,low,5,0,0,0
46,76.9516620357351,83.56164649187515,1,1,1,0.374579078131783,89,4,310.8992943042339,27.320228041017863,high,5,0,0,0
68,42.48674755838596,42.50593702544908,2,3,0,0.8896794601598805,3,4,314.97875045466435,14.913851491145664,low,5,0,0,0
131,24.565715245150773,22.64577125797017,0,0,0,-0.4243202002193242,76,46,129.9150058687323,19.536749900884917,medium,6,0,0,0
291,29.96900754671686,18.48565230043608,1,2,0,0.3456239858089376,13,7,312.2887721644061,12.567632836003712,high,6,0,0,0
74,74.53198489580753,79.776495549322,0,1,0,0.389039329271085,91,2,132.732808871529,20.598238610219237,medium,6,0,0,0
217,52.46295154203389,49.40779471657453,2,2,0,0.4869106504116673,37,19,228.42875487392763,26.635066395731744,high,6,0,0,0
52,41.98255635612071,18.946534739566506,2,2,0,-0.4110825050766653,81,37,258.4520512123356,29.7709255720376,low,6,0,0,0
98,45.50650831265422,56.31461794794347,1,1,0,-0.2817073240283261,65,32,193.00431781606176,13.684838718514262,medium,6,0,0,0
124,62.27906844028708,36.76543196487015,0,1,0,-0.3854832696698502,22,17,341.25386295100435,12.509929133245564,medium,6,0,0,0
274,19.865529967115897,24.815778458431588,0,1,0,-0.9233643043065712,83,4,335.0173565391432,12.283704123643652,high,6,0,0,0
59,60.66588300361124,95.07155089034204,0,3,0,-0.9489383236290696,57,31,486.1690333902356,12.743903461772843,high,6,0,0,0
293,61.80315411119431,53.95670559415484,2,0,0,-0.7910993840710727,72,25,58.97563614793157,8.270208962137913,high,6,0,0,0
219,34.70586431523118,56.829006078496775,0,3,0,0.7095380594449361,99,28,360.7902080613242,8.247456566365539,high,6,0,0,0
118,28.412919999126892,11.92911005288708,2,1,0,-0.1447086166736702,22,44,224.81742785745223,22.83014585566005,medium,6,0,0,0
144,61.397165390888354,72.22340904427419,1,3,0,0.7967917078566633,82,2,110.2488021390938,18.836998234557523,medium,7,0,0,1
232,44.55252881868318,91.97003499799575,0,0,0,0.7711337697384677,46,42,213.26384444915277,28.681483051683312,high,7,0,0,1
179,26.67071158310537,83.10289149031091,0,1,0,0.4489508475833725,59,6,473.780296125491,19.16036104888414,high,7,0,0,1
180,24.53079086802736,86.57069940779516,0,2,0,-0.4153931256097833,61,19,154.88081528010247,11.184137689116064,high,7,0,0,1
169,26.87276216626952,74.18506651446774,2,1,0,0.9797647554645316,72,13,263.011614876177,8.147870799055038,medium,7,0,0,1
179,20.8607730072484,74.65345432394314,0,1,0,-0.6451170796105747,57,1,480.6759826449103,17.47691720999201,medium,7,0,0,1
166,15.51551028190353,18.157266823464223,2,1,0,-0.7086004647874231,67,43,129.49126142766164,21.46523981067858,high,7,0,0,1
83,76.36909313977975,28.08449039974677,2,2,0,0.2562190618699067,27,40,264.6744830697942,11.614254162461954,low,7,0,0,1
112,71.07769146961293,12.508591131893516,2,2,0,0.588082405899774,64,23,325.51588905305806,15.10072485739079,medium,7,0,0,1
20,36.07185147274671,95.60053998900996,1,2,0,0.136090752435076,37,45,359.3962218327603,22.53090011999381,high,7,0,0,1
270,10.688372211662736,16.321538943071843,1,1,0,0.2036950183456469,73,29,185.01274741487083,26.91132816947475,high,7,0,0,1
272,68.72056989213684,63.495941523777496,1,1,0,0.7176655529088058,87,36,223.15943552002264,8.831408136653833,high,7,0,0,1
46,23.34574928460417,36.768935633228686,2,0,0,0.1445219064575436,59,39,172.88992363175595,6.348119875828918,medium,8,0,0,1
293,78.52578032773324,84.85544286858432,1,0,0,-0.5828391577439516,56,47,230.1490220074296,11.011024091312986,high,8,0,0,1
207,72.64296050137108,26.88989538760734,0,0,0,-0.6437871630319403,99,3,89.73784261225995,10.003125996529448,high,8,0,0,1
114,76.35720374745806,61.50490595374002,2,2,0,-0.3389556372521998,8,45,443.5090983972978,28.71124530534011,medium,8,0,0,1
57,17.427631181428282,78.36364424361486,0,1,0,-0.4912951461067476,74,48,493.004580986859,11.697261535301111,high,8,0,0,1
20,35.06282058490085,70.8561691296376,1,0,0,0.3894943332105995,13,27,223.92687615163396,15.44832983978892,medium,8,0,0,1
18,39.86304269075679,86.92012406220853,0,3,0,-0.1906709114427716,35,2,66.69498427601845,16.69694736339619,high,8,0,0,1
203,13.291058478423654,14.050370383276062,2,2,0,0.8935871906671555,94,10,58.12489763713009,6.9591316745898,high,8,0,0,1
76,54.27403127572681,10.988482431713216,2,3,1,-0.6569996439637691,3,21,390.6690997500865,28.82658288077828,high,8,0,0,1
144,58.60626394546746,19.741723836440634,2,1,0,0.0560679368911471,62,46,128.16740638941522,12.97266047422994,medium,8,0,0,1
76,76.62753894023624,53.75302597444535,2,1,0,0.7931817248950317,97,33,373.9566314764619,26.590082207050585,medium,8,0,0,1
225,10.32059707350536,97.65306171118142,1,3,0,-0.8301233238885339,84,41,118.35492075447284,15.162135388999491,high,8,0,0,1
257,18.799646904666066,39.49525867053481,0,1,0,0.2047228869694486,86,9,228.00956848190296,28.30474439893415,high,9,0,0,1
225,36.111378446593925,33.108592987103066,0,3,0,-0.7135821346846645,8,16,318.742594574082,19.58263190069461,high,9,0,0,1
203,40.65276084770198,65.65013234743503,2,3,0,-0.969292227576182,75,17,356.2954097678886,23.63560128826868,high,9,0,0,1
148,19.57965224256739,74.44097960412984,1,1,0,0.5300938415341265,80,5,316.15031399623905,11.83439136056982,high,9,0,0,1
125,8.07464921896127,16.472089720123954,0,3,0,0.0637714160975619,47,6,451.9730143004225,12.98018518488735,high,9,0,0,1
80,42.63091518633548,35.07097591465983,0,3,0,0.5986690855219821,69,0,138.857876665477,25.421077807613784,low,9,0,0,1
247,20.38449436501778,71.52166836535116,0,0,0,-0.415178109786406,12,16,99.69483403222723,15.567846713213072,high,9,0,0,1
289,36.5960822546119,90.88722184145134,2,3,0,-0.3596315058595738,68,1,348.2910988610589,25.35918953938916,high,9,0,0,1
181,27.72651568617132,74.65935493882446,0,0,0,-0.4293133155761814,34,48,144.34713764713217,22.68070484161126,medium,9,0,0,1
206,13.187448396207808,73.53406506812564,0,3,0,-0.5701510698372982,91,44,369.370681807826,13.608360078731437,high,9,0,0,1
240,76.64513677105158,24.25403698200469,0,0,0,0.5983653904527197,98,9,108.59557123492624,6.1314965578361615,high,9,0,0,1
183,74.6662697982468,72.97199175871577,2,2,0,0.0401442526656266,54,9,175.27058326159664,24.281692531568517,medium,9,0,0,1
151,42.10888957749515,51.64516061156054,2,1,0,-0.5758334974856711,8,17,375.7019367305568,8.527791372402405,medium,10,0,0,0
223,47.00278303369759,89.67832589427061,2,3,0,0.0655619726188845,59,24,389.828681563268,5.654034836404232,high,10,0,0,0
203,45.89755534894608,42.33201959727589,1,1,0,-0.5607248622338821,49,1,63.935035707876224,26.90126551408332,high,10,0,0,0
59,47.719393492038016,99.67484765389273,2,1,0,-0.0723860529717819,8,18,327.8575615506803,14.015628543515536,high,10,0,0,0
103,64.27756952165092,92.91849573902633,2,1,0,-0.8478216785140542,72,1,470.4016846159045,7.789639892398807,high,10,0,0,0
57,61.56801783888288,51.316334649363554,1,2,0,-0.0556330291529045,91,18,373.4978176347399,27.95644203492148,medium,10,0,0,0
158,72.40825982134635,60.35362720213199,2,2,0,-0.8273538251892216,77,5,147.68066655514392,16.935135867161165,medium,10,0,0,0
156,18.1401312473797,78.28317258368178,2,0,0,-0.9948034490586076,25,8,261.84338100560035,26.718097122668,high,10,0,0,0
251,17.484962139183416,42.72277399631679,1,1,1,0.9666473086195676,87,33,192.1777150597669,8.356505963817465,high,10,0,0,0
199,13.16281247739988,53.69037104840127,1,2,0,0.6122144737511588,4,48,418.0310369792066,21.44982091005847,high,10,0,0,0
97,23.566601608798354,15.559587634004414,1,2,0,-0.1392210701359544,36,25,114.01321442517006,23.515960896738225,medium,10,0,0,0
148,45.666344647825206,92.97883871988576,2,0,0,0.6745961749607066,21,32,211.32646869917343,6.186068309371166,high,10,0,0,0
187,42.1894379554974,60.596861426260176,0,3,0,-0.839963588101551,44,16,495.5951841680746,15.94589617534541,medium,11,0,0,0
153,40.81273003928381,64.66765314779295,1,0,0,-0.3363163911867521,48,32,447.9185357825543,16.7864527657304,medium,11,0,0,0
88,45.3591416909121,52.72587578587288,2,3,0,0.2746370640539521,21,42,68.25868963941623,22.98342144387622,medium,11,0,0,0
46,13.863688837776705,73.1054848332465,2,0,0,0.7017538068098972,83,15,202.0670066739057,9.740680488273778,high,11,0,0,0
11,60.6054815600962,76.74982902873758,1,3,0,0.0947110668203521,57,22,214.3569590141962,18.41106903163084,medium,11,0,0,0
148,34.26962952606003,44.112000007137766,2,1,0,-0.9032903431354138,13,26,372.973177347817,24.43303744850268,medium,11,0,0,0
174,37.5231337348858,90.25513206766706,2,2,0,-0.4085189386351004,57,40,207.27450366843527,28.82351976973625,high,11,0,0,0
65,72.39378360801813,90.93855644725431,2,1,0,0.2658403100300726,90,33,446.4554932493256,19.53229641377291,high,11,0,0,0
274,29.974794327126283,25.391686865405603,2,2,0,0.7340161924724276,40,9,435.0891639685143,27.77199513080143,high,11,0,0,0
12,6.800507392516312,58.47709902373773,0,0,0,0.3208795494882202,29,13,271.3100884971324,25.6255297017858,high,11,0,0,0
202,65.34123997663616,15.537609443717743,0,2,0,0.5730930235705225,3,36,97.29333611962625,29.713915799987628,high,11,0,0,0
216,65.93373671139732,91.8569003885083,1,1,0,0.4942785650513432,88,18,400.53961128510855,9.83849407206219,high,11,0,0,0
156,62.054608381141655,45.89457783588639,1,2,0,0.471409897218755,88,6,95.63763335324822,29.08484884022748,medium,12,0,0,0
81,5.017799339472591,44.6923594075204,2,1,0,0.0513712307542291,8,27,315.1178586137372,6.847795826426066,high,12,0,0,0
26,66.53667872859697,54.22455482839721,0,0,0,0.149850315078917,95,49,292.2376411529492,18.848495052997382,medium,12,0,0,0
256,47.50644749674106,33.41305543069943,0,0,0,0.773897478895105,7,9,315.96543588860976,11.629098208225242,high,12,0,0,0
31,13.10892616337785,78.58636665303509,1,3,0,-0.367745759029024,86,36,485.2936034294585,9.52797979712967,high,12,0,0,0
59,14.39681445972322,79.15313352877372,2,2,0,-0.3479664485749296,72,3,195.3967761825697,8.849794782373674,high,12,0,0,0
267,12.088499103571568,65.94821217383225,0,0,0,-0.2720430256540518,99,31,314.91315883316935,20.607491366451395,high,12,0,0,0
142,50.376582265611376,19.71408794180362,0,3,1,-0.751169943816326,17,19,290.8087230012673,14.566482530770127,high,12,0,0,0
256,15.104798255838292,93.20188759609712,0,2,0,0.0494127540813638,35,33,364.5844057288746,14.75512993257098,high,12,0,0,0
106,50.63542654636567,31.46462923626824,1,3,0,-0.8800987965568734,72,8,318.78814509579894,18.60349483675636,medium,12,0,0,0
174,55.27371445070021,93.93807110816178,0,3,0,-0.99784531768286,4,41,262.6958418268227,28.83168586777482,high,12,0,0,0
128,31.436197247051982,94.04331667813167,0,2,0,-0.4126581362595791,39,6,273.14746774817576,25.2416531890327,high,12,0,0,0
223,57.11713614873216,30.66768924654809,2,3,0,-0.7548480613246646,10,24,145.8870527107154,17.296635504313635,high,13,0,0,0
48,76.86211257957405,94.30109272064249,0,2,0,0.1653275882108096,12,43,396.8777646812757,10.553938049651432,high,13,0,0,0
105,18.32790708569293,43.48201892528284,2,1,0,0.0761568020604366,24,42,271.612443960648,7.275693591336164,high,13,0,0,0
169,25.724758954074588,40.52324688883998,1,1,0,-0.2435059106228516,30,25,474.83309058900335,24.125149582159143,medium,13,0,0,0
64,69.85071301234795,78.01795046851718,2,3,0,0.4689486174058861,75,33,202.59106696432653,23.91764585190559,medium,13,0,0,0
210,54.55814724462488,81.0821201825805,2,3,0,-0.4538618860567975,41,5,97.13703491746128,13.710010930571825,high,13,0,0,0
193,27.370214702103013,48.81397873829573,1,2,1,0.8576864152711703,51,5,340.96547650329694,28.632880971208408,high,13,0,0,0
76,51.06583914606027,51.19853535899733,1,1,0,0.8829878938734292,83,42,302.6271446201698,14.526399862815616,medium,13,0,0,0
159,69.59725975769123,87.9165368604469,1,2,0,-0.8757232473211425,17,14,98.27152137464634,13.310935016842755,high,13,0,0,0
139,53.32819989565952,23.461110857904853,0,0,0,-0.6381561399080755,11,43,50.9548867180399,15.426137758881824,medium,13,0,0,0
22,57.96674199239781,48.73909982480968,1,3,0,-0.3391636636731325,1,34,325.5984682100751,7.556914804803931,low,13,0,0,0
181,51.89393305736815,77.9255869970311,2,0,0,0.2363343090352518,76,48,391.63176286163934,28.371262833059745,medium,13,0,0,0
275,77.2684200249608,11.49502454096727,0,0,1,0.6263979075724571,65,31,357.08726196454074,8.223859697668715,high,14,0,0,0
227,52.246122593452974,53.30224778593887,2,2,0,-0.4946318389080466,93,17,240.85221099982152,19.205097130861876,high,14,0,0,0
225,16.330155504683532,35.12817603646522,0,3,0,-0.3628518905783242,56,28,475.3437757949628,17.132439199964324,high,14,0,0,0
190,75.0697489074213,51.95576231426745,0,1,0,0.4863120287373372,96,6,462.8977963672292,26.114503188865967,medium,14,0,0,0
124,9.048472313628674,76.8459113326533,0,3,0,0.8986347205777765,30,23,360.373018476803,22.73788242911603,high,14,0,0,0
192,19.517722040345436,29.19383890957612,0,2,0,0.4472183502399807,56,17,360.91044094547937,26.68813499233213,high,14,0,0,0
172,12.067589188782904,94.66673125256013,1,1,0,0.2814391678309917,51,32,60.14298630799747,25.360540802397992,high,14,0,0,0
32,7.10292504459359,46.07249898896751,2,0,0,-0.2740864069092172,2,14,59.41115810179651,22.89791219889085,high,14,0,0,0
255,23.647564264201087,41.40022091585036,1,1,0,0.3859907743956281,47,3,334.46606512188185,7.934205587618591,high,14,0,0,0
73,35.77844844000208,34.149983364108934,0,2,0,0.7000933008031502,78,7,326.898875556682,6.959872973241891,medium,14,0,0,0
290,71.72979678118062,93.78807685252237,0,3,0,0.2789363675365228,46,6,468.808372468202,5.316364067533881,high,14,0,0,0
64,30.372556549292984,52.25423666073926,0,2,0,-0.6508291442833178,38,7,130.3366160708776,22.02400323288781,medium,14,0,0,0
227,9.829207785948666,66.58037785452538,0,1,0,0.2152179148647666,80,18,302.5105807152156,14.365700658580678,high,15,0,0,0
108,16.9096501661595,60.01276854828919,0,1,0,-0.7535158294387791,85,44,462.33624222282526,7.63227394891442,high,15,0,0,0
147,48.04438286072469,88.88573211985432,2,2,0,-0.3244421436790987,73,7,379.3973124295464,6.659549367588706,high,15,0,0,0
240,73.88975142522416,45.79108337983664,0,1,0,0.7075025050331272,85,25,413.23816648795065,19.004477934289568,high,15,0,0,0
163,48.96496635086754,78.92138085654615,2,2,0,0.2891290049487998,63,30,104.41081658140604,20.548531348184483,medium,15,0,0,0
106,79.47032654599938,92.7887766220995,1,0,1,0.2757964142663076,45,6,439.0074140981712,11.097109543167477,high,15,0,0,0
153,56.50399572481409,83.0579335747041,2,0,0,0.0928051808235805,20,29,451.2697669452732,23.77825428638401,high,15,0,0,0
188,21.50569087144569,65.8625787991291,1,1,0,-0.4919125259259256,51,3,477.5712336496807,23.47343564172391,medium,15,0,0,0
31,23.531346403163084,52.2064650701851,2,1,1,-0.8168540258438501,32,6,399.6993404426835,29.71628613579685,high,15,0,0,0
215,41.04712015662409,91.86830005343953,2,3,0,-0.9449259498511297,12,6,218.1194392447164,16.973555480455115,high,15,0,0,0
234,52.30002884834986,13.808620894820956,1,3,1,-0.8745048134438382,97,38,297.1594941755401,27.33534475975047,high,15,0,0,0
199,44.88799719168806,17.45173404351567,1,1,0,-0.3783647160980832,41,12,120.76657419223578,6.047654207536078,medium,15,0,0,0
90,66.95479036632202,99.23503068736989,0,1,1,0.5149402911093723,69,42,60.88200057547606,25.587500215306964,high,16,0,0,0
154,36.89617185652223,20.24518765145693,1,3,0,0.6963213085036386,60,2,264.80845138310974,11.428946190780104,medium,16,0,0,0
28,64.40229950491135,40.2652490836187,0,2,0,0.7247859720189922,53,19,449.7718866194186,29.62813525937092,low,16,0,0,0
85,8.595870829883932,42.19615481746854,0,1,0,0.9114498857801574,17,19,345.5475627177485,10.31548225810362,high,16,0,0,0
236,62.26163370580946,11.982408131379058,2,3,0,0.8765711421122189,37,25,305.218220626613,15.10895405116776,high,16,0,0,0
191,43.100387994632506,32.0520498624918,0,3,0,-0.7053984786001446,19,21,199.60676354757484,9.524100769316908,medium,16,0,0,0
230,23.501174947564493,68.43424525448235,2,2,0,-0.963664972312398,91,22,356.01398406239144,28.19776408135142,high,16,0,0,0
41,29.70610811636145,48.78079267986236,0,1,0,0.6728695310582642,15,13,374.9939338190764,11.640531936670314,medium,16,0,0,0
200,59.30579002343251,23.567866897888777,2,0,0,-0.4386510248283166,42,29,64.17828463516679,20.88905928299264,medium,16,0,0,0
266,23.4909838610308,86.5441725586998,2,1,1,0.7922391609319146,39,12,456.5324091382788,9.824501571743752,high,16,0,0,0
10,67.36094922825168,50.0610546237908,1,0,0,0.5844252352594872,94,23,274.5953325323398,28.948264692027596,medium,16,0,0,0
65,66.3053420825719,86.83143877423362,1,2,1,-0.3718695479157186,38,38,112.99104785448696,16.57987151312267,high,16,0,0,0
148,11.731429810460138,33.52065108334978,2,2,1,0.7086310017901878,54,31,226.88902422043108,17.343814806619566,high,17,0,0,1
298,8.080132582564113,97.86531004210008,2,3,0,0.931535913571966,47,9,115.40933861934506,23.366421691093485,high,17,0,0,1
132,40.46701903043535,53.171622092633335,1,3,0,0.7795038754063905,67,42,410.4975658731426,24.104008851590155,medium,17,0,0,1
247,70.32454940513821,65.70617670993857,1,0,0,-0.1609822039683188,66,11,282.4098218717651,19.49956451898366,high,17,0,0,1
148,68.22699952946141,60.668035836065705,2,2,0,-0.8287704168582908,90,14,157.9308656722833,17.7209544343284,medium,17,0,0,1
127,67.59986632600368,32.117662399640054,0,3,0,0.2278934050813141,53,33,284.67332277196937,22.67893339445749,medium,17,0,0,1
18,42.19375973119526,39.22297976105724,0,0,0,-0.865833851401058,4,35,377.2082617182178,20.86739646492948,low,17,0,0,1
97,33.840661750507564,75.92983806002172,0,2,0,0.5289113812002728,31,36,494.0319222281928,18.96878240367826,medium,17,0,0,1
59,7.373230312935323,89.97017702001942,2,2,0,-0.947621370196602,76,37,259.219106589435,22.020138027026174,high,17,0,0,1
251,30.46659732936125,60.37903005714773,2,0,0,-0.5462724147526727,87,22,399.4908553800464,7.772471418353533,high,17,0,0,1
264,47.00287368194795,99.12494736199676,1,0,0,0.6203307696114566,36,38,173.09176714075022,16.787839323565258,high,17,0,0,1
149,26.685143238675277,97.87267939518507,1,3,0,0.8242532073426456,92,34,346.0778670904353,15.535840697724996,high,17,0,0,1
235,31.499242739192937,52.009272808280095,2,1,0,0.1278368439050781,67,45,52.68133677348518,14.055725138329798,high,18,0,0,1
176,5.7325375143553,31.2349405228135,1,2,0,-0.1935726245886178,17,3,269.6067115668763,5.44440230879938,high,18,0,0,1
295,61.81645424379426,44.31211095801553,0,0,0,-0.0111951713782332,69,6,183.3197137409612,18.16813432957601,high,18,0,0,1
113,65.25694439735794,44.32563062335984,2,1,0,0.9499197281250538,63,48,376.0722032539129,11.68618999478662,medium,18,0,0,1
61,76.04155298852488,32.88891631826975,1,3,0,-0.6897560462223735,21,16,107.92254412474536,10.21630512089837,low,18,0,0,1
39,56.86477783801735,88.57142321798833,0,0,1,-0.8471720291361058,19,9,449.3475868755296,16.18118748168041,high,18,0,0,1
218,52.81358701070829,12.426879730498896,1,1,1,0.4739867488726141,88,23,253.5846265912456,28.45998836247244,high,18,0,0,1
133,25.200709664764027,86.97295703139734,2,3,0,-0.666116932598716,81,19,233.07000360134205,23.965464978115325,high,18,0,0,1
169,66.80955851891477,19.39741962693754,2,0,0,-0.5562527175610537,93,27,343.01449134143394,21.32164570220053,medium,18,0,0,1
192,25.903481402541104,39.43158365045176,2,1,0,-0.9675872762120814,8,45,67.00031461015449,13.96157790157585,medium,18,0,0,1
41,21.92342877622443,69.38643440697109,0,1,0,0.7193672639947026,67,42,138.10912007732213,19.415287509722376,medium,18,0,0,1
208,79.51493921175434,78.10206487290998,0,3,0,-0.9571810181593188,78,12,485.9795514633458,10.572550494040708,high,18,0,0,1
100,42.42765795791975,43.64131487833727,2,0,0,0.3911718621905835,2,39,364.0912069661383,27.821991867338767,low,19,0,0,1
190,40.42933559596229,73.27430907849734,2,2,0,-0.8277915499353004,65,49,421.8148536753199,15.288181665031743,medium,19,0,0,1
152,47.38857598613626,98.2602446427267,1,2,0,-0.4110647260680837,30,37,141.71850751329924,21.85646160440839,high,19,0,0,1
260,16.76866013947261,61.76263119454423,1,1,0,0.2992023818727884,20,24,251.31463912611508,14.63705549245864,high,19,0,0,1
192,57.46825917640189,90.77002951634068,0,0,1,0.1378169744409485,59,32,125.41646170238609,5.270047525450742,high,19,0,0,1
165,64.28687790645434,84.96718444780231,0,3,0,0.8765141312528233,96,3,452.3513695306751,13.678480968933142,high,19,0,0,1
161,18.213593372426622,78.12005274727275,2,1,1,0.6838775450892269,9,17,151.91854145050135,22.547485653231558,high,19,0,0,1
67,33.334471955414344,11.080538519374445,2,1,0,0.1973680964946269,22,0,124.71262889712249,11.904159883415243,medium,19,0,0,1
254,74.71284627153145,42.86957403319888,0,1,1,-0.0254560286776417,80,36,440.7409600892195,25.963805295717595,high,19,0,0,1
190,18.249711911000524,64.68357871559243,1,2,0,0.7028156364926066,64,39,169.18809754914702,28.33548679640147,high,19,0,0,1
182,75.84276558293966,66.94540909373976,1,3,0,0.1959734170473113,51,33,233.4608234930406,14.022593597412357,medium,19,0,0,1
262,57.22635633196019,34.80082901366401,2,0,0,-0.1370528741502952,72,27,161.2999910761119,9.92993056275069,high,19,0,0,1
175,47.18320283173307,24.315466747849968,0,2,0,-0.8065430690103246,34,16,208.9984262093793,26.54969659718936,medium,20,0,0,1
12,29.854940567330924,78.35209056976343,0,2,0,0.750916215754569,78,26,382.24079131986383,28.80395988733398,medium,20,0,0,1
181,14.85454890613308,84.76487576263146,0,2,1,-0.4851666301027497,4,4,286.80521245195376,13.58997233833552,high,20,0,0,1
98,28.15436903560928,94.54328153852892,0,1,0,0.9832377055733152,54,8,445.9692376880399,9.367725119305057,high,20,0,0,1
66,36.37705711749683,64.51411506048571,0,3,0,0.6684303925193646,27,37,211.2174267438401,13.328103589500095,medium,20,0,0,1
214,14.158811855241996,74.597679418512,0,0,1,0.1224549442331015,6,5,416.5546173187671,14.709969466830431,high,20,0,0,1
214,24.487108285651136,17.731694747125427,0,3,0,0.9990179315163772,5,22,244.2010912788681,11.586282513916668,high,20,0,0,1
35,68.65757438088879,11.45272387361562,1,3,0,-0.3646111578334166,93,7,111.70970607460248,23.64712430650773,low,20,0,0,1
51,17.371916942462363,84.29603650282262,0,3,0,-0.699407956588115,66,37,483.62649518960166,19.57324186810328,high,20,0,0,1
160,14.388198185537515,42.91111367896136,0,3,0,-0.4225122147839997,7,49,379.3180993498837,24.94614646436077,high,20,0,0,1
255,16.32207720438417,56.18798531693949,2,3,0,0.0290021409557754,72,42,369.1763884177233,16.968940473586308,high,20,0,0,1
202,25.251948018659817,87.47530888004592,0,3,0,0.1446404673117445,92,18,135.254559819772,18.43000482956781,high,20,0,0,1
148,10.671139360851823,88.68506309729624,1,1,0,0.991357467998908,67,19,297.35689446500965,27.166007819955865,high,21,0,0,0
36,41.191466783997456,95.89150990727558,2,3,0,-0.3826127401484989,45,46,369.7784277969332,14.793718467022716,high,21,0,0,0
51,76.9389874252109,40.65487882123792,2,1,0,-0.4022707279664965,13,22,374.5247920695177,10.55115030227498,low,21,0,0,0
263,67.33921077472948,47.74960013272536,1,2,0,0.4795130599118853,32,4,60.105198788744566,22.88853227754928,high,21,0,0,0
163,30.531697668042032,63.43163650655488,1,3,0,-0.2770523161195179,15,25,362.0327268347693,9.490339020165916,medium,21,0,0,0
114,50.98320734904584,99.1681958501679,1,0,0,0.3962000431465919,47,34,239.5140628116448,15.579273443620382,high,21,0,0,0
14,55.613126863923576,51.36299336626424,1,0,0,-0.7611527532541205,59,39,188.0373938627077,10.401485459101776,medium,21,0,0,0
140,19.17555971510027,50.69374681848844,0,1,0,-0.8520821461583563,32,28,172.8741121152775,27.51472578759577,high,21,0,0,0
161,54.68226756275526,45.08694152170664,0,2,0,-0.7838081717463867,10,23,430.64991576032935,29.23980127574059,medium,21,0,0,0
216,6.604043772852476,21.158424725691933,2,2,0,-0.0628236501439947,59,30,74.6832288057283,29.484940373873748,high,21,0,0,0
271,63.35465227365125,52.97980715432343,1,1,0,0.7371972797328099,64,12,475.95449079991306,23.00856953481853,high,21,0,0,0
216,74.66014554256303,62.62205896237366,2,3,0,0.1787740806709283,33,45,265.35740727482346,12.99066001879934,high,21,0,0,0
267,35.503633464036135,90.17401613742165,2,0,0,0.0989888978253221,54,35,272.61042589946385,23.774547986318936,high,22,0,0,0
131,48.57688691140844,19.38823167112084,1,2,0,0.5798486952154271,71,15,187.11937231411397,28.21158836455812,medium,22,0,0,0
152,39.99037273284216,20.925543290655597,2,2,0,-0.7358048773633277,70,25,439.6149926059349,8.185497827637327,medium,22,0,0,0
13,71.60932086250718,74.70528816646991,2,0,0,-0.5360143765296799,31,13,266.64445776050286,26.795058411583764,medium,22,0,0,0
238,61.22347654666879,59.74282001536244,0,0,0,-0.5441085224736293,31,13,130.077411258926,19.47668255451011,high,22,0,0,0
110,71.5055044834905,11.325670974277486,2,2,0,-0.8160315189252856,98,17,215.88124657621165,10.722398301377169,medium,22,0,0,0
205,49.30072919549474,24.69780726002123,2,1,0,-0.2749850716270658,16,14,342.1898109172175,14.16290490574912,high,22,0,0,0
117,13.365488639720397,55.06984979045716,2,0,0,0.7898205191050351,88,2,67.03213369388058,7.764113710831589,high,22,0,0,0
157,61.402485787937806,46.67089203563501,0,1,0,0.4475320288672972,60,40,494.2678708862021,13.469714637393729,medium,22,0,0,0
41,19.53256852318744,73.77371525058896,1,2,1,0.7896223925391606,93,25,208.74722054655183,25.965457832190303,high,22,0,0,0
65,75.99725541414273,57.35210043032694,1,0,0,0.4283571981276437,41,41,442.76524020353264,24.74257867598821,medium,22,0,0,0
231,24.74688702896834,94.44589657454814,2,3,0,-0.5683571436903003,7,43,156.99131175480966,27.304309141975303,high,22,0,0,0
279,55.81385861388168,14.292747730791952,1,1,0,0.5417707720676854,29,26,427.1294596837308,6.430239276744613,high,23,0,0,0
55,66.27509327043884,89.06151768135139,0,1,0,0.8056784260208341,87,26,77.03027681778676,10.233186902915424,high,23,0,0,0
233,31.76153274293829,36.160481113794674,2,3,0,-0.8689760350565285,62,45,67.60177839301095,21.051265832916,high,23,0,0,0
265,52.54761910144197,30.69126291059108,0,0,0,-0.235974821022882,74,30,383.1693740436138,24.49841085394564,high,23,0,0,0
41,36.70056038175531,69.4009132309092,2,3,0,-0.882757801644241,6,30,458.2589337425508,12.636143111904351,medium,23,0,0,0
87,49.1298674208568,79.14198701282145,1,1,0,0.7097713776563979,44,5,125.8294812903991,22.443972538188543,medium,23,0,0,0
84,65.89252868082363,39.97440756371744,1,2,0,0.4159366876222177,51,35,84.9240777742711,9.95361333275795,low,23,0,0,0
179,57.09543777969047,94.8085364672599,1,0,0,-0.88773182902553,70,30,245.59751024591424,29.951630499073023,high,23,0,0,0
51,46.07607351254889,23.091206385254427,1,3,0,-0.7274901615577871,93,12,345.3652398348643,27.5633368483335,low,23,0,0,0
107,74.03314513035762,95.50116956223572,2,1,0,0.8695601213664563,75,21,373.2815458410718,5.003786951675283,high,23,0,0,0
86,61.023314922075926,55.18859285903729,0,3,0,0.0622617727827137,7,16,122.75460554488863,10.212077051706824,medium,23,0,0,0
144,22.913123577393662,74.76219320267008,0,1,0,0.4868810940404591,97,6,80.76065045449704,23.87846064888373,medium,23,0,0,0
182,27.722792981612823,54.2264168325765,0,0,0,0.0400443375547023,20,17,417.18745828995645,27.56058786729209,medium,0,1,0,0
284,49.493633670395525,16.378273741986014,1,1,0,0.9888529051496756,88,36,212.47687129805817,16.778489366601722,high,0,1,0,0
118,45.53800530393257,25.570603856314445,0,2,0,0.8563912381348766,50,28,170.46468260531822,8.862311407340233,medium,0,1,0,0
232,11.763713765820938,83.2435010259774,0,1,0,-0.5544091833230769,69,1,171.7855531857702,23.565564774560027,high,0,1,0,0
64,10.002717241723436,50.10229291594051,1,3,0,-0.674679223056357,75,33,86.96450245473827,23.07042129214614,high,0,1,0,0
293,9.808083971524024,56.45666199400706,0,1,1,0.33898692323893,12,23,224.81409085492172,23.047052576361235,high,0,1,0,0
162,25.542126080555978,22.47393399204365,1,3,0,-0.0694884433665368,74,37,421.7045133484064,18.618253642971972,medium,0,1,0,0
113,65.69439190842732,80.62829390903875,2,0,0,0.9658117620635064,93,43,77.0036613578848,28.914559457734008,high,0,1,0,0
99,68.18893403838567,23.39802117972532,0,1,0,0.3765529855513301,97,29,426.8316354394984,27.552777766176465,low,0,1,0,0
206,44.30172670743426,92.36751891649196,0,2,0,-0.2039913515423299,9,46,112.59154784771076,10.678724052821554,high,0,1,0,0
228,14.788368148734357,80.0272407386064,1,3,0,-0.7911426322015245,37,2,161.97643005116828,10.62374611172243,high,0,1,0,0
48,63.91290338490072,17.650228627615668,1,0,1,-0.7844846519395412,71,2,226.99588710990395,7.547076490625338,high,0,1,0,0
292,37.97468876201216,88.24326726648796,1,1,0,0.2500809522876397,89,14,129.6601555303683,21.263795122298635,high,1,1,0,0
54,66.94604046605521,78.07867764295915,2,1,0,0.8900505613915768,65,21,64.9471470794677,25.144337511350084,medium,1,1,0,0
270,61.08316733490978,35.69730124564399,1,1,0,-0.6120985766528988,89,16,237.06560574750904,24.45058006823196,high,1,1,0,0
41,64.21976991213019,46.37079782988437,2,2,0,0.3964045259434374,26,34,367.9889363018062,29.35991053717154,low,1,1,0,0
168,51.33143340418028,64.57640167464066,2,3,0,0.537854960087087,1,3,463.4271991555052,28.210793334126564,medium,1,1,0,0
104,40.05444793855868,29.265451355165037,2,3,0,0.200877574968926,35,44,123.47132062535202,11.002009153368,medium,1,1,0,0
80,29.40883514765705,98.43727056491537,0,2,0,0.9148091286467628,16,12,76.41297954401068,7.177602384438748,high,1,1,0,0
169,19.53794248872552,64.7142540446221,1,1,0,0.0705252283364066,34,21,219.3586381937229,25.39112447418219,high,1,1,0,0
190,77.71864147462196,16.663494241223304,2,0,0,0.9839371885158033,83,25,405.3532844328483,14.78687547464974,medium,1,1,0,0
252,66.19783551142888,35.76897030346924,1,3,0,-0.1154787526406662,5,36,374.4740721986833,14.515912317654834,high,1,1,0,0
46,30.70713176672727,39.72453216056413,1,2,0,0.3972331001464184,31,33,183.33438258063347,12.875093290241676,medium,1,1,0,0
226,13.512777330643637,74.91586396099825,2,1,0,-0.1244602322573216,23,41,366.7604192752738,29.94756924218634,high,1,1,0,0
173,66.94340287028605,31.757219239076893,2,1,0,-0.4876247905662814,99,12,137.61936019117394,17.012551521786047,medium,2,1,0,0
159,74.07525421602972,87.52689082032664,0,2,0,0.672930440112897,33,7,204.42616886761823,20.43465316318171,high,2,1,0,0
114,48.36813675080758,95.17984717489036,0,0,0,-0.793092469201274,50,26,124.01691694959412,8.968182111148515,high,2,1,0,0
175,17.274569093908653,97.4627352334494,0,2,0,0.3054765299382027,48,32,404.5714805193341,9.530708911579048,high,2,1,0,0
242,19.859648785586035,89.09181829092913,1,3,0,-0.4895335276101462,11,9,237.97300672592823,18.81295486219776,high,2,1,0,0
179,28.08317161465195,45.41980080190887,0,3,0,0.8172621472087196,73,37,104.79638378759633,21.09381365567952,medium,2,1,0,0
116,47.06340463927383,92.0918968246663,0,1,0,0.471714553309942,37,0,368.1126020819602,16.23927158956446,high,2,1,0,0
99,34.4162866813571,70.40148695673241,1,0,0,0.5200478222373379,58,14,203.01547382033849,22.786853053995955,medium,2,1,0,0
122,55.99119983417821,74.42104834621597,1,1,0,-0.573481047557193,47,34,499.72670239823736,28.197101099897026,medium,2,1,0,0
76,76.42174617375021,64.20235638519826,1,1,1,-0.4957592156135064,53,48,284.052051178531,7.914593353727485,high,2,1,0,0
107,53.02598615330695,31.49378577523378,1,2,0,0.489041438561401,62,32,318.44865238071515,23.02844514472504,medium,2,1,0,0
141,50.15933040247687,92.45234266393732,0,2,0,0.4936745860705331,1,23,205.8085685608353,6.202153681581288,high,2,1,0,0
285,30.289470323587672,73.89291948111375,0,1,0,0.0768276294481651,93,38,422.7474908353076,23.609142645732717,high,3,1,0,0
237,11.954517967787712,75.70939371548499,0,2,0,0.5689475968429907,75,10,391.3066405809362,12.863132541499096,high,3,1,0,0
232,7.951208703034186,50.15959675112914,1,0,1,0.7844456359521024,71,40,178.0132459742837,27.966720172919747,high,3,1,0,0
295,54.48378612561772,88.15444035221519,0,3,0,-0.0238835512608042,5,38,333.8060188034965,8.484010643783225,high,3,1,0,0
179,33.18456049228711,10.60686984089118,2,1,0,0.1902617823891021,25,10,459.956879529465,17.812800956294247,medium,3,1,0,0
110,29.531562978371284,21.45830606542973,0,3,0,0.0212148818893751,85,38,361.37410033617726,16.155770167894254,medium,3,1,0,0
191,45.45128086593756,40.36784920260678,1,1,0,-0.0358589218303497,47,40,281.32048091285856,16.398846017189005,medium,3,1,0,0
10,15.984368631629357,55.3325417511939,2,3,0,0.1785141163604873,1,8,132.79366765272405,17.651378817795205,high,3,1,0,0
53,47.737246385375904,26.148218087501792,1,0,0,0.8176878878246117,32,22,142.06108101502525,6.541922621227782,low,3,1,0,0
68,18.10045081334537,10.765698784536252,2,0,0,-0.1727432069711765,68,44,453.92718589983184,6.945289587781851,high,3,1,0,0
157,43.788900153187015,50.20487340839535,1,2,0,-0.0211272747091577,56,47,267.937156956,7.890763139978003,medium,3,1,0,0
174,14.795325955515349,45.51616734736087,2,2,0,-0.1963074930808235,88,47,422.4065323763437,7.041663749446999,high,3,1,0,0
136,31.143880358443983,19.32062495683251,1,0,0,0.2741472782861098,32,29,488.7510008331553,13.496884366082618,medium,4,1,0,0
242,35.33714822628731,14.237978462753327,2,2,0,0.1907363181672565,65,16,244.43382632835736,11.5620724303486,high,4,1,0,0
132,10.193212448908652,57.854228727808525,0,0,0,0.5701587989477979,77,24,71.37188090777309,9.190763412268003,high,4,1,0,0
221,26.978053129814505,31.90203618328271,1,1,0,-0.3022031338961812,5,5,148.61581941487185,15.335473656652876,high,4,1,0,0
216,29.056115885406992,19.94785608634478,0,0,0,-0.7887756798414636,18,9,150.5633163261387,10.737185203969831,high,4,1,0,0
29,56.01734057351662,22.527251720866204,2,0,0,0.7679111541204817,32,16,227.97223537467156,12.92016066566959,low,4,1,0,0
84,57.860504013884494,27.600698980983932,0,1,0,0.7989625569576984,37,48,194.95093546277917,18.63020143612472,low,4,1,0,0
183,5.271446649974042,18.79844752809071,0,0,0,0.9654230830396304,75,6,132.42939860871857,20.97381947647518,high,4,1,0,0
47,69.10332376927161,70.99159228299592,0,0,1,0.9481006730634004,1,36,284.839071808268,11.097966029571197,high,4,1,0,0
258,54.19591970457533,42.10235693073477,2,0,0,-0.8147031226279715,23,9,398.4635537240813,9.438458095697678,high,4,1,0,0
162,31.239609794492484,82.42754748412337,1,2,0,0.2621759742918883,89,14,489.7275210818338,12.509383910775924,high,4,1,0,0
233,74.04374074985394,31.53208225611668,2,2,0,-0.4933489771487969,17,20,450.8223189351807,18.257056355558245,high,4,1,0,0
174,69.19908874627825,93.5231891779934,0,3,0,0.984827459274472,2,14,358.94774579391714,13.493545341809869,high,5,1,0,0
157,35.92222222744808,39.38743153296109,0,0,0,-0.9963869768894108,31,14,65.7387938592739,22.9705265686119,medium,5,1,0,0
21,75.89008350656414,25.06878185889391,0,0,0,-0.8586318395868808,40,2,477.1262537319246,9.79171789544353,low,5,1,0,0
215,64.8825769511808,19.34239423263361,2,1,0,-0.2781243716030532,28,44,156.47277687986372,14.820761003720689,high,5,1,0,0
228,44.79084235102779,99.62509235032842,2,3,0,-0.8635163879879599,94,4,81.79583597169344,15.733082648049164,high,5,1,0,0
61,43.80497073564461,62.99321919083655,2,0,0,-0.7121931842546778,87,32,273.1599061249231,24.000039335334492,medium,5,1,0,0
192,62.19834077070243,47.34440593792617,2,2,0,-0.7170345095740955,7,29,491.1892032390343,6.65636490268054,medium,5,1,0,0
235,10.843104259042583,22.74878253026636,1,0,0,-0.7310246011640502,85,29,66.20716326080164,15.90559395887864,high,5,1,0,0
180,25.78197200514085,52.33422701767231,1,1,0,0.4296407390308845,39,2,217.2150902069166,20.19164662856736,medium,5,1,0,0
112,66.82998017954789,95.48886050186596,2,1,0,-0.2427939588371006,2,7,329.2495264109138,7.794661622309377,high,5,1,0,0
237,10.39164676312924,43.950815599073856,0,0,0,0.3531472219997813,3,0,471.4388187447289,16.757555754602457,high,5,1,0,0
209,39.85217621364795,28.213661281208804,0,0,0,-0.7122655339937789,3,31,305.0151578570228,27.8090881166374,high,5,1,0,0
53,60.88261538890009,10.076555552325791,0,3,0,-0.7204596642540559,60,35,154.3222001990074,28.8494438909028,low,6,1,0,0
15,59.53223956235154,42.67179910780754,2,3,0,0.7486378788424701,84,29,253.4589263265847,13.792623769892376,low,6,1,0,0
256,50.97284676309109,72.28141801414827,2,0,1,-0.8478945022335833,52,1,455.6435402360094,24.02900204565062,high,6,1,0,0
14,41.57232623642337,31.821408516698536,2,2,1,-0.2150119385966917,11,25,220.20959811221215,8.840080500971045,high,6,1,0,0
257,25.24753662023786,44.35636359560185,1,2,1,0.3963128488898833,51,25,354.32324634246584,15.350523914092484,high,6,1,0,0
290,16.65774882006874,86.67596016268702,2,2,0,0.7189087947562518,67,39,379.8168138821135,8.448744079902013,high,6,1,0,0
147,49.40426065655717,22.64031174303045,1,3,0,0.7041383826531065,99,45,286.9728780191699,17.81544942393321,medium,6,1,0,0
163,40.81725606272249,73.09491978976098,1,2,0,0.9346161601870976,61,26,275.8498641030478,28.73862618291333,medium,6,1,0,0
202,65.89921033830998,59.71804261328704,2,3,0,0.6212750522912811,29,43,376.52144997338894,7.081191787016634,high,6,1,0,0
68,22.493533284239028,22.30080149909245,2,3,0,0.6849543597154306,58,12,175.585679842735,26.24401731095706,medium,6,1,0,0
131,44.22591982392186,67.69796785960786,0,0,0,0.1433886876191652,67,8,371.7184475622613,20.11234713538181,medium,6,1,0,0
273,69.32338659685495,17.770511214241182,0,3,0,-0.742982736305333,47,41,487.1099332582495,12.916701514276564,high,6,1,0,0
88,38.25218220016883,61.16947369498851,0,2,0,-0.6200607656672241,2,18,307.9737299593047,8.642491377311678,medium,7,1,0,1
170,52.027055002545126,21.883441221302544,0,2,0,-0.9098872551682392,72,0,436.3799975094931,17.607865540680535,medium,7,1,0,1
45,32.08284470598774,58.15268207572066,0,0,0,0.4157973413708016,2,0,481.24241902128966,25.008801840158235,medium,7,1,0,1
292,21.93907141257136,85.12957209546141,1,3,0,-0.7667194124840504,1,10,310.80547385802214,26.036609974948256,high,7,1,0,1
196,16.084645694433284,15.359592946022849,1,0,0,-0.3429653996108519,69,0,481.6564374608971,14.99701807831055,high,7,1,0,1
45,64.8889475061053,20.57934136992096,2,0,0,-0.0103116645013605,48,0,374.3096152266942,18.84084477174896,low,7,1,0,1
200,46.29832417601354,37.15949166572791,1,2,0,0.4432301794002062,67,36,169.0658290634969,20.020958898451816,medium,7,1,0,1
247,64.17975541151776,57.19337063757058,2,2,0,-0.9648494975256314,68,4,456.1592272853744,5.70885692251009,high,7,1,0,1
156,21.830329649984414,75.9332756698344,0,3,0,0.874060036455073,78,33,337.89857846156656,25.762204696425854,medium,7,1,0,1
124,27.812583003213287,26.338170848860788,0,0,0,0.2774265462945431,81,5,265.21341057639404,24.07786141558617,medium,7,1,0,1
203,17.6210325289832,77.29649402347765,1,0,0,0.1728497145504524,17,48,294.0359676139588,9.016844132761594,high,7,1,0,1
198,27.19275194051216,95.02508318247652,2,3,0,-0.2741832038221627,44,2,454.9693635469727,8.557435436234554,high,7,1,0,1
129,26.96795134374121,74.50876634753772,0,3,0,-0.8110686655513801,67,11,449.3147292301909,29.98124878745578,medium,8,1,0,1
117,28.11390206317504,98.56703945533242,1,2,0,0.067293670158824,90,49,486.9719050955981,15.386150128969938,high,8,1,0,1
246,17.3930897568804,56.00014882199382,0,0,1,-0.4024333917645253,50,33,86.67187331415022,27.08960395556145,high,8,1,0,1
19,9.57642529301768,25.64153808484812,0,2,0,-0.9596723753798684,37,41,212.5170519687005,26.32672868997102,high,8,1,0,1
104,43.15438771659076,11.819124369287016,0,3,1,-0.875624390703903,71,47,73.14229433241897,29.89551401069208,high,8,1,0,1
30,39.366746263087,47.90168945545962,0,0,0,0.5842972202825993,59,28,404.14109073474856,23.056747560678925,medium,8,1,0,1
206,11.92883010089318,85.67924672138174,1,2,0,0.9733076852692232,79,17,142.08396149902757,12.060981923919565,high,8,1,0,1
295,78.81921316795683,22.247189247609175,2,3,0,-0.9196944847422932,38,18,214.7350054051696,10.88756113755473,high,8,1,0,1
59,61.30203990613265,47.365416412581695,1,3,0,0.7337724528730747,29,6,437.7235284613226,17.266502485282334,low,8,1,0,1
110,59.58560921995699,90.63202815364224,1,1,1,0.6394807203309487,24,34,403.9008750873061,5.2253714682318,high,8,1,0,1
29,41.7738175180519,56.74098200497899,2,2,0,0.5624529810683228,50,34,104.10218381044598,29.971797211314765,medium,8,1,0,1
201,12.075718417863694,96.82920605731216,1,2,0,0.7755189454954052,26,37,488.66859449551424,27.024214743781968,high,8,1,0,1
112,34.10704073846159,86.57435828128585,1,2,0,0.870416633566433,3,9,257.1281198405832,14.599889770632306,high,9,1,0,1
94,14.124323392156326,82.41953716579452,0,2,0,0.7414412789319411,31,16,499.0626454420562,11.967475494617966,high,9,1,0,1
21,43.58418839264032,45.858329336446864,0,3,1,0.966543049704398,81,36,381.8670213341517,13.629426417382469,high,9,1,0,1
131,31.55861732093248,33.19822418978936,2,1,1,-0.2154419995549901,57,18,219.95760438093825,29.3682749030364,high,9,1,0,1
235,24.975148491513306,61.11952584466696,2,1,0,0.1189460339156511,36,40,245.36995281857187,28.087832257885218,high,9,1,0,1
35,9.65413364642639,78.52144803655682,1,2,0,0.5080765579416795,92,48,226.11903358461132,10.902702757296112,high,9,1,0,1
75,37.4498509006686,86.01090009435036,0,1,0,0.7326360075717175,76,6,220.96350179331824,10.160116256707331,high,9,1,0,1
116,24.22780177947157,95.96382122375466,1,1,0,0.4098379166030612,66,1,253.0973220900875,8.00978377192909,high,9,1,0,1
177,11.048563140849073,15.596805851320036,1,2,0,-0.9034748708327676,28,37,404.4211747792144,21.31071768100852,high,9,1,0,1
144,27.451450104811062,10.9023402825533,1,1,0,0.4590065665750409,42,13,401.8754188938207,20.502736540110035,medium,9,1,0,1
48,71.2823078453116,98.9874823964453,2,2,0,-0.2732441911780154,28,16,477.796056908625,5.988338927192653,high,9,1,0,1
11,66.65639427336447,61.11192340000154,0,2,0,-0.3764726491455565,21,49,358.94746157142697,12.739608770232806,medium,9,1,0,1
286,57.8461001977083,41.41020218641847,0,0,0,0.7600557917856385,60,22,229.4243606836176,19.91964054849449,high,10,1,0,0
255,78.49445421148755,41.58873348423512,0,1,0,0.1628811557500729,51,16,189.84817814140396,16.25036159066314,high,10,1,0,0
210,55.28518933562717,82.87476966208548,0,2,0,-0.880068392494805,73,46,497.4540098577792,29.54126474538911,high,10,1,0,0
158,72.23821967924016,84.30974871075134,1,3,1,-0.6751792326390547,63,40,279.3981895880137,24.18172638042087,high,10,1,0,0
192,24.016178635880923,10.375193333095613,2,3,1,0.7561751328642403,30,22,222.9183675316941,20.633782598139064,high,10,1,0,0
293,27.661735252046917,88.06957356041553,1,0,0,0.5943656657291054,13,41,78.46672205432911,20.82484022959338,high,10,1,0,0
206,45.038726779440346,63.940583662413935,0,0,0,-0.0436713644543018,84,36,82.37969005389736,11.417798705820289,high,10,1,0,0
71,34.655589270585054,75.02148553099235,0,2,0,-0.0270954701943046,48,21,416.0551477001461,24.47878975954881,medium,10,1,0,0
283,35.564408684664514,84.77125449630256,0,0,0,-0.9296087580298596,45,20,359.07275088490644,29.186394605699107,high,10,1,0,0
281,72.02874709685739,63.22222528936244,0,3,0,-0.1117666085769282,20,42,313.6905264050181,7.39612329392089,high,10,1,0,0
62,48.05990303663649,87.71154455055796,2,3,0,0.9934141464288384,4,19,172.09468656879537,20.733798331353324,high,10,1,0,0
125,70.8693666776309,98.1723596452716,1,2,0,-0.6299773037963907,92,29,169.78218252430352,10.86198333532064,high,10,1,0,0
177,70.65440097996317,99.46957388700994,0,1,0,-0.5687504752660166,62,48,295.6287477568628,23.46888430597465,high,11,1,0,0
221,73.28383533355158,41.060638644368574,1,3,0,0.0723879088722734,64,7,349.0334557622079,27.69279120746662,high,11,1,0,0
31,20.2654290139879,12.918081456753164,0,2,0,-0.3242421632179564,86,4,257.85958077664395,14.38625222564962,medium,11,1,0,0
13,12.134765775143428,29.292845407812344,1,1,0,-0.9573892669603044,66,1,357.2877230733639,8.52780758966749,high,11,1,0,0
299,31.522968653556298,70.39484797921435,0,3,0,0.0115257983582972,60,16,121.12783394465292,13.272585186476316,high,11,1,0,0
19,26.191345951010828,47.575375081473176,0,2,0,-0.8454047581625908,33,24,97.55328148855024,5.919925412948613,medium,11,1,0,0
44,10.787267353085197,96.3628275923828,2,1,0,-0.7015798027590701,94,31,135.15424595457162,18.537793341765564,high,11,1,0,0
186,39.496071405950616,86.70193619406625,0,0,0,0.4189049642325684,59,3,243.71736429183795,13.15899781291205,high,11,1,0,0
114,43.11150962279874,61.93290549642878,1,3,0,-0.2131546074868116,98,36,404.01719895881416,15.824353569544115,medium,11,1,0,0
288,9.243586868198582,32.802653893138974,2,1,0,-0.7147861372852549,34,27,248.05171872011636,20.665727916618145,high,11,1,0,0
246,70.0799875691797,24.572693024218918,0,2,0,-0.3109377119628254,90,32,71.93488244315881,20.76781696141811,high,11,1,0,0
219,13.768998906852346,67.77864884695003,1,2,0,0.1580652097627786,93,15,231.54907434757752,28.35636598059686,high,11,1,0,0
235,79.03790101225724,84.2168608602399,1,1,1,-0.5561766850417909,73,24,442.1455850550456,7.181320745502707,high,12,1,0,0
233,10.007156513758016,80.54283194473084,1,3,0,0.6072974691014215,34,32,369.0772463889607,5.875531022780737,high,12,1,0,0
98,76.11124456707881,22.408630309836177,2,3,1,-0.8552189176078149,57,2,341.1495724480023,8.306608340359436,high,12,1,0,0
102,15.275013949175364,69.65197114607497,2,1,0,0.524105493456382,74,32,477.31651354026553,28.002757591766063,high,12,1,0,0
230,10.883257999465265,16.12140325021808,0,1,0,-0.2676319271818275,78,36,484.3751971297699,6.257779053835045,high,12,1,0,0
165,15.093328759537126,71.37696211959923,1,3,1,-0.9815032710096,15,17,382.3104000473391,11.18850423160345,high,12,1,0,0
206,33.77479853533603,11.768498206536398,2,2,0,0.4367718936839189,54,11,443.93455215134543,18.682219586867745,high,12,1,0,0
142,74.7356475960151,76.71631365744302,2,2,1,0.911456370369368,26,10,241.82492821887251,11.02060211884012,high,12,1,0,0
18,15.490372577630932,24.887599069569887,1,0,0,-0.6894336392753722,66,23,386.6970272538745,6.2784646154545865,high,12,1,0,0
140,17.88947524631082,65.11486815447796,2,0,0,0.381788425029852,97,22,479.6777932882247,29.198016523348905,high,12,1,0,0
89,8.961123503393774,75.54280633605882,2,3,0,0.4768421078529556,28,6,300.519962119743,6.517265331168166,high,12,1,0,0
73,28.946444739084157,65.41001101582728,0,0,0,-0.3444407890983043,56,43,336.48971420157096,10.73340181528424,medium,12,1,0,0
26,65.76596715101674,26.7706069191738,0,3,0,0.8783267851530436,15,48,457.7475985582542,19.16783178401999,low,13,1,0,0
111,5.4910037653235975,29.7030751197031,1,0,0,0.0182560993800071,18,0,484.1437011484289,24.370238993143108,high,13,1,0,0
185,14.060408314271562,12.751423983630922,0,1,0,-0.0132411513949128,32,45,174.46657849300465,19.381456553272407,high,13,1,0,0
267,57.10085626353998,59.804638284007865,0,3,0,-0.3465487441270491,5,14,312.6378321983909,9.655658665936365,high,13,1,0,0
126,36.16908021054213,11.707833101352366,0,1,0,-0.7786446196623875,26,19,300.3958992891369,19.774460942646705,medium,13,1,0,0
281,8.808344893451673,84.91732249929545,0,2,1,-0.654120099358291,32,14,148.10437857958556,15.85289243726116,high,13,1,0,0
144,45.66517893221482,57.6743667441177,0,3,0,0.5445840009648304,83,11,105.30724922944944,27.26463601506677,medium,13,1,0,0
279,16.569982755409484,14.00974842941172,2,0,0,-0.661710342505391,48,48,498.8559652056304,5.144621665737102,high,13,1,0,0
241,50.12610991122197,51.92572196055124,0,2,0,0.3822379287187221,51,27,335.5642820460288,15.67406982087194,high,13,1,0,0
209,75.52887994519315,94.27880707979448,2,1,0,0.5404023041637107,87,37,491.3448077121285,7.373351324748871,high,13,1,0,0
182,56.927581557915126,31.149657075622358,2,2,0,0.0479592012218976,9,12,267.6569654646272,11.018583594920552,medium,13,1,0,0
184,21.120854131414053,87.83202236959839,1,0,0,0.759920759727126,62,0,116.69263452204316,5.69629272902266,high,13,1,0,0
114,78.79213816682088,37.617848178195416,0,1,0,0.314516129913382,13,41,219.4621254564749,17.97468629873788,medium,14,1,0,0
127,28.14573521336214,41.50731211197467,0,3,1,-0.9060422216400484,94,26,306.4566295417031,25.56207878362451,high,14,1,0,0
50,41.16584965432612,88.99156476185892,0,1,0,-0.7148285714716351,36,17,253.37202492427625,15.426142722263789,high,14,1,0,0
113,66.73074835700744,31.533998184911088,1,2,0,0.5454409129845794,16,11,400.4398018226424,16.52731996316369,medium,14,1,0,0
33,61.73604336145674,14.679535967183773,2,1,0,-0.6194439262009548,24,16,124.69889183157444,20.088047748172077,low,14,1,0,0
193,62.68429051675607,35.028818470088964,1,2,0,0.3218487167535091,67,25,373.1050838540013,9.35605719446299,medium,14,1,0,0
62,31.50361251359948,15.153525895013122,1,3,0,0.1511716035887749,53,31,230.65881103100108,25.44290747447801,medium,14,1,0,0
37,76.44144984474667,54.868620447991965,1,1,0,0.7426466874376878,35,36,349.09701906926875,10.22971166514298,medium,14,1,0,0
234,75.23345078923182,40.97126998564376,0,0,0,-0.5628748560348886,9,16,286.64843441505354,9.370331893966195,high,14,1,0,0
143,23.77790970034284,93.03253032210482,2,1,0,-0.1102773566051049,45,20,376.8147459063092,17.964399886020118,high,14,1,0,0
223,53.63254765587189,15.760014200985424,0,2,0,0.1803685059744337,34,4,424.4474787355143,17.92742940486351,high,14,1,0,0
162,25.834707574268307,21.01042714089113,2,2,1,0.5998365093586691,77,38,280.3813163090838,12.623018691447175,high,14,1,0,0
240,30.71907942764656,34.83059678058389,1,1,0,0.3843262658731803,27,35,305.0557156618016,24.099769022789975,high,15,1,0,0
197,71.36826406977022,27.781588097044192,0,2,0,-0.1667000536297325,75,40,198.63819664981648,21.38966980182037,medium,15,1,0,0
178,41.66097805315828,86.03689823447691,2,0,0,0.8756335097503796,66,20,438.9881125168585,19.095433979444792,high,15,1,0,0
188,70.86204019105863,84.30919694481479,0,0,0,0.0980988838146375,48,10,433.558274712859,12.972534675339602,high,15,1,0,0
80,12.080910475050914,99.42444445546572,2,3,0,0.8524114974566557,39,4,393.0900707088426,18.86227213060489,high,15,1,0,0
92,46.92827650265961,26.879329898396428,0,3,0,-0.1954469317212404,51,27,166.74349259497123,27.758400835986905,low,15,1,0,0
191,43.9656686895564,62.99306187804767,1,1,0,0.8192053289087498,20,0,60.39226816528806,10.785596990619796,medium,15,1,0,0
215,30.336170587851857,80.0905816601543,2,1,1,-0.378477695785117,54,12,134.65272355018024,29.04438206424529,high,15,1,0,0
272,66.84752527823917,62.9837837878541,2,2,1,0.0119740294343018,10,23,153.11730423274167,12.588876247604356,high,15,1,0,0
224,60.98508231171167,40.79394411690527,1,1,0,0.3062410347236404,53,18,81.7452698864122,13.078892869456686,high,15,1,0,0
275,55.054304393457365,70.80006733620843,2,2,0,0.1008366340529325,33,24,452.9616137141378,18.111320933939247,high,15,1,0,0
10,32.65351520287441,83.3882115383776,1,3,0,0.1460544303467894,22,29,74.39257840300492,11.792629347376478,high,15,1,0,0
282,73.87807614330404,21.304166276375504,0,1,0,0.088427422978881,47,36,432.2108292127176,16.674715980444944,high,16,1,0,0
214,75.17813226194501,70.73342443309399,0,3,0,0.7336305399152041,58,17,343.98985263518995,21.93179850707317,high,16,1,0,0
234,6.49306746824722,97.13948307732248,2,1,0,0.6646074473175219,46,43,214.998867176764,16.521327171268062,high,16,1,0,0
79,17.668844315292638,71.8850977909897,2,3,0,0.2987104518070562,48,18,332.8416222234538,17.893291215296774,high,16,1,0,0
72,43.11472832713133,51.99287750238374,1,3,0,-0.3912326552409817,94,14,198.20434209116823,11.721359503151104,medium,16,1,0,0
266,15.748330111689402,66.67197700752519,1,3,0,0.0511001780292599,20,17,171.2478357890612,19.83814720496697,high,16,1,0,0
56,15.719789569341389,73.88510865376493,0,2,0,-0.8101668627504757,98,33,272.5549962162649,26.38275752967315,high,16,1,0,0
175,58.89129002992161,78.27044680258035,2,0,0,0.4104842564705229,41,11,321.0889379171396,25.115306344017966,medium,16,1,0,0
186,9.157675264772912,47.92803999583398,0,3,0,0.4162432953254289,33,10,102.2644808692536,16.11927507775283,high,16,1,0,0
157,49.4568387119498,94.42326122682476,2,2,1,0.4723249875262469,32,0,65.79179205521325,20.02576937816352,high,16,1,0,0
132,39.6789163590656,85.51426556373902,1,0,0,-0.5300212179697756,85,18,317.22015866280253,21.141201033052266,high,16,1,0,0
34,65.37186314461857,80.14600918072628,1,2,0,-0.570109667246935,46,14,176.59677836308697,6.177027877845685,high,16,1,0,0
227,25.22968124771755,93.03430577324046,0,3,0,-0.4760323394299395,8,49,372.2644092260906,21.35284591722165,high,17,1,0,1
139,48.76103690780714,90.35333282885412,1,1,0,0.319492867732847,47,16,283.6777687787719,8.557997284838782,high,17,1,0,1
128,79.62210487928273,79.80960775629642,1,0,0,0.4180027757223343,15,10,136.2284951338492,10.635654737971816,medium,17,1,0,1
233,62.916586166944754,62.32148773509617,2,1,0,0.6310471941951188,25,35,370.77394611965366,7.552078750738159,high,17,1,0,1
131,76.4517059773273,24.976021522273463,1,3,1,0.9663662856716796,82,39,143.61676782898195,23.78653675327849,high,17,1,0,1
87,67.23760597496468,76.28572104677964,0,0,0,-0.9098185014739304,9,37,128.6152603907642,8.054046558612253,medium,17,1,0,1
137,6.770118644059182,71.62533450871004,2,2,0,-0.5387622607391809,29,34,64.36542299497418,25.695007862353997,high,17,1,0,1
103,46.52017002541548,80.10182589722089,1,2,0,0.3527591673224097,44,33,230.1256679614208,28.08206317038079,high,17,1,0,1
262,8.317919925696467,35.047786353059905,1,0,0,0.7936135590171713,92,36,131.67482320001875,7.483996830537183,high,17,1,0,1
25,30.320417962349488,96.5325210504512,0,3,0,0.2363021667010396,14,33,410.7739858014894,14.846828773203606,high,17,1,0,1
239,45.40891712489224,62.42156858459493,1,3,0,0.5290601395941161,22,31,234.0916953982764,11.143525309708595,high,17,1,0,1
242,18.633423182232832,80.38559131953416,0,3,0,0.5308434359529415,28,44,145.60459979717055,10.500596434859784,high,17,1,0,1
69,25.75306821399328,93.53726834742244,1,2,1,0.769033120424681,10,11,174.14726613340923,15.869245254479011,high,18,1,0,1
66,78.83515824917484,27.93716817418413,2,0,0,-0.3158605812358062,42,19,282.9328088941503,7.219454450015129,low,18,1,0,1
134,51.257401052827895,66.46772303573508,2,0,0,-0.5509622861347045,68,3,406.2313335911044,6.241133741825037,medium,18,1,0,1
117,36.6208778468187,77.17366089659242,0,3,0,-0.5634795596061821,75,29,180.11996113943596,25.966177192174413,medium,18,1,0,1
173,70.91838862178281,51.008392055580615,2,2,0,-0.5093079032214354,38,4,164.50108365885706,10.874872125680657,medium,18,1,0,1
237,57.10547278972463,81.98436451436372,0,2,0,-0.1860907143791639,29,39,81.64211902207026,15.670021401562346,high,18,1,0,1
276,60.96068290866206,56.13753356460106,2,3,0,0.6343272010314116,66,14,401.1233266438461,16.65296850378826,high,18,1,0,1
261,52.11991461300125,68.29815300321333,1,1,0,-0.3416768953027749,4,47,107.6418843886859,25.254835489137857,high,18,1,0,1
19,41.29352347973686,27.83856933926372,2,1,0,0.5382006522526148,9,30,157.2013743293059,21.321856955245995,low,18,1,0,1
21,75.90365915425274,74.9582759048779,1,0,0,0.6040940435598909,38,41,493.4778034372467,13.75372418349423,medium,18,1,0,1
43,9.842020277906208,45.12275853226303,1,0,0,0.9171434711770184,22,34,291.8401679404435,13.251277741845758,high,18,1,0,1
80,17.56480985423807,35.542837768325946,1,2,0,0.3896700407975189,65,7,107.0835744683298,13.854346382430204,high,18,1,0,1
12,51.48529260472337,94.50057047588926,1,3,0,0.448372483753894,35,27,329.89483252248635,10.254072404513323,high,19,1,0,1
286,42.47471717197456,59.93384183851918,1,1,0,0.3472493381528669,78,17,431.6665937808629,25.82206118025787,high,19,1,0,1
177,26.15830118570953,47.56359379798424,0,3,0,0.651954843807,75,20,57.31174849978549,19.468625973775083,medium,19,1,0,1
279,57.99613157821188,77.05905851229421,2,1,0,0.8805170807266096,70,40,90.61119554111856,18.30521005280744,high,19,1,0,1
78,28.997251733522063,81.6526418952519,0,2,0,-0.0455999662863377,42,43,168.59702850460707,9.886723066773014,high,19,1,0,1
298,23.27451102892861,62.828794362323386,2,0,0,0.2314675029526987,27,37,399.09180609746426,18.696663484367683,high,19,1,0,1
254,77.62666621823494,30.620906363889425,2,2,0,0.9728996670826184,57,27,414.27051809984266,13.855552561405124,high,19,1,0,1
49,56.01181319673005,16.78777728105341,1,2,0,0.0037030940778106,31,40,120.5946943740547,8.6756849355438,low,19,1,0,1
232,47.21938656725094,84.19983229257362,0,3,0,0.0421121744726498,19,38,107.61659735367128,21.24783828403892,high,19,1,0,1
218,59.431795281124494,94.60813742654148,1,1,0,0.4569700838351056,38,34,474.6928541580205,29.661483238042678,high,19,1,0,1
175,76.17459069253609,50.58665910689344,2,3,0,-0.971706344597824,1,46,401.5671482138008,25.50385293886105,medium,19,1,0,1
109,48.6460460413049,31.685750228968026,0,1,0,-0.675954588824411,47,32,409.1474750671183,26.577233770926476,medium,19,1,0,1
71,73.05048489852125,39.260974024868986,2,3,0,-0.9405074217694174,79,5,161.33960739464374,12.569581905289274,low,20,1,0,1
277,47.20537243144111,99.61212685942267,0,0,0,-0.746351867190638,34,2,263.1449282675251,10.33980654360375,high,20,1,0,1
52,74.30690282848627,85.86265683992204,0,2,0,0.3717327925287752,97,25,311.9998871998786,7.727974703692237,high,20,1,0,1
135,34.016573579049194,40.95520331044075,1,2,0,-0.212372638990347,44,40,300.78905529623427,19.98290236467852,medium,20,1,0,1
296,10.546424903900634,43.726281429513854,1,3,0,-0.2849048610679434,65,20,238.1643503122829,27.110008107011254,high,20,1,0,1
228,21.4023685337788,49.54363782723527,1,2,0,0.2517534475203358,6,26,458.0657116651431,27.34486176203414,high,20,1,0,1
236,60.98940830914142,19.29994789910912,2,0,0,0.6816822212753362,67,49,241.4408610505898,6.174195672741998,high,20,1,0,1
163,9.444712904494242,20.410249454433973,0,1,0,-0.1264471771895914,82,0,490.86628554673024,13.3656523980202,high,20,1,0,1
273,25.191990814211376,49.50500348112173,0,3,0,-0.8839305429076931,15,31,95.28153799075535,28.163169700872963,high,20,1,0,1
68,66.88398750720523,10.198772811469926,2,3,0,-0.0435116062557467,47,35,223.05915468706087,24.442099645727296,low,20,1,0,1
25,58.84696180670522,31.20191691945393,2,1,0,-0.2620898986916342,9,45,423.676063355903,27.82962519067254,low,20,1,0,1
275,26.86202281029832,52.26315841164833,2,0,0,0.0609257915425116,27,41,336.68730881599515,18.824827558621983,high,20,1,0,1
92,31.25643088937108,90.2381159736766,2,1,0,-0.6585639783527188,46,42,117.84747871899938,15.159430454720669,high,21,1,0,0
14,65.40390346303587,42.92089328032487,2,2,0,0.9418438506475456,71,35,283.87289603367367,16.51250356391096,low,21,1,0,0
215,75.52500222611958,78.28575347106717,1,1,1,-0.8728761431923282,15,21,235.3902632042821,18.281363840500624,high,21,1,0,0
202,5.251736818026297,59.2811576320548,1,3,0,-0.0399818844928043,21,21,491.84850060220833,19.92486480250887,high,21,1,0,0
216,43.323896925668265,20.7266084577134,1,3,0,-0.8872219180463827,86,17,218.6557142634649,8.06857094558915,high,21,1,0,0
62,31.421732126572195,82.2251238202144,2,1,0,-0.1889513488263527,82,8,60.75678612734889,11.385835800580864,high,21,1,0,0
109,40.539222840572,39.20718173197631,2,3,0,-0.245081175939936,82,43,384.7196650028545,6.260935306681866,medium,21,1,0,0
129,74.28320522506071,53.20382870887358,1,1,0,0.4767210268983095,95,46,327.4270573087125,27.82760065574993,medium,21,1,0,0
103,26.791383203711693,22.822686190562298,0,1,0,0.6980788305060741,41,15,406.836566381869,20.330020237665263,medium,21,1,0,0
181,26.824871205993208,36.4344150773351,2,3,0,0.4359354281923007,40,35,248.0795964394005,25.69911958591962,medium,21,1,0,0
41,12.166922996808026,45.55420008848347,0,3,0,0.3850626827544865,76,20,391.64432294168273,16.99108062786579,high,21,1,0,0
163,7.124409219619041,82.80629500452595,2,1,0,-0.2345837680133131,91,34,182.25487511496732,11.875018948048584,high,21,1,0,0
215,79.92470771219021,47.71705513319096,0,1,0,0.8840268521946792,8,26,142.9176215220606,22.462524368256933,high,22,1,0,0
43,16.02927075315261,29.5402066837359,2,1,0,-0.882985220000402,85,45,382.2929155627918,27.49010483057226,high,22,1,0,0
293,69.37789106996287,73.27310465026486,1,2,0,-0.2513546981249523,28,14,56.50855629366935,11.558593664206958,high,22,1,0,0
214,34.273115902753844,18.60614018235536,2,1,0,0.374966471116503,34,13,322.2313645205379,26.64636735572696,high,22,1,0,0
270,61.298992939522925,50.33737287981517,2,3,0,0.2891880789121523,90,46,252.29692867475728,8.620727271458698,high,22,1,0,0
296,6.488063549988194,23.148572531389952,0,2,1,0.2807639054360873,35,5,136.59735310045448,14.239401545092491,high,22,1,0,0
92,74.85269023664338,61.114897189327046,1,1,0,0.5690055514725381,29,11,302.4742839899913,29.56744593700642,medium,22,1,0,0
293,43.697005320486525,46.56183312781799,1,0,0,-0.5733316244665378,74,24,288.3282258520275,18.80411311742972,high,22,1,0,0
75,70.87868462675148,52.138259482745774,1,2,0,0.6835937573168487,8,44,462.5656728164576,20.42915335783433,medium,22,1,0,0
104,22.23821791684115,90.69368752263236,2,1,0,-0.0944446202136115,99,32,411.3318853045381,27.28921788191051,high,22,1,0,0
82,19.00565301244614,47.08221914261912,0,0,0,0.8079437840514825,11,16,492.4671848678412,25.26691250084514,high,22,1,0,0
37,41.58861525520852,13.571976766203573,0,2,0,0.7308987542793266,27,20,235.11736589170917,29.5329655788738,low,22,1,0,0
112,69.23760698702043,61.04219940688986,1,3,0,0.7483914679029506,7,14,408.8697867686582,15.877998157394469,medium,23,1,0,0
264,54.31152672259403,88.45148213482436,2,1,0,0.7549307791105737,38,27,169.08694885945732,10.905097044348532,high,23,1,0,0
213,10.272044497511631,83.89809529363728,2,0,0,-0.503662467109868,1,22,123.15404052386155,12.086186221863152,high,23,1,0,0
163,77.43444388729395,51.82881272382382,0,3,0,-0.6094842537750003,98,9,306.0690002445261,21.616379965114326,medium,23,1,0,0
44,37.43491405609053,69.366459416349,0,1,0,0.9852105933092276,13,1,320.8556523596268,23.07863141741079,medium,23,1,0,0
286,8.069802790761065,91.5205330041388,1,1,0,0.2259965289548877,73,49,441.0411394799357,19.974980859209204,high,23,1,0,0
83,44.868159193097696,36.69259678786475,1,3,0,-0.6797970162587488,17,30,292.12475787730693,14.49420887760575,low,23,1,0,0
24,42.37091517069848,33.382856879054124,2,0,0,-0.3192833315234271,86,37,453.022434163917,18.45985601225383,low,23,1,0,0
36,17.007681012796038,66.4000801474269,1,1,0,0.0560542915823909,82,5,171.563370477347,11.499816884057797,high,23,1,0,0
34,68.13865215730092,16.38720354157546,1,1,0,-0.1957776628672993,99,4,385.60814298021774,24.590645711032227,low,23,1,0,0
83,31.505150410098064,33.77475184875792,2,0,0,-0.9830273129868092,79,15,231.88554809624452,8.378457486721642,medium,23,1,0,0
160,69.59861913866595,60.96394385057332,0,2,0,0.1539678845282266,46,13,214.10738635969065,10.869766653653793,medium,23,1,0,0
205,61.6263711965147,38.1351136556913,2,3,0,-0.2883906487869345,68,42,425.6966619944628,8.910730985034046,high,0,2,0,0
133,17.98375479996471,84.63026255250178,0,0,0,-0.2423228080816133,50,4,411.4885614768429,15.084248302327312,high,0,2,0,0
76,41.163293985552855,77.17749564524809,1,2,0,-0.7883040911903905,66,5,88.7515057641128,23.51352923269128,medium,0,2,0,0
200,60.73983556822224,79.0069638252221,2,0,0,-0.7790831566456213,91,13,113.39281360283005,18.515567562022756,medium,0,2,0,0
136,54.8895815300871,33.005470578285355,2,1,1,-0.8980674040097403,33,33,184.19143632066607,17.584267725884335,high,0,2,0,0
288,21.529529651462195,24.191828372254506,0,0,0,0.2340344634868458,66,40,470.4638679724576,10.610070560509708,high,0,2,0,0
295,35.3232319552639,32.03121895663368,1,2,0,0.1124414500745247,26,48,105.33165433436952,18.439359128728768,high,0,2,0,0
17,29.639228636137368,30.656165309681032,0,0,0,0.1423530029938866,72,39,310.5918413450525,29.753809992072355,medium,0,2,0,0
39,54.64695765768318,54.031475459227984,2,3,0,0.4292828607694416,19,20,206.32469719818,27.00603263650322,medium,0,2,0,0
111,79.09342095926466,39.67676144569549,2,0,0,-0.394801213145765,12,45,388.36883587476086,13.603755413005509,medium,0,2,0,0
269,38.55580764571947,88.99264489818437,0,2,0,-0.8793723212085696,63,42,470.59823838956254,19.14752717987592,high,0,2,0,0
192,73.99151455155733,50.68204503500974,1,1,1,0.0329708031171243,6,2,407.4625431090437,29.72839812435513,high,0,2,0,0
26,76.87878982538652,54.46265653626191,1,3,0,0.5183063391961418,34,25,481.5343760309081,26.902143179729038,medium,1,2,0,0
156,28.18571266396692,64.16812940250735,1,0,0,0.8470592584214509,21,25,476.35015239833984,26.17301388961389,medium,1,2,0,0
74,58.54654263446596,16.333918381784294,2,0,1,-0.5427081618766787,80,42,122.3721898826525,28.419498766750635,high,1,2,0,0
231,57.18501320887181,78.28715617475406,0,2,0,-0.3107179255303696,20,45,147.01670875639888,13.67804232765908,high,1,2,0,0
62,68.68460268502764,21.156963718614094,2,0,0,0.6488777975854079,25,1,453.0406996871,26.45731196201321,low,1,2,0,0
279,40.25193157294375,61.66226173434378,2,1,0,-0.0630487810429156,95,30,274.4390816617801,10.46573652879126,high,1,2,0,0
140,32.32837348781837,61.72667895236296,2,3,0,0.2462599185374041,50,17,271.77718702566006,7.211420673637976,medium,1,2,0,0
143,47.64083396319393,22.99270515823217,1,3,1,0.0862426272785452,86,36,369.6101871823054,22.10377206129675,high,1,2,0,0
231,70.80639774350688,23.77534889947017,2,3,0,0.8566229141821526,54,23,163.32637594699457,9.857515831757617,high,1,2,0,0
72,24.01804787590558,10.096471749363364,1,0,1,0.3504529656811133,34,47,156.57489501801774,11.840468963375898,high,1,2,0,0
64,35.12761220391574,55.07503693267152,2,0,0,-0.7517458885417352,73,37,488.23150024592223,27.5700979537267,medium,1,2,0,0
69,51.53160286695983,13.676649704678688,0,1,0,0.0951609980427365,49,24,213.89430025723468,19.07755737716534,low,1,2,0,0
58,50.73545094335779,62.18736350550813,0,1,0,-0.3240050164292452,47,25,104.39446042512222,7.848606280948168,medium,2,2,0,0
223,31.52505605039691,27.282376661941782,1,1,0,-0.3805417998503533,67,47,220.7965735978302,16.659424031182148,high,2,2,0,0
17,20.946484611357526,32.9558577912029,2,0,0,0.6357024012590118,4,4,136.36497754361545,22.259983060212743,medium,2,2,0,0
55,12.37928425203867,85.82570009051724,0,2,0,0.4473790725736848,53,7,494.5703515460857,27.417389096484985,high,2,2,0,0
150,79.43812986400216,10.9769986876084,1,3,0,-0.0566611707776212,12,13,463.8580048193462,5.812441646909737,medium,2,2,0,0
68,18.1828262731144,45.20105228685939,1,3,0,0.396315346385651,76,46,161.98239007664853,18.33559883438457,high,2,2,0,0
259,33.032311273076054,58.63108607718074,0,0,0,0.9539217648655368,84,41,242.15142048282425,23.25979697074568,high,2,2,0,0
60,8.379563169265467,79.45952657301109,0,1,0,0.2760144670153861,98,8,201.6832248342771,13.31688543403162,high,2,2,0,0
77,49.10963077052679,17.280481153244967,0,0,0,0.2921064169867393,39,40,422.8413392379685,16.76649077610677,low,2,2,0,0
38,59.17184523206928,67.24486138605,1,3,0,0.9264336918913768,25,45,412.3334840694381,8.675595759571635,medium,2,2,0,0
40,63.051504988561895,84.53385041849478,1,1,0,-0.1717407835522677,50,0,326.0721605401352,8.93423424421665,high,2,2,0,0
182,7.392269307129904,15.278065313533046,2,1,0,0.2405871422933623,80,0,97.28766863003813,14.6462402972927,high,2,2,0,0
30,62.359099776931366,92.53678654598043,0,1,0,0.7869273817490994,35,4,177.8880366153773,15.564758335993412,high,3,2,0,0
36,33.54422338438096,83.26716134782009,0,3,0,-0.1647394187005788,4,7,295.22209185015004,27.995225684457584,high,3,2,0,0
137,49.9019816532805,63.49023404898524,0,0,0,0.8983103746031011,22,44,52.31229656074132,27.67236405222251,medium,3,2,0,0
105,73.7745078074235,64.5201634712873,0,1,0,-0.3549087635586954,2,6,85.7403759523977,15.849104945850057,medium,3,2,0,0
58,11.952640040586186,77.09438666324874,1,1,0,0.9326531623771293,41,9,98.04850661840806,14.9764280925287,high,3,2,0,0
48,78.67120810908679,87.88228575742446,0,0,0,0.2386117536451226,49,47,204.46393496396664,28.03926416064853,high,3,2,0,0
267,41.47811363953177,46.6466317503549,2,1,1,0.855253707964156,3,45,380.6001132810272,16.236301555574947,high,3,2,0,0
279,28.157402771492144,86.73141394780882,0,1,1,0.7477810409268713,69,0,153.6476561635058,8.355918275508788,high,3,2,0,0
145,12.525403282703213,48.9102012610209,0,0,0,-0.1332871335628682,73,24,236.3203256050058,27.056233827965336,high,3,2,0,0
255,54.4117735017068,94.84372391251269,0,3,0,-0.7110618022955826,48,12,267.5115217905337,11.003074694027289,high,3,2,0,0
256,47.66047994966922,29.54162316852753,0,2,0,-0.1102850123624492,94,43,313.8951699893832,13.17533494259545,high,3,2,0,0
192,9.702190610936505,85.1319522739014,0,3,0,0.2301156946044977,99,24,255.4864321839323,21.682403762980748,high,3,2,0,0
43,23.866075855244247,51.519728999225,2,2,0,-0.6066150845605554,15,23,114.56146300697684,7.747145769177395,medium,4,2,0,0
147,16.471125061719597,66.69070323211761,1,3,0,-0.1162955636930134,30,21,87.99074375176465,10.512104813014638,high,4,2,0,0
12,32.0522090695427,25.37596614963117,0,0,0,0.7444809391964893,92,19,81.27269569253261,29.71441153379925,medium,4,2,0,0
135,10.184511529879686,19.433255085349508,1,2,0,-0.474381047538144,98,18,243.76321240455175,29.47960002618904,high,4,2,0,0
197,7.949712038954633,27.546202736063183,1,3,0,0.892476257767181,49,22,306.35736923718105,17.704572752282502,high,4,2,0,0
140,40.80860856867318,43.55259475575383,2,0,0,-0.9118378401277898,44,35,57.26464101822423,5.799327765160024,medium,4,2,0,0
247,33.096398105216934,14.94800639317421,0,0,0,-0.4675038509774953,6,21,364.3033163535918,24.71814974225033,high,4,2,0,0
145,63.29203279065761,74.56775034833142,2,2,0,-0.6765825823342424,67,21,279.3890427667713,7.568799248971764,medium,4,2,0,0
169,7.11912694351909,96.41748472096796,1,1,0,-0.2108901176657891,68,28,178.44410827078727,5.008792866195428,high,4,2,0,0
232,36.41407897081695,31.086308255749216,1,2,0,-0.4475206082966052,42,16,459.0309045950662,23.955739434899307,high,4,2,0,0
73,12.562171128301934,46.71937975487084,0,3,0,-0.2330522151536713,33,35,348.70547024807735,16.506217557560245,high,4,2,0,0
24,10.1333622016125,11.19416350162108,1,0,0,-0.0991491923438121,71,28,126.95228860864252,10.83699944721239,high,4,2,0,0
12,6.368709508989613,45.45488018469817,0,2,0,-0.4132675023506846,44,27,96.76653271899048,27.05423999581649,high,5,2,0,0
101,22.226622247613644,54.85455923303494,2,0,0,-0.1890170298236391,15,44,423.352810612308,10.198328471806468,medium,5,2,0,0
109,60.71805915295768,16.758416659691317,2,2,0,-0.0921219976100504,50,43,165.49590283389722,24.20395171461192,medium,5,2,0,0
131,27.883171953783187,36.60182879653455,0,2,0,0.5437580419396313,2,33,332.69555928726874,13.549778027477444,medium,5,2,0,0
262,75.45208191522201,79.72185714212475,2,2,1,0.6387840685841559,57,19,241.3507671623717,15.647263809493284,high,5,2,0,0
252,48.70086146895908,38.63741943798316,0,1,0,-0.4043579570124489,47,31,72.8736518214251,29.10241236128159,high,5,2,0,0
133,17.03862205754292,55.14586597502698,0,2,0,-0.8079296626413011,41,25,272.2790450934318,5.817411585718453,high,5,2,0,0
163,68.16419443772091,67.96149415361388,2,3,0,-0.4210557926274907,36,25,455.4066593557421,9.46018582883756,medium,5,2,0,0
226,38.63094680602032,74.51184457011105,2,2,0,-0.3366823504214253,11,11,443.9905701779322,28.4457114138906,high,5,2,0,0
272,35.56446826275641,80.37267869698148,1,1,1,0.9860515129209526,42,31,384.18502863416506,9.31266959119698,high,5,2,0,0
103,50.43775240730957,94.59155065974448,0,1,0,0.0893942638317899,14,29,297.6027496917076,12.177005714366429,high,5,2,0,0
46,24.595602534335107,13.678002613953058,1,1,0,0.0914321575917427,3,16,470.8062277224773,16.026880230590102,medium,5,2,0,0
125,29.31217094979808,65.23914887359454,2,0,0,0.0244137195058264,85,44,145.2376369659117,23.650980037176023,medium,6,2,0,0
115,18.766617614641596,11.873592385724583,0,3,0,-0.930210046634326,72,39,377.5473083421327,12.061572584443953,high,6,2,0,0
199,47.03110894655048,37.89264085696722,2,1,0,0.6748342417171218,1,45,106.76973883165635,27.743155549995624,medium,6,2,0,0
17,60.43409145454866,58.69649828758129,1,2,0,-0.4751665157815101,58,18,215.3976452228192,10.062047593289613,medium,6,2,0,0
53,31.98365073170617,68.72427651755473,0,2,0,-0.7782560186570711,3,17,171.49527572862274,8.402671662764426,medium,6,2,0,0
84,5.864876826826053,47.467339564589885,2,3,0,-0.9461660106023368,41,34,182.34891635204568,9.194312218968992,high,6,2,0,0
135,18.245901100145225,21.13073852510961,0,0,0,-0.8171764085144373,62,36,409.16613118510605,10.565238569012546,high,6,2,0,0
222,39.375526509930296,70.09997371538077,1,1,0,-0.2732613266237509,25,17,408.99571238949824,13.062498107153344,high,6,2,0,0
42,45.18823466466954,34.77790606985792,1,1,1,-0.1156124177297184,14,33,208.86768352170796,7.809968524353207,high,6,2,0,0
202,63.04481271252503,20.185449435077743,1,2,0,-0.1176249843955303,29,16,171.55583797086652,12.645874501478172,high,6,2,0,0
143,63.91282250793971,34.46539927557296,0,1,0,-0.8244382752756261,55,19,156.96882279416988,18.11056863595344,medium,6,2,0,0
277,47.98535764733184,20.49733817519234,2,2,0,-0.1424894001212071,15,35,397.4845843334447,21.152609171393504,high,6,2,0,0
268,25.516322911485464,84.59888688514118,0,3,0,0.5738396375497934,93,8,160.37044557740052,23.48533708428197,high,7,2,0,1
93,53.66476782861947,94.786669435144,0,2,0,-0.4826720867893672,27,43,319.69998708327097,18.158097569340843,high,7,2,0,1
281,46.02272325060726,11.361707140625688,1,1,0,-0.2869130965553625,4,45,444.8929400080208,9.375597722403413,high,7,2,0,1
36,33.39361677774296,28.948843923096188,0,3,0,7.554918714181014e-06,70,33,207.3418114009276,9.135438331698596,medium,7,2,0,1
145,10.80264303932492,27.58168035098247,1,0,0,-0.7385997214812698,7,20,327.26883540012705,10.828537411247051,high,7,2,0,1
109,10.151448662345306,76.52783059290964,0,1,0,0.9721272494969968,57,43,201.8740652167433,7.1857769961977525,high,7,2,0,1
222,66.62010306110767,54.13706486643662,1,2,0,0.6531375972276319,37,23,209.7863299417537,15.957772428392264,high,7,2,0,1
292,44.54158467618712,10.021239712025396,0,1,0,0.96886323767619,57,19,151.23614799508005,15.793867972397114,high,7,2,0,1
98,26.531804181933744,99.5222388251106,0,0,0,0.7385424401975764,63,37,281.6088165432988,18.34172692391092,high,7,2,0,1
12,65.71682082825076,90.61338615462972,0,2,0,0.8443899113949356,77,42,390.9249545117341,11.740011604464671,high,7,2,0,1
262,24.28686498033068,75.88074049931622,2,0,0,0.9219534796852786,47,20,346.3332705776534,11.11053493125437,high,7,2,0,1
216,59.868575889346175,70.48128798124856,2,0,0,-0.1539904255484714,18,33,188.8550896668335,8.93225218741334,high,7,2,0,1
217,77.31067360086894,56.18863399356153,2,1,0,0.4126537348280781,41,16,191.9793610105388,11.797681729783877,high,8,2,0,1
245,51.33846426762107,52.94309887542786,1,3,0,-0.9539792790011165,32,7,458.40065361597095,20.97688459674625,high,8,2,0,1
260,5.03280735903044,56.55844588834948,2,1,0,0.3548245238971248,44,48,292.7206933169705,22.67418259989274,high,8,2,0,1
232,69.82044623776189,55.09063141765243,0,1,0,0.1156570927036697,77,38,204.66801970184503,29.066421980121135,high,8,2,0,1
216,42.58668186864983,67.67497194301536,0,1,0,0.4844645979776074,68,6,225.4824396601162,18.634216747724416,high,8,2,0,1
26,6.835656078126166,24.61709805237198,2,0,1,0.5702557676168367,94,49,253.9294680257613,24.833743888078107,high,8,2,0,1
275,48.66379705706618,12.24261970361882,0,2,0,0.4944506734198512,21,47,129.7692995298878,8.670129180373385,high,8,2,0,1
261,13.90100143729067,44.82367570057044,2,0,0,-0.7661942999435729,66,3,412.2998657900717,28.40357637864561,high,8,2,0,1
241,36.99183027697784,32.57528097917018,1,0,0,-0.1994506514149086,86,45,126.07212260284044,15.51684891876898,high,8,2,0,1
34,17.699935362547468,78.1954690278932,0,1,1,-0.5956793291728415,62,41,247.8025476066615,11.56005959802406,high,8,2,0,1
121,19.361840818379957,79.3155665058268,2,2,0,-0.0398991049949071,57,25,72.33748933813146,19.263889896589436,high,8,2,0,1
152,25.6437665095386,68.05598585375434,2,3,0,0.6298821204029412,51,45,244.66994936193456,14.502321554539863,medium,8,2,0,1
45,27.652303963787624,23.963767282344627,1,2,0,-0.365064312980593,91,33,67.60659314700095,13.75371145915254,medium,9,2,0,1
62,21.53031241945517,93.8650846451003,2,2,1,-0.2134046598280412,75,49,172.63079875730233,23.67907545742698,high,9,2,0,1
50,53.14675749198039,39.36291857257382,2,3,0,-0.9492088401582086,59,29,283.7464215489238,24.33846367281065,low,9,2,0,1
71,72.44786194023563,45.06668205733427,2,3,0,-0.5705214804094896,72,18,298.7213323289267,12.830633666875633,low,9,2,0,1
135,61.32829412984111,59.05967565431673,1,1,0,0.3398061921920656,97,24,477.759698760743,21.343938243203628,medium,9,2,0,1
34,13.756251585924268,95.34600437049612,2,3,0,-0.0534715779844598,51,32,77.2208613751337,8.690012188707428,high,9,2,0,1
214,41.2844509219292,17.995627781276923,2,1,0,-0.4497014617750829,13,18,425.6640447010284,29.744428316732563,high,9,2,0,1
287,59.960418719515246,90.87902440788592,0,3,0,0.972251328087462,99,9,289.65977000087867,5.29701634655182,high,9,2,0,1
65,73.07403957804596,27.709887707085457,1,3,0,0.7982262071306525,60,29,364.6962676494524,8.694253888328083,low,9,2,0,1
235,23.947348895713137,64.83083388839991,2,2,1,-0.1653078135808399,72,49,208.570014680601,22.90723349728311,high,9,2,0,1
225,36.0903591042996,39.63464088144213,0,0,0,-0.8996334847553451,47,18,79.0096632399758,16.279673493024553,high,9,2,0,1
200,16.1489639675712,69.91113827300472,1,3,0,0.7315645891753955,82,47,199.6465441557424,28.836395647579742,high,9,2,0,1
149,33.134827883079694,60.31956034256352,2,3,1,-0.1418821759165869,33,25,401.9409094633253,22.144325714086364,high,10,2,0,0
102,47.57180824337471,97.0979515731536,0,3,0,-0.9959050400003636,65,14,143.0246655112714,17.00076127485094,high,10,2,0,0
187,6.9242491709475225,91.90464851650066,1,2,0,-0.2292411002074814,49,41,71.5776701973961,16.5880022061326,high,10,2,0,0
152,74.83213214262284,69.9779462021275,1,2,0,0.9072472768316102,33,6,235.2683842935699,17.604465323234102,medium,10,2,0,0
66,52.38961968242464,57.73568865630217,1,1,0,-0.9922323046074986,51,39,158.7644836889733,7.605724577352211,medium,10,2,0,0
125,14.387674640377758,21.03586840665212,2,2,1,-0.830702746977058,15,15,144.47922568912276,22.76439125327672,high,10,2,0,0
14,53.6445885467627,64.30510120194397,2,3,0,-0.9709672537493,75,35,77.95383187566927,13.878378848078206,medium,10,2,0,0
152,31.832902604542564,49.01274075343633,1,0,0,0.817902853333986,88,39,256.10681095858484,15.60362440802467,medium,10,2,0,0
52,55.70623490633858,53.06214603842725,2,0,0,0.8903710987453,58,46,167.4158826488038,10.853916762443417,medium,10,2,0,0
259,59.5790136077085,32.48010103842326,1,2,0,-0.4661254328401754,1,19,391.74867793919975,19.4508718975804,high,10,2,0,0
78,70.07973180342526,67.73430689161398,1,3,0,0.4319434162257141,24,14,110.72723506175409,13.490283974966156,medium,10,2,0,0
19,31.75290355987327,64.89033512619321,1,3,0,0.8174602705881728,55,46,478.9197866013846,5.713708436330249,medium,10,2,0,0
219,76.80559310010727,45.9100938276352,2,2,0,-0.7222887048418674,76,42,346.4276139349285,5.196915859223873,high,11,2,0,0
227,16.980745832515453,57.58787121072146,0,3,0,0.5304963598953656,67,12,418.6073315047004,9.117115996193949,high,11,2,0,0
57,41.01794606810422,58.29115037992723,2,3,0,0.7171017748972539,38,30,411.3204929230436,12.654220949893396,medium,11,2,0,0
210,5.716633289332394,85.28673585336202,1,0,0,-0.5393477694661026,8,18,112.09373497408764,11.337091885901057,high,11,2,0,0
88,68.82596633145198,97.34727097473784,1,2,0,-0.5291691678689703,83,26,119.49571345168162,19.927893386510945,high,11,2,0,0
41,67.15956089749085,24.43038404405366,0,2,0,-0.047010671291455,48,18,495.4627080091865,27.472918354057285,low,11,2,0,0
128,19.912642360398948,35.96760404452584,0,2,0,-0.5054956017999634,80,39,378.1248435288712,23.28552232413368,high,11,2,0,0
236,49.76908461774497,93.19879286952325,2,0,0,-0.389821221350026,22,34,450.8534629527146,17.552601750515997,high,11,2,0,0
84,20.0907492479715,75.65448611292463,2,1,0,0.0642237537074337,39,29,407.0810365328542,12.967501641539084,medium,11,2,0,0
194,65.17300849851776,16.558150264139897,1,3,0,0.0615035945396429,33,34,258.22050404944366,10.582467916127108,medium,11,2,0,0
75,21.90479539515032,36.668789562401166,1,1,1,0.7581420263713532,10,34,419.00534941901697,6.674926298331853,high,11,2,0,0
113,78.10561534400728,71.83695356489703,1,0,0,0.5990602989538922,45,9,418.8123861492263,22.38161810404528,medium,11,2,0,0
34,60.94932158093991,44.38198941385191,0,0,0,0.5051001010955112,92,34,295.2785869468654,5.25611128868199,low,12,2,0,0
210,21.634802541241147,39.40184720233408,2,0,0,0.4922194452589621,80,36,436.4853133458844,19.56031056932793,high,12,2,0,0
278,49.35867344268644,68.78529497306486,0,1,1,0.2805853725420311,51,42,384.4630985886048,10.314119462906156,high,12,2,0,0
140,72.65850330313545,10.575497148026017,0,2,0,0.3812829991983895,65,27,95.36091734098268,16.716711838537904,medium,12,2,0,0
106,36.7789600212866,79.18023224461716,0,3,0,0.9734755934599076,15,25,303.5486304364294,10.37147714475462,medium,12,2,0,0
191,68.98916268141505,91.45848102461584,2,1,0,-0.5739209688903575,99,1,378.967751474825,13.86323953250863,high,12,2,0,0
247,49.88644207714587,10.090964804085765,0,1,0,-0.7982005504260443,54,29,98.86277554848618,14.722613794185117,high,12,2,0,0
110,44.652652000314525,65.3304773653878,0,2,0,-0.9713209992069723,13,27,283.5939033020469,27.77417894965429,medium,12,2,0,0
48,63.90336493456384,96.80866330607618,0,2,0,0.7530729233738027,95,26,428.5181599880693,6.2713152324644375,high,12,2,0,0
99,62.97582272782028,28.810586392974997,0,1,0,0.941065479689801,92,45,409.09743141339374,25.99316340532017,low,12,2,0,0
122,20.18928338643635,38.81616519578,2,3,0,-0.194628412458867,98,17,68.10170311531145,11.141471060638532,medium,12,2,0,0
159,53.46510518950076,25.02201921439905,1,1,0,-0.3435493991413081,96,11,188.4431657037572,14.01505844200383,medium,12,2,0,0
196,53.16767889517094,24.442747391943037,2,3,0,-0.8790442677191572,3,21,98.73976960076946,8.307021254537919,medium,13,2,0,0
62,63.31211708611033,45.62442598469568,0,1,0,0.482124170552668,84,9,279.4413247344886,7.57752208782224,low,13,2,0,0
281,12.314554518315951,91.79468095673565,2,2,0,0.2455685421381226,53,47,176.51017706728084,29.75857955535204,high,13,2,0,0
118,14.851107823390787,27.841879763925103,1,2,0,-0.4770107493988409,80,46,260.41920548271315,16.558503861874197,high,13,2,0,0
25,18.9626594078702,68.57655887285175,0,1,0,-0.0389354293589205,60,28,69.00478820939341,11.721001281473075,high,13,2,0,0
175,24.35313738739226,32.32400923706692,2,2,0,-0.9042341057020749,3,25,395.7251037409514,28.166226284748127,medium,13,2,0,0
243,39.2947181371929,50.48407565310057,1,3,0,-0.1630934782382933,62,43,73.98188981430496,16.79350168214232,high,13,2,0,0
146,60.462141699948326,21.401575645902412,0,2,0,0.996780785376522,28,44,80.03449471424548,6.062974636908204,medium,13,2,0,0
14,11.459594285473388,85.67964304176655,0,3,0,0.9720594140912088,49,42,208.62694054496512,14.70110299614802,high,13,2,0,0
107,11.360723640629226,46.96947734185039,2,1,0,0.4222014431671443,67,38,305.50213270990065,15.669229313949122,high,13,2,0,0
226,26.702404739997007,43.90156047810183,1,3,0,0.5102356808121469,42,22,185.60617076712052,19.76878255537037,high,13,2,0,0
299,54.79890951337467,28.03682362644884,2,2,0,-0.0738680700350924,54,31,259.5293826541348,9.35145681210482,high,13,2,0,0
280,34.97906269474616,67.89520736759391,2,0,1,-0.2630677264480541,41,0,106.67800126673043,11.39362877246394,high,14,2,0,0
261,50.40630921930286,10.14513696981476,2,3,0,0.6023333815867697,51,9,215.21260491870103,25.34886323340465,high,14,2,0,0
91,54.34868922334712,15.96187743815342,1,0,0,-0.9996596857526914,88,40,371.3686219637101,16.63836062905882,low,14,2,0,0
122,45.12444515596091,11.603266416207305,2,1,0,-0.6733421347722124,6,1,372.634722053011,17.353383718782794,medium,14,2,0,0
231,27.527031214213828,73.36421434091724,0,0,0,-0.9664053514621772,55,1,144.56939447915022,5.222732265173503,high,14,2,0,0
102,9.826006005689203,78.24330676662568,1,3,0,0.8206521418497812,86,22,204.21885412201289,19.45374983307542,high,14,2,0,0
292,55.57613110809354,84.75523034149568,2,1,0,-0.4335655090864514,64,7,350.75950243524727,29.075225458726123,high,14,2,0,0
119,59.26895325219225,91.6820741158696,1,3,0,0.5911018112876447,32,46,487.2413974171451,24.580880349828025,high,14,2,0,0
190,26.08359592079678,89.96308394829153,1,3,0,-0.8830025053383261,19,29,421.055659620361,10.671076936424374,high,14,2,0,0
120,42.02032686152501,40.40270351831957,0,0,0,0.0906624222202343,57,41,86.9483451721157,13.044683519447904,medium,14,2,0,0
297,59.46454920632792,19.175113690234472,1,3,0,-0.7265378966144174,34,5,147.65953705862697,20.97248268153629,high,14,2,0,0
235,32.863200912547974,97.137932598769,1,1,0,-0.3825785349247588,28,44,55.86208637423025,29.42249825991217,high,14,2,0,0
72,73.96979892277143,31.90175053443184,0,2,0,0.901116368843638,78,43,151.635036545665,15.685210149748244,low,15,2,0,0
246,5.740354212629804,27.22277770432033,1,1,0,0.7742657427553901,55,26,232.64506224502537,26.0014466305452,high,15,2,0,0
29,30.31893130339151,90.20603999213918,0,1,0,-0.8410887485044933,86,31,108.11922178071978,24.95337024056553,high,15,2,0,0
24,24.42828362290392,93.49423691844376,1,0,0,-0.3836451533029696,56,9,442.9260468665557,18.48536039499653,high,15,2,0,0
129,29.652144258245887,77.36310748416177,1,3,0,-0.2416087225371319,41,3,206.6346712392669,18.49529082212117,medium,15,2,0,0
119,71.13061754826244,47.00987724713234,1,1,0,-0.7193425845877295,72,21,215.68706709461196,11.972957890274866,medium,15,2,0,0
47,22.02383336430894,38.50146466017198,0,1,0,0.3655003536189263,10,28,362.916688256914,11.521674401026903,medium,15,2,0,0
147,67.62690202749903,55.19290472774151,0,1,0,-0.4057435258417434,55,1,440.0564232771524,13.66048706079425,medium,15,2,0,0
41,71.22958269152882,14.018002684600203,1,0,1,0.6351772397186857,99,20,210.81867037414483,14.314939601673087,high,15,2,0,0
177,39.98220038928018,70.20530002086409,1,1,0,-0.4135558274077546,24,49,212.484987743285,8.309826300481571,medium,15,2,0,0
144,48.43327524481043,42.49421984836281,0,1,0,-0.9805778369750926,60,27,379.6108127198246,8.17037505557813,medium,15,2,0,0
288,45.494087576263645,63.09687018704708,2,0,0,-0.8447274184068221,50,8,165.03768704104732,8.91825008567331,high,15,2,0,0
15,6.86447865027925,62.0342973449268,0,3,0,-0.4739182993048028,99,13,129.4568450131676,29.705527321532625,high,16,2,0,0
29,51.1798066385063,76.31196379381498,1,0,0,0.5401827700489628,25,3,412.94410494234495,9.881191749002554,medium,16,2,0,0
76,25.75538495511369,14.940041784890756,2,3,1,0.7244930359617012,15,33,408.15335224201954,5.053766677544425,high,16,2,0,0
171,64.83032623427339,28.365683370167464,1,3,0,-0.5376543513265413,52,17,366.4037842876437,18.99965586073529,medium,16,2,0,0
286,21.12642590787888,62.52888938013144,2,2,0,-0.050536174301168,5,42,245.87866976799236,27.45673684755643,high,16,2,0,0
73,49.62151435209778,79.38344921298484,2,2,0,0.8601044688996036,50,1,161.49471533514958,29.116161104720035,medium,16,2,0,0
181,29.429245384631955,75.80060752794166,1,3,0,-0.910152239424996,9,43,118.65336437271982,20.31640126884725,medium,16,2,0,0
73,31.397792232062105,18.324215029970684,2,0,0,0.1711801593886859,84,38,179.78839650330255,18.276259609677695,medium,16,2,0,0
28,66.71116179619855,41.1341711506431,2,2,0,-0.903453365596705,87,45,189.743867083839,25.012813459644992,low,16,2,0,0
217,22.40040489949977,67.46548775009589,0,0,0,0.7582790195253541,51,44,323.7333204006088,18.632241306768886,high,16,2,0,0
72,37.80117457234094,62.28180414509477,2,1,0,-0.6841381686238444,11,1,443.9263738160159,29.705413811740524,medium,16,2,0,0
169,6.565248314065828,69.57458447913388,0,0,0,0.7349330559463296,80,34,328.7851214291655,24.769519306755747,high,16,2,0,0
285,32.59384963360753,79.3104938023922,1,2,1,0.7863444753246671,69,47,229.70472160174373,29.95418661637496,high,17,2,0,1
126,27.900466735237853,54.22996799821619,0,2,0,-0.7794431936968356,58,21,50.31595256682353,17.734084766893332,medium,17,2,0,1
262,19.694518245411903,16.557500750773947,0,0,1,-0.9796163348827852,80,23,497.67689722708286,19.8182439062763,high,17,2,0,1
186,5.2273894069674265,86.96081027367715,0,1,0,-0.1347088583124076,53,14,318.8191422896527,6.814272460907915,high,17,2,0,1
81,77.96905982368716,43.46742349119042,2,2,0,-0.9786966995349542,92,44,294.6992202447601,22.126314432056784,low,17,2,0,1
189,22.70004688614951,66.46407746943777,0,1,0,0.4886873871907682,82,21,55.38274101457094,28.05092191164203,medium,17,2,0,1
89,72.82007223401172,89.85074535764937,2,2,0,0.8868435512262007,33,8,456.2711104142903,29.66034811179488,high,17,2,0,1
245,69.68064879081525,94.7167183971988,0,0,0,-0.0492893917745815,46,43,318.7232707134938,7.078458718928589,high,17,2,0,1
283,35.346019280377234,58.56344052399528,1,2,0,0.5009230343683848,48,39,239.47974216673063,29.335506280553872,high,17,2,0,1
224,74.60552762899445,21.373607013643863,0,1,1,-0.2018183755392901,79,30,270.97443497754574,6.975299658697599,high,17,2,0,1
233,48.06647129198406,42.97470380467061,0,0,0,0.6542143029447833,7,44,95.9987967802581,8.266935689928967,high,17,2,0,1
211,36.858941410882494,49.187647438888,1,2,0,-0.0126229058605595,17,12,254.6521216516372,16.93362521681898,high,17,2,0,1
188,79.53315918423999,12.286403713484413,1,1,0,0.502110319370471,92,26,143.45891541733772,15.72644553158218,medium,18,2,0,1
267,12.061351805348917,42.91845617861264,1,3,0,-0.719089100624906,70,21,227.7368897030269,5.507752653878376,high,18,2,0,1
143,57.887192048263465,16.127632193992106,0,2,0,-0.6497075790506761,9,9,289.7472291949646,15.869385004705851,medium,18,2,0,1
277,38.29713489764957,99.34755379201104,1,1,0,-0.637691613857901,44,25,372.4637358727258,6.118693788027852,high,18,2,0,1
177,45.081108803916976,57.6186744323625,0,2,0,-0.9989513321842882,81,39,308.12089169993783,5.063980624580184,medium,18,2,0,1
289,18.83917143645683,19.4473952639372,1,1,0,0.4816535997697353,34,34,376.2056995356803,13.416853435994346,high,18,2,0,1
217,49.44649530985544,43.87514643700743,1,0,0,0.3289224295687476,46,17,114.9188882662318,5.93014134912299,high,18,2,0,1
293,26.47301635465612,52.667837096229576,1,0,0,-0.9050399765926777,82,37,300.10907128965994,26.00877505437294,high,18,2,0,1
112,41.44651926098976,94.74646786489753,0,3,0,0.1728395783580716,2,11,148.8948775019955,28.965688770916447,high,18,2,0,1
172,33.18365351283756,30.04150043481581,0,2,0,-0.8526037592950808,68,6,257.2848093557211,12.598293547625907,medium,18,2,0,1
133,44.11936059657175,60.80382792954479,2,0,0,0.244112338652396,2,45,341.7013530077231,22.31627769706961,medium,18,2,0,1
284,55.348919275553484,21.17821834723804,0,2,0,-0.179959767026032,38,45,229.68868995338116,23.740035745742013,high,18,2,0,1
248,72.1129714470471,90.25032639835668,2,2,0,-0.6231927392622985,29,42,129.31306575050047,11.53506082916746,high,19,2,0,1
157,30.07003878652053,10.603821414824852,0,1,0,-0.6858908055796891,31,26,188.4289256921496,12.234631518685166,medium,19,2,0,1
253,75.58458667005922,93.51027627726609,2,3,0,-0.478865785522139,69,46,339.32229028475854,28.208271377728824,high,19,2,0,1
17,9.999368793226472,70.51392141094263,1,0,0,-0.0992841310127305,36,32,364.5159098349024,23.279384255772463,high,19,2,0,1
280,25.706893265708608,28.13953349718094,2,1,1,0.6363225705019324,74,43,95.43612692587324,12.32869814239254,high,19,2,0,1
82,20.294062474627545,59.05603508741148,2,2,0,0.0162580846060436,70,6,199.7855888070191,23.800534093181216,medium,19,2,0,1
192,38.66555671503964,33.723251248902024,1,0,0,0.865463872105728,3,46,216.2482789409136,24.75612532538713,medium,19,2,0,1
165,34.951730329616666,30.00447006266078,0,0,0,-0.4689986876042791,41,24,273.30981409528147,16.925045741476396,medium,19,2,0,1
57,19.10160842385361,38.54258710855864,1,3,0,-0.318226303391768,84,35,258.92009313669973,26.19454579332105,high,19,2,0,1
265,42.06343923442022,15.497341798822816,2,2,0,-0.4113940630424015,25,44,363.7422243090931,17.920108156529587,high,19,2,0,1
213,59.85131693309948,57.24049000585195,2,2,0,-0.5321147191938593,64,19,213.3215772047602,19.785865908863617,high,19,2,0,1
100,74.36665987439412,62.42561780987489,2,1,0,0.2080376617148136,97,16,164.3742773280308,28.019996536394444,medium,19,2,0,1
281,77.07091847015003,63.51411445294998,0,1,0,-0.5416160403733576,13,20,244.9947267346008,21.185420463876493,high,20,2,0,1
227,48.849259002642775,39.50164744392246,0,1,0,-0.7888971247586722,5,30,474.1310556506669,7.969346050278371,high,20,2,0,1
154,51.37599308909317,31.014319058687896,2,2,1,-0.4807973325360706,53,49,387.7555422796012,17.853948132704318,high,20,2,0,1
193,10.822701390193595,50.22124805266483,1,1,1,-0.8883021196078631,14,31,433.8278815858649,9.626926791867447,high,20,2,0,1
201,36.855949996559126,41.23634997573743,1,2,0,-0.2422187280121572,42,6,380.92536277048384,12.149685518430694,high,20,2,0,1
45,7.44314835740129,29.830229344712944,0,0,0,0.907160535029585,98,12,171.8080351586528,17.427761725752692,high,20,2,0,1
136,15.4804399836711,40.80900580546344,1,1,0,-0.7074380510346452,95,26,197.05377983329765,14.874827788241372,high,20,2,0,1
122,71.62093977192328,82.03758888225188,2,1,0,-0.6509510821569287,62,44,214.608945337161,29.175454740799196,high,20,2,0,1
11,20.728857494259746,40.6063262505013,1,2,0,-0.8797746344529047,98,21,194.20518395833477,23.41377199950777,medium,20,2,0,1
131,38.60874048736174,73.89697023323231,1,1,0,-0.4817806788324559,36,2,245.2916944454688,23.0247605007166,medium,20,2,0,1
124,57.95523822596098,28.552129458238504,0,2,0,-0.9531634957282508,29,46,428.2753920330348,22.4030570336197,medium,20,2,0,1
186,55.12216949123221,19.75595579808837,0,0,0,0.5277769341558796,16,9,81.17953317163337,20.094436544504944,medium,20,2,0,1
154,52.53105583501233,37.56548501664858,1,2,0,0.709547295814299,45,36,149.99424658403674,19.94455799663809,medium,21,2,0,0
181,23.434373451196777,76.14578049597277,0,1,0,-0.8511216636248784,37,49,385.5183037159516,10.038118469600985,medium,21,2,0,0
71,26.41344494930893,39.98112130686022,0,0,0,0.9471835536023436,83,37,244.89848782345348,7.618442714865002,medium,21,2,0,0
217,72.767331893889,23.24810953245705,1,0,0,0.2272296943395457,17,12,196.76677889112383,15.595646961912369,high,21,2,0,0
28,63.09286763947815,73.3228094961942,1,3,1,-0.3409886817095882,61,48,371.9912378057671,5.137463025878043,high,21,2,0,0
84,7.807079861097655,90.6052628007912,2,3,0,0.1349135705062898,16,49,79.16369460294972,19.813988140708723,high,21,2,0,0
31,16.53917004722185,37.99073300175553,2,3,1,0.155248992616358,93,21,318.56763294608896,11.422760923653856,high,21,2,0,0
70,47.07502944682472,40.20663309986941,0,2,1,0.1090829461776374,19,10,391.3215684721839,25.51461386630569,high,21,2,0,0
129,31.018359137219,63.44755887957708,0,1,0,-0.6293419057287326,22,36,346.88662186497345,13.353041531032362,medium,21,2,0,0
157,22.241861498394982,68.26431956869675,2,3,0,-0.990369206254092,78,38,448.5503079085619,10.212543081111502,medium,21,2,0,0
226,72.87852919922568,59.253457078271865,2,1,0,0.2187078995067306,99,36,181.3040717315081,23.95396362264291,high,21,2,0,0
111,48.22085236554167,32.51139478185465,1,3,0,0.1619773731376985,26,7,204.0267613147627,5.606326979149633,medium,21,2,0,0
79,62.759175204778415,92.27164209536672,0,3,1,-0.4510867166939103,12,22,302.6081998372099,22.73833885224924,high,22,2,0,0
43,68.66270088371573,46.18666535720658,1,3,0,-0.9511137648934704,89,23,76.81927589800948,11.055171339872649,low,22,2,0,0
62,43.56184849473478,12.8090104387126,1,3,0,-0.8356257151761834,88,1,234.30210898033167,23.308790741697944,low,22,2,0,0
158,49.435044186098416,78.29911877921572,2,3,0,-0.0268764422927139,33,28,417.590730414181,5.642044622636795,medium,22,2,0,0
95,76.33261554991279,32.11394690585912,0,3,0,-0.3666192933017593,16,8,403.905690797145,20.34114661588492,low,22,2,0,0
66,70.18009846874745,86.27928760694587,0,0,0,0.4394532749303219,18,19,212.02263740979453,14.884065656905705,high,22,2,0,0
233,16.018455401225708,54.797119658155125,1,3,0,0.7452691778935892,55,34,136.96853999013717,28.09593564236433,high,22,2,0,0
160,62.884655631512,87.32089555702342,0,2,0,-0.3548499129538718,41,39,415.74667568057066,20.545845596278127,high,22,2,0,0
49,30.906500397932,28.272876991705942,1,2,0,0.345728349692654,98,0,389.7054215985547,18.57043689330714,medium,22,2,0,0
19,15.856199054643245,46.80781242443734,2,0,0,-0.827782559493599,3,2,452.7582907114653,17.052731164284793,high,22,2,0,0
48,23.609591068781945,80.12603702377416,0,0,0,0.7047848683983602,19,46,466.4488571290674,21.812983290716996,high,22,2,0,0
159,31.45744194107674,67.38086779018928,1,0,0,-0.3890669800155244,52,0,428.66782301412167,23.83549120687484,medium,22,2,0,0
15,17.54117165287146,95.90006808461168,0,3,0,0.8506162798124242,83,47,400.45866303061183,14.552041706270217,high,23,2,0,0
126,25.36639689232936,20.122737967871537,2,1,0,-0.4787409658643744,10,20,125.43436817260154,18.71136111289912,medium,23,2,0,0
253,25.511500100310183,25.8591955858152,0,0,0,-0.1335616756498003,7,35,213.9980115003497,6.558806500248577,high,23,2,0,0
251,22.322004751550647,61.70681731422464,1,1,0,-0.9858344607984456,7,22,442.5458968658114,24.1850556826198,high,23,2,0,0
215,33.422250193826905,87.50846682475921,0,3,0,-0.0786196080965313,62,39,283.3202828238536,13.694145980961482,high,23,2,0,0
66,36.4038455804377,80.74245726236744,2,0,0,0.8657674775030184,15,43,159.516340435006,28.20166090106561,high,23,2,0,0
57,29.17846512557209,65.706378639736,0,1,0,0.7538612705773644,43,14,354.45746364648943,23.66645572127808,medium,23,2,0,0
29,56.30543111077248,19.740214375035706,2,0,0,-0.9434686342317952,20,31,83.84943863478767,11.285673987413045,low,23,2,0,0
41,63.33029077274702,44.58987383098234,1,0,0,-0.3549495606445094,33,9,477.6884306714812,18.898823766119747,low,23,2,0,0
31,71.32282506887762,52.36726387337922,2,2,0,0.5750816277978517,23,49,146.26466791772373,5.556791320990346,medium,23,2,0,0
65,7.033169946921149,86.04901731446898,2,1,0,0.5811537187408937,12,36,363.1553605165853,13.836633233203026,high,23,2,0,0
286,26.200969505688928,20.14654370670732,0,2,0,0.6171701183804521,74,2,139.49148978315657,14.942700864192192,high,23,2,0,0
176,17.607577902428204,88.47833285266498,0,3,0,0.2547816430887486,68,17,462.75598404796006,29.74025372156592,high,0,3,0,0
108,54.67678265313606,16.018886728307688,2,2,0,0.9331562513685244,45,23,359.0106244751002,10.771214760513471,medium,0,3,0,0
260,79.1174581362306,96.40797879345946,1,0,0,-0.7263551943266997,21,26,275.2511731400927,26.257071842822334,high,0,3,0,0
263,34.24072739018154,97.9501911894686,1,1,0,0.182912655293876,23,23,215.6447107239636,13.455671697337644,high,0,3,0,0
127,31.69170581620632,87.86212932820594,0,0,0,0.0053697291337495,46,1,276.2298393347246,28.38905759044796,high,0,3,0,0
153,32.74653889136795,95.9329902545706,2,3,0,-0.1452028763840833,22,15,348.47194291144086,7.547039004270177,high,0,3,0,0
283,5.841624241820499,26.676599770865817,1,0,0,0.8153980451046166,35,24,404.6772190756651,6.155134007844749,high,0,3,0,0
113,67.25572653647495,79.1856407135371,1,0,0,0.5666674790541641,74,7,210.71211983700272,23.964148866976885,medium,0,3,0,0
254,75.16936225423883,91.1197632487288,2,0,0,0.4744945978554029,32,29,217.44760200815247,8.820246619084397,high,0,3,0,0
65,68.61524344756629,91.51087610878396,0,1,0,0.923981833668065,83,23,493.28697192700776,20.332803238343622,high,0,3,0,0
258,44.342549204652606,74.21740268031131,0,3,0,0.2000017903267961,39,35,410.7230315141188,16.514837350686072,high,0,3,0,0
192,79.8921813770284,17.211374764096455,0,1,1,-0.1991513654226078,4,43,204.5179981558868,29.417901921502903,high,0,3,0,0
22,62.11417902631487,32.12787009622055,1,1,0,-0.1145985983634068,35,37,269.8098437491236,19.34858416804144,low,1,3,0,0
165,31.048432903326443,52.34586614401876,2,2,0,-0.4043561525480104,27,16,347.5684737335222,13.85721787085115,medium,1,3,0,0
30,50.50304859089648,35.77908877585854,1,3,1,-0.134457399905177,59,19,288.678387421901,27.03837376989235,high,1,3,0,0
226,6.614776032817847,33.44343163845779,1,0,0,0.8129604935863795,80,44,292.51940574512184,26.345831876829177,high,1,3,0,0
238,65.365487761661,58.56716716440786,0,1,0,-0.9060084811972384,29,48,197.71655413926135,24.151000442280303,high,1,3,0,0
235,44.760537731340015,75.67919343994548,0,1,0,-0.9046351902274994,61,22,399.2334719285805,25.54127027646098,high,1,3,0,0
91,20.639401509805133,42.83959546231954,2,3,0,-0.8665484120903262,97,9,145.90238172366395,19.64393150748097,medium,1,3,0,0
247,15.817210945546094,56.28122204625782,0,1,0,0.4426169294820989,20,46,419.5163798776455,12.379600641683565,high,1,3,0,0
34,12.827027105222715,53.063375998862384,0,3,0,0.7409140203780367,8,6,331.16841164016284,12.922410652551346,high,1,3,0,0
220,74.72408362431662,34.65336508343052,0,2,0,-0.4541590699703359,72,31,102.5281855790059,14.256890223880571,high,1,3,0,0
81,59.043644319220505,83.38881254488068,1,1,0,0.3431782347439536,11,21,346.50027552964093,8.14052254877962,high,1,3,0,0
152,19.461208752722428,82.85982277748361,2,3,0,-0.4102607515800633,68,28,391.4916790290124,29.7448831074177,high,1,3,0,0
286,8.55546641888055,35.193623032300025,1,0,0,0.3605876849824108,81,29,321.8511482214658,27.500458689981773,high,2,3,0,0
197,25.77540334517848,57.57095829097108,1,1,0,0.8050393170686523,91,26,283.6432445085364,9.329561362401034,medium,2,3,0,0
156,45.33397146375603,50.32891112337873,1,2,0,-0.7798405626039393,88,24,267.8957149216766,23.34324238744873,medium,2,3,0,0
150,53.626971314587074,74.77065704460287,2,2,0,-0.3842642288790603,83,6,353.0350923493982,9.472577079792169,medium,2,3,0,0
140,44.55536371247904,34.32234558881028,0,1,0,0.5426154715403033,55,48,288.41531680944945,12.067873468789418,medium,2,3,0,0
27,17.249632230598742,52.40252613927909,2,2,0,-0.4226474061324843,85,26,75.43540435152693,11.008796904670122,high,2,3,0,0
111,26.89960348564324,64.83510455608162,2,1,0,-0.4184301381119872,10,40,413.1299236845742,12.68379101905444,medium,2,3,0,0
82,48.06726327843901,44.14599114826088,2,3,0,-0.5117456173281216,41,38,370.56335888586847,29.110470380934483,low,2,3,0,0
233,29.270245363298404,65.65621773880794,0,2,0,-0.3382693799547862,39,22,208.0619898807981,17.0809340634368,high,2,3,0,0
47,7.985295027108748,94.40838956892463,2,2,0,-0.3768395159684101,50,12,409.176395325901,16.41835250361079,high,2,3,0,0
248,47.7993836451554,52.7122962969178,1,2,0,-0.6950431813735578,9,41,414.6238177664133,25.655188070514,high,2,3,0,0
284,10.060633974187963,90.07069695551758,1,1,0,0.7674449777455383,46,46,158.24935441799573,10.826903887587784,high,2,3,0,0
137,6.1964231334699456,34.12986558501518,0,2,0,-0.2877643453790102,92,37,138.6077137006152,22.556762399419256,high,3,3,0,0
217,68.83628131881329,44.84925414447666,2,2,0,0.0542724512035444,41,35,55.08761758388968,5.614036119064554,high,3,3,0,0
298,59.73485395898257,65.90778500105222,1,0,0,0.2193967024010528,58,36,136.14942281714423,10.665839555566784,high,3,3,0,0
197,68.2863795942076,85.95254978784061,2,3,0,0.5554379133027025,14,24,190.90469966050887,11.82757220446693,high,3,3,0,0
187,56.26318864268505,56.49592861098809,1,2,0,-0.9587656575317376,16,43,77.93434617421784,27.12665029481798,medium,3,3,0,0
149,9.377117435821598,50.31214527726371,1,0,1,0.0605537168503937,53,38,337.1452420658679,11.098806444213782,high,3,3,0,0
237,49.84802490061509,97.55840834064712,1,2,0,0.7460963487884811,39,0,428.36117646549104,14.928775666209432,high,3,3,0,0
14,45.24102130886398,50.257227152144,2,0,0,-0.4209039458631538,61,24,249.55552556075943,18.082099890982956,medium,3,3,0,0
172,25.759983508153688,52.574225710598206,2,0,0,0.2545322383983901,66,12,172.2950008333081,21.28802662846629,medium,3,3,0,0
233,72.30853032470053,85.15446577161032,0,1,0,-0.4574580047557783,39,36,210.91962663129232,27.606345085480772,high,3,3,0,0
177,18.90421361624477,24.82044428064718,0,1,1,0.9586920230166582,53,13,351.0087915098978,19.11593419616704,high,3,3,0,0
127,27.545923886498112,52.34576284490667,0,0,0,-0.5316891532372814,36,18,98.6168066765531,23.073641483211905,medium,3,3,0,0
294,46.617719049918776,50.27960654307626,0,1,0,0.6677230914761341,22,5,287.58309893244405,27.07174123664712,high,4,3,0,0
27,47.66232723035091,12.86770612449832,0,3,0,-0.7483420052417868,40,26,259.8327456775873,24.066395108559604,low,4,3,0,0
43,68.26551598047234,97.72947554512194,1,3,0,0.8719333357845152,8,1,250.70172899893245,9.915220162823989,high,4,3,0,0
179,38.26778695006824,41.36342587661318,0,1,0,-0.6258873009344286,68,9,198.02506351747132,26.629825603543846,medium,4,3,0,0
95,47.09385433975785,33.3090103579,1,1,1,-0.3100441365795607,73,15,365.0786186277196,16.033530713240044,high,4,3,0,0
74,59.292521873618114,66.14977919718203,2,1,0,-0.1416097970806158,94,22,362.1238029074317,27.74240939769919,medium,4,3,0,0
287,22.67563774268454,98.97756079133283,1,3,0,-0.1045698004647457,67,4,336.980294958861,21.83417827246458,high,4,3,0,0
179,32.63534560926226,66.01430296224602,2,0,0,-0.4296459530175598,36,37,182.4883054442148,26.56852265223588,medium,4,3,0,0
106,7.668932919070804,99.43843890242611,0,2,0,-0.2740160069428816,79,49,493.0287880788183,17.314069881755135,high,4,3,0,0
201,43.523516472234746,87.45379418960682,0,1,0,-0.8161646401311946,57,47,99.22034901095724,9.17963058844392,high,4,3,0,0
20,76.01186303630044,51.04373949958512,2,0,0,0.7763189638470702,71,48,410.1994210406214,26.20662783752356,medium,4,3,0,0
259,29.1956669985772,27.35215518787153,1,0,0,0.542565198563062,66,12,51.03666581901087,14.781269973754236,high,4,3,0,0
29,28.17501788191817,52.41264942796254,2,1,1,0.6284292066262898,24,30,352.9236597272852,19.955892628572848,high,5,3,0,0
220,21.696242532997985,97.47581214123235,2,0,0,-0.2326105197562593,96,10,102.28927438078402,14.767303041336383,high,5,3,0,0
170,9.67704266749531,43.28675929055987,0,3,0,0.2318861880992155,89,18,390.1851626195203,24.275482094353865,high,5,3,0,0
243,6.5134833873290345,65.27993419773898,2,0,0,0.7966674481151326,38,43,289.7915516719703,9.404150248319477,high,5,3,0,0
148,14.591066060188302,98.80978542280134,0,3,0,0.8315505503403984,36,18,145.6757836202534,28.26971701039966,high,5,3,0,0
212,70.02090976683617,78.54758054039326,0,0,0,-0.778584746329352,97,46,367.9361380572461,15.52711319884244,high,5,3,0,0
149,29.423383601841795,10.274069105100018,1,3,0,0.259040114539999,23,18,407.5173152481161,12.00008488156084,medium,5,3,0,0
286,10.66925007738904,65.54663015049726,1,3,0,0.2117724678095249,91,24,311.2980165702832,8.919362441294203,high,5,3,0,0
161,68.19347481262392,33.1184610524144,1,1,0,-0.5800120812005298,77,1,191.94239784279597,22.45885445759101,medium,5,3,0,0
123,5.4290680601266885,45.28272102960122,2,0,0,0.5932323526837486,47,29,213.6212154774225,12.715740433033623,high,5,3,0,0
72,12.095619144985816,91.53392445694648,0,2,0,-0.5069033816418425,67,5,497.68983039080194,20.804284569676664,high,5,3,0,0
157,78.0245992975353,79.8229868722951,1,0,0,-0.8086400569679757,56,48,65.81085352326338,23.42605110836727,medium,5,3,0,0
169,6.395927224149407,16.939747641560256,2,2,0,-0.2982008408184291,21,1,283.4726721619899,19.484584857730987,high,6,3,0,0
101,60.260879262762366,27.34834785391961,2,0,0,0.6326319003630037,25,36,498.20170780384575,12.088698620621852,medium,6,3,0,0
260,37.186347852000274,93.64436761621334,1,0,0,-0.886380000503574,99,31,192.322853433228,10.849620070380013,high,6,3,0,0
35,45.99369518371869,59.49985140097908,0,3,0,0.4746239299814994,80,19,153.30688337134433,20.490007454726992,medium,6,3,0,0
227,72.89673815342324,14.650435725207782,2,3,0,0.072445547676361,66,36,352.60914866281,13.216055433330649,high,6,3,0,0
78,73.88259235935203,15.961461252038529,1,3,0,-0.9044041238978278,29,24,205.25367240009143,26.26479870664305,low,6,3,0,0
261,71.92249557138032,76.73376704957953,1,0,0,0.0001930508092005,27,16,296.5265414806678,7.576287249282247,high,6,3,0,0
110,76.5781406047833,89.15272119201671,1,3,0,0.6105767778423099,1,39,330.52377485258984,6.424016151518348,high,6,3,0,0
197,42.95625386863874,49.95320140315352,2,3,0,0.8964156266597927,80,13,407.1544476874224,6.468376239637534,medium,6,3,0,0
144,12.881550862739145,92.5810299429601,1,1,1,-0.2729623814250415,92,8,389.545855447668,20.532343539419465,high,6,3,0,0
80,29.3733345843914,50.79063617219362,2,0,0,0.9569288949602496,98,19,202.9029928736959,28.18699474998511,medium,6,3,0,0
37,28.24952941124042,11.888530478991465,1,3,0,-0.1190341755998141,52,28,64.98075253957921,16.476240017991422,medium,6,3,0,0
38,26.610571880488667,53.41809151140333,1,1,0,0.0627991334034026,53,33,284.47976998234617,15.575183108286229,medium,7,3,0,1
205,67.44499845384274,41.80318203147878,0,1,0,0.2817477912809216,29,17,67.65434490934963,13.901738772302972,high,7,3,0,1
52,69.77243418827139,22.74970736234761,1,3,0,0.5428965956724825,29,0,250.27652758356308,23.286047978539592,low,7,3,0,1
233,30.97224305970961,73.6509278683274,1,3,0,-0.8190189828465455,84,47,66.9074432424418,11.995546134350816,high,7,3,0,1
53,39.787103454858666,78.74414734677109,0,1,0,-0.2785949145807935,7,31,312.6211615534856,14.513632775776015,medium,7,3,0,1
151,51.61713750918566,60.72805544025966,1,0,0,0.1601215187610858,92,30,84.64062817138438,7.898592315481241,medium,7,3,0,1
101,48.139967739014295,23.532539471486803,0,3,0,-0.0588324534583979,59,42,54.78813880888193,18.001482374505258,medium,7,3,0,1
187,46.94559723659604,64.32295302729597,2,1,1,-0.3635746095738088,28,35,213.01833708463116,18.27651606471106,high,7,3,0,1
195,34.181569343654644,97.92450146858864,0,3,0,0.2229353773827613,89,48,425.3760515116235,13.867524638055889,high,7,3,0,1
125,27.999223713417408,47.16313175904646,1,1,1,-0.9258012746717308,13,36,486.558692374857,22.58764805524767,high,7,3,0,1
229,48.37791541621024,62.02145525018128,2,0,1,0.0115342178641824,17,32,165.51509695021832,26.467884238704976,high,7,3,0,1
268,56.56675672652882,39.20162694665858,2,2,0,-0.6783921872755774,59,47,406.6602006805201,5.547209961197748,high,7,3,0,1
57,41.69473011956697,18.11261939035833,0,0,0,0.3280379144233016,22,0,82.29419596339474,8.69492314606956,low,8,3,0,1
265,68.85063668254564,32.58159561144421,0,0,0,-0.3351252372338791,76,26,482.3270139767385,10.154196151631623,high,8,3,0,1
236,13.089691542244386,16.574538943618744,2,2,0,0.7406834761229442,20,14,474.9549494190328,18.497913595479435,high,8,3,0,1
77,43.80267854268816,31.89595162058162,1,2,0,-0.888553359486961,7,12,353.41675045795995,14.079976022158744,low,8,3,0,1
219,68.28479686370684,68.61053414532455,2,3,0,0.7311655591258124,89,14,121.90148447246766,20.03754494730117,high,8,3,0,1
166,49.110805514802216,26.533212005924035,0,0,0,0.2131471811197818,16,29,127.86473990927522,23.78553014693011,medium,8,3,0,1
16,51.00561877292543,23.549467508915704,0,0,0,0.4295571494532173,30,24,279.19884433639646,28.474289991378228,low,8,3,0,1
216,32.05916487609164,75.44180311807314,0,1,0,-0.2814542471175407,34,24,437.71548503137177,24.399801590010775,high,8,3,0,1
154,56.65110282482638,74.15556753854037,1,2,0,-0.2512675022528083,20,3,263.63010840176094,25.250527695162194,medium,8,3,0,1
283,66.42139482674426,99.7239612968574,1,3,0,-0.2714017813091525,99,26,131.88410432896958,27.742319800890908,high,8,3,0,1
96,53.41011161969645,88.45776053111135,0,0,0,-0.9850612216650332,78,42,440.3852049482007,14.385659520646502,high,8,3,0,1
246,10.634910198933865,98.349143766842,2,3,0,-0.3323694703242239,51,5,290.99930399654045,18.565397898079382,high,8,3,0,1
180,8.267713626281996,93.9744792100305,1,2,0,0.219325266729824,74,37,316.08980058192515,6.4395179158665785,high,9,3,0,1
230,37.35255781576176,25.066245820070897,0,3,0,0.5865860767905489,23,40,114.04106647409542,21.591445824138727,high,9,3,0,1
15,40.9217238873551,53.496958116311646,0,3,0,-0.7354918103214814,9,49,65.69311856802109,29.466212105066337,medium,9,3,0,1
204,26.10607751363471,36.40714506157021,1,1,0,0.930960818511495,10,11,102.29351950000452,9.302596805812536,high,9,3,0,1
65,59.65088549947791,24.65468418542835,2,0,1,-0.3907639602284041,37,25,362.5511188556215,9.862251476088094,high,9,3,0,1
122,58.91822404666247,90.14536935923412,2,2,0,0.5351886185657917,43,14,249.2653821875737,19.56318299423889,high,9,3,0,1
46,42.3754927051206,59.39665462262193,0,0,1,-0.269822003850239,43,24,131.4518477726003,11.098624903595145,high,9,3,0,1
49,21.644047495290508,98.71477523277768,2,3,0,0.5282886745618565,40,39,336.02191239173936,10.782703496969834,high,9,3,0,1
286,38.61985447632385,69.80256494368169,1,2,0,0.7993579072461088,83,39,461.2197924255928,6.637035425587211,high,9,3,0,1
103,45.47750921330035,80.2963080970799,1,0,0,-0.8225875466600749,60,45,187.9998959036473,17.618456974665264,high,9,3,0,1
89,44.28250616393839,71.08032055077717,0,2,0,0.4074946382596385,60,48,446.2981638407424,13.815411276758892,medium,9,3,0,1
271,9.449662330171035,68.0497651055523,2,1,0,0.5403206708587174,5,6,241.1722020957636,21.054610691107705,high,9,3,0,1
81,34.44137270021377,70.6914954595417,1,2,1,-0.6597736522789313,47,10,325.9942206228354,12.761171573636076,high,10,3,0,0
20,9.529451103573315,44.3996381537522,2,2,0,-0.7240392751371665,33,6,233.0200651945381,20.08553098614576,high,10,3,0,0
185,42.80278307948908,75.0572976574882,1,0,0,-0.7785758406251462,21,39,67.98736213801216,11.785586483903424,medium,10,3,0,0
240,66.53805154798826,11.697866462622295,0,3,0,0.4752661487532297,83,38,198.50157617943373,10.850305649436038,high,10,3,0,0
293,24.79323805145553,69.55906862497415,2,1,0,-0.5004495931704911,5,42,422.5174570516806,7.061590167453814,high,10,3,0,0
150,69.69637491306761,98.92713916758926,0,1,0,0.4769945868833052,25,43,352.8997292354867,21.73553305387279,high,10,3,0,0
298,45.15304357727039,85.4066531392136,2,3,0,-0.457246227635312,11,6,467.5658040397112,21.78155969826349,high,10,3,0,0
255,28.21898409193347,97.14156019261192,0,0,0,0.353500886976072,39,35,417.0946552898232,9.955188997628484,high,10,3,0,0
103,58.37851847665638,58.18698955689866,2,3,0,0.7437234245789814,43,37,310.06243521977257,7.622748796804469,medium,10,3,0,0
151,5.51290427507108,69.88370860334513,1,3,0,0.243413914573525,59,20,468.71456812274585,19.71902173512133,high,10,3,0,0
65,28.84068525441049,83.9773377552532,2,1,0,-0.4520167119589873,35,36,257.0129515498269,11.34858602174494,high,10,3,0,0
130,6.216445275190859,28.868491897442794,1,3,0,-0.2078841112881666,90,22,273.3959726894596,15.755065472219735,high,10,3,0,0
267,65.81073308541502,70.92734395811999,0,1,0,0.0935224839361013,67,32,61.750445497163945,16.250568898560864,high,11,3,0,0
291,39.63730376104084,83.5488745268201,2,1,0,-0.5154429727459664,95,36,384.2301951338176,24.64892118992469,high,11,3,0,0
120,73.49602219438178,68.4403758098575,1,2,0,0.2279447751873171,18,6,188.5042659993696,12.588096074422648,medium,11,3,0,0
140,9.556023624026956,17.528100199508977,2,3,1,-0.1460833073988128,98,2,115.80361020732256,21.78384338304691,high,11,3,0,0
277,28.531377110095857,96.60495206707188,2,1,0,0.0939908501993505,46,35,89.12235429703661,7.6021086541888945,high,11,3,0,0
245,46.51334459004382,99.3499956035569,1,2,1,-0.8031974762072849,69,45,236.75585514291785,17.86865119102802,high,11,3,0,0
189,37.42958865400415,17.07739018462538,0,1,0,-0.0471195835971549,33,7,257.4013334779412,21.71282685860813,medium,11,3,0,0
214,46.34803827835468,79.39036692456523,0,1,1,-0.7986162928165661,20,39,378.5878041433475,9.29705083771028,high,11,3,0,0
20,7.605588140586895,63.55772614587956,2,1,0,0.324673313964398,3,16,177.89169331861223,26.15193345134606,high,11,3,0,0
174,31.37096109286004,91.053808919782,2,1,1,-0.7782966986465016,59,12,356.54574740172137,29.224255959098542,high,11,3,0,0
59,18.806901774142244,62.24302435648026,1,1,0,-0.2777163805304097,97,39,343.926422976117,7.491294393019314,high,11,3,0,0
77,19.740248796361023,61.48251674841103,2,1,0,-0.7835185106116949,26,30,411.8730703470069,16.414964171244158,high,11,3,0,0
113,25.638261547187746,15.079749560167276,2,2,0,0.3916252676798133,63,12,429.58471291657474,8.145855376727475,medium,12,3,0,0
216,68.22803305386122,49.38923456036407,0,2,0,0.882587131767945,60,0,178.13610268361907,7.141535321924431,high,12,3,0,0
19,35.65048959679982,99.51077760977655,1,1,0,-0.9315320612458547,93,20,174.10829827965097,10.692822912027715,high,12,3,0,0
59,60.35441687704269,73.73945683556002,2,3,1,-0.1704894387738675,37,35,290.5861306911533,26.23406778829328,high,12,3,0,0
120,17.222923522283573,32.449979891141695,1,0,0,0.4428199373421622,87,8,489.1662244871724,9.133349166343862,high,12,3,0,0
154,28.38212302795633,91.94249474773106,1,1,0,-0.966912826359303,59,28,236.94657640974395,5.146317445982672,high,12,3,0,0
159,10.066847276268344,50.30265372210196,0,2,0,0.1128846512826573,71,37,243.05793237143752,16.797480140575082,high,12,3,0,0
135,31.95460163930077,44.29740934132655,1,1,1,0.3371497993121186,28,14,66.9237469213778,15.754883153078376,high,12,3,0,0
111,56.02187971297575,16.515060210544405,1,2,0,0.6044555509969887,16,7,268.36745761412146,8.040897420425843,medium,12,3,0,0
256,74.8441835455381,13.619097549921518,2,1,0,-0.3066032362512738,44,35,172.32108054373552,24.241003433066258,high,12,3,0,0
92,18.512764667740743,90.28380416436968,0,0,0,0.9401609224068954,65,30,118.01110260056934,13.199031933847865,high,12,3,0,0
275,63.68933282488641,94.18204393425096,2,2,1,0.7799008665712099,56,44,492.9936303294652,25.106873799634293,high,12,3,0,0
79,62.68029716430008,55.43614358771728,2,0,0,-0.9563818984262492,28,41,273.3696112386763,12.619740425991456,medium,13,3,0,0
170,34.93226299690099,12.945850250058848,2,2,0,0.3758357673800736,40,44,78.39053298616383,26.11996225351878,medium,13,3,0,0
132,14.224748482182676,59.05079298242555,2,2,1,0.1468341284740895,70,5,168.48336201642388,7.009096874698319,high,13,3,0,0
228,29.381016702331536,71.1852770306032,2,1,0,-0.127337749332675,20,41,231.1527617160377,18.04515014142529,high,13,3,0,0
129,41.34686913093856,84.45771644875467,0,0,0,0.647048404211966,93,10,149.20211630069124,23.345171011517973,high,13,3,0,0
173,34.555606911219044,87.83313900779264,1,1,0,-0.6099154545241063,63,4,114.58907446948923,22.12523191053685,high,13,3,0,0
29,68.32611162263294,82.35390566865033,2,1,0,-0.9336080557743538,48,19,336.96366131725455,16.96237837015302,high,13,3,0,0
56,57.86974083731368,81.84597116089482,2,2,0,-0.3713800346063522,8,28,248.15974310870092,11.405968127126748,high,13,3,0,0
217,18.11722666751589,74.92807040996604,1,3,0,-0.0254479733068022,14,44,420.7273083663014,14.874343793490889,high,13,3,0,0
70,71.35115639673485,55.77092807130966,2,1,0,-0.9849502435145308,53,6,200.81065416445668,10.652523646025292,medium,13,3,0,0
144,53.60367610023426,25.529239991786547,1,0,0,0.2254053409303824,55,10,55.16176856929545,6.127428606908751,medium,13,3,0,0
117,76.37550388905784,20.354853958531333,0,1,0,-0.1311551697158453,28,4,180.31797806751004,11.450361486242125,medium,13,3,0,0
141,30.274895504692964,88.31755159344054,2,0,0,0.9451555705768552,95,1,280.6097059809695,29.82149783696684,high,14,3,0,0
74,74.30137103333699,52.80380109673905,2,1,0,-0.3458137339305569,8,41,340.738008480088,19.0618764654839,medium,14,3,0,0
200,48.03897669013747,88.79190006143861,1,3,0,0.0134644992787436,88,28,96.6949574038361,15.85552540017874,high,14,3,0,0
70,57.96542694369586,90.41467233694677,0,2,0,0.7668189965713914,13,44,488.6045561230492,23.036966476991545,high,14,3,0,0
225,78.95430930583625,18.973579400746225,0,1,1,0.1298660633371851,45,27,231.87176382957907,20.92581598117283,high,14,3,0,0
31,41.71429083980069,28.54065898711576,1,0,0,0.2637535153706256,65,40,239.77548497548267,5.560087422982633,low,14,3,0,0
74,21.463105219492483,46.25566447491637,2,0,0,-0.3729388111053431,10,45,410.8461689778724,22.705421846341224,medium,14,3,0,0
43,18.74008177572526,27.18115289021975,0,0,0,0.6800705911360636,95,39,440.4003936315411,27.302795061361643,high,14,3,0,0
89,10.532568743363653,45.0214355498023,1,0,0,0.1509519259104217,95,7,302.97517409605496,8.398674505490485,high,14,3,0,0
78,49.55042146767435,93.07244054080904,1,1,0,-0.2619966666305693,73,40,418.17296171867326,22.84128380975981,high,14,3,0,0
234,78.23703735791838,48.87653853202645,2,2,0,-0.0217002787340907,92,17,103.05052638850472,26.743578648016083,high,14,3,0,0
109,47.54912622279177,83.60310499233773,2,0,0,-0.1923674183119694,62,32,430.86026268201215,29.717939405557,high,14,3,0,0
163,31.238591276681127,35.47261111425129,1,1,0,0.3458964454266491,30,24,243.4403842159916,5.1374275519691714,medium,15,3,0,0
232,45.046464964811015,18.634926979103547,2,1,0,0.2256198295728793,30,40,387.8538599409574,15.225156500633013,high,15,3,0,0
126,6.350382536072087,43.53172848815616,0,2,0,-0.5193375456281362,40,32,97.05939557216924,15.147027974949276,high,15,3,0,0
77,61.25173315084708,64.2493533875556,2,0,0,0.3778345498648257,44,10,417.6818094995615,17.758759494813262,medium,15,3,0,0
208,26.40887462321238,20.754258030730348,2,1,0,-0.0194999203237917,75,15,101.75791621274982,19.54816005735804,high,15,3,0,0
143,69.40414733935756,51.731174017491526,1,2,0,-0.7019622965625798,72,5,479.5376582592592,11.68532009825124,medium,15,3,0,0
153,28.7652392341981,18.03440008633233,2,3,0,-0.3630741098499059,57,40,244.8562014704989,27.69935779547742,medium,15,3,0,0
231,42.077730424981,10.943212429344609,1,0,0,0.1498005615671769,62,44,358.4258734239855,12.53974097970856,high,15,3,0,0
250,12.149770624484688,39.18333155075692,1,2,0,0.0848704743610553,30,3,346.9062788882343,9.35086799890875,high,15,3,0,0
228,51.087777101023725,69.50693239634307,2,1,0,-0.2937864694290142,36,1,196.95920312627032,5.31800371750487,high,15,3,0,0
200,25.886053767755783,10.660632968348631,2,1,0,-0.7456351059856321,90,22,149.95381543980807,17.451267527904566,medium,15,3,0,0
157,78.3736006910148,17.852140500428224,2,3,0,-0.3714181311175826,26,47,210.46720048819984,28.148544053766816,medium,15,3,0,0
278,59.68424977706108,56.03313991289965,1,2,0,0.8551001780942018,27,21,160.56846305585384,20.899967393574705,high,16,3,0,0
91,71.16755184129016,72.75334092706176,0,2,0,0.7657333892021188,29,15,492.891451694433,21.254118534259774,medium,16,3,0,0
78,63.29935011277557,93.85460602209058,0,3,0,-0.3433898551803422,83,2,447.07881549842654,24.333932894534893,high,16,3,0,0
270,57.591849634569385,55.770445882323344,0,2,0,-0.4012702004989992,68,1,159.0882491631097,26.73766259313385,high,16,3,0,0
62,12.268892891413708,38.284112589120994,2,3,0,-0.907566052872067,54,6,242.0294305137622,9.46392638782361,high,16,3,0,0
212,73.79113773135305,80.56998542507458,1,1,0,0.7500906038197288,55,19,284.7613148346817,15.992102055938288,high,16,3,0,0
237,5.877359380799437,46.8890859001995,2,1,1,0.5368830594085365,37,1,108.12476440716236,24.771264079630058,high,16,3,0,0
119,60.47405841661468,22.32600326652876,2,2,0,-0.9414287513352196,5,34,50.3144591607251,16.114012638849676,medium,16,3,0,0
111,34.44259902049832,26.43584934717753,1,1,0,0.5580809317538364,29,49,187.90749658431704,23.641303167474128,medium,16,3,0,0
207,51.63515560906604,32.921297768730135,1,0,0,-0.3113413495437664,89,17,52.705141315205125,9.286671372030751,high,16,3,0,0
85,8.465468352350587,74.66398837485129,2,3,0,-0.9678923050056284,47,22,441.7157964284218,6.62565779774032,high,16,3,0,0
36,73.84067009202472,23.422484050133814,0,1,0,0.5171658147408833,28,48,216.6517065160003,20.558960260199864,low,16,3,0,0
98,20.413127862480025,89.74963610340042,1,0,0,0.3753461542732126,40,39,228.4741990366456,29.780599947010348,high,17,3,0,1
234,36.35387914261496,23.781764925922698,1,2,0,-0.6345222916604105,33,14,122.269980213858,17.53018984870284,high,17,3,0,1
122,52.41596018455946,78.99600938606653,2,1,0,-0.418461041884502,51,23,484.79625197212016,22.4847945710915,medium,17,3,0,1
139,19.910498736807,28.44126689547853,2,1,1,0.6657385084181155,1,27,469.1537150657723,24.28795356541472,high,17,3,0,1
222,44.596273320865,17.16837192606965,1,2,0,0.3493111790795671,97,32,413.812011719904,22.33525499801281,high,17,3,0,1
50,20.48210782202409,48.71941650220978,1,2,0,0.7392960972416196,41,31,353.0938387997623,24.044878755411023,medium,17,3,0,1
234,56.15964808566493,74.95243128735824,1,1,0,0.4250094740862977,7,31,185.0671292739097,13.036511961381688,high,17,3,0,1
271,41.01141800883774,49.04633840719097,0,1,0,0.0264615956013962,73,39,469.9626449757421,27.395623252694392,high,17,3,0,1
53,14.621113238277175,39.1660538063101,0,0,0,-0.6486028466398996,30,10,285.1341647902102,10.136174017601522,high,17,3,0,1
48,13.126737904017592,40.02486702479644,2,1,0,-0.7874379845750061,42,23,121.15240310256458,12.563977023948285,high,17,3,0,1
226,52.36375178286551,92.31790581747482,0,1,0,0.0870882964569268,8,40,176.0810705282754,29.64202969954982,high,17,3,0,1
126,38.92233308800333,77.42823702453515,1,0,0,0.0244189358959967,46,0,394.7602568706696,23.054482600664308,medium,17,3,0,1
72,6.514536398298313,11.48606561650649,0,1,1,-0.6057209424236243,90,6,482.9919728266684,28.358083448245072,high,18,3,0,1
257,60.12086347464429,33.7578112879311,2,3,0,0.6770509677447181,15,1,179.97458755405887,22.821345306159536,high,18,3,0,1
141,40.34066390633076,83.75387010638732,2,0,0,0.0065398306693937,98,32,412.52911481093616,13.338573184421968,high,18,3,0,1
23,73.80009332442576,55.39731420997242,2,3,1,-0.6463221900003473,59,33,464.1165868037365,9.38773569761042,high,18,3,0,1
274,21.442724037803565,11.59635340588338,1,3,0,0.8804515429364976,73,31,481.3657374901729,7.667230014485902,high,18,3,0,1
268,62.7995852968788,35.880543376239366,2,2,0,0.1933891700658516,30,15,401.5249617872649,8.891453963602162,high,18,3,0,1
77,79.34437178367557,33.685200341123576,1,0,0,0.6391701562615573,10,32,103.02028654300224,10.389056441194978,low,18,3,0,1
79,27.15017313545152,97.14465012874771,0,3,0,-0.2807411644677298,98,45,123.96614616472525,18.267659167532518,high,18,3,0,1
38,41.20070748387568,28.293871096671158,2,0,0,-0.351725291725758,92,39,286.55653915776634,17.887571342588522,low,18,3,0,1
205,23.11418204064996,95.88756456235456,1,0,0,0.8034208436777364,22,49,229.08628206018545,10.413809334193198,high,18,3,0,1
18,69.62531901801341,42.76547730005596,1,3,0,0.7836741184514624,98,39,461.964752900249,23.66477062155445,low,18,3,0,1
113,22.88088464383037,71.6414722600073,2,0,0,-0.7558767633036101,37,7,289.3228200807916,18.22164120497613,medium,18,3,0,1
294,12.185865430421408,79.65734385989803,1,0,0,0.3190469636860991,98,9,93.77564379352626,19.07031790238487,high,19,3,0,1
210,53.50517926911226,77.26277008080676,1,3,0,0.1000781427689221,11,45,71.73519923365568,6.01807303358967,high,19,3,0,1
267,48.60886691910446,96.52290747084317,2,3,0,0.3861947442539564,91,34,159.40926600957346,21.874167991574627,high,19,3,0,1
145,20.397489689412545,16.53296846452391,2,2,0,0.2918556106374788,34,41,480.1871802238478,19.379800333654387,medium,19,3,0,1
181,56.640214663942594,63.333447570353584,1,0,0,-0.7020159315013539,56,23,181.26652903998072,24.89943762030646,medium,19,3,0,1
135,67.43890749900041,84.3419997377351,2,0,0,0.0212326058673872,22,2,111.7392572636856,14.809655935240654,high,19,3,0,1
33,35.09948591978885,24.140536996426118,2,0,0,-0.9955467672964377,25,34,364.04249557130765,22.860932710368647,medium,19,3,0,1
291,51.93496445427624,13.185477154011584,1,0,0,0.4731974133258874,57,13,273.67603796707687,18.578048577305765,high,19,3,0,1
291,56.10632417964413,35.93438912017146,1,0,0,-0.4058504915491516,65,25,436.5834031010494,26.130766724638324,high,19,3,0,1
33,25.467726919804523,70.7801264273358,2,0,0,-0.7457475775559999,66,0,183.45680011120564,14.755643139518922,medium,19,3,0,1
184,36.24625909210355,53.981721643179306,2,0,0,0.6892520804751483,27,11,476.4939731964408,25.48150974092201,medium,19,3,0,1
10,75.57236985004963,68.38498182770532,1,0,0,0.4255865714880267,17,24,125.60648692201752,15.044167860853904,medium,19,3,0,1
99,23.87136458587366,69.05736688747287,1,1,0,-0.8231220134584305,38,46,323.6885792232848,26.365157561552596,medium,20,3,0,1
205,44.0064618904713,55.47783869546304,2,1,0,-0.3555228317635306,36,26,83.01057018302107,7.035411870117876,high,20,3,0,1
225,58.68358084844064,60.32120373068075,0,1,0,-0.3513675323699485,67,3,237.967421377088,9.87396893203344,high,20,3,0,1
123,34.6610872101562,67.01013792423944,0,0,0,-0.2181731193653766,10,39,253.03005438154432,6.016971676126863,medium,20,3,0,1
287,15.747581084576344,26.701710271087453,0,2,0,0.9093430477279064,73,31,159.1087554843728,27.86613149566837,high,20,3,0,1
46,5.021706762471335,61.81362301197765,2,1,1,-0.0183675161822247,87,43,349.2681093671331,5.715223231756715,high,20,3,0,1
91,5.6455692329283895,11.647405034530474,2,0,0,-0.9812947157641648,42,20,388.1296930823619,12.232916230426248,high,20,3,0,1
255,78.22782508573606,41.701426026512834,0,2,0,0.181434660695974,37,41,106.26268279021514,21.432490725822145,high,20,3,0,1
164,63.66155471756071,25.662049359533647,1,2,0,0.2078367793368014,97,10,268.94415416290843,22.41657604498423,medium,20,3,0,1
49,68.42801228081932,43.07615046663297,1,3,0,0.1079104859436606,88,44,382.7522909583493,26.570127277576574,low,20,3,0,1
158,24.83867703976712,90.35094236222665,1,1,0,-0.2485000158900832,85,32,380.60375083722965,18.0481854104111,high,20,3,0,1
281,57.55017681761314,41.21842619205677,2,3,0,0.4984784962538691,48,15,331.33855209349736,22.51205022207903,high,20,3,0,1
89,10.391023094648109,53.92827540323385,1,1,0,-0.9217708387099466,80,37,357.9742205875403,23.314553203439907,high,21,3,0,0
101,7.808393324110608,68.53494562379862,1,2,0,-0.5450290486045684,71,18,83.29365980168777,12.92098313163504,high,21,3,0,0
214,63.07502563916567,50.40253645253787,2,0,0,-0.5050519024008655,75,49,425.5602150728523,9.080337704848509,high,21,3,0,0
201,67.54487224106414,97.38460380922947,0,2,0,-0.6032962025348101,42,20,225.56081010086575,6.903308495710215,high,21,3,0,0
275,28.94662951937647,11.667833982396202,0,2,0,-0.2703632135642257,20,48,121.69786681967422,26.53805729216893,high,21,3,0,0
173,11.249334423115304,91.6698688193924,0,3,0,0.6185369968897703,36,15,349.0165908540872,27.686395416665817,high,21,3,0,0
225,11.16261076180131,80.69532355882693,2,0,1,-0.4622004581917882,27,42,469.1395314091814,28.78917778323353,high,21,3,0,0
10,37.12756429522688,18.426019894313413,0,3,0,-0.4950023082292287,40,34,187.22658467173216,20.157003795119916,medium,21,3,0,0
14,7.447684528458052,22.718278049294405,1,0,1,0.5762729169909591,8,38,91.40679992404802,23.298634459602013,high,21,3,0,0
136,41.95610889097026,29.95082086096888,0,2,0,-0.3938880094484398,16,34,98.28706942929637,7.158177598829919,medium,21,3,0,0
157,6.793069241562997,10.714509700489296,2,1,0,0.7898978332192399,63,7,487.74012423194097,17.219001749788013,high,21,3,0,0
34,22.52052632124384,51.11862351534781,0,1,0,0.7734634991242517,68,38,309.71903410428325,22.950800472661044,medium,21,3,0,0
244,79.26202912629562,42.38931112798945,0,3,1,-0.7761460796740864,71,7,367.136035926944,18.02789936987708,high,22,3,0,0
28,42.51374794527127,91.43640074754268,2,0,0,0.8458388943914088,12,16,376.4172454412608,16.794885658687008,high,22,3,0,0
106,36.11762900953299,60.04707597036326,2,3,1,-0.1700494057777082,55,1,468.315449017963,10.797767307242433,high,22,3,0,0
172,56.58509559590046,57.22179514604128,0,2,0,0.2664765794482828,70,11,376.3342123417476,9.11240872329395,medium,22,3,0,0
48,37.38142818182408,24.41365274224938,2,0,0,-0.5370913612452208,26,48,140.49921646974303,16.558845151477094,medium,22,3,0,0
265,35.19919801018965,92.80648680429896,2,0,0,-0.7002715195594451,85,1,400.8142237266456,22.854583990913756,high,22,3,0,0
99,32.88222011951925,89.3901220142191,1,1,0,0.3151399810940483,9,46,172.52059125977905,21.51889878546112,high,22,3,0,0
124,43.057167212375326,41.99318402744004,0,3,0,0.9254757339630036,35,31,65.80905478837064,25.269078531557668,medium,22,3,0,0
154,53.31802464109956,69.05500171188798,2,0,0,0.2778886688327224,73,0,474.31389170626704,13.540450917421738,medium,22,3,0,0
142,41.754089932853056,75.7407181368848,0,0,0,0.5124543752321555,8,32,205.2940718116569,6.818934459058316,medium,22,3,0,0
212,49.41573831843008,47.295200146178864,1,0,0,0.8664642602609607,31,5,283.8195806268578,18.111661669610545,high,22,3,0,0
69,71.3151077224691,54.33830043613239,0,2,0,-0.5528222290450882,17,19,128.3500480022471,23.12120791956082,medium,22,3,0,0
98,22.23669267635319,82.95492414289626,0,2,0,-0.172976570115813,24,18,398.6252664917868,17.71946770984994,high,23,3,0,0
189,34.65992650598534,58.73134372200239,0,2,0,0.7154092582412082,37,45,200.1034288385157,5.423466746726492,medium,23,3,0,0
242,25.54150853382041,11.757128227552377,2,2,0,-0.6882516909457819,31,33,283.99387955713854,17.70110730307731,high,23,3,0,0
259,63.29760316359912,97.83507704294836,2,1,0,0.9456844602554502,56,27,201.37040982324945,6.0602895114179365,high,23,3,0,0
271,24.978589730151388,84.99045189191699,1,1,0,-0.7826459293177572,61,4,236.2076577891575,21.55758512011128,high,23,3,0,0
57,70.23992783325481,65.46725888131672,0,0,0,-0.7922123463646766,71,18,349.8832291833269,10.236028527763644,medium,23,3,0,0
247,9.33393836602137,65.75205974346923,1,2,0,0.2406834997445754,47,5,476.0336941116486,29.96688056683784,high,23,3,0,0
290,49.05745471939681,87.48171484473276,1,3,0,-0.5203359595996468,89,21,348.11346436374834,25.180718811245825,high,23,3,0,0
181,37.9649916857672,87.79868369296169,1,3,0,-0.301678528066353,2,32,157.5916443595588,15.505894946469828,high,23,3,0,0
186,69.49065345659426,14.331003700446336,2,0,1,0.6934718597915126,50,43,219.79754927857184,25.130554373049435,high,23,3,0,0
180,16.760468323911944,14.43118716702426,2,3,0,0.4765115543880593,37,10,264.01441925622635,29.275758638301408,high,23,3,0,0
200,61.184333413135015,94.66620599442012,1,0,0,-0.2798854627932279,13,20,322.7488886165114,18.627040133943943,high,23,3,0,0
129,58.06929428320671,57.4469911206145,0,2,0,0.5577649960408471,61,43,117.6629174576254,15.662080522616534,medium,0,4,0,0
39,19.64425994778465,90.667648856924,2,1,0,-0.21836435689526,4,37,257.92055174029537,11.290812052266492,high,0,4,0,0
24,27.42703720134632,10.285020955066171,1,1,0,-0.3531142333820418,35,13,413.04227028081726,9.62277840795482,medium,0,4,0,0
220,72.03848246742791,24.354705041612576,1,3,0,0.6865603649522154,70,10,481.6922246063908,17.746008710434733,high,0,4,0,0
284,31.523283806375492,42.01939580974575,2,0,0,-0.9545428609398934,33,21,276.78277736065104,18.256909002530392,high,0,4,0,0
139,20.39798681289117,55.94434411894933,1,0,0,0.5683510101385929,92,25,453.4233880611026,23.789160415720318,medium,0,4,0,0
201,74.48119365781449,22.48052570017084,0,3,1,0.3146331784850331,50,25,131.10041711913254,21.30427471711951,high,0,4,0,0
141,73.20229517576216,91.29439547155116,2,2,0,-0.2060256794227348,87,17,282.37292361697666,12.968751218820422,high,0,4,0,0
234,68.50739362465868,99.65648574386408,2,3,0,-0.5913954353714415,3,13,108.43335320241356,13.96398431177468,high,0,4,0,0
70,22.44782585439409,97.3361842554078,2,1,0,0.0284288797148906,88,5,184.7942503289341,26.552425548462733,high,0,4,0,0
172,36.65143224240304,78.59978043406124,1,0,0,-0.8698681143067164,80,4,224.18745818600317,10.667810794551515,medium,0,4,0,0
74,15.994939347683328,79.1724753172632,0,1,0,0.0427609370808832,50,43,83.67358052666191,9.223584350010135,high,0,4,0,0
67,71.22641896882122,72.91918726612374,2,3,0,0.6033638442489382,43,27,240.19340941764307,17.72906058207891,medium,1,4,0,0
169,56.59626488600701,67.60498865407777,1,0,0,-0.8245018073586301,63,7,448.66963822726143,5.313635688045372,medium,1,4,0,0
176,35.98549198097838,67.38493597153013,1,0,1,-0.2832049479167591,10,31,316.8164627817076,14.056753498048955,high,1,4,0,0
177,58.22672462542222,30.860239988355577,1,0,1,0.2604753960017043,13,44,86.36726837040334,19.36053705145369,high,1,4,0,0
165,28.44639235628441,41.95716703679669,0,0,0,-0.3036423202838192,63,22,465.2174080797866,23.45708544381272,medium,1,4,0,0
121,6.562995260055344,26.15298580249843,2,0,0,-0.1834900552906462,49,33,239.28180046731583,14.776801499970665,high,1,4,0,0
245,27.437790406633194,90.58312485954905,1,1,0,-0.3560240255771194,85,11,296.4245120132906,18.28059492747093,high,1,4,0,0
165,12.676632602172033,19.368620910010016,2,1,0,0.0565218927456634,92,30,160.0836854048927,15.330646046442489,high,1,4,0,0
175,26.990844710321543,44.61680434127724,2,2,0,-0.1100772612865066,26,2,322.9893472471917,15.610510833414963,medium,1,4,0,0
31,73.09462226816878,80.29891571484411,1,2,0,0.6777203975469375,41,16,122.15247464426888,12.664913071020212,high,1,4,0,0
208,71.79950396751225,25.87842611387161,0,2,0,-0.5349998444710002,50,0,339.53988665096125,11.163635942913992,high,1,4,0,0
21,64.01887840761782,44.81350741630237,1,0,0,0.1547003578199,98,5,270.4096491815586,26.83529974578749,low,1,4,0,0
190,19.787850136595598,19.46912315741761,2,0,0,0.5901046420885179,8,34,174.82804849965174,22.629996967759247,high,2,4,0,0
56,39.21801754655288,91.55963445923663,0,0,0,0.5583980568325935,55,13,180.01121461812824,12.27409241662695,high,2,4,0,0
242,43.71795494137524,44.2425753058876,0,2,0,0.9808469703419394,23,41,440.6711776861644,7.075702150868308,high,2,4,0,0
66,67.2094272847473,45.36040796942659,1,3,0,-0.6395685146810934,82,28,296.4172633568339,17.246836450137998,low,2,4,0,0
252,76.4628625167929,89.69691312162138,1,3,0,-0.1138031569110962,42,14,130.1435730224493,8.233371394882703,high,2,4,0,0
128,53.70274751922943,73.78947887561935,2,2,0,0.9693778505877704,39,25,468.80312957735663,16.746580042038516,medium,2,4,0,0
213,8.055029406846337,18.32187106387004,0,0,0,0.6663679655741521,84,21,466.1443737917797,23.65258635518681,high,2,4,0,0
70,29.868930790208303,93.15330171319304,2,0,0,-0.0154715976272836,24,10,215.5482102718,29.97985379798033,high,2,4,0,0
144,22.87017360493533,59.79655670944684,0,0,0,0.8864353509364689,36,7,418.9918459428973,17.262883303467746,medium,2,4,0,0
128,22.86491138140424,73.86812774716964,2,1,0,0.9560400064590748,25,10,182.0230128035187,10.420771426218128,medium,2,4,0,0
27,12.728699769807626,58.99010745868296,0,0,0,0.4080604425442888,76,47,313.2858643213996,19.28640369148796,high,2,4,0,0
66,19.643146021895284,53.03253916499139,0,0,0,0.9057529558628016,21,7,327.7831821036843,29.69071442327665,high,2,4,0,0
145,79.79058325912662,64.63930826451084,1,0,0,0.5709705898190256,9,13,132.25703292969837,21.48488578310977,medium,3,4,0,0
270,38.08320022637833,48.64832606976656,0,0,0,-0.2468521377446968,79,14,496.36168319973336,27.376706803706224,high,3,4,0,0
58,36.4929046467614,50.31718998099732,2,0,0,-0.5110661235925364,89,0,315.9308616809741,16.175801978364312,medium,3,4,0,0
254,41.864767313461485,29.61061686134275,0,3,0,0.8924366614255246,10,9,354.57081527958,6.814347623216476,high,3,4,0,0
28,62.126704110384885,11.679251451909243,2,1,1,-0.583342011984316,21,27,296.39757637902284,22.04434998106931,high,3,4,0,0
53,49.72614524601,68.5820581166184,0,3,1,0.9320574705935992,78,47,346.30409492517856,5.8482370302269615,high,3,4,0,0
44,28.157970397443293,45.02035951940849,1,1,0,-0.0718403131333635,2,49,355.2412437446694,10.6995659557339,medium,3,4,0,0
144,18.15050659773612,56.940347814855386,1,3,0,0.4734383597452622,27,6,386.6999686823513,20.87378703210223,high,3,4,0,0
248,44.269940871869366,65.23845791183648,2,2,0,-0.167447213503779,7,17,445.25958137297823,23.2172788816564,high,3,4,0,0
132,78.9861431146549,23.16957766936301,0,2,0,-0.4696629125481735,26,21,54.360428144618446,16.539049283890687,medium,3,4,0,0
285,34.84337624002628,63.41869994731826,2,1,0,0.6600221305079956,69,8,375.5503503727717,12.248315287934233,high,3,4,0,0
173,10.087900285964947,25.373829009904817,0,0,0,-0.969377843581263,41,2,343.82782796727975,23.73162168524424,high,3,4,0,0
273,27.478617399439678,69.2166675197466,2,1,0,0.6298035799876571,39,45,263.3116395326422,29.50997400467649,high,4,4,0,0
211,46.43075020804461,90.05651702133912,2,3,0,-0.5036740962269428,66,42,72.48778463216283,7.413783711729136,high,4,4,0,0
138,46.26280597850663,75.12379001242951,0,3,1,-0.2127298672531152,91,21,427.1876069158528,13.1766686518719,high,4,4,0,0
214,46.73966793875076,54.93302945784573,0,0,0,-0.429140450757367,84,15,186.79986407511257,16.358139570386957,high,4,4,0,0
21,24.92523745901405,73.85955477768647,2,1,0,0.0690454727203031,52,35,53.327052872008736,29.404440087765337,medium,4,4,0,0
156,59.58283275371722,59.59291333416707,1,3,0,-0.7598039974515252,56,27,286.26038392857566,14.424066849509607,medium,4,4,0,0
60,32.84839076239688,78.8543756371344,2,1,0,0.9613375418510804,9,4,311.23918793217285,7.361440992583228,medium,4,4,0,0
97,76.22499143663121,83.55568696153492,0,1,0,-0.2866025177361926,74,49,345.4307756605171,25.27894186290253,high,4,4,0,0
172,8.145146681337739,49.12972052689289,2,2,0,-0.8381288460083245,35,21,147.09381834921038,14.981208423054223,high,4,4,0,0
130,21.584876924786727,17.938115194085125,0,3,0,-0.1709358392158773,74,41,148.80779955412723,26.20914568094733,medium,4,4,0,0
184,20.802628830737685,43.388298969872885,2,1,0,-0.1942367107416178,98,29,492.1779845826411,17.15125613192744,medium,4,4,0,0
35,6.152122229198282,14.651598113809497,1,0,0,-0.2416084925791943,39,13,365.15471558355415,25.73578316588121,high,4,4,0,0
160,65.42192553636644,30.053540543977117,2,1,0,0.9625507328169516,27,16,377.2413832150221,7.111850081392532,medium,5,4,0,0
205,65.72112868831313,39.11445079053523,0,3,0,0.9756913297972174,96,10,401.1220712277621,18.556707658626745,high,5,4,0,0
274,60.461697285389015,37.12402707349527,0,0,0,0.944871033494208,43,26,308.84934142977863,8.15724857904829,high,5,4,0,0
206,50.1099255979077,40.36031877761618,2,1,0,-0.6856812686624707,92,5,411.2393893255944,17.763765355965543,high,5,4,0,0
60,62.89613932282428,17.79101036413392,0,1,0,0.0059320485009459,74,18,357.42103308976715,21.33258371678575,low,5,4,0,0
81,56.692844011476566,30.012970259892,2,2,0,0.076282215052102,76,29,251.14348098460607,29.039964545247507,low,5,4,0,0
76,11.362439704601377,57.42416737991635,0,0,0,-0.5838210913041906,72,28,72.98628937157781,14.914440133562625,high,5,4,0,0
251,67.60108631950126,52.68178059079614,1,3,0,0.5774965722365517,71,45,361.9573348149905,18.800035515683568,high,5,4,0,0
90,79.18605287465569,65.83890458367385,0,3,0,0.0293741341411681,50,11,378.3177581014753,7.967664138977338,medium,5,4,0,0
79,11.616842242683148,23.623647404426457,2,1,0,0.6109951662023865,40,21,356.33868034285086,10.5347943603112,high,5,4,0,0
278,69.30536506084196,79.224093790552,0,0,0,-0.8278552790136733,11,42,413.14538938449,21.27912459239772,high,5,4,0,0
157,65.78718229856565,97.93770229672332,0,0,0,0.2949927909489509,89,38,296.8839696434489,16.118957874872684,high,5,4,0,0
267,70.04516980155937,89.38013232893468,1,0,0,0.7781547142164336,24,23,491.9920787367938,6.585711743606369,high,6,4,0,0
20,55.19429057524087,36.02725528437183,0,1,0,0.3195095994681038,52,6,313.02419575857766,14.784773463534012,low,6,4,0,0
265,11.913108049465624,17.385181386418903,0,0,0,0.7253791123960571,1,17,64.10607818528793,16.61928701806942,high,6,4,0,0
250,36.70874334041953,68.3388870853838,0,3,0,0.4461557393982722,43,22,113.18767127448612,14.750235783638011,high,6,4,0,0
194,54.58891325903281,88.65630822442098,1,1,0,0.0840191193093629,56,42,218.5810159230945,24.47239551492664,high,6,4,0,0
246,64.93914572700947,62.87441450135922,0,3,0,-0.4194507953067761,81,4,463.7138187278647,27.083882431779845,high,6,4,0,0
35,60.63852943200734,35.139182506456265,1,3,0,0.9402639093211363,40,43,410.87007798406046,11.576802011049748,low,6,4,0,0
252,13.14408245701582,86.71894117927535,0,0,0,-0.8163231500847887,95,14,176.56714274347974,13.491134071509384,high,6,4,0,0
211,25.034908381093665,98.38850758513676,0,2,0,-0.0079789611380811,40,33,116.76906650918131,10.487358914581382,high,6,4,0,0
212,78.3915872506462,80.98927136021884,1,0,0,0.9277084748834707,34,2,60.09352835890275,20.32783192446687,high,6,4,0,0
18,38.64761802974672,66.31928870578807,1,1,0,-0.950177742743999,9,43,70.59479962288708,24.46955185961558,medium,6,4,0,0
268,11.980251875001228,42.13383224117201,1,2,0,0.8072676408024344,51,6,390.3325231988802,16.45202777009481,high,6,4,0,0
111,66.35649778881952,83.65510693770669,0,0,1,-0.3151210992008739,21,31,404.6458025184422,25.489659800659147,high,7,4,0,1
61,72.61266237505245,97.60743402341993,2,0,0,-0.4199709477218531,45,41,131.10619588891842,13.698234141353971,high,7,4,0,1
159,61.284535800031286,69.39962669193753,1,3,0,-0.3103139608704395,22,42,256.79389584049443,22.77699864398401,medium,7,4,0,1
281,8.91313586175635,99.26571477983424,1,2,0,0.8454160705425577,26,2,185.51052000708984,27.189560112153707,high,7,4,0,1
36,43.60332415912134,11.95503040983337,0,3,0,-0.7471532791670448,54,12,182.2124632157678,12.922880029470816,low,7,4,0,1
167,30.266223645612857,55.330971380419406,1,3,0,0.2052829113859555,85,7,91.23014278857394,25.99745722431415,medium,7,4,0,1
150,35.38928322477795,69.35185604839576,1,2,0,0.8165781930083442,33,43,147.81956358725932,9.474452894211495,medium,7,4,0,1
165,26.544972576635736,66.45644780845977,0,3,0,0.1124356612598436,97,20,457.56899537667056,5.457501942696931,medium,7,4,0,1
156,74.72168697447064,63.65241870438655,1,2,1,0.2853138289752324,6,7,180.27805303789185,12.281201264847642,high,7,4,0,1
178,62.72983168875746,55.44704371663455,0,2,1,0.946693361596346,7,14,211.1000150156004,15.09227201644616,high,7,4,0,1
225,41.56829534709463,61.46735715980617,2,2,0,0.5356860968818395,74,42,222.77182499792903,7.439751449029401,high,7,4,0,1
24,61.36965966508082,59.38720241000264,0,1,0,-0.8532484976697454,64,46,122.80521147047358,24.501591791137024,medium,7,4,0,1
25,38.61450959881165,82.32609656825963,0,1,0,-0.8773336952967028,7,5,51.983123068019175,5.513339357681089,high,8,4,0,1
267,75.11757339988829,97.84033941394466,2,2,1,0.8115272836761638,85,3,184.4053925213959,19.214328753595908,high,8,4,0,1
26,51.03681630325445,10.42178921726748,1,3,0,-0.1348576431338022,95,40,467.561785976095,27.49142511941072,low,8,4,0,1
163,25.152981611468533,42.358446767559954,2,2,0,-0.9556072994671108,95,16,438.2727215468511,19.174665786727893,medium,8,4,0,1
199,64.5832970155324,38.378307152942185,0,1,0,-0.9859873176358966,8,37,357.448238490197,28.372305280849023,medium,8,4,0,1
48,16.846483917268905,64.24238239109096,0,1,0,0.8998294415661685,91,47,436.7766868923283,29.472601308537275,high,8,4,0,1
234,45.21085633859533,63.21744050078213,1,3,0,0.5032200629211345,11,32,342.2254897430291,12.74054926921983,high,8,4,0,1
66,38.23760079746179,77.3632174883199,1,1,0,-0.1626831796467966,61,38,252.15181604989365,10.258042318640737,medium,8,4,0,1
252,60.88245372269992,75.0821518390935,0,2,0,0.4666717135733003,21,49,346.0629333258546,22.55227243786458,high,8,4,0,1
32,31.83732080716303,28.380954975236367,0,3,1,0.100738529809695,70,18,57.67947617172425,13.220904806542944,high,8,4,0,1
70,46.766821309196864,97.10427869236214,0,0,0,0.8158535928568085,36,32,350.29341839188527,7.8502061547396895,high,8,4,0,1
151,66.64996228528435,77.47879202352348,0,2,0,0.8260149311193434,41,41,168.1641294353512,15.863118648211302,medium,8,4,0,1
81,6.796122686952131,17.1191744709901,1,2,0,-0.8660447324011105,18,43,75.00068091815193,26.966782336123888,high,9,4,0,1
241,64.11820361227252,15.501657751063552,2,3,0,-0.2657999532074777,83,1,64.70194873105041,7.8337911062520895,high,9,4,0,1
93,23.59254307040892,10.33874831562575,1,2,1,0.670141457320786,47,43,216.25883264885184,24.097869005695987,high,9,4,0,1
180,12.542076882155492,71.63024045519101,1,1,0,0.5552079998907471,36,16,311.5232656108357,6.66527318270025,high,9,4,0,1
251,71.50597193265544,58.03713735677426,1,1,0,-0.3240156484212844,61,49,228.43176647198564,15.582329981545852,high,9,4,0,1
25,78.69385251635833,10.583656192566446,0,0,0,0.6931535554982169,37,3,52.26101428065304,22.65541367497124,low,9,4,0,1
12,29.821633243571043,92.9095005552356,0,0,0,0.4615065106306406,36,20,224.37672660574844,13.308631884788284,high,9,4,0,1
55,28.79739965975553,16.391672426548674,0,3,0,-0.5504691848451069,45,8,168.90514880851094,8.208583885112024,medium,9,4,0,1
94,50.378841126265264,39.55851616597587,0,3,0,-0.4355435726753003,67,35,147.83477659919984,10.116742330232608,low,9,4,0,1
204,14.112773772415192,59.760254492760325,1,0,1,-0.3483529172493214,77,4,379.027532763346,7.158282488135832,high,9,4,0,1
270,72.36825318366006,76.8099193015116,2,0,0,0.8553968077772258,61,32,174.61735929245722,7.46664905256223,high,9,4,0,1
291,10.310052731449565,92.91326193663345,0,1,0,-0.0584559783322138,65,13,311.78191744545,17.000978398618315,high,9,4,0,1
212,42.88680647465995,28.71872351725518,0,0,0,0.5084577520884637,6,13,246.59189425399163,18.172915655338613,high,10,4,0,0
172,64.99628881783967,90.36719909981711,1,3,0,0.1296694341846749,66,1,209.93955722325188,23.845695194512945,high,10,4,0,0
244,69.78767642495276,64.28154234031106,1,1,0,-0.5513559546636222,33,49,487.6003855431933,17.454257789464826,high,10,4,0,0
32,68.44725364705651,95.59761331795536,0,0,0,0.6501828006481356,95,10,389.4995333833687,5.540998048567443,high,10,4,0,0
140,52.39611246458863,63.78597003261813,1,3,0,0.8071198039790108,83,33,338.2334676487313,8.91692232654733,medium,10,4,0,0
189,19.18865829249853,33.454014008175776,2,1,0,0.0315262505585709,48,3,396.3543426754938,22.547665224430517,high,10,4,0,0
262,40.5925146281991,59.04969353502622,2,2,0,-0.0588381694924684,98,19,321.5751386143007,21.90665768367092,high,10,4,0,0
147,41.5865678350223,22.763753083259413,1,2,0,0.4226277594114429,37,3,213.5802312366648,23.85765563264286,medium,10,4,0,0
155,13.70082837183286,10.07037983052864,2,2,0,0.8482871930258666,21,48,118.32150569391294,29.630102929287283,high,10,4,0,0
67,66.6876777215417,34.403891707934946,1,0,0,-0.4792043932681553,17,15,193.4492662292613,16.882738955076597,low,10,4,0,0
165,16.283542043322353,25.52674224618583,2,1,0,-0.0944619323771112,33,22,134.72794938149087,19.531171228100284,high,10,4,0,0
207,67.25568064161342,67.68852812912499,0,1,1,-0.5548035888122276,62,47,109.37770233713584,19.70311157515816,high,10,4,0,0
128,43.391482247644745,93.56365217372264,2,0,0,-0.94396811647302,62,42,387.4232114161326,12.35274512759485,high,11,4,0,0
298,21.28212647641432,23.25708482554207,1,3,0,0.4073152071201196,15,8,70.23326488839757,11.161628223335336,high,11,4,0,0
97,46.75867364221276,94.55917595293096,0,3,0,-0.8082733785464049,24,2,357.702717030447,29.90304734103731,high,11,4,0,0
186,49.84009719658855,16.818720228420556,2,3,0,-0.2022376214306838,41,30,455.17842952423433,9.101706196348715,medium,11,4,0,0
169,53.54993227769672,83.63611109045206,2,3,0,0.3507262591266264,18,27,376.2218906413707,25.24731717848396,high,11,4,0,0
29,54.36994850315448,58.45903287871587,2,3,0,0.5056624470776521,30,34,186.0341108795729,11.895576369522397,medium,11,4,0,0
215,34.12718832477718,29.222683752631077,1,1,0,0.991204585911214,93,45,383.85285673191777,20.394025549528955,high,11,4,0,0
179,5.7575116448673205,60.38577430816617,0,3,0,0.5605710005200872,39,36,186.4363564934477,27.99944564458445,high,11,4,0,0
222,62.743694452624005,47.79084873090995,0,3,0,0.7660948371140333,82,35,373.5881628390739,25.12025110460177,high,11,4,0,0
77,38.814417127610746,26.09658981615461,0,3,0,-0.3802967675783086,60,31,62.43629753047245,15.07690978932562,medium,11,4,0,0
197,68.6867701097752,37.39091682884182,2,2,0,0.3456565704610861,26,30,399.9730329355078,20.59018632513468,medium,11,4,0,0
202,73.33024021181518,20.2841167571362,0,1,0,-0.7751144474749414,24,42,316.98354327886426,9.40800439814758,high,11,4,0,0
121,59.34830418310954,59.43530707600897,0,3,0,-0.7180951665228792,28,5,349.06062487593846,19.597025122202357,medium,12,4,0,0
169,42.82475045388229,57.214636405237066,0,0,0,-0.6321343734352463,94,44,106.03567244286228,24.865986916158896,medium,12,4,0,0
37,63.80879387999036,23.128257455498304,0,3,1,0.8075974876035785,80,17,51.775065526994815,16.93027135661146,high,12,4,0,0
171,52.10127691940725,44.739331410881775,2,1,0,0.404031317586111,3,41,156.63313973209716,12.41878485510529,medium,12,4,0,0
197,56.73028007986424,47.69431570808455,0,1,0,-0.5752029741531925,32,0,281.25697135453566,25.28690806937297,medium,12,4,0,0
256,24.95949622989432,32.585566917381385,0,0,0,0.0457907747564598,57,26,246.43768564833005,24.48205389536732,high,12,4,0,0
144,15.091062022462951,48.46736190502213,2,3,0,-0.8560969924868413,97,27,73.96008641238019,12.050794590561445,high,12,4,0,0
131,46.083151192176,66.28930811930854,1,2,1,-0.6324143631800809,63,34,341.1190641139404,16.159761153681444,high,12,4,0,0
233,68.61220721940701,46.910489983977314,0,1,0,0.1232363392319708,86,11,418.1533097612437,16.022998148086856,high,12,4,0,0
207,45.18106308445757,25.032285040894237,2,3,1,0.8669359000674375,36,3,165.30423803747175,5.567455841633516,high,12,4,0,0
244,70.5340304317508,10.926668963346218,2,1,0,-0.1119567186955092,76,48,213.7861673798133,16.898129399893342,high,12,4,0,0
179,26.706358161057526,49.82241198314014,1,1,0,0.6822631977102263,2,19,298.3531112793004,29.17708985372069,medium,12,4,0,0
118,23.632679802993508,69.57221952585628,0,0,0,-0.3964005844497804,40,9,355.7927885640132,29.65669063833321,medium,13,4,0,0
201,42.373538060447245,28.46326258914238,0,3,0,0.937579810388713,28,42,405.26214053358575,14.65953420466029,high,13,4,0,0
30,49.26460634936355,46.32907291117067,2,0,0,-0.1099058097142635,46,11,148.25960819771308,17.890227865094452,low,13,4,0,0
198,50.580057231457054,19.518214781640108,2,0,1,0.9666610706662956,9,44,153.12943279276803,14.298717610875084,high,13,4,0,0
162,55.33781141775058,77.5835148181431,0,1,0,-0.1158600457703444,43,5,158.64738915713926,29.07390141279588,medium,13,4,0,0
93,23.33751163563777,34.63964447148583,1,2,0,0.7876775246576733,39,36,328.2769306048887,7.919118208346139,medium,13,4,0,0
241,24.39186715093196,21.32918750586209,0,2,0,-0.4719505337909504,42,4,408.3039950245719,29.83363765201701,high,13,4,0,0
189,25.973482576355384,47.66986603551842,1,1,0,-0.4880404463819359,58,6,286.7209562295232,14.75870443404266,medium,13,4,0,0
298,72.79574100807713,92.4281413363685,1,1,0,0.6731253176271568,94,18,305.3306221675392,16.06998785888236,high,13,4,0,0
195,20.27014355737569,22.672895505028404,2,2,0,0.8249443024176775,78,18,401.4100390984,20.41689555111832,medium,13,4,0,0
109,34.1653163776374,40.78497284526118,2,2,0,0.8377203191597706,98,25,217.0126596747546,23.42549754964889,medium,13,4,0,0
175,37.39672440694636,60.44010609288234,0,2,0,0.9342404707836752,81,2,72.47403945599328,17.22971551830031,medium,13,4,0,0
266,43.10883779622171,50.95681109999939,1,1,0,-0.6772921357282173,17,37,255.14113928428395,9.376827628154068,high,14,4,0,0
167,55.980949660281496,98.84763060932468,0,1,0,0.8351447236255256,99,43,270.9826542724693,19.149768650714904,high,14,4,0,0
68,59.58115171476534,49.35955195271365,2,1,0,0.2359582254732002,1,49,297.79285349242366,9.677314679142167,low,14,4,0,0
195,9.326954042992128,19.11810560920654,1,1,1,0.8171090182630432,35,18,150.56199538934732,8.575798953798062,high,14,4,0,0
87,49.31231523115519,40.61719073767607,2,2,0,-0.682173916717842,52,19,357.6015542151188,12.27279422674212,low,14,4,0,0
61,74.71756615940632,36.190030494647374,1,1,0,-0.2587674735997145,28,18,416.5802741930439,8.593605989002562,low,14,4,0,0
33,75.33629040820237,91.59784590600134,2,3,0,-0.386440358613765,61,8,372.104528840023,14.878852618230788,high,14,4,0,0
272,29.81873972574859,56.06409353445391,0,0,0,0.0090350108838392,31,39,272.87389282553755,17.020054199759155,high,14,4,0,0
292,27.83905655447541,79.97613584753967,0,0,0,-0.828856156239117,31,15,299.86177044327223,12.055594522624004,high,14,4,0,0
175,39.966391166508,76.86251418820207,2,3,0,-0.3216040354801108,88,8,347.5901885986501,23.98116521728022,medium,14,4,0,0
120,55.16011609642548,52.98910966422773,0,2,0,0.4065298436649536,81,45,446.39644482408494,8.63686041445235,medium,14,4,0,0
209,75.452484686397,22.88465896504076,0,3,0,-0.6530024791793514,68,30,264.9386537802749,6.103344492396746,high,14,4,0,0
242,19.720872430900968,27.620462417554123,1,3,1,0.3964345362490287,92,42,328.5631945456594,21.05310195971443,high,15,4,0,0
40,47.44392685128288,90.4466485292574,1,1,0,0.7340530102609009,68,42,167.51709358117836,23.258647625834445,high,15,4,0,0
85,12.299064021632002,46.12333449223296,2,2,0,0.7943324247706984,77,28,207.8149279491075,8.83192475287325,high,15,4,0,0
182,39.06347695982807,27.15447777881988,1,0,1,0.6493151668301775,44,5,270.9230656330417,8.159098949179617,high,15,4,0,0
48,74.78060140639775,30.526369174480653,0,1,0,-0.8367911014675633,30,40,440.2107078833328,8.22807579907581,low,15,4,0,0
111,57.52019857331041,73.16541932683134,2,1,1,0.8683283002604041,55,11,141.69288089774952,25.322331806029148,high,15,4,0,0
85,71.04341328207207,43.85298218786149,0,3,0,0.0686343669044997,30,29,205.6484642354764,10.378164847294087,low,15,4,0,0
21,65.06628682028557,90.9138436432086,2,3,0,0.5561036225946534,34,10,414.54080447448615,15.218426502527253,high,15,4,0,0
201,13.288857561915451,99.51315896240293,0,3,0,-0.9038037171049452,36,8,336.9680572751562,17.34947410363347,high,15,4,0,0
282,24.569666435108367,45.99161590043937,0,1,0,0.4338417927049274,8,27,381.0862741884615,18.6235980923802,high,15,4,0,0
236,22.60937988462959,13.553772201013956,2,2,0,-0.5938181428934874,70,12,464.55484863535503,15.39565393228387,high,15,4,0,0
90,11.03523096564098,93.64606462425316,0,2,0,0.2268011423539677,61,16,344.65986372656187,18.516811868045625,high,15,4,0,0
285,67.27737926260312,67.55457418277012,1,2,0,-0.1113664099016842,68,36,390.7586598940489,23.9521591938075,high,16,4,0,0
10,51.10726530007306,92.62930292482284,0,0,0,-0.6107025671410597,68,0,266.4849490039547,6.4229459143695244,high,16,4,0,0
180,74.38953045736659,29.323904304799477,1,1,0,-0.3351415972345319,73,34,104.77020022486305,23.13475704603047,medium,16,4,0,0
134,67.59431782971748,50.85580368626839,2,2,0,0.2930136143806259,89,31,208.73623553587305,17.744384631008213,medium,16,4,0,0
210,13.46432162175114,39.76304476596648,2,0,0,-0.9451861835446164,48,6,434.76805434202817,7.703846083236877,high,16,4,0,0
96,12.970457229432297,69.96351994661396,0,0,1,-0.0706824138301061,50,28,391.47427044589546,27.85926730570985,high,16,4,0,0
91,13.87082617119298,88.2776678316359,0,3,0,0.2114728444316769,78,36,474.7374057389896,9.78155440559032,high,16,4,0,0
88,8.577901133713477,34.51760554410835,0,3,0,0.5817483045638205,29,33,55.95835840462814,27.80802796916112,high,16,4,0,0
69,69.6108611332845,99.44694903531452,0,3,0,-0.7749664029028589,10,11,101.58983480287232,28.379794283642408,high,16,4,0,0
96,24.52443879783062,54.86416171073726,2,2,1,0.8387178001063926,49,45,379.1643249165343,19.857019007815875,high,16,4,0,0
236,12.2087795763709,76.96734753502024,2,1,0,-0.7459021009012423,67,38,194.004475620749,9.804425642863963,high,16,4,0,0
55,74.44708079201885,49.26559351276723,2,0,0,-0.8559277707616895,87,21,458.00519957715727,7.232046955493717,low,16,4,0,0
18,33.08671923581672,81.51938768356418,0,3,0,0.4349571237898331,48,3,112.20246077183586,28.800280588156905,high,17,4,0,1
183,32.155708464843,29.78134260927257,1,1,0,0.6438610460016834,36,17,88.05536781285852,22.328836320953787,medium,17,4,0,1
238,47.71846136665247,48.84352865332212,1,3,1,-0.9495301187353477,25,17,466.7226268558756,17.71513439392711,high,17,4,0,1
220,43.20819273060708,72.21317898718948,0,2,0,0.91936986203258,43,25,402.52665487284935,7.636980732124675,high,17,4,0,1
80,6.857271827683121,94.31131420165154,1,0,0,0.1344049141898353,4,35,155.7491586813436,14.499218699465192,high,17,4,0,1
265,32.68393556353673,36.93031968333544,2,3,0,0.5447671458092644,95,4,416.7170889972586,16.438961478024567,high,17,4,0,1
146,49.050816984338034,23.765457061949867,1,0,1,0.9735497205216788,52,17,445.8162771346293,24.921908282290623,high,17,4,0,1
280,57.8567517254701,33.00660630721731,2,1,0,-0.162347294653989,35,31,189.9186173751229,17.11792033856996,high,17,4,0,1
212,68.77658701189745,41.96859651566714,2,1,0,-0.7038336792939177,84,29,472.5903332201386,9.021270758826876,high,17,4,0,1
209,41.8468880324305,25.665285954494323,2,3,0,-0.7665650320948205,73,47,376.2555485599236,7.452513668681563,high,17,4,0,1
298,54.6152370001675,94.49519798957144,2,2,0,0.111584454958596,13,44,448.7196239245834,26.273757854410015,high,17,4,0,1
124,59.13010837359133,62.088883187191215,2,2,0,-0.2912051953053729,35,26,261.053232437228,25.46618655833591,medium,17,4,0,1
167,57.80437662420301,98.9376690621682,2,1,0,0.604340726476591,17,8,62.37030856116807,24.666926666676897,high,18,4,0,1
278,12.899640733141633,18.348688030505198,0,1,0,-0.5857536527871188,50,24,241.8152457296381,27.066467629545453,high,18,4,0,1
49,24.291084258863407,14.202581748409637,1,0,0,-0.3949001921394657,26,6,147.88473627482023,13.744064704756743,medium,18,4,0,1
294,12.401554856935272,48.50472523721307,2,2,0,-0.6438229754832008,29,48,300.0278527826976,18.833950374859107,high,18,4,0,1
284,34.55001926227615,98.72810105658068,2,2,0,-0.0794804088501426,2,14,150.9969345683433,20.50890444560589,high,18,4,0,1
32,65.88455679495677,42.98387000004363,0,1,0,-0.5330373135820496,51,35,50.32330376959784,29.457470641434,low,18,4,0,1
225,70.3738201202036,74.07871503353797,0,2,0,0.9495933097600426,93,23,487.0606662801427,5.967185240501725,high,18,4,0,1
276,8.319307885899203,80.34792681873813,1,2,1,-0.575282225193614,93,35,474.8010181737994,24.33249150056087,high,18,4,0,1
44,21.120237423394286,28.987165743550133,1,3,0,-0.1841614045291628,38,38,384.5150429531262,19.732242452766272,medium,18,4,0,1
158,32.96170634310741,17.33908749735201,1,2,0,0.068410989899585,68,39,325.4893710401477,26.79222757488918,medium,18,4,0,1
63,6.3852628784873176,65.14101640263593,0,3,0,0.8672233734107047,76,21,291.0425416756051,25.72057536325581,high,18,4,0,1
37,68.02408095737329,33.218119712275296,1,1,0,-0.8843740448647484,50,26,246.8739731857674,12.841464518683178,low,18,4,0,1
197,24.62197071268059,17.750554151383792,2,1,0,0.6258198833770496,87,6,256.9484194040372,28.647716465286106,medium,19,4,0,1
193,59.42117671162653,49.848144749031945,1,0,0,0.432971786236026,38,20,231.29452093858515,28.647513462879115,medium,19,4,0,1
105,58.57263019697216,45.75592719422333,2,3,0,0.9939071251789152,44,27,335.64274159913697,28.58559890835563,medium,19,4,0,1
134,8.08788136581532,60.65923586925817,1,3,0,-0.79523597727323,8,18,376.4593161823951,6.012145033839468,high,19,4,0,1
36,6.822011730128647,60.33732459787095,0,0,0,0.8853696827536617,57,45,349.2669196843246,15.668388328773563,high,19,4,0,1
180,46.4130088048914,47.347142492306645,2,0,0,-0.0489843744559581,53,44,56.03334070583225,20.113432819654257,medium,19,4,0,1
289,43.15862683476545,85.66630887377653,0,0,0,0.0540739176187468,8,12,422.98974871385536,12.029019225015,high,19,4,0,1
187,79.41206073171786,71.40080339434996,1,3,0,-0.5383308085688538,24,19,84.04577010031369,7.343341840638508,medium,19,4,0,1
100,25.43975917822264,68.58499345936005,2,0,0,0.1350142530184239,69,27,232.7809247444949,12.643104441750657,medium,19,4,0,1
179,27.24084742177057,88.24483495763778,2,1,0,0.5413904867439707,77,48,252.87957329478016,27.401145040207044,high,19,4,0,1
238,73.10976226326235,18.09185748113993,1,2,0,-0.1639884858998321,20,38,323.96888338991687,5.957019119594879,high,19,4,0,1
273,43.24159588797161,30.050275811837647,1,1,0,0.2050138399829952,26,26,375.5123819947706,5.4410944513799695,high,19,4,0,1
44,42.75196521724715,24.038797586782287,2,0,0,-0.4980665107097155,31,24,226.30756474049187,20.19640218948684,low,20,4,0,1
94,74.73929475960908,81.20337384177405,0,3,0,-0.4142316412238933,32,29,224.500233151881,24.413355294443413,high,20,4,0,1
109,19.36254070979692,30.14712519799863,0,1,0,-0.0263773812646976,51,7,58.014561602003695,23.13929689100159,high,20,4,0,1
183,14.833930550086547,28.497783347607065,1,0,1,-0.9142401205381768,37,21,429.1828835467141,19.676332322827086,high,20,4,0,1
227,15.141939277676045,75.37843094268018,0,1,0,-0.8492124645113113,28,16,170.2386857574719,7.928192272279895,high,20,4,0,1
167,65.67369831450353,37.0486943398604,2,1,0,-0.6264087879143483,68,44,302.1135448481696,11.575182361669327,medium,20,4,0,1
245,74.20179433136593,46.4265122146044,2,1,0,-0.742282011015515,16,30,456.17664604116806,10.196703765629245,high,20,4,0,1
289,7.61578297744067,34.29443006119002,1,3,0,-0.2504175720859523,92,0,225.32116157808665,6.075979359313989,high,20,4,0,1
264,25.150708027212502,19.137722668468573,2,1,0,-0.0061188274441188,74,17,421.07438424316126,6.292247179897855,high,20,4,0,1
119,45.51752420037346,53.822434058918766,2,3,0,-0.8927567621209054,15,44,197.1024109968141,7.254087510279168,medium,20,4,0,1
181,52.91650475838121,35.02766754462994,1,1,0,-0.0866219597218433,66,9,439.1512417948736,20.256502348104632,medium,20,4,0,1
77,56.91995005468908,50.33243491898303,0,2,0,0.2096315130448114,97,29,116.97489481361488,17.886276110486037,medium,20,4,0,1
196,20.088543696168628,61.98999007326447,2,1,0,-0.4915250896593104,70,29,303.1985127387288,5.356066669319008,medium,21,4,0,0
31,31.92959503695085,51.23540126157739,1,1,1,-0.2120306352137284,51,4,55.8887351123429,25.49795844257006,high,21,4,0,0
278,59.20237233139407,58.6616205201475,1,2,0,0.263986165130692,62,48,53.66857965538604,29.493079959606412,high,21,4,0,0
270,28.256533294241542,39.1271189667716,1,3,0,0.5140991348995156,14,33,238.95922337037229,14.044546422622965,high,21,4,0,0
160,67.30407717889445,91.85501038464432,1,0,0,0.391495210180383,2,23,176.33040439216288,29.581581895278333,high,21,4,0,0
26,75.769882263571,83.1660222682557,2,3,0,-0.0841091827204847,65,17,72.71881785535314,14.439334166124208,high,21,4,0,0
121,24.196017835189966,61.68808747475983,1,0,1,0.6292532478734902,79,30,247.01942870577287,6.890544845319553,high,21,4,0,0
164,21.81970760663102,78.68146773848207,2,2,0,0.8818125682651443,33,40,156.8369087648549,5.642089642299276,medium,21,4,0,0
31,10.565856815932758,63.170152413541736,1,2,0,-0.7337843804069624,95,39,169.22436650906337,22.37090539232222,high,21,4,0,0
100,61.39545482139841,26.9377763451508,1,2,0,0.4130736028411015,31,35,257.2673398418788,10.765557560389956,low,21,4,0,0
165,58.19205574988501,71.42355133270391,0,3,1,-0.6028334450624937,15,9,312.1467281784027,29.18141402251194,high,21,4,0,0
175,13.965757229209906,13.562308797186155,2,1,0,0.7333078676981357,15,39,310.46553302440896,19.61611528051093,high,21,4,0,0
92,16.9585684177369,73.18506206016826,2,2,1,0.0456287932683887,53,14,217.38012962167252,29.703207517234983,high,22,4,0,0
99,32.98572611392692,92.82825503365449,0,1,0,-0.5542920406696117,21,35,453.6807733523235,19.540220280952028,high,22,4,0,0
147,31.188823593313906,51.30103387155544,0,2,0,0.7343010453529097,33,25,55.36611331824782,22.69922866490501,medium,22,4,0,0
195,78.03743572677894,63.63541448093659,0,3,0,0.2289564226868241,82,37,137.87116359614168,15.068373337482292,medium,22,4,0,0
105,72.64019735028104,12.973185156597289,0,3,0,0.2789942665877183,50,0,185.39641041190455,10.136905146281364,medium,22,4,0,0
79,53.87369681685016,97.5238216028348,0,0,0,0.7739357388005648,99,14,142.96043770526117,18.176013855715382,high,22,4,0,0
281,16.76884329113264,92.67698441601924,0,1,0,0.2844163341740804,19,19,167.70777055757688,15.964128745616192,high,22,4,0,0
103,32.772390658269096,38.85885186021507,1,2,0,0.8368478616093666,5,0,196.79845810486967,26.988276643132625,medium,22,4,0,0
17,54.83250784380938,56.8908319495147,0,2,0,0.4173289475238375,25,8,366.4952565099737,19.785805633950595,medium,22,4,0,0
12,10.37165294210738,79.37293033172584,1,3,1,0.9640971707856408,76,0,72.43342996278466,28.810494888195937,high,22,4,0,0
172,45.572315677116535,60.31181099021328,1,2,1,0.774928078212487,52,16,231.63762976635545,22.65447089830282,high,22,4,0,0
219,25.204306757607064,58.36179684616837,1,2,1,-0.2845130741145456,38,0,492.09682395502347,22.652414341851745,high,22,4,0,0
290,44.68708227510558,86.82746621769626,2,3,1,-0.8660525870939111,17,48,490.6336693126608,6.591587784655237,high,23,4,0,0
176,10.997833344051092,98.51133021928352,2,3,0,-0.1537877628095036,43,28,328.7668626531505,29.70112668959918,high,23,4,0,0
219,42.8416975242244,22.043525208246503,2,1,0,-0.0028150216829565,30,36,479.94582377968953,8.38048085956492,high,23,4,0,0
288,76.59910155021922,59.39789102633053,2,1,0,0.2127514755849315,50,0,397.8488074598803,24.60638566156438,high,23,4,0,0
26,50.76942014028787,10.2838509366091,0,3,0,-0.8522396103689176,84,31,225.59430150895216,15.739307587084197,low,23,4,0,0
147,26.825960180838425,29.466716861434243,1,0,0,-0.4851759439402203,97,28,66.28889643633451,21.1609820099086,medium,23,4,0,0
271,62.09947621476946,36.71193723946216,2,1,0,-0.8781679708823962,7,45,67.85889052944587,15.048240123467314,high,23,4,0,0
33,40.24478637913736,79.43333522399888,1,0,0,-0.3653360227826798,88,20,246.90300813734623,10.99754510071316,medium,23,4,0,0
258,26.865580377618148,26.904933031396677,1,1,0,0.0033704284282076,16,41,349.80153175238286,17.768269736449007,high,23,4,0,0
233,16.137958055161757,58.86334449359584,0,3,0,0.3529847712923659,23,12,174.74746083075195,18.06817297186352,high,23,4,0,0
215,48.944118719450096,25.283534186730225,1,3,0,-0.9130604613171898,69,13,182.89448682061288,8.152484545863093,high,23,4,0,0
116,24.47092992454968,50.82365173557251,2,3,0,0.8090897841400524,29,38,97.1506828214733,17.792682288928653,medium,23,4,0,0
192,59.49636743992073,85.0119886152666,0,2,0,-0.3094155683814863,43,19,278.3588579126292,7.3118246177215696,high,0,5,1,0
60,53.115919927292296,66.91554221485755,1,2,0,0.1514161247744569,70,19,120.8640602212462,17.1996606728297,medium,0,5,1,0
108,34.783758509892934,13.642883301097656,2,0,0,0.0615602701839144,36,8,113.66661984921858,8.386309651454525,medium,0,5,1,0
139,57.37755297535414,35.649323241459406,0,3,0,-0.5625773890682817,27,42,273.80872628019347,8.220008945150004,medium,0,5,1,0
84,69.54414205673315,98.7061681443765,1,1,0,0.6041375467250469,46,47,281.0251461677741,27.868127844917893,high,0,5,1,0
173,56.14226709986001,37.40128082207609,0,0,0,-0.6267484873489046,10,28,164.3144781146001,5.376905512089487,medium,0,5,1,0
208,65.79404167898272,76.88868843991712,1,2,0,0.9667231359943712,76,25,121.51992974501354,8.859420181130329,high,0,5,1,0
120,56.744188529278205,50.01170533415704,2,3,0,-0.0898190674081773,80,44,236.35592172181543,12.259517021920992,medium,0,5,1,0
55,63.46350057716968,48.80883378443436,1,1,0,-0.6198591901541117,87,16,305.19917235977266,12.786770904551904,low,0,5,1,0
111,47.05600798227284,18.5433461556978,0,0,0,-0.699097256745755,75,18,468.13219482082593,27.64555688625284,medium,0,5,1,0
268,47.8316703609506,37.74457306027121,0,3,0,-0.6227429194281056,46,40,338.79895422102754,24.237462412709625,high,0,5,1,0
197,63.95804012328686,66.07269998259251,0,0,0,-0.5534018229301383,2,30,453.7710534799232,16.781917194798016,medium,0,5,1,0
202,31.23082748695164,48.890982062258274,1,3,0,0.4903531412297344,76,38,289.2957773084892,15.64412461725221,high,1,5,1,0
129,37.23952014927696,91.81174626493778,0,0,0,-0.695370877931043,89,37,178.51651301100824,16.327465846258367,high,1,5,1,0
161,26.42494002942388,14.073932214619242,0,2,0,-0.1625399102285534,62,8,367.8548709141567,18.34950820153157,medium,1,5,1,0
279,42.971483387328405,37.645963935730464,1,3,0,0.700400100569629,92,17,162.2503477100111,13.132273262201132,high,1,5,1,0
283,16.47225687393165,80.11650050955912,1,1,0,-0.0612935731010597,53,10,365.1907483724319,13.423242726582792,high,1,5,1,0
31,27.65251129864557,24.449150027090376,2,2,0,0.5255157041904044,91,25,365.9475531116393,23.54438530649136,medium,1,5,1,0
241,64.5970782535015,11.602725030993229,2,2,0,0.2165015364966502,30,18,276.9085493620838,11.969579580684524,high,1,5,1,0
206,55.05753018531353,63.2553570458506,2,3,0,-0.5485339499991475,81,17,134.40000987301312,13.582362445344769,high,1,5,1,0
256,35.79401205864747,39.32432695986584,1,0,0,-0.9022830487854164,62,45,393.2633799507023,18.796014324832488,high,1,5,1,0
86,72.900982695826,18.29959932927393,0,2,1,0.3783450705089772,12,9,97.86214324774777,15.913282297613152,high,1,5,1,0
201,30.069277333376544,27.48918687749216,0,0,0,-0.0262968115043429,82,44,485.0579091220259,23.78897126338048,high,1,5,1,0
228,27.844690359849587,11.781058463743111,1,0,0,0.7311057739752427,17,34,407.0685688405912,12.625459560764106,high,1,5,1,0
185,21.19440161890924,73.52510198089213,0,2,0,0.2450458622215381,10,5,174.32282083840647,23.99387074313288,medium,2,5,1,0
119,25.19727540230497,77.1820719447585,1,1,0,-0.4426347220956395,63,11,309.89437100018296,22.732265127554196,medium,2,5,1,0
273,50.32834655300681,26.706574578317635,0,3,1,-0.4322685775135313,36,19,281.9010060754377,23.560550937102207,high,2,5,1,0
284,14.768274442634336,34.07891259164951,0,2,0,0.94674151542175,34,20,347.8770203976919,11.41391980856405,high,2,5,1,0
299,60.225007155594206,10.557298544507926,2,2,1,0.6739922172265116,71,32,186.67364534409052,10.982463173702108,high,2,5,1,0
270,24.08303985599891,79.77449451863662,1,3,0,0.9373349968936352,68,43,57.87220354566504,27.509195506394107,high,2,5,1,0
247,79.42200593537798,68.22067335311763,2,3,0,-0.3886524546334156,93,37,320.74935874140635,7.176635594151858,high,2,5,1,0
196,46.52224914077188,34.734577825913405,1,3,0,0.2405046548791811,37,3,355.8092521189324,17.506403662228028,medium,2,5,1,0
156,47.72454774902772,10.251412738368998,0,0,1,-0.3137105860625855,53,48,301.03909666513425,17.573927923512763,high,2,5,1,0
194,58.046132893112905,97.4906119379788,1,2,0,-0.9894214454266888,30,40,467.0460794197965,20.91399981100748,high,2,5,1,0
181,14.458903920432924,21.36927299216609,1,0,0,-0.9813993857419808,37,2,85.31664185442061,12.92880440377835,high,2,5,1,0
183,39.47388731025829,47.93409589506629,0,0,0,-0.0425064399379768,2,20,491.3426526256271,7.073336838206541,medium,2,5,1,0
148,15.476052948045323,98.8507645576484,2,1,0,-0.4999483782788581,93,34,353.0696975033504,18.411038411643847,high,3,5,1,0
89,21.44483473933197,52.61313442676432,1,0,0,0.2861192617715333,91,8,494.5582838027206,26.045939601754284,medium,3,5,1,0
80,54.82159051512036,17.995308702591558,1,0,0,0.3397990533116664,90,23,414.34944877915495,19.310113523745663,low,3,5,1,0
281,59.967976844596606,67.51056746754148,0,0,0,-0.8146194418129702,91,1,310.79521335500766,6.1309193238433295,high,3,5,1,0
136,77.40733118482989,80.88590980556195,2,1,0,-0.1499437086535811,30,48,422.47553273867055,15.106070598006893,high,3,5,1,0
87,66.44021163204613,90.31976306893094,1,1,0,-0.3616142934224611,70,49,488.9868156440749,7.202148883157437,high,3,5,1,0
205,57.58885226526731,14.026781611853876,2,1,1,-0.7353781053575974,88,42,478.9077575950843,17.93686998707536,high,3,5,1,0
59,10.214507715954872,96.6859435383616,1,2,0,0.281552100009053,84,10,330.7279220571969,5.055194559495178,high,3,5,1,0
203,72.16228124177935,72.26438524796464,2,0,0,0.1009069443824997,51,12,464.32299387238703,23.38217993041901,high,3,5,1,0
35,16.28243403155993,37.85932162441718,0,1,0,-0.3233013932538422,36,48,152.6686143976179,18.2417313321748,high,3,5,1,0
273,17.004948445870255,55.002162914506485,2,3,0,-0.8060548987018865,93,41,315.70842278608774,8.068009197599286,high,3,5,1,0
168,34.545539203029776,32.99514364364768,0,0,0,-0.3393082600389105,24,36,77.48021755388038,7.105208171048348,medium,3,5,1,0
115,9.960976175318407,30.54285595981203,2,0,0,-0.7536255418991966,73,3,392.55350043147337,17.104588095015032,high,4,5,1,0
21,18.40543076639118,23.62951436562125,1,1,0,-0.8741326856103915,33,27,68.41289453182279,6.167416794653153,high,4,5,1,0
77,52.53344346556204,44.20721624652387,1,1,0,-0.1617121079406038,78,3,260.8179551258594,23.914718446619705,low,4,5,1,0
247,49.24108777700688,35.62107549406059,2,1,0,-0.0108155409146151,1,41,474.538436016265,28.802794405728797,high,4,5,1,0
264,79.89889524308849,77.89432075715702,0,0,0,-0.931469608500678,41,29,284.44413150051065,11.803617918826196,high,4,5,1,0
105,41.4118365157492,44.83535944100407,2,1,0,-0.9254398495283828,12,17,291.33794645305795,22.058042985683425,medium,4,5,1,0
113,46.828901523183816,47.39031012371661,1,2,0,0.7956302069764347,40,36,361.415410458634,13.49469408958687,medium,4,5,1,0
103,38.37031420807976,92.47831299876655,1,1,0,0.5906433234212778,58,20,265.68522223809714,12.14332033602484,high,4,5,1,0
269,57.62995060702999,41.97771765406755,2,1,0,-0.1288247228375298,45,49,193.70792894151083,24.16329876672412,high,4,5,1,0
169,71.01649203440024,61.336832664383984,1,2,0,-0.4550411933593201,67,44,365.39863109943786,14.251670246238994,medium,4,5,1,0
96,15.747528038671076,74.48681992711118,1,3,0,0.0284465584704209,56,9,292.04639708102854,21.14332172617795,high,4,5,1,0
92,53.52266288717166,23.151039774463417,2,3,0,-0.0673452566545684,51,22,233.53546372167963,29.424709091154003,low,4,5,1,0
277,79.97235621612975,82.02088522634043,0,3,0,-0.2276851582933556,14,48,331.04862852874834,21.25561848894775,high,5,5,1,0
79,62.45453597106332,51.74227051961671,1,1,0,-0.5061434626691483,81,4,258.60833160316383,12.11623886988024,medium,5,5,1,0
48,76.16828515593157,15.325082553794374,2,1,1,0.9608306271937446,85,19,475.0298373927192,28.686461111204466,high,5,5,1,0
225,23.3411332292404,46.08761166191625,1,0,0,-0.5000551469787566,98,36,66.78164695004605,24.482612959243543,high,5,5,1,0
235,43.17470673166903,73.77783134658766,0,2,0,0.0413111013846045,33,39,463.4851234052613,16.976199871362237,high,5,5,1,0
241,18.51525232171231,10.419347490535722,2,1,0,0.7411241833902962,87,41,146.45930962667583,16.79111818617192,high,5,5,1,0
158,37.13989633568077,76.64491842154209,1,2,0,-0.2639344232791323,30,32,382.2458451642469,16.615698317755136,medium,5,5,1,0
172,6.72973866613462,98.89439534421427,2,0,0,0.9310115132132089,93,47,223.57925928399405,28.47843421179583,high,5,5,1,0
130,30.93408517563622,82.18356749611964,0,3,0,-0.2426912207257663,23,17,262.35822170425024,9.398819502000498,high,5,5,1,0
132,37.84739279884929,77.70639688073848,1,3,1,-0.3893297591020088,27,33,407.6645907161935,20.0282752070796,high,5,5,1,0
89,75.57861046563515,35.977980901424544,0,3,0,-0.9319984231929052,78,33,56.38424193896492,16.14211864480125,low,5,5,1,0
10,23.40629301678017,58.38334758587057,2,2,0,0.4019873173615658,13,10,305.6228536097433,16.235955822243806,medium,5,5,1,0
73,71.52857183713444,12.494067447431162,2,1,0,0.3681872387961928,29,4,80.73102172973694,9.664852450586949,low,6,5,1,0
124,73.60287326571063,42.082247014711726,1,3,0,-0.962214939445722,38,40,121.1541411774632,19.079645899728646,medium,6,5,1,0
176,22.089309924617687,51.95444996908149,0,2,0,-0.1451641599737807,64,18,134.74699226259978,20.22060560746513,medium,6,5,1,0
72,36.91034471509828,65.12372198936416,2,1,0,-0.9731066917097684,27,40,470.0845569515338,25.574361609659825,medium,6,5,1,0
188,47.51840360005374,40.84490483521993,1,2,0,0.8499903542451279,25,33,355.880656283199,15.727100075931697,medium,6,5,1,0
160,23.659507161217636,50.65551341574077,1,3,0,0.4423498351290433,11,27,454.652182709842,29.931386377740875,medium,6,5,1,0
230,77.88424014491756,96.95852258053304,1,2,0,-0.3517852352028594,47,11,475.7947345171126,23.268576674379,high,6,5,1,0
290,9.226210585120455,21.26897183176462,0,2,0,0.6801611490938144,88,43,401.698982707391,13.012252857066684,high,6,5,1,0
90,6.727809246681531,59.85704431694817,2,0,0,0.477484993363636,51,48,71.57010470856198,22.63147868315099,high,6,5,1,0
211,21.919583981173115,81.00705796060025,2,2,0,0.9808810338816676,14,18,311.1540334410077,12.535119885702034,high,6,5,1,0
195,45.26663581853425,97.44252419249402,2,1,1,-0.0924608739714838,16,0,86.46606758185385,23.28138658586642,high,6,5,1,0
11,40.8991876755562,76.835475103493,0,0,1,0.3488889517714302,44,18,138.8768982512711,5.064927270894255,high,6,5,1,0
295,70.90677628325012,94.67667839270372,0,0,0,-0.3986615823818913,67,10,160.98521174509114,11.60044786269507,high,7,5,1,1
273,7.5741035729401585,78.2840966951247,2,3,1,0.2928085800213749,55,33,268.4691022264239,5.137629732920977,high,7,5,1,1
49,21.46644443591138,16.32026463113708,1,0,0,-0.7491529689403702,14,43,333.63341190962785,16.296050062822395,medium,7,5,1,1
263,68.14403291696794,87.72488866868214,1,0,0,-0.8085887953013304,10,22,437.9608287501248,21.112155254818365,high,7,5,1,1
191,72.71734170558459,74.51854430749337,2,2,0,-0.6288191299990042,71,10,93.62754684318406,24.588549041037016,medium,7,5,1,1
65,77.74313766021581,70.75460448748456,2,3,0,0.1340438721013781,10,35,486.4385553051815,28.08822360499426,medium,7,5,1,1
256,33.20451849549855,81.35459972330223,2,1,0,-0.5034638441624595,82,47,487.3726782983142,21.17694564623529,high,7,5,1,1
225,27.528030512702387,50.72781815625439,1,0,0,0.829080773334421,81,7,71.11372498494735,26.400083057521297,high,7,5,1,1
295,24.85505429978458,32.42699493631162,1,0,1,0.5443676729699738,96,44,308.3308922895708,23.19171635811864,high,7,5,1,1
88,18.849449885824736,41.87166259770767,1,2,0,0.3127553591500904,73,39,430.2386030333065,29.72870250071383,high,7,5,1,1
36,23.271312369218343,21.28748719869345,2,0,0,0.2855387398044511,21,48,136.31578032626177,23.331693457327592,medium,7,5,1,1
184,6.436212609131957,16.83825150333755,1,1,0,-0.72371493873181,39,42,376.2696996207988,6.477472804035179,high,7,5,1,1
281,26.51528988305335,91.0882928070618,2,2,0,-0.8442561109904649,49,46,493.4827263644556,27.809144612013228,high,8,5,1,1
39,71.00982186378272,21.14418608414359,0,0,0,0.016521201426636,61,49,474.00014287317407,5.686895646341096,low,8,5,1,1
289,41.126014556971306,26.55289218107754,0,2,0,-0.8933625536304142,92,47,410.676747173644,18.41205021594505,high,8,5,1,1
183,5.776360740865417,83.20403939152017,1,2,0,-0.3106549748824279,80,0,245.53270520549853,9.806261215631604,high,8,5,1,1
205,66.95547009644255,10.694704455295078,1,1,0,-0.4241448914465231,96,36,363.4131962936778,23.05070111342875,high,8,5,1,1
274,60.2811185381923,25.153826486931116,1,3,0,-0.577092265775017,59,9,57.88165489879727,26.83402817208731,high,8,5,1,1
250,60.34912758152591,29.32775705582044,2,2,0,0.7065985568494384,8,46,485.336641285744,5.247362742254259,high,8,5,1,1
144,71.40646109059406,38.42464069637357,0,0,0,0.3048761645995319,41,8,302.91952809633574,11.361725659005094,medium,8,5,1,1
246,70.80037711594427,16.17066407644196,0,0,0,-0.9840151328827073,81,27,410.12239361039946,14.394248323503668,high,8,5,1,1
257,7.727510812201809,70.37820838362788,2,3,0,-0.7555360814709382,36,24,84.87832176975272,28.507841046916493,high,8,5,1,1
21,55.30718033717447,46.9609425959996,0,1,0,-0.9651430758555106,88,32,296.17829267055373,20.697142803462818,low,8,5,1,1
154,35.23965020795555,65.45315293033525,0,1,0,-0.1454549027210754,52,36,355.7572448842598,21.29833565580521,medium,8,5,1,1
189,34.84727819268815,12.673827280907844,0,2,0,0.083693802842482,89,49,404.54457650375184,20.370084722834527,medium,9,5,1,1
209,63.077402074235295,89.99949450406649,0,1,0,0.7775849991801809,18,19,353.21551278537027,14.666316220665111,high,9,5,1,1
137,61.86109046755495,92.94385220890378,1,2,0,0.146449256095744,35,36,173.93591350391637,13.572531337926351,high,9,5,1,1
248,65.07614769192008,80.99772461880704,1,2,0,0.1787686369963654,6,49,108.6429373000116,19.683088138706008,high,9,5,1,1
40,32.82090870204622,48.12504742263216,1,3,0,0.2626278613317188,49,1,229.8584603444081,22.303688827235472,medium,9,5,1,1
202,32.10270703770624,67.665580186484,1,1,0,-0.2949563095421612,81,46,99.71091996756864,27.77650713258774,high,9,5,1,1
91,42.254294972507005,88.3832585583483,0,0,0,-0.643807094645626,48,46,275.5763393762452,12.607364887491952,high,9,5,1,1
292,24.598930883915703,11.586692207574709,2,3,1,-0.1116914159926483,38,8,54.54120475823594,11.598285809277783,high,9,5,1,1
295,79.6399022010631,98.28211686851844,2,2,0,-0.3992876304386046,96,13,439.2209540813722,15.412709826013334,high,9,5,1,1
94,13.925448141431604,50.66168449983314,1,2,0,-0.380502492497432,24,40,81.3193058642688,24.1409429236753,high,9,5,1,1
125,27.514034865274247,15.263726217957476,1,2,1,-0.799510625611465,57,37,207.13425944921104,12.138030433138104,high,9,5,1,1
212,35.72765112040496,32.62616833656708,0,2,0,0.6278598452075363,84,21,496.6202458534781,18.001699478708964,high,9,5,1,1
287,50.96687128585057,35.78235145621065,2,1,0,-0.4842977873425418,20,17,316.1888338236539,26.764208595935543,high,10,5,1,0
229,49.708699913246654,45.23765383605917,0,2,0,0.067336815227986,64,5,276.5003946948859,10.733539012906247,high,10,5,1,0
271,54.459475165266674,64.83935145879855,2,2,0,0.1246813222542322,72,42,273.65642740092125,27.77882382050326,high,10,5,1,0
151,54.03922794247487,40.13597597063705,0,1,0,-0.5441696717878768,60,33,278.4364021622319,14.560244952635694,medium,10,5,1,0
224,69.54226247988585,19.4297211788722,0,3,0,-0.0007781216120152,53,13,241.34171009297796,18.323713758948028,high,10,5,1,0
153,43.508425413689366,88.01027938708957,0,3,1,-0.799714051177554,91,28,414.1764722444439,12.957906962537091,high,10,5,1,0
193,48.36634694027271,73.14410322444064,2,0,0,0.530379937174013,6,31,212.1956728980145,5.433355089217385,medium,10,5,1,0
244,60.13177681404992,64.49751522513404,2,2,0,-0.6696670724254659,15,17,473.256935061655,12.226554186768706,high,10,5,1,0
253,13.822425120314993,90.28541724690344,0,2,0,0.4780426711664987,80,47,177.00010191126404,24.188376073182503,high,10,5,1,0
145,59.66712718989089,38.377927807937255,1,1,0,-0.0933946342540441,91,40,70.819143635108,27.373088515341266,medium,10,5,1,0
286,24.838913550797425,36.250538555664505,1,0,0,0.6210194648092935,95,25,290.05678872587663,12.5998923749844,high,10,5,1,0
296,43.70702568135994,29.6591646088778,1,0,0,-0.5665181276579407,25,47,399.0986125492962,28.98745423824052,high,10,5,1,0
192,53.115750771391184,69.41855650667753,2,0,0,0.5777768498199014,53,16,410.2026173340333,27.68012875509351,medium,11,5,1,0
59,68.02684027636556,54.67276690038887,1,1,0,-0.0171836524347002,50,12,496.8335114716537,13.743559982512895,medium,11,5,1,0
202,79.02957018330706,34.103447679283754,0,0,0,0.4174012814249952,82,32,160.12223401337133,14.69424178486326,high,11,5,1,0
117,25.398106593893612,40.15985071379068,1,0,0,0.0904014542917976,17,44,389.9087482475053,14.093714004807191,medium,11,5,1,0
219,69.81213625179002,26.293969900982404,0,2,0,-0.8906069097229168,86,44,187.02744080254152,26.048436010371585,high,11,5,1,0
193,66.14784416203304,19.521969384412397,1,3,0,0.8520305345158106,34,34,430.7264394013179,26.30443681334826,medium,11,5,1,0
32,29.21634392794628,28.61224915074937,2,1,0,-0.2379590926172643,1,20,186.5735311295669,18.91614238792519,medium,11,5,1,0
190,54.568722848336726,61.15431360210016,0,2,0,0.1352558216840564,2,16,143.26734281456245,15.68560535499321,medium,11,5,1,0
21,17.255978804702124,81.55490409847035,0,1,0,-0.4833559940234744,82,19,72.8425366130098,26.75919554303476,high,11,5,1,0
74,6.216420093748951,45.9671766291633,2,2,0,0.9617193608275988,73,26,498.23190296073466,7.110838116594263,high,11,5,1,0
251,65.45646946970612,32.54731381344102,0,3,0,0.4685229587579056,49,2,473.69842167267046,10.221419964813885,high,11,5,1,0
12,21.930814609347312,73.04336652744621,1,1,0,-0.3970378339477065,36,24,404.3525323109746,26.175792256350405,medium,11,5,1,0
255,52.695260598082506,41.09100540349328,1,0,0,-0.2764259967801663,1,43,421.9473363250132,25.31517106313798,high,12,5,1,0
118,10.280847074533751,87.81454295927723,1,0,0,0.8766798336552111,44,29,481.4437202331699,17.61675178490011,high,12,5,1,0
29,12.35558976730434,34.39223702514816,1,1,0,-0.8152796569742966,2,24,453.4744828528044,5.194080445773598,high,12,5,1,0
174,59.82379607986093,81.82004902034447,2,3,0,0.5380252388384938,63,13,82.550542926393,23.76777803539663,high,12,5,1,0
170,53.39051128137008,77.88896878860251,2,2,0,-0.0192605215519292,23,46,200.16972376852056,18.8530661466381,medium,12,5,1,0
191,73.30085434615962,33.02595253231394,2,0,0,0.6335952173538257,48,17,187.530830800959,21.815610339866588,medium,12,5,1,0
165,5.002789464754283,34.61382826943927,2,2,0,0.2196065691205833,36,28,315.65678975074474,8.655205842038844,high,12,5,1,0
247,12.341045354870898,52.792280364828414,1,2,0,0.958805593454748,66,42,285.6938238133599,25.554484963837748,high,12,5,1,0
109,5.910949590760724,73.64493108375169,2,0,0,-0.3733361366582446,3,16,469.6931023229476,22.70783630195145,high,12,5,1,0
146,24.039614637743213,27.952636552671287,1,0,0,-0.0017127889278365,25,29,190.2388299795463,11.868743462846355,medium,12,5,1,0
52,69.85898494789896,79.37902472173147,2,1,0,-0.1545370321510935,42,0,203.6441075924793,13.540511631865892,medium,12,5,1,0
46,73.67389821865241,87.74976264178434,0,3,0,-0.4200331506801815,37,38,152.53400851017747,6.719463999495591,high,12,5,1,0
184,15.056027230608716,98.8516014797822,1,1,0,0.990834206652948,98,24,67.16584652947955,8.19852858870096,high,13,5,1,0
77,55.92568816078951,35.37546760878489,2,2,0,-0.9522511841537018,53,37,239.8384712370242,20.679361739730325,low,13,5,1,0
50,5.684334351440269,56.17140445800232,2,1,0,-0.8568165177547562,79,6,62.593951243765176,14.402018861466756,high,13,5,1,0
107,52.47894203781016,62.95492637969487,0,2,0,0.6084406945075143,9,1,94.85595431484552,22.86022069924318,medium,13,5,1,0
228,74.59396502470759,15.954633284128157,2,2,0,0.1542607061841565,57,7,137.44493967929066,21.80731874827813,high,13,5,1,0
203,46.95661638530485,23.93161126864547,0,3,1,0.0573669591424872,57,36,421.8553924588202,13.107428743014184,high,13,5,1,0
35,29.156029748040996,32.0660023485908,2,2,0,-0.7576422996270087,15,34,131.136698272817,19.751512780530646,medium,13,5,1,0
13,24.21321907464149,18.572404959251884,2,3,0,-0.6909268541701497,83,28,244.18092253144488,25.68544013411621,medium,13,5,1,0
32,60.61608834501633,23.23393876273426,1,1,0,0.9941616729353356,71,14,102.67991901396792,5.768969945773862,low,13,5,1,0
32,63.85256136342179,20.862768567791345,2,1,0,-0.667404644627533,56,13,339.8712665171741,8.772203546059488,low,13,5,1,0
15,16.42377788905219,68.08675389028303,2,2,0,0.3603712151675986,14,14,324.6649809077545,29.14239434628538,high,13,5,1,0
91,12.236325405855428,25.42728057849549,2,0,0,-0.55418200689896,45,19,128.24591321723784,13.440547469686985,high,13,5,1,0
122,54.33325757342723,89.47056409348993,1,1,0,-0.6078413430037783,1,15,409.9173089952602,18.086569349199586,high,14,5,1,0
188,58.45746037507665,42.25344601452489,0,1,0,-0.9356125373948532,6,11,126.92237570602693,5.431286870986061,medium,14,5,1,0
66,26.609133550992933,27.249038630055967,0,2,0,-0.5456669915068695,15,37,290.52738682459665,24.56963940993361,medium,14,5,1,0
89,5.174482614574679,95.4926947055125,2,2,0,-0.1150089316815758,66,39,352.047481409074,5.75945610186938,high,14,5,1,0
38,23.70297625785635,72.5716372729129,2,1,0,0.8876291250034534,58,38,101.93655809444122,16.625891529912987,medium,14,5,1,0
129,60.16146826512327,12.491392312963187,0,3,0,0.1128713158670877,18,20,121.10527111546536,16.09800647079335,medium,14,5,1,0
208,29.58069323684204,32.48926150627246,2,2,0,-0.6832728933523289,59,26,351.92950638768986,14.780605066476678,high,14,5,1,0
260,69.85597723590683,51.15073599830996,1,0,0,0.2737349760230991,45,46,481.6691381024237,9.028474809514517,high,14,5,1,0
34,23.4359504712469,79.81303571325782,1,2,0,0.4481281021332686,99,11,187.19041696265603,16.087885477194522,medium,14,5,1,0
123,69.39988561840765,41.09156607549495,2,2,0,0.6716696351345726,7,35,300.9484101239118,8.671851146522862,medium,14,5,1,0
139,77.82294876160852,76.38925549282904,2,0,0,-0.307196805515715,90,38,273.23419918271304,12.134241129749377,medium,14,5,1,0
242,11.28229109476429,67.74368323913443,1,2,0,-0.1717768846077636,2,20,72.3188794828164,21.993053245618107,high,14,5,1,0
253,15.854108222291975,70.25467281884933,0,1,0,-0.0359855394179475,82,33,467.507327387516,10.16731090112265,high,15,5,1,0
186,36.49729738461753,23.55199621139932,1,0,0,0.991816026867944,69,23,55.3384744349724,6.302731522060071,medium,15,5,1,0
247,79.97990119456934,76.80229856004385,1,2,0,-0.3505941475993324,71,47,393.0090639106472,10.453316298708922,high,15,5,1,0
33,33.09540855343052,59.57886102901166,0,1,0,0.8710557029815791,50,38,412.2541407147906,11.266541244624015,medium,15,5,1,0
274,69.99530677384531,55.24768510070044,2,1,0,0.0876707251766621,11,7,251.13806264537092,25.194915205443493,high,15,5,1,0
92,59.43694688914611,50.101130581798806,0,2,0,0.9153034640167204,55,27,248.2532286939472,16.86491067436196,medium,15,5,1,0
124,32.13982002927007,21.850153740025064,2,0,0,0.978030790190848,39,15,90.65091799579284,18.93755498408888,medium,15,5,1,0
260,37.65750179606457,52.57241474978837,0,0,0,-0.2404313223087915,17,31,136.11919666703693,13.649715834286717,high,15,5,1,0
273,27.05981397684601,37.2000635494508,0,3,0,0.558842374847204,88,44,266.490029801568,17.047457389091264,high,15,5,1,0
57,62.22726237848593,33.63484230239092,2,3,0,0.4027969020762549,40,14,152.33409741010132,9.712998394308936,low,15,5,1,0
155,15.448635390735236,11.301835672531244,1,0,0,0.8238235468396458,98,48,121.87315820187044,7.103239374882501,high,15,5,1,0
146,74.6854970592777,58.71384925925198,2,2,0,-0.4389996641575711,54,49,227.33335968431732,5.497913584237722,medium,15,5,1,0
10,58.2834218487584,15.19852809084937,1,3,0,0.0229003632555233,37,12,460.96205273868776,10.377099889544892,low,16,5,1,0
148,51.57135073963026,96.0582740476226,0,0,0,0.9843127720875612,97,22,221.94288083618488,29.666548345294725,high,16,5,1,0
47,72.1424243517688,48.88584444413348,1,2,0,-0.2120980121208902,53,0,306.72913367948684,9.72691523975293,low,16,5,1,0
274,59.86507989708458,95.59115412965176,1,3,0,0.4628306502589445,3,3,440.8083139850882,15.917496383681558,high,16,5,1,0
202,77.5169992185833,42.89905776661505,0,0,0,0.3486717536871186,6,20,370.3704150886416,14.976587532416636,high,16,5,1,0
167,23.7024405131048,57.40169144849997,0,3,0,0.4122492849433086,45,15,192.8229515812183,14.633885474440918,medium,16,5,1,0
181,43.01172488049133,88.79934247947158,0,2,1,0.5333946164313854,76,5,470.3369905493276,17.834288356195994,high,16,5,1,0
104,25.399543405602127,89.0360216149138,1,2,1,-0.4236159545522013,30,14,381.6800069547938,24.05543531159894,high,16,5,1,0
255,67.38370159478737,66.22846131309306,2,3,0,0.7807775157441741,76,41,345.188031766206,25.059929764653056,high,16,5,1,0
273,75.17520115498195,11.782574078791129,2,1,0,0.1488020645930658,41,28,396.21043890761945,14.826198605392705,high,16,5,1,0
229,27.87114791510335,23.934979308351306,1,0,0,0.6152557554512192,42,6,308.3072852494015,15.714861557118985,high,16,5,1,0
180,61.36078944312542,92.75329292607312,0,1,0,0.928311272264824,89,26,224.67638948379556,19.726855101101343,high,16,5,1,0
241,5.8180035787311,11.99786105725766,1,0,0,0.4969748995237246,18,22,202.0685760245854,16.660878958726315,high,17,5,1,1
32,68.1261684417926,70.74256755501156,2,0,0,0.1332193436020108,23,17,359.0456494395045,17.233026694559292,medium,17,5,1,1
197,18.36890295279436,32.745642497990616,2,0,0,-0.0816318832305555,90,49,368.6077299761324,7.55237324840393,high,17,5,1,1
137,21.963638199507223,17.931453833108883,1,3,0,-0.8862719988877279,63,23,281.67565156158594,23.22218178424648,medium,17,5,1,1
249,78.23759379453062,31.04747075471502,1,2,1,0.4262329966327751,94,35,199.15683017448396,23.449060567470465,high,17,5,1,1
294,38.164999947380046,11.175934617585568,0,0,0,0.7864744043752001,86,37,173.31047698093056,16.80981470230488,high,17,5,1,1
135,41.20566918734696,14.749835323598989,1,2,1,-0.7119027244481411,46,21,76.8225401574227,21.989276109804425,high,17,5,1,1
252,47.54485553837723,86.1637801843512,2,3,0,-0.2494845217633929,80,13,459.12851868557664,21.71361160402001,high,17,5,1,1
39,51.280505477037536,45.54893175727487,2,0,0,0.339959668921006,47,20,392.057463835421,12.934979392406058,low,17,5,1,1
40,5.386697589704074,84.69384743736607,1,2,0,0.2897372956698214,99,36,305.8914128385208,5.710135119460162,high,17,5,1,1
200,35.89473736300659,89.5337690998429,1,2,0,-0.8167010390323246,53,35,469.2634143251887,27.774554751678817,high,17,5,1,1
88,19.747179987317622,16.150525312915597,2,3,0,-0.1943405610410107,94,9,347.0725905945377,5.27544122367078,high,17,5,1,1
260,45.634587320888215,20.67833665563357,2,1,0,-0.9499387486715428,67,43,309.9049352054789,23.257053261360973,high,18,5,1,1
168,39.32652982780516,20.64732991817056,0,0,0,-0.8932084525209945,20,48,241.6498086779421,5.322532161336392,medium,18,5,1,1
277,11.44354492637097,22.047572182958447,2,3,0,0.3273355399502355,81,26,209.3298407183663,19.22539403292696,high,18,5,1,1
199,8.819191297768556,70.49484604960963,0,2,0,0.4212312918534433,81,34,423.9234029403448,5.1782573020342095,high,18,5,1,1
52,57.72998574203473,31.208216719562717,2,3,0,-0.9275375336781506,94,1,253.5022032733669,8.747458786687963,low,18,5,1,1
163,31.74830239538338,57.319851319252585,2,2,0,0.6683938122303692,93,7,377.0189777968536,16.655892721687852,medium,18,5,1,1
261,64.13587202569823,38.8340104546469,1,1,0,-0.9101299799084914,75,5,217.17447087872188,5.294932955931179,high,18,5,1,1
111,29.381819713298,47.68613507819705,1,0,0,-0.6310718267880633,37,22,476.4721238358302,26.664179437819257,medium,18,5,1,1
267,61.12541994847021,18.375262387843872,1,2,0,-0.8344475252464134,58,48,67.89731978373433,23.79180461728994,high,18,5,1,1
82,8.806703049814203,22.86800578228147,2,0,0,-0.5023423905830526,80,13,437.7287597523526,19.408462207815354,high,18,5,1,1
62,36.28999113804981,88.26668529166339,2,1,0,-0.0829529522161232,24,46,78.62400041933414,20.559983837526666,high,18,5,1,1
135,64.19640342893899,94.34849563706707,0,1,0,-0.6466364127892461,17,28,458.0687246214377,23.22383266636921,high,18,5,1,1
95,34.983985614419154,59.6943226967594,1,2,0,0.5275143632478427,94,38,100.89861594919644,23.731840018190805,medium,19,5,1,1
281,49.80835962559293,65.44495801513133,2,0,0,-0.7838496711914573,50,42,365.93421909182814,14.30527121339728,high,19,5,1,1
162,74.94238309677702,70.2921418019585,2,3,1,-0.0200176296985719,91,15,126.608873905869,12.302803109610032,high,19,5,1,1
70,67.10686789151109,34.617255893472944,2,0,0,-0.7858942880316997,17,43,214.9834241472197,21.519696466091823,low,19,5,1,1
112,66.96524897580687,78.23133056129883,1,2,0,0.3404563324684881,82,15,497.43441633478994,15.645245581374226,medium,19,5,1,1
136,23.062336281118025,81.15033394767883,1,3,0,-0.1818293840370899,67,46,430.915699325788,10.937247516766814,high,19,5,1,1
114,24.241474566163834,66.2323279080467,2,1,0,0.4252340336798395,17,26,278.16202075403373,28.201746337208657,medium,19,5,1,1
73,45.97337395365285,71.10278442403737,1,0,0,-0.9103317771089228,81,33,168.8680699542553,12.413345050870111,medium,19,5,1,1
235,44.65530728898444,49.684671079421726,1,0,1,0.8658310204308859,34,17,148.85858321686948,10.806424027423668,high,19,5,1,1
202,49.417231064617454,66.27240135651222,2,2,0,-0.450404379405888,39,18,275.8590282049112,19.396036377857108,high,19,5,1,1
226,30.76678029475389,18.14495336669921,1,3,0,0.3813789715989752,38,10,464.2505426186842,10.240213817557333,high,19,5,1,1
64,79.25711231824802,84.0663311847377,2,2,0,0.587488659032499,45,0,110.06019764853862,15.291388417055192,high,19,5,1,1
247,53.30713257754484,20.59281670671992,2,0,0,0.3485513984684896,61,27,461.34756020260033,24.72138727345138,high,20,5,1,1
76,18.382510157761864,68.25595043033763,2,3,0,0.132819478994705,5,9,351.8290931608302,22.361186972928422,high,20,5,1,1
40,29.58310112755564,65.37664275367223,2,0,0,0.8942319948593886,79,10,108.37484034608738,26.39656479249285,medium,20,5,1,1
144,17.88946111069814,66.85967900685398,2,1,0,0.8113404727611939,44,14,442.9786467258192,6.643040713547836,high,20,5,1,1
244,69.60309265787791,31.907491629104808,0,1,0,-0.8623265194576206,13,3,392.6985872309986,27.24127640599437,high,20,5,1,1
66,55.35985851866941,35.66804917255636,1,2,0,0.002189216945768,2,3,137.7415643136565,24.22406823564885,low,20,5,1,1
149,33.91544639697885,52.92099281190703,0,0,0,-0.2938180018429925,30,6,373.6552025141095,7.593337981002797,medium,20,5,1,1
138,26.43819320430348,76.10849867277042,2,1,0,-0.5667039461836352,70,19,380.62160889902646,12.85389857000968,medium,20,5,1,1
261,32.7904059686083,96.69564439695438,2,3,0,0.4703659337477488,63,7,259.2814334071468,22.036793667740216,high,20,5,1,1
166,24.286478459532837,65.48151328366487,0,3,0,0.6982857421425264,65,14,439.461932470767,17.637088299420387,medium,20,5,1,1
15,24.07048071797444,77.49855758015336,0,2,0,-0.8142043907254415,28,7,102.74892816842488,23.68844576843336,medium,20,5,1,1
135,52.809728454607786,16.607320080973324,2,2,0,0.6184228083758418,69,45,107.39559968243452,21.644725699558943,medium,20,5,1,1
162,68.10960475362671,51.74151022872894,2,0,1,-0.6090151703339495,37,40,209.055710995236,24.419580420885847,high,21,5,1,0
262,36.09426493238711,55.90111065424989,1,0,0,-0.1383792192631248,42,33,347.16121744941324,18.5446860972114,high,21,5,1,0
172,29.355116834573938,85.77290121044598,1,0,0,-0.0348703108585986,18,1,221.8257585030128,24.06971230991902,high,21,5,1,0
129,57.94147918072259,52.58836073223108,0,0,0,0.5968224835208089,34,16,490.6239400791575,27.76363394559465,medium,21,5,1,0
239,66.29904790497407,38.182520129138325,1,2,0,-0.3081901960470379,44,36,268.1572821787883,5.704560269693899,high,21,5,1,0
123,48.07655676224593,16.206976801010548,2,1,0,0.9598669851001616,1,23,367.8661934587653,8.686705288721335,medium,21,5,1,0
272,42.71105405531506,98.75875368068893,2,1,0,-0.2201105491829968,68,8,308.5645069976719,12.075144773150733,high,21,5,1,0
203,9.46287984009078,23.96533969875216,1,0,0,0.8668523438223876,27,19,325.28187297344687,22.59663788506394,high,21,5,1,0
241,65.28678138849274,91.3052868126276,1,0,0,0.2248546196504675,14,35,463.2775014701149,12.401322959708285,high,21,5,1,0
150,44.174505176819295,60.27203918143979,2,0,0,0.4626271190986952,10,31,301.6202075650697,17.90731237510081,medium,21,5,1,0
201,53.92399858185436,37.68197278753392,1,0,0,-0.4854128887560436,5,30,167.56475910335837,9.388529100257196,high,21,5,1,0
10,75.90324516105134,12.24604660874417,1,1,0,-0.5066068288271934,31,46,293.5970959020492,20.223261718677463,low,21,5,1,0
175,68.55765157174989,91.5872052165622,2,3,0,-0.2752884644345521,11,24,392.0096068084377,20.003892028521616,high,22,5,1,0
162,54.71607506026638,81.82391535616078,0,2,0,-0.8752603871774276,63,24,84.19528261501294,27.5226472303642,high,22,5,1,0
283,55.47942680886359,96.03078860018844,2,1,0,-0.6002954960936435,54,20,165.65132576054424,22.00671620343577,high,22,5,1,0
24,33.16149522006391,60.66589324895017,2,1,0,-0.0097877733048645,42,29,71.77069815060986,25.702533478632184,medium,22,5,1,0
171,79.19548861760178,44.84152688153598,1,3,0,-0.0525305177552906,16,34,498.13554851673655,29.006132475627084,medium,22,5,1,0
218,34.84011267879227,47.075991251459584,2,0,0,-0.5966954078995328,93,13,173.10973182672984,24.38548644014541,high,22,5,1,0
252,6.253543593274434,32.40842890521836,2,3,1,0.3358645693691904,57,7,225.29943376530105,29.1401940667617,high,22,5,1,0
210,52.24171157196595,99.33259308202231,2,0,1,-0.7042743748853122,13,22,246.1801460562621,18.44819739618228,high,22,5,1,0
151,42.36200891099071,26.348839803287355,1,2,1,-0.011207111066054,9,6,173.1394960863478,24.72145811404711,high,22,5,1,0
215,18.180300774320447,87.42240436861434,2,3,0,0.3721319238065248,22,41,305.7614597251396,5.176681969087725,high,22,5,1,0
140,67.38097184283905,65.37769338999993,2,0,1,-0.6481542528555038,18,7,259.0982079701978,14.561378206740812,high,22,5,1,0
83,48.72715624813792,74.7920087357664,1,1,0,-0.6922360075106149,51,11,455.8020878845482,10.237565400945083,medium,22,5,1,0
158,39.21990099981518,26.179727553394734,2,3,0,0.7445867424650787,97,6,387.2304266810885,8.941795560163422,medium,23,5,1,0
45,10.770878097402605,93.90156012276378,2,0,0,-0.7146990098448263,19,45,149.80677118819463,16.69340359809365,high,23,5,1,0
82,19.38513963138695,26.623527535584397,2,0,0,-0.6887148153236171,54,16,140.29720979257914,8.14600008010435,high,23,5,1,0
98,38.3014135681163,64.63836046840063,2,1,0,-0.0012200298453222,77,10,174.95465408203626,13.278863852588286,medium,23,5,1,0
123,15.911469895533754,55.51110765453324,1,1,0,0.5204818348862965,45,47,358.90944796223255,26.7969754564438,high,23,5,1,0
198,19.84479455356572,33.495198127134984,1,3,1,0.7236956489130191,25,40,325.62990087893854,15.775514602323293,high,23,5,1,0
136,16.561049099448372,30.77082068068157,0,2,0,0.0860983712140932,65,39,368.1357082676968,7.52771882481683,high,23,5,1,0
221,70.08462479503866,29.56056144566907,1,1,0,0.9436444030068448,78,8,86.34575487112261,29.66430277269329,high,23,5,1,0
137,79.4214444749464,84.5108986901204,2,3,0,-0.0341041158558454,29,41,349.218196630785,25.11086321326502,high,23,5,1,0
214,25.42382570832405,19.376250386937507,0,3,0,0.3821161341738326,22,19,221.76996572556376,19.23441410206356,high,23,5,1,0
281,13.26474992879452,58.18370581175113,1,3,1,-0.3767215807261768,35,0,379.0542809968871,19.28010722812556,high,23,5,1,0
222,76.76166015647462,74.0698848348149,0,0,0,-0.260474304340675,43,13,356.8395922478626,18.36945346254002,high,23,5,1,0
19,77.2437574054963,92.27775067294108,0,0,0,-0.432892162678552,94,2,375.1186187609813,19.579780427157544,high,0,6,1,0
163,62.40797771097624,21.771769476671142,1,1,0,-0.7067105558561653,22,9,218.3480879808099,21.376917389696715,medium,0,6,1,0
136,34.94910354868612,38.50897944506799,1,2,0,-0.6402504256140074,94,40,494.6611368887836,22.690240690654598,medium,0,6,1,0
189,70.22677508648658,98.86382519212042,0,0,0,-0.542738200405317,47,4,368.76485532722165,24.057561010755343,high,0,6,1,0
281,14.16203731874647,68.25997099365259,0,3,0,0.2547448452997738,21,46,274.9806060507146,17.942373647104915,high,0,6,1,0
80,18.42967151997423,34.19133842233467,2,0,0,0.7540862170799656,23,41,273.0300831540946,26.18313527383334,high,0,6,1,0
239,36.56786332695689,86.06266894369284,1,1,0,-0.8229646923235143,84,32,485.55202695900937,29.57339576761919,high,0,6,1,0
80,46.90989754386457,59.0156394175294,1,0,0,0.5679480639588035,90,31,104.03361823088524,13.524146465972994,medium,0,6,1,0
97,8.926996956879176,76.23317962131358,1,0,0,-0.6376224564983788,54,28,395.3302183681584,27.65272680444564,high,0,6,1,0
190,67.78000168673339,83.1169228456227,1,2,1,0.5057972298543116,78,15,153.59559839658948,13.80448003064666,high,0,6,1,0
175,66.69172662042996,91.81519685125932,2,0,0,0.1652024213864527,80,3,268.66626724806576,28.40627960349516,high,0,6,1,0
115,21.628096197373555,91.05042630011356,0,1,0,-0.562411363912279,9,29,215.5926580469309,8.517085165437695,high,0,6,1,0
123,38.54394390351791,11.163743026007626,1,2,0,0.1013186390372065,79,21,185.02991899768853,14.808110784204036,medium,1,6,1,0
179,56.2979240972638,37.01197196238897,1,0,0,0.4277390402997223,18,18,179.67311748185264,15.247535865973369,medium,1,6,1,0
299,43.15571262538438,72.07266755871379,0,2,0,-0.5659286291319021,17,31,59.15558915762351,27.620935174661387,high,1,6,1,0
270,51.06028325993504,68.60162128344925,0,2,0,0.2114052875973249,31,23,73.00438555341921,9.947196523168262,high,1,6,1,0
265,45.67819177246188,95.15882223118152,1,2,0,-0.892896451590165,28,16,75.39928905835828,7.238369042424654,high,1,6,1,0
92,46.7901586102069,78.77086409293338,1,2,0,-0.7632116180015209,54,3,312.42149590375783,11.381969859176763,medium,1,6,1,0
150,56.50935270741834,83.5366974969094,0,0,0,0.2407981310877862,15,46,118.81599961129577,12.650243043928178,high,1,6,1,0
150,32.7198614244566,30.36000866200956,1,1,0,-0.6352306830873871,64,3,302.94114407756945,22.453538368258503,medium,1,6,1,0
208,29.366077068113505,95.77603712641655,2,1,0,-0.6694599585673757,76,4,247.2845561648236,11.45480932650932,high,1,6,1,0
229,64.52785767651959,71.38263403223439,1,0,0,-0.9215476562513912,35,32,363.8115868185152,16.869416469699395,high,1,6,1,0
103,41.12995827094685,70.03821174007027,2,1,0,0.3241614442774052,63,7,258.7466454708399,26.69559237290089,medium,1,6,1,0
10,73.21097061421601,34.8679709466652,1,2,1,-0.1884473304739926,48,8,135.97109165544896,5.13324804340209,high,1,6,1,0
49,60.16905242529602,30.25858314087264,1,1,0,-0.8328721943183077,82,46,429.8231615079118,21.75081349678724,low,2,6,1,0
85,25.06424562884012,27.22392420490084,0,1,0,0.2914210310612495,94,40,278.1372890178494,27.11638851251802,medium,2,6,1,0
230,12.880797779709107,85.3404076281406,0,1,0,0.0973266080504424,33,10,486.0114415228271,18.4247246307098,high,2,6,1,0
247,72.74879146090883,70.312929254896,0,3,0,0.4860170766702651,30,27,477.78173381931344,6.729484554363389,high,2,6,1,0
129,23.41482183933089,91.07647327243916,1,1,0,0.8263066436696056,61,36,383.5786516310716,13.448011430695876,high,2,6,1,0
182,20.75172029644272,64.02086065198974,2,0,0,-0.6523658860768691,38,16,271.2525619707316,17.54363586851984,medium,2,6,1,0
226,61.57510382640199,10.52271355276316,0,2,0,-0.7365699666718355,45,24,132.62041873278065,10.7187954089544,high,2,6,1,0
42,12.070081258636517,66.78813024562027,1,2,0,0.8945233752785422,8,34,263.7511954580677,14.95617608215414,high,2,6,1,0
284,15.187837028844468,72.95091326761835,0,3,1,-0.0474558370268562,96,21,121.83297925887013,23.925976527392063,high,2,6,1,0
76,56.17944631183127,15.050224702270182,0,0,0,0.3281418404221061,26,18,280.85910724369444,11.341288893171582,low,2,6,1,0
100,25.453398417858004,47.12582698206848,2,1,0,-0.4626152535255732,34,39,392.4716036805722,21.808619559835304,medium,2,6,1,0
37,45.28389648593662,79.00203126261833,0,2,0,-0.6482067327399792,4,32,93.78175890139896,13.728004822052505,medium,2,6,1,0
223,62.72119467482316,71.69245681933614,1,0,0,0.2801279814160666,74,22,404.07860361837817,18.04264347873193,high,3,6,1,0
132,37.16291712139994,83.47685689289693,0,1,1,0.2885261600806685,92,30,475.3219308538722,7.212463518267524,high,3,6,1,0
276,12.966182294310585,81.69872238759469,2,0,0,-0.5474250654051269,62,23,177.38273175878624,14.258402412020311,high,3,6,1,0
25,74.4798639856778,57.70605205857023,1,3,0,0.0265332189605038,63,41,380.7022850411122,17.122843700891295,medium,3,6,1,0
31,22.084811282316544,20.58807065913874,0,0,0,-0.1309297663354993,42,46,243.51704613980016,9.593103661181445,medium,3,6,1,0
95,51.21814975504049,28.66623212298532,2,0,0,0.3851220219886853,54,22,71.35736940440908,9.070241533627712,low,3,6,1,0
41,61.05484509782592,40.88184623955162,1,1,0,-0.9787224502650068,89,3,104.6296790268182,11.376494039549907,low,3,6,1,0
168,58.174371079735664,40.96817072279072,0,2,0,0.3041102281144758,13,42,282.6242884461744,27.56064695144807,medium,3,6,1,0
158,45.22228645359028,23.014393172985763,0,1,0,-0.4502210166893252,71,1,63.19696756484721,13.865683078237968,medium,3,6,1,0
63,60.67179601295033,26.092040354178664,2,2,0,0.4035977577300456,61,27,203.3998871210145,16.465696141146715,low,3,6,1,0
136,36.372756527333166,74.19691349635373,2,0,0,0.1736512853541421,15,34,474.9582980616986,14.793054731789736,medium,3,6,1,0
279,58.53708467656757,60.41256733269625,0,1,0,-0.058779494690544,44,34,419.9276556802545,14.730904200593343,high,3,6,1,0
84,78.78275280746136,89.75984205993343,1,2,0,-0.1696040152761275,62,48,303.4841800857844,8.465180810003563,high,4,6,1,0
56,42.73853358496434,88.05023365254478,1,1,0,0.1887009983116718,10,24,321.5486471609736,16.395994866679153,high,4,6,1,0
259,73.1710381743984,12.107566800664957,1,1,0,0.034659243933266,30,28,54.21492196456588,20.93645123766402,high,4,6,1,0
260,9.46090703253144,44.64328103353891,2,3,0,-0.0378077811026584,47,15,106.6305579528745,11.834017939249948,high,4,6,1,0
36,74.90069759864915,30.73360928180796,0,3,0,0.6408271596100259,47,7,244.58341652546972,20.747766114082825,low,4,6,1,0
243,5.786729535854139,99.13678701518404,1,3,0,-0.0017923163626736,43,19,114.48667595335274,12.281735286706372,high,4,6,1,0
155,10.270943204715476,72.34141887899845,0,2,0,0.8140521535871421,13,1,346.9043878241894,28.321098169546964,high,4,6,1,0
202,28.37527236722488,80.59286311308264,2,2,0,0.2105279072185197,69,23,140.34836599839429,8.499854777954178,high,4,6,1,0
107,33.48249944633382,25.87751474350258,0,1,0,0.4147093127658408,10,20,469.6941443459653,7.203074790345882,medium,4,6,1,0
77,71.04838144469919,77.64373885309651,0,0,0,0.7013550364030694,54,40,369.5810610499904,15.49081692402256,medium,4,6,1,0
247,9.416938646491086,71.57366816933705,2,1,0,-0.9769177357053804,55,7,299.57588116972624,20.791631761530525,high,4,6,1,0
31,55.71885295582322,32.97233456978158,2,0,1,-0.90650173267921,93,14,407.9705983748223,23.90869150453718,high,4,6,1,0
180,17.012427464388434,71.42668788753369,2,0,0,-0.9278949758674296,44,6,263.7557503145131,21.15451528184261,high,5,6,1,0
287,56.3931245068472,40.47796299482855,2,1,0,-0.4626603777009459,17,45,94.28305690667636,22.450131015824468,high,5,6,1,0
193,60.202249951620026,34.40953409922794,2,1,0,-0.7576178671620719,12,26,269.08829654940456,5.334853421690151,medium,5,6,1,0
244,27.565682048729773,43.345036962108665,1,2,0,-0.3300903419250285,98,49,251.62265826179708,6.277504986987604,high,5,6,1,0
47,37.09751663054861,15.94620091253906,1,0,0,0.0809402911463708,32,22,224.7510795807886,20.559413957023388,medium,5,6,1,0
92,45.195449131089646,78.29352337495732,2,1,0,-0.7017238993019608,96,36,236.42717911972704,5.618654014037823,medium,5,6,1,0
59,21.8245234282836,12.487135931257006,0,2,0,0.8616077447167476,8,6,487.0640948954607,20.04078194678339,medium,5,6,1,0
209,78.92337405391704,98.00510072409902,0,2,0,0.0173532264657756,69,36,460.853923240812,27.0338262160752,high,5,6,1,0
64,10.492355756950856,32.1497911625505,2,0,0,-0.3230666754141342,63,29,283.08265633893075,13.862897694532547,high,5,6,1,0
127,28.66157178230044,68.15219759430673,2,1,0,-0.7790463704922501,61,39,468.1911493186613,27.71985658787545,medium,5,6,1,0
235,14.842272862005128,52.45579440440376,2,2,0,-0.9205590681094968,80,49,356.0269085599695,5.049017651800845,high,5,6,1,0
275,34.627208688665306,41.922106714085615,0,1,0,0.0453184243910558,69,5,410.1442865297548,29.306660794668044,high,5,6,1,0
241,39.16186833472904,16.854562029194014,0,0,0,-0.5882765960512495,39,4,205.97112038697864,28.591611337315783,high,6,6,1,0
203,17.842730994555602,40.61841508246405,1,3,0,-0.4477523947662853,54,37,466.3863109826173,13.871943652176345,high,6,6,1,0
200,61.41107650075556,41.558373697721805,1,2,1,0.577451776714931,65,33,231.84198462186856,28.81267646492889,high,6,6,1,0
212,76.19048879252944,29.367263682623413,1,0,1,-0.155617168951321,74,3,112.54435285844772,6.164167290476268,high,6,6,1,0
250,25.56120556687476,86.69387196066037,1,3,1,-0.9800784433136294,32,0,429.9689943738398,10.55289898591086,high,6,6,1,0
183,39.94560011149499,89.78695443525103,2,2,0,0.9940434840131152,77,48,439.663542066964,17.337407135179873,high,6,6,1,0
235,63.37711828487766,78.66583238317978,1,0,0,0.9570031653661606,75,36,400.4742754256823,27.711221329743516,high,6,6,1,0
79,74.21396951676817,27.08155862795146,2,0,0,0.1842724644623508,8,13,190.3685881818521,17.4173522144923,low,6,6,1,0
299,43.913533222175865,61.36158681439551,1,1,0,-0.2585721856769905,27,46,137.4696034268234,28.35856489763351,high,6,6,1,0
59,79.55417948124791,25.67041930596701,2,3,0,0.0882582314369238,84,22,482.5040865571106,28.9242520982187,low,6,6,1,0
209,11.37362296022618,10.010145469593416,0,2,0,-0.871057145668692,50,42,423.12376498601066,19.620439060279462,high,6,6,1,0
252,47.9431909965167,27.29837872108259,1,3,0,0.5471897212184593,93,9,82.99924429503076,16.91688824440301,high,6,6,1,0
238,30.031784099576416,75.92170734061912,2,3,0,0.2626965402375576,9,42,165.3577200575064,16.402965348064207,high,7,6,1,1
159,30.553598312207573,72.99673001895725,0,3,1,0.4592699686098278,1,27,422.6820142973111,9.30372250792907,high,7,6,1,1
259,39.80128988262033,23.723588434357715,1,0,0,0.4744653748713368,84,24,418.8843126275044,11.729880082953953,high,7,6,1,1
155,19.69010115223118,29.54843670679481,0,0,0,0.0578302193299788,36,12,202.52676694419293,7.447111053522508,high,7,6,1,1
191,66.29220783769244,15.67780491395128,0,3,0,-0.7183460147256473,2,12,270.8726824905979,12.816901424679868,medium,7,6,1,1
243,34.490361709343446,21.38099750501884,0,2,1,0.1444817571771519,79,34,290.1884274689149,15.930308922872165,high,7,6,1,1
213,18.461297116316008,69.03869026841994,1,3,1,0.3282490454076889,12,26,458.189588889855,29.77774124058793,high,7,6,1,1
116,31.375800146976044,69.54421112846578,1,3,0,-0.948210750219498,42,29,348.0903717381248,14.44960021645721,medium,7,6,1,1
92,53.60873636996008,10.627340834781698,2,0,0,0.9515559279430892,52,4,389.6158125240944,24.16749167722409,low,7,6,1,1
234,42.26648219827005,57.82180645771053,1,2,0,0.713683921460317,72,4,287.7098345216135,25.242718262843365,high,7,6,1,1
212,11.354005309387272,72.58057944238203,0,0,0,-0.4091945141213531,58,13,350.3663579408977,24.06116177063447,high,7,6,1,1
137,17.53963304574686,82.86902356316897,2,1,0,-0.0982276025530763,75,20,347.9452238870418,11.905210170275913,high,7,6,1,1
163,15.550715676083982,71.68955704919176,1,2,0,0.7871625105699629,63,42,304.984923420363,22.518210336580857,high,8,6,1,1
211,76.87507028441927,21.355732269475705,2,0,0,-0.6310026571968217,28,44,398.14757613746224,25.148972826945744,high,8,6,1,1
238,33.64798015422795,38.00786227720616,2,0,0,0.4672341347008988,47,43,337.5506215714684,14.764193489642246,high,8,6,1,1
125,79.08746964190108,32.1007241241972,1,2,0,0.997211195705509,16,1,274.61322358832774,10.403667282461084,medium,8,6,1,1
92,54.85486675985559,54.16330123858255,2,2,0,-0.9534590580114728,92,33,81.49149749406611,9.567540967873397,medium,8,6,1,1
203,53.47541835303432,53.42001120101447,2,3,0,0.907393812362072,56,19,124.75214521086234,13.33874401288091,high,8,6,1,1
224,70.71338187045737,90.8884724577127,1,3,0,0.0069399676166261,53,0,170.1708563128255,7.145523441777147,high,8,6,1,1
287,55.16523753610896,42.47900316993064,0,2,0,0.2642804327084251,88,20,64.38908684077896,26.200341338245558,high,8,6,1,1
84,56.648608320674604,93.4689086516843,0,2,0,0.1666930418679297,82,12,160.5523414275808,22.399798496416288,high,8,6,1,1
233,65.55635764573023,32.107814587262055,1,0,0,-0.3809113563225297,15,33,416.5337371224378,11.962909415800386,high,8,6,1,1
88,9.060374046808764,91.62346639642386,1,1,0,-0.725815846519585,7,18,321.55388825296046,21.180402390582348,high,8,6,1,1
147,41.73232176357769,28.890287768593915,0,2,0,-0.5353936083518871,70,22,248.43430268432556,6.471350362130508,medium,8,6,1,1
14,29.379446697834894,28.283296304513865,1,1,0,-0.738623119991477,42,31,429.6936246453399,19.89215927225854,medium,9,6,1,1
50,43.42515589782028,52.583148278492814,2,3,0,-0.2282649550029374,4,48,470.09985315839936,7.501919709557818,medium,9,6,1,1
174,17.78539284966384,31.119818714403618,2,2,0,0.2547809001176349,49,7,359.8993057386412,23.586891836381746,high,9,6,1,1
158,78.92807496383745,96.08762736277784,0,3,0,-0.0911132369813751,49,13,278.32974864013545,17.91085041782568,high,9,6,1,1
22,14.499791022881375,83.5793619822965,2,1,0,0.3077310574869125,39,42,404.26704771239264,11.15667753001578,high,9,6,1,1
256,68.81620203719602,19.97411241775143,0,0,0,-0.2066845607246168,43,4,212.84647878028267,27.140197957335936,high,9,6,1,1
211,60.717488551324,43.14043356702024,1,0,0,0.4045782712072041,95,44,83.20070183687,18.758252088480475,high,9,6,1,1
182,26.150262050285423,59.79134367891611,1,0,0,-0.4460752809289994,43,26,366.6641645527943,19.113974060919546,medium,9,6,1,1
143,58.83740140940229,96.8260799457774,1,1,1,0.911120954296778,73,38,158.3221777303869,21.273356529589112,high,9,6,1,1
152,9.948130385163392,65.83660647436719,0,1,0,-0.4697683794584941,41,23,336.9754908278612,15.099055094853728,high,9,6,1,1
143,72.37829819216073,48.957554127097175,0,3,0,0.5209838331677392,16,19,476.0863012190897,27.15870609890648,medium,9,6,1,1
35,56.48163929883903,28.30157681800146,2,1,0,-0.962794762445954,20,34,70.20202726676845,28.0897046403374,low,9,6,1,1
178,39.134883461678896,63.82916939332673,1,1,0,0.5794960447496078,48,44,105.28954739924448,7.429894475341346,medium,10,6,1,0
62,42.03356164732117,87.7592603290402,0,3,1,0.5317470039928178,67,1,478.1219413696828,13.229359888951226,high,10,6,1,0
77,33.46604329106515,87.99595840253097,0,2,0,-0.09088773181529,13,29,273.0611123489016,17.644039988442856,high,10,6,1,0
238,61.04295104957199,21.54841481967753,2,2,0,-0.0994986912041153,53,9,493.6175770298459,15.379912554695526,high,10,6,1,0
83,71.9791517592484,65.15494246805555,0,2,0,-0.9606621100929588,50,27,230.78673513305773,22.057880796255425,medium,10,6,1,0
234,11.42540559926872,79.72270394290015,2,0,0,-0.14834366300624,18,23,76.74049035681767,16.838138919183848,high,10,6,1,0
43,15.40963330969649,60.12914934337479,0,1,0,0.1076314331880152,5,13,279.7644329928115,11.97070865254436,high,10,6,1,0
149,13.75905230659356,55.74350416190258,0,0,0,-0.3460265747050166,25,38,437.30700756098815,23.10508260986444,high,10,6,1,0
279,17.81503625771009,48.10940211092081,0,1,0,0.8921007624941923,38,45,89.99434391645099,10.155937184451052,high,10,6,1,0
280,18.74358575540467,48.38860296381697,0,1,0,-0.9459982204517292,16,48,421.71160711699656,27.53480771559995,high,10,6,1,0
100,19.690966039912087,18.560272657245683,2,1,0,0.5018862989909352,14,16,354.46278214883927,18.376259291512405,high,10,6,1,0
47,73.1957177729009,33.06817508178661,2,2,0,-0.0974043875165453,55,43,57.84527972803252,23.767571438197216,low,10,6,1,0
187,32.65879865288876,36.71967227092213,2,2,0,0.4986405879945532,46,26,374.3128315260867,5.282847427746963,medium,11,6,1,0
137,56.26293893947654,91.699433629345,2,1,1,-0.8933485934182979,72,49,473.3448613837781,23.14200767735396,high,11,6,1,0
108,61.08092751085564,81.43735399879769,2,2,0,-0.4389386073912404,79,24,273.8769305466098,6.471403431438853,high,11,6,1,0
122,21.08949446399007,95.65803164764448,2,2,0,0.8339346362070335,99,21,342.9669387537966,29.97545706012364,high,11,6,1,0
278,37.15192335664273,98.29108918770493,1,1,0,-0.0088239786141157,80,33,175.7899062400266,25.237154117096583,high,11,6,1,0
17,53.08724895622192,91.19941853762644,1,1,0,-0.4580432855066429,85,26,429.07520597463696,23.89168664907904,high,11,6,1,0
93,8.07300246726967,80.87055325232441,0,2,0,0.1440696097484597,93,8,375.9353388575914,27.124748033790272,high,11,6,1,0
154,5.471178941599335,25.88828749901996,2,3,0,0.1820225078246777,56,46,488.3083242200221,19.31626294185726,high,11,6,1,0
156,78.16965784097458,13.61674460480856,0,2,0,-0.3864266468065536,86,36,400.010335390982,26.30753111198105,medium,11,6,1,0
49,70.69084622291226,15.608043624860672,2,2,1,-0.9096807280253324,57,36,81.94554823033224,6.977889980579075,high,11,6,1,0
176,60.29115957362238,32.06786801290593,1,2,0,-0.4845222282641661,29,23,361.6057400995796,5.466982934174926,medium,11,6,1,0
92,43.54463997756018,24.703621963248533,2,2,1,-0.7124923414160131,60,4,376.0679444595432,8.213178716755149,high,11,6,1,0
148,39.87953516124428,25.76617664760572,0,2,0,0.3146168941451441,7,6,431.8164204369726,20.45919762210523,medium,12,6,1,0
280,61.53749108717617,58.44443944760373,2,1,0,0.3711412106750711,39,3,400.0087683825749,13.821968884421077,high,12,6,1,0
180,74.17782676707687,54.07466386798363,0,0,0,-0.5684395584509285,81,38,60.80271335063763,21.683312569005817,medium,12,6,1,0
131,51.01479253011899,90.48374323482504,0,0,0,0.9468033799114672,69,49,349.67093860358733,8.382829954385812,high,12,6,1,0
154,42.615921106825525,50.50121165733614,2,0,0,0.9580405320719084,56,41,59.06702172112959,18.620472647398707,medium,12,6,1,0
155,78.26129674595482,58.38751258724443,2,1,0,0.1352239019245027,26,44,378.9202057248576,14.973312444553205,medium,12,6,1,0
93,66.97069206252675,98.09872590097004,2,0,0,0.7125630085879653,38,4,339.71384230687266,7.534065814640976,high,12,6,1,0
91,44.54756787403719,16.908568148890307,0,2,0,-0.8290599150547859,95,8,435.8120443880762,22.08170605359452,low,12,6,1,0
206,45.10943624930792,59.08279990997927,1,0,0,0.6688393199336962,2,0,370.2560722595208,19.099539012714416,high,12,6,1,0
211,25.99124896213396,33.994233127782,2,1,0,-0.3560516303710337,36,0,477.6925896699152,13.771864385945502,high,12,6,1,0
225,25.607533742603454,77.58948894099606,2,3,0,-0.883828153621248,50,8,92.47105619850171,23.648396805552743,high,12,6,1,0
243,28.10751443554236,87.867136232313,0,2,0,-0.3001493182053028,24,4,419.9923276570775,10.36613937354626,high,12,6,1,0
252,71.8481421724164,10.3765499723947,0,0,0,0.3421605244608319,82,16,219.74798779374035,19.45741172829089,high,13,6,1,0
254,24.48580357873736,79.78756247957725,1,2,0,0.4265645671891038,50,18,190.25834312854337,5.140128660333564,high,13,6,1,0
83,6.816177720345113,34.54833195503707,2,1,0,-0.0112135706388112,11,23,392.51138013584864,24.030463038710757,high,13,6,1,0
238,30.578611771755096,85.02783629197491,0,0,0,0.8110937604266084,23,27,303.73620502557844,14.684489711748489,high,13,6,1,0
88,26.824072541251454,57.57677315137264,1,0,0,-0.4599355086111423,20,2,389.3991243902464,26.939903740853204,medium,13,6,1,0
180,58.10189983033362,86.6551427209114,1,1,0,0.1586712434020605,84,40,250.3323817850905,28.25303655619532,high,13,6,1,0
95,69.13901908062398,76.6073853569745,0,0,0,0.9011762808281072,76,38,116.51760333336458,6.4797000683377615,medium,13,6,1,0
102,29.941505963521426,27.704477599446616,0,3,0,0.3223242597475919,2,33,493.557605765075,9.0532593373449,medium,13,6,1,0
259,26.530803736826957,31.847240085862,0,3,0,0.0632423312510594,98,48,54.08009035267145,9.657161594302936,high,13,6,1,0
180,46.40842516622045,49.36021179347683,1,1,1,0.6560312599843392,58,24,306.6726952102189,19.15291405625956,high,13,6,1,0
289,63.59024898499598,50.67000045206048,1,1,0,0.3730654231029247,44,18,105.69963523166506,20.49429181906834,high,13,6,1,0
196,73.22612011807638,94.85735452851353,0,1,0,0.6948498418276952,28,11,164.67572405997288,29.486786751664425,high,13,6,1,0
24,25.23133592682271,94.49957352278172,0,1,0,0.5938023064887954,93,43,357.24446836429075,10.531901350302634,high,14,6,1,0
200,76.5997255277093,49.95692084688235,0,2,0,0.9117035447504644,86,1,488.0188008475885,12.626356554331636,medium,14,6,1,0
178,49.370537367894585,10.513187065345628,1,3,0,0.6493061385902488,33,37,372.1742041368856,25.76147609672436,medium,14,6,1,0
51,11.182633952506306,48.5497540889611,2,1,0,0.8617010727636674,54,48,253.5741053068928,10.19331314183861,high,14,6,1,0
131,18.067248548411435,52.91001907098264,1,2,0,0.1054451589867453,13,24,127.01657463895596,10.540737119370654,high,14,6,1,0
119,15.025491826046492,81.881520046721,1,3,0,0.370343833867643,71,15,339.8741782199306,16.757517785479997,high,14,6,1,0
208,50.450448116512405,12.73322454827588,1,0,0,-0.7916841939481025,36,44,407.8059556456447,5.289020189466729,high,14,6,1,0
11,77.49564630430837,96.05126106914992,2,2,0,-0.384559301237787,47,10,428.2964319578116,18.367764944749094,high,14,6,1,0
176,46.45819728770768,89.65686319876677,1,2,0,-0.8701714966296608,79,40,495.3926882736831,23.992800806362176,high,14,6,1,0
23,51.8327857141256,65.67988482411113,0,3,0,-0.8298796305265517,21,17,65.51979136615836,13.281450124020251,medium,14,6,1,0
128,78.12966973509475,85.48405880064541,2,2,0,0.5379581127912885,48,45,235.47500848552815,21.70470577661457,high,14,6,1,0
266,35.533369560930296,10.4070363660974,2,1,0,-0.903641219494644,91,31,109.8549923523833,26.074624370611883,high,14,6,1,0
21,33.42678599181539,76.78075327473353,2,3,0,0.796831116034737,47,7,241.97791490215505,19.75710732756429,medium,15,6,1,0
87,26.405661469214785,42.67840498419864,2,2,0,0.1113888440316228,23,4,273.0032509482986,13.518451250034143,medium,15,6,1,0
291,34.48750902190432,54.26466826137027,0,3,0,-0.8100464776669045,8,17,344.313292377775,9.394520474653543,high,15,6,1,0
247,69.63099041454802,20.712439301231413,1,3,0,-0.5943318618340747,91,23,121.16578259803102,22.149447005719416,high,15,6,1,0
80,50.83962958750949,12.009549109761965,1,0,0,-0.8169349011107834,77,40,304.4737132607703,21.494932086446426,low,15,6,1,0
50,36.73227400287353,16.747648351211335,0,1,0,-0.2349979958767991,32,22,205.6755723340126,19.25401625645456,medium,15,6,1,0
186,25.54425738093577,80.32898504226928,1,3,0,-0.4021049709158166,4,48,174.39122919020008,9.83080907181986,high,15,6,1,0
163,78.67576538538061,34.80456458045491,0,3,0,-0.7190907382218406,22,48,108.60453476616864,29.37226701080389,medium,15,6,1,0
207,30.464941624195635,42.92165655526949,0,2,0,0.6442610924947088,10,7,78.26867485464035,26.31789749824972,high,15,6,1,0
103,54.99569862326872,80.99698199137205,1,3,1,0.9604283052697556,74,21,228.1945369980434,6.8228109823444,high,15,6,1,0
155,11.973509246819557,63.64641012616602,2,2,1,0.1519509345092393,49,5,374.0823228871165,21.557861985632236,high,15,6,1,0
122,29.681739566820937,16.886160771783082,2,2,0,-0.7024193103715379,8,47,465.3191357122902,11.675622870558367,medium,15,6,1,0
172,55.57757811021407,44.79190840910498,0,2,0,-0.8481668963110152,22,23,305.8857193838983,10.6003227844736,medium,16,6,1,0
191,75.31937763241886,12.407271135532088,2,1,0,0.2235716119929784,28,5,490.7792297610863,15.60902244595189,medium,16,6,1,0
239,51.609790444377,53.40750666479184,0,0,0,-0.4966884119232868,96,47,432.9384731117323,8.727627225279551,high,16,6,1,0
42,68.63497715096273,54.03958698481885,2,2,0,-0.5817334369483378,18,37,177.81153022027,25.082470657329026,medium,16,6,1,0
283,70.74629094088084,85.12070642450855,1,3,0,0.6971337392847115,16,33,346.09943298557306,10.398147478976554,high,16,6,1,0
299,23.78859410041697,22.388860261165043,0,0,0,-0.4679434188326856,81,17,439.6293747164366,29.22665207065151,high,16,6,1,0
247,45.63171351404018,64.33952020639805,2,1,0,-0.2860063999246212,42,7,215.09151585868173,10.22711636260313,high,16,6,1,0
142,7.217113565645956,42.890100362245086,1,2,0,0.3303101729487208,55,11,180.44723629115825,16.90092837860955,high,16,6,1,0
64,55.13742624384005,42.037256841452646,1,3,0,0.9466825481993828,49,22,469.7005587717604,22.53496645797625,low,16,6,1,0
258,30.153166800498354,54.846207170441545,2,1,0,0.7368645170136203,63,7,290.94180411017766,16.832468277977714,high,16,6,1,0
161,75.65347931093206,10.564765589773994,2,1,0,-0.3408872166157133,26,7,329.464632690191,19.912369854890365,medium,16,6,1,0
15,12.70605722668876,88.91753793089705,1,0,0,-0.0872661897662741,87,26,308.01102525489483,16.378758781243445,high,16,6,1,0
135,47.04541090131679,85.46871858138553,2,1,0,0.3884860502949372,94,19,484.2934904274173,20.238261982367877,high,17,6,1,1
186,23.177466487754444,66.5170238989827,2,0,0,0.5685756111242624,14,33,192.11791497340067,5.364444053863802,medium,17,6,1,1
234,43.485629171815056,15.160192676692931,1,3,0,0.2268483487337667,31,1,110.492329146465,23.44843866852717,high,17,6,1,1
84,73.17843733330764,19.14218783715033,1,2,0,0.8749275150929265,82,25,239.85916535243916,15.038792462946638,low,17,6,1,1
285,68.1884912809832,69.78776183854981,2,2,0,0.6014379018270248,45,18,364.7557156140957,22.99170389959624,high,17,6,1,1
110,59.519189946131775,22.38835016759527,0,3,0,0.4421646945971234,97,31,205.01478679979377,22.42262952861807,medium,17,6,1,1
270,15.520173317298854,62.2315009874747,0,1,0,0.3742986047090666,6,8,386.3004280168709,22.785092877036448,high,17,6,1,1
163,48.92469938742694,35.00573883614774,0,0,0,-0.5187248239354887,7,44,482.66767566410846,6.40580029847869,medium,17,6,1,1
212,21.52358701370452,84.17873687764416,2,3,0,0.4014661019745225,54,28,122.80603858298466,20.958885127593337,high,17,6,1,1
282,26.01094215285132,44.395923870616585,0,3,0,-0.0660620366571835,43,4,342.4089208747063,28.03646131399212,high,17,6,1,1
115,44.317884691721886,76.4513194795669,2,3,0,0.7575223026069267,82,31,50.59279263732876,28.112587800808164,medium,17,6,1,1
242,37.00547322059335,83.75703549256494,2,2,0,-0.9967815344458776,59,31,236.6417529061573,19.288595146425564,high,17,6,1,1
270,70.43725129890083,26.874358307619787,2,3,0,0.3499000938306931,2,34,255.9206388575156,28.85072938576468,high,18,6,1,1
174,21.94701182655996,33.43498731559447,0,2,0,0.2139413086546058,72,6,405.1163622746326,21.310116450971275,medium,18,6,1,1
83,65.07803659470795,49.63239799743209,0,0,0,-0.0565637894823538,56,17,374.9360088180711,25.50602993047356,low,18,6,1,1
269,17.53155422540541,75.49889697828522,0,1,0,0.1555565833792935,38,22,326.04236928351185,9.369194471417554,high,18,6,1,1
256,32.77543344848197,88.71970979758406,2,2,0,0.3837481228164796,67,37,421.5255381075849,9.248649489344324,high,18,6,1,1
187,55.26499827892921,77.07601588861674,2,2,0,-0.7454780695206034,26,1,381.7694854974108,23.390180138622156,medium,18,6,1,1
38,34.14446671883529,77.23541312921077,2,0,1,0.8980116620473775,22,23,495.69210033330825,5.1130700326659575,high,18,6,1,1
117,68.33066074196142,62.72953168595799,2,0,0,-0.2545108717143005,55,35,287.5821477599779,8.351471420958207,medium,18,6,1,1
297,51.8334486174382,79.65886956182894,1,3,0,0.1177318535782667,6,2,292.1009313781277,22.51892896209535,high,18,6,1,1
99,63.64182821262364,39.7274542702635,2,3,1,0.7716032595265179,35,28,385.8420887628647,24.170128824318247,high,18,6,1,1
113,52.53431081430783,13.146779244761154,2,3,0,-0.9043024552381482,71,15,212.33883776220657,15.245552726911718,medium,18,6,1,1
15,31.722507771406278,55.72430963947084,2,3,0,0.9385071692227696,11,21,244.3726737799452,26.425922515995232,medium,18,6,1,1
130,69.49979070419428,18.3073177591952,1,2,0,0.3609892058940509,56,21,53.018227429022254,21.189661113393083,medium,19,6,1,1
33,45.55054394916033,51.35611586352842,2,1,0,0.9219224993875024,50,46,338.7772003483261,6.273189149674112,medium,19,6,1,1
132,37.06434143882906,41.27770542613351,1,1,0,0.5902666417207121,91,40,263.4717655503524,28.357208336951192,medium,19,6,1,1
199,79.33171287403427,16.698720652131893,1,0,0,0.942632448296738,91,33,416.29890796180143,16.930316663826595,medium,19,6,1,1
158,18.22048251309139,91.19140827752192,1,0,0,-0.0038971825401277,53,15,314.63020647155304,20.190409313067114,high,19,6,1,1
16,23.304314046180927,59.76096387136598,1,2,0,-0.4927508255718937,80,36,469.86602702361125,16.66276165067574,medium,19,6,1,1
254,66.18240651538554,80.2842917791826,1,3,0,-0.8828593580723905,82,0,213.2529338939496,7.084971312974029,high,19,6,1,1
212,7.186198381626483,25.854916164330625,2,3,0,-0.7870744789381932,44,10,71.08870952050097,10.019741484046063,high,19,6,1,1
245,45.15883321824233,51.64146988687585,0,0,0,-0.6801208468864754,25,7,66.23471711454093,14.984299252817165,high,19,6,1,1
98,11.849207506356844,55.45414585929312,0,0,0,0.2574447977590048,39,29,306.8967809616096,15.71653108976923,high,19,6,1,1
25,8.044121468363368,57.36628267136106,2,0,0,-0.9523603593802236,55,31,195.3886973739122,27.01180130902108,high,19,6,1,1
125,38.790464883474144,45.54389547465854,0,0,0,0.9612488938733748,65,35,471.6134958971938,8.455406631838024,medium,19,6,1,1
125,21.653350036033235,49.45497314947921,1,0,0,-0.7683397810515746,4,6,313.94198406471844,7.253086794080311,medium,20,6,1,1
141,68.38074322918364,74.50915712663216,1,1,0,-0.5558551706674391,61,18,254.039701426126,19.538536769277712,medium,20,6,1,1
140,61.401043576047726,26.516596040093575,1,3,1,-0.3173464098395753,74,46,232.9696463300316,5.7088439355215,high,20,6,1,1
102,38.55781415211466,62.72974691704459,2,1,1,0.8169394339530207,44,42,182.86685261749528,8.861328198039171,high,20,6,1,1
177,22.80282326268865,48.52184923642247,2,3,0,-0.800027425267998,21,46,123.5718763331701,20.424203354972462,medium,20,6,1,1
145,32.15592833977006,22.26930078153696,0,0,0,-0.6111308034389997,51,39,397.53196776165896,5.433953122626435,medium,20,6,1,1
127,35.2975582779995,97.58887351922844,0,2,0,0.8660593165524364,73,4,324.7414025971499,12.61391546591026,high,20,6,1,1
226,62.02243604660945,53.19771201857552,0,3,0,0.9785221456300404,76,30,242.1366682986076,23.97408336461373,high,20,6,1,1
43,77.94842808504919,12.183248435977864,0,0,0,0.2619882401869187,53,12,153.5779783102631,8.448525897131413,low,20,6,1,1
258,21.918674824057497,39.14297116944985,2,2,0,-0.3499710065214714,46,37,263.3112672401357,10.217342716633482,high,20,6,1,1
200,35.344730629392295,34.881444602357774,0,0,0,-0.4654967235846654,55,28,308.80376088509047,21.48053092590225,medium,20,6,1,1
14,66.52322501435273,53.23348745364523,0,2,0,0.1412044395661604,37,16,222.6621830126672,19.553012958164885,medium,20,6,1,1
83,51.803872887979175,83.57774513539219,1,3,0,-0.9318562877447696,50,19,92.01927870583437,20.233973717967388,high,21,6,1,0
78,11.652661645872762,67.0215458001397,2,3,0,0.6311599307811357,52,20,280.2987929850656,15.579502105069952,high,21,6,1,0
122,29.083659365417173,27.773323734547407,2,2,0,-0.9699158560791696,10,4,81.1725656958506,25.56556470848328,medium,21,6,1,0
81,9.280256544499714,94.01821173493512,0,0,0,-0.085270605026565,74,10,422.0865064137165,15.427698139935725,high,21,6,1,0
138,62.16897017950205,76.18750447006786,1,0,0,0.1310138728061238,91,31,442.631489028369,12.602566789725696,medium,21,6,1,0
37,62.7361517509818,15.13899346121408,1,1,0,0.5806697135121022,41,28,279.3989573802529,27.63986042414996,low,21,6,1,0
150,49.24679553926664,84.93632069224327,1,0,0,0.732244005615033,58,0,218.42249983817445,10.74382738221022,high,21,6,1,0
287,15.008308308454591,53.490600832774746,1,1,0,-0.9781019022913624,60,29,378.7109799529092,28.607608288729168,high,21,6,1,0
241,7.425215810123496,74.3219188725573,2,3,0,0.4924479616256476,16,32,217.59611646673116,11.08520834750283,high,21,6,1,0
297,10.608737962015532,78.24594062284442,1,3,0,-0.4355771665207846,24,32,89.83972997685481,8.00084010532918,high,21,6,1,0
13,46.8881549984732,12.608475075742074,2,1,1,-0.8244130916392582,64,21,63.65456397422779,27.32900301072779,high,21,6,1,0
120,19.15518809280543,49.12981045979689,0,1,0,-0.7103926641016312,25,4,203.7569907623848,11.791501881125534,high,21,6,1,0
235,36.28559903546869,99.63904581271022,0,2,1,-0.2761826660529538,95,27,68.2067757306877,10.579166044334668,high,22,6,1,0
94,43.050448513979546,55.23204740753537,0,2,0,0.0880046804620648,44,14,158.36782913659198,26.511328135086927,medium,22,6,1,0
190,58.022239709505605,50.21112955683628,1,0,0,0.545848889476193,33,23,483.2214821687834,19.85686083963738,medium,22,6,1,0
50,60.44750480007994,56.83022480858036,2,2,0,-0.3974532973231972,50,38,121.93489992977145,14.569693076815549,medium,22,6,1,0
178,64.51146408187697,30.13973666613709,2,2,0,-0.4485842733780694,95,30,416.64163319974097,28.72317563154031,medium,22,6,1,0
70,23.94016719927621,55.408196137398576,0,3,1,-0.9220735796140348,92,9,483.8775653990412,6.398865706947669,high,22,6,1,0
253,52.87942000002799,74.94887577939441,0,0,0,0.1114990844053376,74,18,67.96070122329672,14.72185134843363,high,22,6,1,0
103,71.55575610146079,60.01241412007534,0,2,0,-0.8748174753629414,94,25,135.2023877245589,11.256251278690907,medium,22,6,1,0
295,25.929709027199262,28.980011904184455,1,0,0,0.3622582195653037,12,25,259.9314220181746,7.659973769377139,high,22,6,1,0
264,29.14439111728232,22.95684316165707,1,3,0,0.9695340428501478,23,2,393.2386998775628,20.980804451409604,high,22,6,1,0
231,77.77000165621929,82.2047949048336,1,0,0,-0.7329929179916417,64,36,493.7992379179109,6.832298270903054,high,22,6,1,0
51,42.58496631900747,60.33511728918716,2,2,0,0.5849892480485437,49,46,356.68418552001106,18.60654063850204,medium,22,6,1,0
210,17.294550077970285,84.59002490204237,2,3,0,0.6962507756401344,80,25,345.79391032714545,28.77048957584175,high,23,6,1,0
208,11.000993665984192,61.55024629093042,2,3,0,-0.3333659334161905,92,1,364.5800588998163,17.421330323335397,high,23,6,1,0
63,33.501283281637704,39.90210278062523,2,2,0,-0.5646320882657376,20,4,309.7408481536559,28.923698001703816,medium,23,6,1,0
28,34.304956451624335,99.9997289834204,0,3,0,0.4612710684214696,88,10,250.1381151348917,26.64522799840668,high,23,6,1,0
193,18.497143115692964,40.06180238879458,0,2,0,-0.9035815404504552,97,38,163.39605458023584,10.478110175556214,high,23,6,1,0
198,45.92323780883783,51.35142686387226,2,3,0,0.616117823077972,7,44,54.13737518885051,15.866126157494149,medium,23,6,1,0
76,62.47472503137881,92.77688441245094,0,2,0,-0.8205552359546027,93,7,237.5520631997696,19.232594333286976,high,23,6,1,0
15,79.46494677001259,80.95020819237098,1,0,1,-0.2596275963156775,25,30,156.50092754518812,28.75543071393246,high,23,6,1,0
90,37.06155451847988,97.74536272903116,2,0,1,0.7730718441034845,97,17,338.42035691386707,19.686853444181768,high,23,6,1,0
197,59.43460839671398,28.65706520483172,2,3,0,0.7774037438074828,8,27,184.21759138108715,27.137895265283184,medium,23,6,1,0
180,8.39018026123613,36.61525377759898,0,1,0,-0.4928154228952239,86,27,70.86618170811586,19.60343028575216,high,23,6,1,0
245,28.546023333745413,13.653744388595465,1,2,0,-0.169237468874088,81,42,252.76159154634396,16.027499436934693,high,23,6,1,0
121,26.187416047901,19.322625244583968,2,1,0,-0.1653351343439744,53,39,96.85082796238068,9.371311277698917,medium,0,0,0,0
234,77.18633170575585,18.077024795082885,0,0,1,-0.3590384221702687,68,42,190.755860270178,26.83186563969804,high,0,0,0,0
282,40.62110994841952,74.53920044442572,0,0,1,0.9573724376952172,29,44,189.17176253107613,23.2947315736496,high,0,0,0,0
184,8.038045424344489,95.73266647085084,0,2,0,0.6790637732930314,16,27,328.355857557629,17.561366670478122,high,0,0,0,0
133,10.655572616079088,23.116530827885438,0,1,0,0.5318510335003004,37,39,91.02606975827894,22.625116296025052,high,0,0,0,0
207,6.21962971537114,44.28378522001525,1,0,0,-0.0560771338014833,98,46,440.2270927902336,26.28406355676985,high,0,0,0,0
186,25.226500089740547,48.03511159481806,2,2,0,0.195545594917933,37,4,354.43000866491104,7.499805102092226,medium,0,0,0,0
98,64.65606682814436,64.36064551930578,0,2,0,0.3904854207210129,67,17,477.0896676228792,27.448285750608463,medium,0,0,0,0
130,19.320135771951204,39.43049848594819,1,2,0,-0.4266689165739838,10,19,293.02357251077456,27.925761978317315,high,0,0,0,0
271,54.03903276064563,69.68613038299128,2,3,1,0.9094940533958492,94,34,381.2387837733567,17.326776244623566,high,0,0,0,0
85,28.082640763217302,60.627799336076734,0,1,0,0.2725979737504367,30,33,328.3506276249697,11.587483485351829,medium,0,0,0,0
230,75.54484625138353,88.82523770601078,0,2,1,0.2605515748964899,86,0,107.39355313860376,19.304046466899106,high,0,0,0,0
257,77.08017753481951,90.29931126443198,2,0,0,0.0936706457905764,51,19,211.78145151739264,13.72205043364711,high,1,0,0,0
217,9.891042106348134,74.84087057268145,2,1,0,0.555668662447449,68,16,441.87720739374345,14.490733345020578,high,1,0,0,0
170,52.30138807668165,91.6185127150216,0,3,0,-0.9575833105463368,38,13,165.00925330563695,25.25319694306287,high,1,0,0,0
217,63.95576573139486,69.75875395878134,1,0,0,0.4365160518414985,33,21,338.1844962061164,8.40109178253468,high,1,0,0,0
224,24.507051626456647,70.35498498261477,1,2,1,-0.1372597474489314,19,35,351.0627535378542,11.295169394524663,high,1,0,0,0
276,42.49246118438299,92.15094679945013,2,2,0,0.6023574549513873,24,6,475.10088446090407,9.540275329146944,high,1,0,0,0
37,22.793158795865573,56.706746934221655,1,3,0,-0.3202285498687778,31,22,440.5488032045594,10.705285968250612,medium,1,0,0,0
32,45.40207141278676,52.90769011910426,2,0,0,0.0215050619519743,12,35,51.84795524138235,20.22453845147291,medium,1,0,0,0
13,59.40717509608176,62.63667295521537,1,2,0,0.3434745922359807,27,19,76.60836446670257,28.22910233997677,medium,1,0,0,0
179,22.99238158839608,33.28127100517523,2,2,0,-0.6898450344126876,90,34,312.1504825128059,23.464124706251116,medium,1,0,0,0
84,25.68306097024488,47.844444742817245,0,0,0,0.7581819916593102,87,1,368.4847063078183,22.540303969599695,medium,1,0,0,0
94,73.75640201087263,91.89600228788456,0,2,0,0.080666004813555,78,14,191.17024159705105,27.79529360344435,high,1,0,0,0
10,42.96883104886132,89.33730962422783,2,0,0,-0.3396826881818569,48,2,91.941886323355,25.06771518457476,high,2,0,0,0
238,23.56416477820233,93.37506249168504,2,0,0,0.1079850946583917,93,17,289.33012302439374,15.91657645926304,high,2,0,0,0
104,78.09775497410256,45.62722275367194,2,2,1,-0.4594769226546036,53,22,440.24587714468913,7.925616698033625,high,2,0,0,0
143,41.56782553591632,66.24489193606314,1,1,1,0.371569070814882,11,22,471.4830248308807,13.198200866491318,high,2,0,0,0
55,52.66745788522289,18.870912303660305,2,3,0,0.0297594201312787,13,18,235.61265813480537,7.618113537559674,low,2,0,0,0
290,37.42000369636928,46.69732774418897,0,1,0,-0.24082039994061,76,15,354.9251945067518,29.733604735559386,high,2,0,0,0
98,67.39931440172452,39.937732543740495,2,0,0,0.5792721422516993,83,12,77.87379423636438,17.631616793610924,low,2,0,0,0
188,26.975807527789147,45.46828099511862,0,3,0,0.7913619177878273,65,42,177.2128706267431,12.372314802645782,medium,2,0,0,0
105,17.106793547598787,49.49318841629836,0,3,0,0.2064759217288148,63,21,385.9655400146747,23.3947335620335,high,2,0,0,0
267,48.39537224046614,27.15112876963664,2,1,0,-0.0861830045371117,70,36,260.7939613043012,25.18430321660824,high,2,0,0,0
11,64.0742393258733,51.74022453389313,1,3,0,-0.1349989331447036,76,13,81.13679234468036,17.498263629034447,medium,2,0,0,0
200,8.543129635125712,42.73391663800475,2,1,1,0.2157708389012318,16,44,50.82121589209643,11.087312491957196,high,2,0,0,0
43,55.8728246010514,97.42395751263366,2,2,0,0.9313066771613728,38,27,296.6836430433482,9.299275974843392,high,3,0,0,0
215,47.38086154687331,28.551559758615067,0,2,0,-0.2039014144346809,57,8,455.7221472674399,26.34950610953459,high,3,0,0,0
73,13.120670654090334,78.48600446323725,0,0,0,-0.9571386020429952,34,18,332.3284045447272,11.431996707568828,high,3,0,0,0
239,57.4385038351333,28.067785113028734,1,1,0,0.5172807086566333,30,2,186.30711586543867,28.396675812809814,high,3,0,0,0
242,74.18704356591114,27.230298664942303,2,1,0,0.5578171988066352,24,23,440.5360505187556,21.849291305228338,high,3,0,0,0
145,46.33021763073646,46.513170543550814,0,2,0,-0.3116130782390434,87,15,93.17124400563176,18.014619030615727,medium,3,0,0,0
188,67.79178986572038,54.74015972964306,0,0,0,-0.4020028332107586,8,1,85.44177550579025,7.050597766159335,medium,3,0,0,0
157,35.21904709796867,71.33267493563079,1,1,0,0.3539182133061027,10,43,194.4184695833785,29.42093121183672,medium,3,0,0,0
71,55.063844685346936,61.92498441099706,0,3,0,-0.8207171739285282,8,4,299.2895798756477,12.578496338240992,medium,3,0,0,0
280,42.51659427650366,72.02121868228858,0,0,0,0.9863809922521312,64,21,127.03045646178536,18.31872566966748,high,3,0,0,0
203,47.65240954925785,58.97833320740714,1,3,0,0.7705007681793907,99,18,94.77881151141466,23.1999840443723,high,3,0,0,0
110,48.77110784089681,98.58417431648688,2,1,0,-0.0112807776931833,90,36,77.77046328932488,7.630942222574504,high,3,0,0,0
37,8.667893127076146,68.64446189313368,0,1,0,-0.4958308595150655,59,2,140.24827371270456,26.133769146492494,high,4,0,0,0
20,10.176489565907548,30.82921315405668,2,0,0,0.4313046693610169,20,10,419.2557597644724,25.0813817995856,high,4,0,0,0
131,42.55671286084581,90.04676778856928,2,2,0,0.325157516092138,79,49,382.4865669194338,5.590187895900346,high,4,0,0,0
229,5.259476409949813,57.09519265167165,1,2,0,-0.2488391304102757,44,44,200.5011219303756,20.441392363815403,high,4,0,0,0
17,72.96253844353855,82.05811677387348,1,3,0,0.4003865230511307,58,30,380.2681013063729,21.098964646850327,high,4,0,0,0
35,33.813019747952055,34.56819010688095,0,0,0,0.602717591271952,73,41,280.1959543587774,14.142421539839315,medium,4,0,0,0
187,27.81986037714261,90.8728119352482,2,2,0,0.5444670328465631,5,12,222.70504702580996,22.2646091437718,high,4,0,0,0
160,63.61350473953239,77.9431339106257,2,1,1,-0.8257457499608023,13,19,311.7008651613686,11.247987652385763,high,4,0,0,0
223,16.134988560122668,86.85997566040896,2,2,0,-0.027759572742936,20,3,173.22950431293987,13.41767778815127,high,4,0,0,0
232,69.12490945695109,97.3179739313711,1,3,0,-0.3331437010715046,10,0,422.36299855367145,12.519527386739233,high,4,0,0,0
154,42.02092792811728,44.99371685589487,1,3,0,0.9993537811173094,3,47,402.9211602941761,21.14941591234381,medium,4,0,0,0
64,47.03848721681775,58.91595231770204,1,0,0,-0.8749796761688495,51,33,382.1854344751634,27.73733870886231,medium,4,0,0,0
248,39.51439217992604,52.53655089999791,0,3,0,0.8772989182074857,18,2,153.2324142816753,14.013183367586125,high,5,0,0,0
64,77.01276297484218,14.080684864098664,1,3,0,-0.8851853352503949,72,44,210.798866845896,18.91741263854925,low,5,0,0,0
134,46.46588291368632,73.93212088401127,1,2,0,0.4460051298689258,44,16,284.6596973933161,20.507496016558235,medium,5,0,0,0
206,78.30335191110026,36.64383638208787,0,3,0,0.3704997481511063,8,12,195.29833098370125,16.891668657903484,high,5,0,0,0
199,8.184361198471109,14.343507774524682,2,2,0,-0.8545750336216713,27,49,133.78637535030768,24.877044209886588,high,5,0,0,0
278,29.47601699798352,27.90135516422292,2,2,0,-0.780822834216641,67,38,347.53535423009515,19.96398276319052,high,5,0,0,0
154,57.589682028802784,36.60102258052744,1,0,0,0.6759713837964396,34,20,334.7492530757549,19.220105520039716,medium,5,0,0,0
176,48.63557189575505,36.2367188615723,0,2,1,0.1675946573306816,6,1,456.99982126456456,10.092012442570976,high,5,0,0,0
290,48.48104278709147,34.6204272860729,1,2,0,0.6030148980932037,93,33,216.60465485300557,25.170986534196103,high,5,0,0,0
145,28.960506080399,83.59783262251761,1,1,0,-0.9988558968002792,58,22,233.91651748511129,11.81742540928216,high,5,0,0,0
127,77.53223723427031,72.9144402419129,2,2,1,0.6110101455242798,26,23,220.9024164504312,29.024096197521,high,5,0,0,0
141,68.00398112631217,45.118269647730656,0,0,0,-0.470552190477246,53,13,446.46418902833176,17.12156798015664,medium,5,0,0,0
254,53.39428957498765,64.38940629210921,2,0,0,-0.3242571389274966,70,29,65.43764743747559,12.318444163536755,high,6,0,0,0
190,32.115761739579966,52.85001294588381,1,1,0,0.4905828987344307,43,0,405.22287585440233,16.470666868940498,medium,6,0,0,0
18,24.947341753388528,43.12044573442974,2,2,0,-0.1288429848322765,95,34,63.087469951781344,7.863867107678564,medium,6,0,0,0
178,9.367363154741644,42.09838330578381,1,0,1,0.1420648799449841,81,44,164.296422245922,15.090137345439084,high,6,0,0,0
63,66.75984024049534,18.288792408360408,2,3,0,-0.8589265467369835,94,23,324.347501446868,16.002818320724753,low,6,0,0,0
32,48.6448538823404,41.33355326724008,2,0,0,0.9237561961237452,20,43,58.69984536584396,19.80811362603755,low,6,0,0,0
97,38.76303708912421,54.85738894342458,0,1,0,0.413565232179808,50,20,113.02785106994205,7.1210205970567,medium,6,0,0,0
239,42.33337762706461,27.3868276191758,1,3,0,0.1117368085189036,97,0,339.72072089905413,28.67471911141662,high,6,0,0,0
205,10.066772361077035,53.07478545795377,0,0,0,-0.5466004644759364,21,31,403.6269069319993,11.405455542881285,high,6,0,0,0
52,48.682637033278525,47.26038123599987,0,2,0,-0.9984856846113268,36,24,265.10449272614073,12.662911783561194,low,6,0,0,0
141,11.30891711607902,63.24250298873973,1,0,1,-0.7753037938438432,74,12,219.08298586240883,26.999481321313983,high,6,0,0,0
22,41.07856046122228,20.25075522540408,1,2,0,-0.4691007212107849,3,18,369.2619231351943,27.866536226330695,low,6,0,0,0
62,8.39539838795974,98.41672555691608,1,3,0,-0.5835156965010133,1,11,199.90908024457497,8.010451423682635,high,7,0,0,1
27,28.600298363296936,82.50785628110607,1,1,0,0.4861391968791395,8,18,58.37201236737411,29.57992543239461,high,7,0,0,1
125,32.102895439599,26.851270074756613,1,2,0,0.8699616636440255,34,3,134.91599629245178,27.415813488095072,medium,7,0,0,1
24,21.778958850998688,70.04660398567856,0,0,0,-0.8543843738592145,60,37,425.8161179376716,9.821370737488008,medium,7,0,0,1
246,67.1499857955987,20.628935320869648,1,0,0,0.1767727802130523,24,27,210.85231194245063,18.88974543246937,high,7,0,0,1
103,31.30807177642165,11.407184058301343,1,1,0,-0.0620227679692855,85,38,186.00905381326817,11.609804196555867,medium,7,0,0,1
239,55.91972247782727,53.21576281624967,1,0,0,0.973772632966656,64,7,50.91659086189996,6.320809323082528,high,7,0,0,1
213,25.48154174656577,31.14116325418205,1,3,0,0.9378491675222672,11,38,58.3983089451182,5.695434109292284,high,7,0,0,1
37,75.64091018281786,43.88958367257987,1,3,0,-0.8011576098588788,39,36,121.45761073013492,11.963407228193608,low,7,0,0,1
84,29.869927657803416,77.22717321068767,2,0,0,-0.2806494464419902,23,35,362.56314693995694,11.568496197850298,medium,7,0,0,1
34,38.4338209272436,19.17203101714668,2,3,0,0.2617610591629944,73,18,472.2459135073085,28.74052032105766,medium,7,0,0,1
27,9.850673826369226,46.49318918288425,2,3,0,-0.430408703322753,98,45,366.1080524293856,11.13193622590986,high,7,0,0,1
257,56.7687709517337,86.48186397134349,0,1,0,-0.6481765238534896,5,42,163.72165624547318,18.500091631939924,high,8,0,0,1
217,20.316524511071,83.30155195244372,2,3,0,-0.425442057374602,96,41,50.90833833609679,17.088735366694358,high,8,0,0,1
99,67.80662233801951,41.24000181125868,2,3,0,0.1170598388763144,88,6,298.25265816398627,23.066990811729912,low,8,0,0,1
266,22.987611209310398,12.670629477378755,0,2,0,0.6989288461730256,87,28,252.07080720897457,7.511153223575036,high,8,0,0,1
20,75.73698722964306,49.10855605402767,0,3,0,0.7428003131193617,5,0,203.5638721610428,6.681980121436949,low,8,0,0,1
43,59.49298074243694,78.7191095731781,2,0,0,0.5245740471177887,94,16,71.6602956456157,25.26724552816304,medium,8,0,0,1
88,25.901119479397853,64.69071876160082,2,2,0,-0.5899021556316308,73,5,442.6926179133885,29.46732592278781,medium,8,0,0,1
147,51.47376853874375,28.048375818683304,0,3,0,0.5697929028911797,93,16,119.19681505783046,25.06590934324488,medium,8,0,0,1
