DateTime,Latitude,Longitude,Vehicle_Count,Speed,Congestion_Level,Weather,Road_Name,Traffic_Signal,Accident,Hour,Day,Month,Year,DayOfWeek,Weekday,IsWeekend,PeakHour,Minute,TimeSlot,Alternative_Route,Estimated_Delay
2026-08-01 00:00:00,17.42278538158511,78.4742638747921,69,61,Low,2,4,0,0,0,1,8,2026,2,5,1,2,0,Night,No Alternate Route,0
2026-08-01 00:05:00,17.41161388959308,78.4465065010529,50,65,Low,1,1,0,0,0,1,8,2026,2,5,1,2,5,Night,No Alternate Route,0
2026-08-01 00:10:00,17.3844516579321,78.4850426039202,68,60,Low,2,0,0,0,0,1,8,2026,2,5,1,2,10,Night,No Alternate Route,0
2026-08-01 00:15:00,17.49594606313298,78.39197600748966,35,73,Low,2,3,1,0,0,1,8,2026,2,5,1,2,15,Night,No Alternate Route,0
2026-08-01 00:20:00,17.42369872789424,78.47328103038227,53,68,Low,0,4,0,0,0,1,8,2026,2,5,1,2,20,Night,No Alternate Route,0
2026-08-01 00:25:00,17.49423179416834,78.39338290462855,66,74,Low,3,3,1,0,0,1,8,2026,2,5,1,2,25,Night,No Alternate Route,0
2026-08-01 00:30:00,17.42294484532459,78.47565480389727,21,71,Low,1,4,2,0,0,1,8,2026,2,5,1,2,30,Night,No Alternate Route,0
2026-08-01 00:35:00,17.45048974953282,78.38401490546639,55,69,Low,3,2,1,0,0,1,8,2026,2,5,1,2,35,Night,No Alternate Route,0
2026-08-01 00:40:00,17.38348325969874,78.48615231797002,39,75,Low,0,0,2,0,0,1,8,2026,2,5,1,2,40,Night,No Alternate Route,0
2026-08-01 00:45:00,17.4967431543633,78.39260728175726,43,80,Low,2,3,1,0,0,1,8,2026,2,5,1,2,45,Night,No Alternate Route,0
2026-08-01 00:50:00,17.49443470636902,78.39326896500094,30,65,Low,2,3,0,0,0,1,8,2026,2,5,1,2,50,Night,No Alternate Route,0
2026-08-01 00:55:00,17.42403507164686,78.4738261933596,61,68,Low,2,4,2,0,0,1,8,2026,2,5,1,2,55,Night,No Alternate Route,0
2026-08-01 01:00:00,17.44965674574466,78.38383395832945,74,63,Low,0,2,0,0,1,1,8,2026,2,5,1,2,0,Night,No Alternate Route,0
2026-08-01 01:05:00,17.41336992152866,78.44791907635269,71,64,Low,3,1,2,0,1,1,8,2026,2,5,1,2,5,Night,No Alternate Route,0
2026-08-01 01:10:00,17.41064373128945,78.4493392610304,56,66,Low,2,1,1,0,1,1,8,2026,2,5,1,2,10,Night,No Alternate Route,0
2026-08-01 01:15:00,17.4144780723623,78.44722279863204,51,69,Low,1,1,2,0,1,1,8,2026,2,5,1,2,15,Night,No Alternate Route,0
2026-08-01 01:20:00,17.42238497570645,78.47310465464851,49,64,Low,0,4,2,0,1,1,8,2026,2,5,1,2,20,Night,No Alternate Route,0
2026-08-01 01:25:00,17.38584893093375,78.48518981348604,37,77,Low,0,0,2,0,1,1,8,2026,2,5,1,2,25,Night,No Alternate Route,0
2026-08-01 01:30:00,17.42299700116271,78.47327908600795,26,74,Low,1,4,1,0,1,1,8,2026,2,5,1,2,30,Night,No Alternate Route,0
2026-08-01 01:35:00,17.45109715684222,78.38162400858563,55,72,Low,1,2,1,0,1,1,8,2026,2,5,1,2,35,Night,No Alternate Route,0
2026-08-01 01:40:00,17.42383943544817,78.47493945682477,40,63,Low,3,4,2,0,1,1,8,2026,2,5,1,2,40,Night,No Alternate Route,0
2026-08-01 01:45:00,17.42302957489116,78.47308008226734,54,78,Low,2,4,0,0,1,1,8,2026,2,5,1,2,45,Night,No Alternate Route,0
2026-08-01 01:50:00,17.42429894634422,78.47298132480125,69,75,Low,0,4,2,0,1,1,8,2026,2,5,1,2,50,Night,No Alternate Route,0
2026-08-01 01:55:00,17.41426534899862,78.44714452201013,78,79,Low,0,1,2,0,1,1,8,2026,2,5,1,2,55,Night,No Alternate Route,0
2026-08-01 02:00:00,17.41292492245952,78.44966780053936,65,69,Low,3,1,0,0,2,1,8,2026,2,5,1,2,0,Night,No Alternate Route,0
2026-08-01 02:05:00,17.42533770778856,78.47486051148938,41,62,Low,3,4,1,0,2,1,8,2026,2,5,1,2,5,Night,No Alternate Route,0
2026-08-01 02:10:00,17.3839266881542,78.48819220482868,56,62,Low,2,0,2,0,2,1,8,2026,2,5,1,2,10,Night,No Alternate Route,0
2026-08-01 02:15:00,17.38660091464207,78.48498448198794,60,66,Low,1,0,2,0,2,1,8,2026,2,5,1,2,15,Night,No Alternate Route,0
2026-08-01 02:20:00,17.49636626481368,78.38983767256622,67,72,Low,3,3,2,0,2,1,8,2026,2,5,1,2,20,Night,No Alternate Route,0
2026-08-01 02:25:00,17.4114206542363,78.44733530794007,61,66,Low,3,1,1,0,2,1,8,2026,2,5,1,2,25,Night,No Alternate Route,0
2026-08-01 02:30:00,17.42269020521828,78.47417887701698,76,72,Low,2,4,1,0,2,1,8,2026,2,5,1,2,30,Night,No Alternate Route,0
2026-08-01 02:35:00,17.4221306970729,78.47396427776562,44,71,Low,0,4,1,0,2,1,8,2026,2,5,1,2,35,Night,No Alternate Route,0
2026-08-01 02:40:00,17.49620804655002,78.39339875573701,78,63,Low,3,3,2,1,2,1,8,2026,2,5,1,2,40,Night,No Alternate Route,0
2026-08-01 02:45:00,17.49356781976833,78.39224146425275,78,66,Low,0,3,2,0,2,1,8,2026,2,5,1,2,45,Night,No Alternate Route,0
2026-08-01 02:50:00,17.42206792613949,78.47199585003375,45,62,Low,0,4,2,0,2,1,8,2026,2,5,1,2,50,Night,No Alternate Route,0
2026-08-01 02:55:00,17.38368883925469,78.48839580935835,41,66,Low,3,0,1,0,2,1,8,2026,2,5,1,2,55,Night,No Alternate Route,0
2026-08-01 03:00:00,17.44884628434831,78.38449776567384,29,77,Low,0,2,0,0,3,1,8,2026,2,5,1,2,0,Night,No Alternate Route,0
2026-08-01 03:05:00,17.49348173235954,78.39024407733267,32,73,Low,3,3,1,0,3,1,8,2026,2,5,1,2,5,Night,No Alternate Route,0
2026-08-01 03:10:00,17.45193781589882,78.38156226595837,75,76,Low,2,2,2,0,3,1,8,2026,2,5,1,2,10,Night,No Alternate Route,0
2026-08-01 03:15:00,17.41281804790243,78.44936924616287,30,64,Low,3,1,2,0,3,1,8,2026,2,5,1,2,15,Night,No Alternate Route,0
2026-08-01 03:20:00,17.41193392240348,78.4465962422305,47,74,Low,1,1,1,0,3,1,8,2026,2,5,1,2,20,Night,No Alternate Route,0
2026-08-01 03:25:00,17.38338674640289,78.48536978383852,41,68,Low,0,0,2,0,3,1,8,2026,2,5,1,2,25,Night,No Alternate Route,0
2026-08-01 03:30:00,17.41263505713588,78.44974496617105,62,71,Low,2,1,1,0,3,1,8,2026,2,5,1,2,30,Night,No Alternate Route,0
2026-08-01 03:35:00,17.42240547293167,78.47294361447872,42,64,Low,2,4,0,0,3,1,8,2026,2,5,1,2,35,Night,No Alternate Route,0
2026-08-01 03:40:00,17.49400869204683,78.39010440989313,61,62,Low,3,3,1,0,3,1,8,2026,2,5,1,2,40,Night,No Alternate Route,0
2026-08-01 03:45:00,17.42245021192699,78.47445330353852,26,62,Low,1,4,0,0,3,1,8,2026,2,5,1,2,45,Night,No Alternate Route,0
2026-08-01 03:50:00,17.42209540652789,78.47202109787267,52,61,Low,1,4,1,0,3,1,8,2026,2,5,1,2,50,Night,No Alternate Route,0
2026-08-01 03:55:00,17.49434332365505,78.38995558812096,20,67,Low,3,3,2,0,3,1,8,2026,2,5,1,2,55,Night,No Alternate Route,0
2026-08-01 04:00:00,17.45052727362614,78.38106493746102,73,75,Low,3,2,0,0,4,1,8,2026,2,5,1,2,0,Night,No Alternate Route,0
2026-08-01 04:05:00,17.41372276492972,78.44681617760529,64,65,Low,2,1,1,0,4,1,8,2026,2,5,1,2,5,Night,No Alternate Route,0
2026-08-01 04:10:00,17.45207098844694,78.3806448666539,57,68,Low,2,2,2,0,4,1,8,2026,2,5,1,2,10,Night,No Alternate Route,0
2026-08-01 04:15:00,17.41137698945869,78.45012763242002,46,80,Low,1,1,0,0,4,1,8,2026,2,5,1,2,15,Night,No Alternate Route,0
2026-08-01 04:20:00,17.44940884379989,78.38255384932718,62,67,Low,2,2,0,0,4,1,8,2026,2,5,1,2,20,Night,No Alternate Route,0
2026-08-01 04:25:00,17.38503208118437,78.48601930569208,58,71,Low,3,0,0,0,4,1,8,2026,2,5,1,2,25,Night,No Alternate Route,0
2026-08-01 04:30:00,17.38363990578274,78.48686272445553,40,69,Low,1,0,0,0,4,1,8,2026,2,5,1,2,30,Night,No Alternate Route,0
2026-08-01 04:35:00,17.42323921733129,78.47225871968163,32,66,Low,1,4,0,0,4,1,8,2026,2,5,1,2,35,Night,No Alternate Route,0
2026-08-01 04:40:00,17.45144547340051,78.38360474939358,58,61,Low,3,2,1,0,4,1,8,2026,2,5,1,2,40,Night,No Alternate Route,0
2026-08-01 04:45:00,17.38559056480079,78.48650914904422,58,77,Low,0,0,0,0,4,1,8,2026,2,5,1,2,45,Night,No Alternate Route,0
2026-08-01 04:50:00,17.42207819439048,78.4751217801593,74,74,Low,0,4,2,0,4,1,8,2026,2,5,1,2,50,Night,No Alternate Route,0
2026-08-01 04:55:00,17.38665563725177,78.48799326709056,74,67,Low,0,0,1,0,4,1,8,2026,2,5,1,2,55,Night,No Alternate Route,0
2026-08-01 05:00:00,17.42438245740633,78.47204606966832,158,45,Moderate,1,4,0,0,5,1,8,2026,2,5,1,2,0,Morning,No Alternate Route,5
2026-08-01 05:05:00,17.41369845711085,78.44734193949141,170,48,Moderate,0,1,1,0,5,1,8,2026,2,5,1,2,5,Morning,No Alternate Route,5
2026-08-01 05:10:00,17.41118803313864,78.44704783468896,155,46,Moderate,1,1,0,0,5,1,8,2026,2,5,1,2,10,Morning,No Alternate Route,5
2026-08-01 05:15:00,17.38445155601839,78.48615115401256,143,44,Moderate,0,0,0,0,5,1,8,2026,2,5,1,2,15,Morning,No Alternate Route,5
2026-08-01 05:20:00,17.38633797106701,78.48834029517317,163,49,Moderate,3,0,2,0,5,1,8,2026,2,5,1,2,20,Morning,No Alternate Route,5
2026-08-01 05:25:00,17.38592989612515,78.4860438865541,153,55,Moderate,0,0,0,0,5,1,8,2026,2,5,1,2,25,Morning,No Alternate Route,5
2026-08-01 05:30:00,17.38587727982961,78.48726867690881,83,63,Low,0,0,1,0,5,1,8,2026,2,5,1,2,30,Morning,No Alternate Route,0
2026-08-01 05:35:00,17.42348282972899,78.47495182688446,121,47,Moderate,2,4,0,0,5,1,8,2026,2,5,1,2,35,Morning,No Alternate Route,5
2026-08-01 05:40:00,17.41131820380659,78.44843581272758,161,49,Moderate,3,1,1,0,5,1,8,2026,2,5,1,2,40,Morning,No Alternate Route,5
2026-08-01 05:45:00,17.38687632963465,78.48707628865233,137,46,Moderate,0,0,2,0,5,1,8,2026,2,5,1,2,45,Morning,No Alternate Route,5
2026-08-01 05:50:00,17.42240168838499,78.47399073529483,125,52,Moderate,3,4,0,0,5,1,8,2026,2,5,1,2,50,Morning,No Alternate Route,5
2026-08-01 05:55:00,17.38615122764973,78.48813652297389,114,48,Moderate,3,0,0,0,5,1,8,2026,2,5,1,2,55,Morning,No Alternate Route,5
2026-08-01 06:00:00,17.42540923529512,78.47539533125892,83,66,Low,3,4,0,0,6,1,8,2026,2,5,1,2,0,Morning,No Alternate Route,0
2026-08-01 06:05:00,17.41403047242725,78.44966705046107,176,52,Moderate,3,1,1,1,6,1,8,2026,2,5,1,2,5,Morning,No Alternate Route,5
2026-08-01 06:10:00,17.49473068032145,78.39271914832696,81,73,Low,0,3,0,0,6,1,8,2026,2,5,1,2,10,Morning,No Alternate Route,0
2026-08-01 06:15:00,17.44943672406393,78.38312424607649,160,46,Moderate,0,2,0,0,6,1,8,2026,2,5,1,2,15,Morning,No Alternate Route,5
2026-08-01 06:20:00,17.4222467599965,78.47213914334266,142,45,Moderate,1,4,1,0,6,1,8,2026,2,5,1,2,20,Morning,No Alternate Route,5
2026-08-01 06:25:00,17.49667093267093,78.39163931885743,136,58,Moderate,0,3,2,0,6,1,8,2026,2,5,1,2,25,Morning,No Alternate Route,5
2026-08-01 06:30:00,17.42519578347584,78.47205912579636,87,64,Low,3,4,1,0,6,1,8,2026,2,5,1,2,30,Morning,No Alternate Route,0
2026-08-01 06:35:00,17.42506035546542,78.47399108265002,141,50,Moderate,3,4,1,0,6,1,8,2026,2,5,1,2,35,Morning,No Alternate Route,5
2026-08-01 06:40:00,17.49397378948036,78.39118197447793,172,47,Moderate,0,3,2,0,6,1,8,2026,2,5,1,2,40,Morning,No Alternate Route,5
2026-08-01 06:45:00,17.38687301393966,78.48636093553422,105,47,Moderate,2,0,2,0,6,1,8,2026,2,5,1,2,45,Morning,No Alternate Route,5
2026-08-01 06:50:00,17.423214544066,78.47227779477822,134,54,Moderate,2,4,0,0,6,1,8,2026,2,5,1,2,50,Morning,No Alternate Route,5
2026-08-01 06:55:00,17.45172572275054,78.384005829359,164,47,Moderate,2,2,1,0,6,1,8,2026,2,5,1,2,55,Morning,No Alternate Route,5
2026-08-01 07:00:00,17.45095584643693,78.38179081239376,611,20,Severe,1,2,0,0,7,1,8,2026,2,5,1,1,0,Morning,No Alternate Route,30
2026-08-01 07:05:00,17.38662025472789,78.4873897702521,649,17,Severe,2,0,2,0,7,1,8,2026,2,5,1,1,5,Morning,No Alternate Route,30
2026-08-01 07:10:00,17.41081780927063,78.44734687985377,553,37,High,2,1,0,0,7,1,8,2026,2,5,1,1,10,Morning,No Alternate Route,15
2026-08-01 07:15:00,17.3862737801246,78.48851704411135,617,12,Severe,1,0,2,0,7,1,8,2026,2,5,1,1,15,Morning,No Alternate Route,30
2026-08-01 07:20:00,17.49324092736499,78.3930678745257,652,18,Severe,1,3,2,0,7,1,8,2026,2,5,1,1,20,Morning,No Alternate Route,30
2026-08-01 07:25:00,17.45165191784164,78.38413097628897,497,24,High,3,2,2,0,7,1,8,2026,2,5,1,1,25,Morning,No Alternate Route,15
2026-08-01 07:30:00,17.41129439881015,78.44795165306445,541,27,High,3,1,0,0,7,1,8,2026,2,5,1,1,30,Morning,No Alternate Route,15
2026-08-01 07:35:00,17.41154201820316,78.45013604293523,502,21,High,0,1,2,1,7,1,8,2026,2,5,1,1,35,Morning,No Alternate Route,15
2026-08-01 07:40:00,17.49472714525057,78.38990170813547,461,29,High,0,3,2,0,7,1,8,2026,2,5,1,1,40,Morning,No Alternate Route,15
2026-08-01 07:45:00,17.49491295418678,78.39237500215951,651,16,Severe,3,3,0,1,7,1,8,2026,2,5,1,1,45,Morning,No Alternate Route,30
2026-08-01 07:50:00,17.41455399918583,78.44723997949028,660,11,Severe,0,1,2,0,7,1,8,2026,2,5,1,1,50,Morning,No Alternate Route,30
2026-08-01 07:55:00,17.38556974382845,78.48480471618639,590,36,High,2,0,2,0,7,1,8,2026,2,5,1,1,55,Morning,No Alternate Route,15
2026-08-01 08:00:00,17.42484720704668,78.47409475010639,642,16,Severe,3,4,0,0,8,1,8,2026,2,5,1,1,0,Morning,No Alternate Route,30
2026-08-01 08:05:00,17.4949423525079,78.39052046377347,672,16,Severe,1,3,1,0,8,1,8,2026,2,5,1,1,5,Morning,No Alternate Route,30
2026-08-01 08:10:00,17.38534313513328,78.48822186616705,495,25,High,3,0,2,0,8,1,8,2026,2,5,1,1,10,Morning,No Alternate Route,15
2026-08-01 08:15:00,17.49442039426546,78.39071588236517,664,15,Severe,3,3,0,0,8,1,8,2026,2,5,1,1,15,Morning,No Alternate Route,30
2026-08-01 08:20:00,17.49645281736866,78.39032203985545,677,20,Severe,0,3,1,1,8,1,8,2026,2,5,1,1,20,Morning,No Alternate Route,30
2026-08-01 08:25:00,17.41132668453483,78.4488086385913,681,11,Severe,0,1,0,0,8,1,8,2026,2,5,1,1,25,Morning,No Alternate Route,30
2026-08-01 08:30:00,17.38626167529141,78.48630362715272,552,31,High,0,0,2,0,8,1,8,2026,2,5,1,1,30,Morning,No Alternate Route,15
2026-08-01 08:35:00,17.41319173175359,78.4496590808475,651,16,Severe,2,1,1,0,8,1,8,2026,2,5,1,1,35,Morning,No Alternate Route,30
2026-08-01 08:40:00,17.44988606044808,78.38352810258276,636,15,Severe,3,2,1,0,8,1,8,2026,2,5,1,1,40,Morning,No Alternate Route,30
2026-08-01 08:45:00,17.49521270538396,78.39192157586292,632,17,Severe,1,3,1,0,8,1,8,2026,2,5,1,1,45,Morning,No Alternate Route,30
2026-08-01 08:50:00,17.42321026617906,78.47484684473527,698,20,Severe,3,4,1,1,8,1,8,2026,2,5,1,1,50,Morning,No Alternate Route,30
2026-08-01 08:55:00,17.38622549783158,78.48547243262706,660,11,Severe,1,0,0,0,8,1,8,2026,2,5,1,1,55,Morning,No Alternate Route,30
2026-08-01 09:00:00,17.4252067536267,78.47287519179417,455,34,High,2,4,1,0,9,1,8,2026,2,5,1,1,0,Morning,No Alternate Route,15
2026-08-01 09:05:00,17.45030277443631,78.3833709194988,600,21,High,0,2,2,0,9,1,8,2026,2,5,1,1,5,Morning,No Alternate Route,15
2026-08-01 09:10:00,17.41424345221905,78.44952401240413,639,11,Severe,3,1,2,0,9,1,8,2026,2,5,1,1,10,Morning,No Alternate Route,30
2026-08-01 09:15:00,17.41354361143094,78.44801507775338,453,24,High,0,1,2,0,9,1,8,2026,2,5,1,1,15,Morning,No Alternate Route,15
2026-08-01 09:20:00,17.41339987681848,78.44663696334644,501,29,High,0,1,2,0,9,1,8,2026,2,5,1,1,20,Morning,No Alternate Route,15
2026-08-01 09:25:00,17.49338768446343,78.39114446045618,557,33,High,2,3,2,0,9,1,8,2026,2,5,1,1,25,Morning,No Alternate Route,15
2026-08-01 09:30:00,17.41332047328381,78.44769616164474,477,23,High,3,1,1,0,9,1,8,2026,2,5,1,1,30,Morning,No Alternate Route,15
2026-08-01 09:35:00,17.42279817854444,78.47336000544381,636,12,Severe,1,4,0,0,9,1,8,2026,2,5,1,1,35,Morning,No Alternate Route,30
2026-08-01 09:40:00,17.42455950633639,78.47396770276363,635,15,Severe,1,4,0,0,9,1,8,2026,2,5,1,1,40,Morning,No Alternate Route,30
2026-08-01 09:45:00,17.49326218931162,78.39284916382576,529,36,High,3,3,1,0,9,1,8,2026,2,5,1,1,45,Morning,No Alternate Route,15
2026-08-01 09:50:00,17.38549262637369,78.48667151861308,457,27,High,1,0,2,0,9,1,8,2026,2,5,1,1,50,Morning,No Alternate Route,15
2026-08-01 09:55:00,17.38311183464096,78.48806595567879,656,15,Severe,1,0,2,0,9,1,8,2026,2,5,1,1,55,Morning,No Alternate Route,30
2026-08-01 10:00:00,17.38535842568737,78.48493497964486,315,37,High,1,0,2,0,10,1,8,2026,2,5,1,1,0,Morning,No Alternate Route,15
2026-08-01 10:05:00,17.49330030167852,78.38973104474944,318,36,High,3,3,1,0,10,1,8,2026,2,5,1,1,5,Morning,No Alternate Route,15
2026-08-01 10:10:00,17.41229335373105,78.44806755445747,275,43,Moderate,0,1,2,0,10,1,8,2026,2,5,1,1,10,Morning,No Alternate Route,5
2026-08-01 10:15:00,17.38617799085454,78.48522305437054,226,48,Moderate,2,0,2,0,10,1,8,2026,2,5,1,1,15,Morning,No Alternate Route,5
2026-08-01 10:20:00,17.42234423763724,78.47299023528727,330,37,High,1,4,1,0,10,1,8,2026,2,5,1,1,20,Morning,No Alternate Route,15
2026-08-01 10:25:00,17.38663764093938,78.48834091922214,237,49,Moderate,1,0,1,0,10,1,8,2026,2,5,1,1,25,Morning,No Alternate Route,5
2026-08-01 10:30:00,17.38319870156382,78.48520736740467,349,29,High,3,0,1,0,10,1,8,2026,2,5,1,1,30,Morning,No Alternate Route,15
2026-08-01 10:35:00,17.41320633157727,78.44856674572308,250,41,Moderate,3,1,0,0,10,1,8,2026,2,5,1,1,35,Morning,No Alternate Route,5
2026-08-01 10:40:00,17.38644599105886,78.48687827260318,301,40,High,1,0,1,0,10,1,8,2026,2,5,1,1,40,Morning,No Alternate Route,15
2026-08-01 10:45:00,17.49520184887365,78.39065898665048,264,46,Moderate,3,3,2,0,10,1,8,2026,2,5,1,1,45,Morning,No Alternate Route,5
2026-08-01 10:50:00,17.45032359043299,78.3811394304746,226,58,Moderate,1,2,1,0,10,1,8,2026,2,5,1,1,50,Morning,No Alternate Route,5
2026-08-01 10:55:00,17.45216217051104,78.38080356173279,247,58,Moderate,1,2,2,0,10,1,8,2026,2,5,1,1,55,Morning,No Alternate Route,5
2026-08-01 11:00:00,17.41367614914014,78.4494388660392,325,26,High,1,1,0,0,11,1,8,2026,2,5,1,2,0,Morning,No Alternate Route,15
2026-08-01 11:05:00,17.38303207505338,78.48610667732041,311,34,High,0,0,0,0,11,1,8,2026,2,5,1,2,5,Morning,No Alternate Route,15
2026-08-01 11:10:00,17.44986609727183,78.38157933177668,228,42,Moderate,0,2,2,0,11,1,8,2026,2,5,1,2,10,Morning,No Alternate Route,5
2026-08-01 11:15:00,17.44904862139697,78.38320244573922,311,23,High,1,2,2,0,11,1,8,2026,2,5,1,2,15,Morning,No Alternate Route,15
2026-08-01 11:20:00,17.45178550845158,78.38084881770067,248,51,Moderate,1,2,2,0,11,1,8,2026,2,5,1,2,20,Morning,No Alternate Route,5
2026-08-01 11:25:00,17.49486979554556,78.38982562169659,244,55,Moderate,1,3,1,0,11,1,8,2026,2,5,1,2,25,Morning,No Alternate Route,5
2026-08-01 11:30:00,17.38356085515524,78.4884979865309,219,43,Moderate,2,0,0,0,11,1,8,2026,2,5,1,2,30,Morning,No Alternate Route,5
2026-08-01 11:35:00,17.49632137458707,78.39080132536569,217,44,Moderate,2,3,2,0,11,1,8,2026,2,5,1,2,35,Morning,No Alternate Route,5
2026-08-01 11:40:00,17.41071932443131,78.44808031103042,271,46,Moderate,2,1,1,0,11,1,8,2026,2,5,1,2,40,Morning,No Alternate Route,5
2026-08-01 11:45:00,17.42330575958731,78.47497275051013,272,53,Moderate,3,4,1,0,11,1,8,2026,2,5,1,2,45,Morning,No Alternate Route,5
2026-08-01 11:50:00,17.41348213241983,78.44937706887886,236,43,Moderate,3,1,1,0,11,1,8,2026,2,5,1,2,50,Morning,No Alternate Route,5
2026-08-01 11:55:00,17.49464884234606,78.39160598533181,300,56,Moderate,0,3,1,0,11,1,8,2026,2,5,1,2,55,Morning,No Alternate Route,5
2026-08-01 12:00:00,17.41189887359348,78.44962997117335,208,49,Moderate,2,1,2,0,12,1,8,2026,2,5,1,2,0,Afternoon,No Alternate Route,5
2026-08-01 12:05:00,17.49671168715212,78.39241664957368,340,39,High,2,3,2,0,12,1,8,2026,2,5,1,2,5,Afternoon,No Alternate Route,15
2026-08-01 12:10:00,17.41187272593223,78.44675629272665,226,40,Moderate,2,1,1,0,12,1,8,2026,2,5,1,2,10,Afternoon,No Alternate Route,5
2026-08-01 12:15:00,17.41336107976528,78.44960667919882,192,47,Moderate,0,1,1,0,12,1,8,2026,2,5,1,2,15,Afternoon,No Alternate Route,5
2026-08-01 12:20:00,17.42492985624855,78.47557870930767,322,30,High,1,4,2,0,12,1,8,2026,2,5,1,2,20,Afternoon,No Alternate Route,15
2026-08-01 12:25:00,17.49401351125053,78.39043176622113,221,48,Moderate,1,3,0,0,12,1,8,2026,2,5,1,2,25,Afternoon,No Alternate Route,5
2026-08-01 12:30:00,17.41179629033705,78.4467185981307,208,40,Moderate,3,1,1,0,12,1,8,2026,2,5,1,2,30,Afternoon,No Alternate Route,5
2026-08-01 12:35:00,17.41250008200869,78.4474080379874,279,51,Moderate,0,1,0,0,12,1,8,2026,2,5,1,2,35,Afternoon,No Alternate Route,5
2026-08-01 12:40:00,17.49441083337341,78.39298216205488,310,36,High,1,3,1,0,12,1,8,2026,2,5,1,2,40,Afternoon,No Alternate Route,15
2026-08-01 12:45:00,17.41441594218261,78.4491694585356,295,48,Moderate,1,1,2,0,12,1,8,2026,2,5,1,2,45,Afternoon,No Alternate Route,5
2026-08-01 12:50:00,17.4499851381206,78.38380168479172,280,41,Moderate,2,2,1,0,12,1,8,2026,2,5,1,2,50,Afternoon,No Alternate Route,5
2026-08-01 12:55:00,17.45021105133874,78.38210116943041,243,50,Moderate,1,2,2,0,12,1,8,2026,2,5,1,2,55,Afternoon,No Alternate Route,5
2026-08-01 13:00:00,17.49361694789833,78.39262397557789,180,59,Moderate,3,3,0,0,13,1,8,2026,2,5,1,2,0,Afternoon,No Alternate Route,5
2026-08-01 13:05:00,17.45095261426604,78.38291434865741,348,25,High,2,2,0,0,13,1,8,2026,2,5,1,2,5,Afternoon,No Alternate Route,15
2026-08-01 13:10:00,17.49325232409293,78.39156862690685,187,49,Moderate,2,3,0,0,13,1,8,2026,2,5,1,2,10,Afternoon,No Alternate Route,5
2026-08-01 13:15:00,17.49315283760038,78.39181893902916,219,45,Moderate,1,3,2,0,13,1,8,2026,2,5,1,2,15,Afternoon,No Alternate Route,5
2026-08-01 13:20:00,17.41396926331215,78.44895014706492,209,46,Moderate,0,1,0,0,13,1,8,2026,2,5,1,2,20,Afternoon,No Alternate Route,5
2026-08-01 13:25:00,17.38414783212751,78.48834847246688,209,40,Moderate,2,0,0,0,13,1,8,2026,2,5,1,2,25,Afternoon,No Alternate Route,5
2026-08-01 13:30:00,17.45060305045937,78.38092557528061,183,53,Moderate,3,2,2,0,13,1,8,2026,2,5,1,2,30,Afternoon,No Alternate Route,5
2026-08-01 13:35:00,17.49599900011875,78.39234673244569,299,52,Moderate,2,3,2,0,13,1,8,2026,2,5,1,2,35,Afternoon,No Alternate Route,5
2026-08-01 13:40:00,17.38351887153782,78.48843425623653,250,46,Moderate,1,0,2,0,13,1,8,2026,2,5,1,2,40,Afternoon,No Alternate Route,5
2026-08-01 13:45:00,17.41321859862156,78.4480195309682,321,29,High,3,1,2,0,13,1,8,2026,2,5,1,2,45,Afternoon,No Alternate Route,15
2026-08-01 13:50:00,17.45239811583151,78.3814320611928,303,35,High,3,2,1,0,13,1,8,2026,2,5,1,2,50,Afternoon,No Alternate Route,15
2026-08-01 13:55:00,17.49613579915727,78.39120154318358,350,30,High,0,3,0,0,13,1,8,2026,2,5,1,2,55,Afternoon,No Alternate Route,15
2026-08-01 14:00:00,17.42539546600507,78.47392549782076,228,57,Moderate,0,4,0,0,14,1,8,2026,2,5,1,2,0,Afternoon,No Alternate Route,5
2026-08-01 14:05:00,17.38564949124621,78.48760554175456,206,47,Moderate,2,0,1,0,14,1,8,2026,2,5,1,2,5,Afternoon,No Alternate Route,5
2026-08-01 14:10:00,17.49566400033551,78.39276550658798,219,58,Moderate,1,3,1,0,14,1,8,2026,2,5,1,2,10,Afternoon,No Alternate Route,5
2026-08-01 14:15:00,17.41123999551792,78.44796553076144,339,38,High,2,1,0,0,14,1,8,2026,2,5,1,2,15,Afternoon,No Alternate Route,15
2026-08-01 14:20:00,17.49282849844169,78.38991757890574,324,40,High,2,3,0,0,14,1,8,2026,2,5,1,2,20,Afternoon,No Alternate Route,15
2026-08-01 14:25:00,17.49627935087659,78.39222064517637,204,46,Moderate,3,3,2,1,14,1,8,2026,2,5,1,2,25,Afternoon,No Alternate Route,5
2026-08-01 14:30:00,17.38399139047019,78.48531899029894,205,56,Moderate,3,0,2,0,14,1,8,2026,2,5,1,2,30,Afternoon,No Alternate Route,5
2026-08-01 14:35:00,17.38575148187183,78.48852210112958,222,47,Moderate,1,0,2,0,14,1,8,2026,2,5,1,2,35,Afternoon,No Alternate Route,5
2026-08-01 14:40:00,17.41082177773855,78.44843393680428,209,47,Moderate,1,1,0,0,14,1,8,2026,2,5,1,2,40,Afternoon,No Alternate Route,5
2026-08-01 14:45:00,17.42480047147439,78.47448099169803,238,45,Moderate,0,4,0,0,14,1,8,2026,2,5,1,2,45,Afternoon,No Alternate Route,5
2026-08-01 14:50:00,17.4229795228703,78.47440472875418,199,47,Moderate,1,4,1,0,14,1,8,2026,2,5,1,2,50,Afternoon,No Alternate Route,5
2026-08-01 14:55:00,17.49472494157094,78.39210791621018,188,47,Moderate,0,3,0,0,14,1,8,2026,2,5,1,2,55,Afternoon,No Alternate Route,5
2026-08-01 15:00:00,17.450812051526,78.38329761977305,336,27,High,1,2,2,0,15,1,8,2026,2,5,1,2,0,Afternoon,No Alternate Route,15
2026-08-01 15:05:00,17.42431752040555,78.47357103311484,340,26,High,0,4,2,0,15,1,8,2026,2,5,1,2,5,Afternoon,No Alternate Route,15
2026-08-01 15:10:00,17.41260118220749,78.44666131273223,209,40,Moderate,2,1,2,0,15,1,8,2026,2,5,1,2,10,Afternoon,No Alternate Route,5
2026-08-01 15:15:00,17.38386546663988,78.48550514257924,188,42,Moderate,1,0,2,0,15,1,8,2026,2,5,1,2,15,Afternoon,No Alternate Route,5
2026-08-01 15:20:00,17.42374689039265,78.47219897288383,185,43,Moderate,3,4,1,0,15,1,8,2026,2,5,1,2,20,Afternoon,No Alternate Route,5
2026-08-01 15:25:00,17.44892966693155,78.38402096501426,185,46,Moderate,2,2,1,0,15,1,8,2026,2,5,1,2,25,Afternoon,No Alternate Route,5
2026-08-01 15:30:00,17.45005982757981,78.38452755384236,215,43,Moderate,0,2,2,0,15,1,8,2026,2,5,1,2,30,Afternoon,No Alternate Route,5
2026-08-01 15:35:00,17.38387186160696,78.48832428271885,289,60,Moderate,0,0,1,0,15,1,8,2026,2,5,1,2,35,Afternoon,No Alternate Route,5
2026-08-01 15:40:00,17.44870077099837,78.38160628575083,237,48,Moderate,1,2,0,0,15,1,8,2026,2,5,1,2,40,Afternoon,No Alternate Route,5
2026-08-01 15:45:00,17.41357977258242,78.4483653739061,231,59,Moderate,3,1,0,0,15,1,8,2026,2,5,1,2,45,Afternoon,No Alternate Route,5
2026-08-01 15:50:00,17.45054007960251,78.38090298616264,198,52,Moderate,2,2,2,0,15,1,8,2026,2,5,1,2,50,Afternoon,No Alternate Route,5
2026-08-01 15:55:00,17.42428463082749,78.47477716430926,195,44,Moderate,0,4,0,0,15,1,8,2026,2,5,1,2,55,Afternoon,No Alternate Route,5
2026-08-01 16:00:00,17.42239173914114,78.47253845322406,368,38,High,1,4,1,0,16,1,8,2026,2,5,1,2,0,Afternoon,No Alternate Route,15
2026-08-01 16:05:00,17.38372683120218,78.4872892596887,347,23,High,1,0,1,0,16,1,8,2026,2,5,1,2,5,Afternoon,No Alternate Route,15
2026-08-01 16:10:00,17.42420946533862,78.47561266613089,498,21,High,2,4,1,0,16,1,8,2026,2,5,1,2,10,Afternoon,No Alternate Route,15
2026-08-01 16:15:00,17.49486752814414,78.39083608882058,313,29,High,3,3,0,0,16,1,8,2026,2,5,1,2,15,Afternoon,No Alternate Route,15
2026-08-01 16:20:00,17.42322776424704,78.47507622600685,331,34,High,0,4,0,0,16,1,8,2026,2,5,1,2,20,Afternoon,No Alternate Route,15
2026-08-01 16:25:00,17.49410494863418,78.3915695780238,438,24,High,2,3,0,0,16,1,8,2026,2,5,1,2,25,Afternoon,No Alternate Route,15
2026-08-01 16:30:00,17.3838977982109,78.48646865685878,463,39,High,0,0,1,0,16,1,8,2026,2,5,1,2,30,Afternoon,No Alternate Route,15
2026-08-01 16:35:00,17.42449152305302,78.47467147384832,312,21,High,1,4,0,0,16,1,8,2026,2,5,1,2,35,Afternoon,No Alternate Route,15
2026-08-01 16:40:00,17.42580633346103,78.47574488795019,392,29,High,2,4,1,0,16,1,8,2026,2,5,1,2,40,Afternoon,No Alternate Route,15
2026-08-01 16:45:00,17.41412427702974,78.44899412232104,365,40,High,0,1,0,0,16,1,8,2026,2,5,1,2,45,Afternoon,No Alternate Route,15
2026-08-01 16:50:00,17.49291600825433,78.39057991145575,402,28,High,3,3,2,0,16,1,8,2026,2,5,1,2,50,Afternoon,No Alternate Route,15
2026-08-01 16:55:00,17.49610787173736,78.39315575996814,489,23,High,1,3,2,0,16,1,8,2026,2,5,1,2,55,Afternoon,No Alternate Route,15
2026-08-01 17:00:00,17.44995486886999,78.3809064046315,367,27,High,0,2,2,0,17,1,8,2026,2,5,1,0,0,Evening,No Alternate Route,15
2026-08-01 17:05:00,17.44985208090184,78.3831796155911,457,36,High,2,2,1,0,17,1,8,2026,2,5,1,0,5,Evening,No Alternate Route,15
2026-08-01 17:10:00,17.49472855431595,78.39090116693461,330,36,High,2,3,0,0,17,1,8,2026,2,5,1,0,10,Evening,No Alternate Route,15
2026-08-01 17:15:00,17.49456058430815,78.39082283946307,408,40,High,2,3,0,0,17,1,8,2026,2,5,1,0,15,Evening,No Alternate Route,15
2026-08-01 17:20:00,17.41379839293101,78.44890415135455,337,27,High,2,1,2,0,17,1,8,2026,2,5,1,0,20,Evening,No Alternate Route,15
2026-08-01 17:25:00,17.49493408337574,78.39154854040773,459,24,High,2,3,0,0,17,1,8,2026,2,5,1,0,25,Evening,No Alternate Route,15
2026-08-01 17:30:00,17.45223614361162,78.38256035588735,440,40,High,1,2,2,0,17,1,8,2026,2,5,1,0,30,Evening,No Alternate Route,15
2026-08-01 17:35:00,17.38446751654793,78.48806066268256,310,38,High,1,0,1,0,17,1,8,2026,2,5,1,0,35,Evening,No Alternate Route,15
2026-08-01 17:40:00,17.3831276310617,78.48771639452576,460,24,High,0,0,1,0,17,1,8,2026,2,5,1,0,40,Evening,No Alternate Route,15
2026-08-01 17:45:00,17.38680081157845,78.48592796777635,385,23,High,2,0,2,0,17,1,8,2026,2,5,1,0,45,Evening,No Alternate Route,15
2026-08-01 17:50:00,17.45022661659811,78.38116107164849,452,29,High,0,2,2,1,17,1,8,2026,2,5,1,0,50,Evening,No Alternate Route,15
2026-08-01 17:55:00,17.44885526981664,78.38439507909452,478,34,High,3,2,2,0,17,1,8,2026,2,5,1,0,55,Evening,No Alternate Route,15
2026-08-01 18:00:00,17.41366865336818,78.44923517012565,704,17,Severe,2,1,1,0,18,1,8,2026,2,5,1,0,0,Evening,No Alternate Route,30
2026-08-01 18:05:00,17.42284276698476,78.47191591496824,736,17,Severe,3,4,1,0,18,1,8,2026,2,5,1,0,5,Evening,No Alternate Route,30
2026-08-01 18:10:00,17.44986053253429,78.38287341473935,604,14,Severe,3,2,2,0,18,1,8,2026,2,5,1,0,10,Evening,No Alternate Route,30
2026-08-01 18:15:00,17.42264023391022,78.47487898908719,774,14,Severe,0,4,1,0,18,1,8,2026,2,5,1,0,15,Evening,No Alternate Route,30
2026-08-01 18:20:00,17.44942096191108,78.381154157914,553,33,High,2,2,2,0,18,1,8,2026,2,5,1,0,20,Evening,No Alternate Route,15
2026-08-01 18:25:00,17.49622362096063,78.38995355635349,615,17,Severe,0,3,1,0,18,1,8,2026,2,5,1,0,25,Evening,No Alternate Route,30
2026-08-01 18:30:00,17.45038310297532,78.38248936296468,597,27,High,1,2,1,0,18,1,8,2026,2,5,1,0,30,Evening,No Alternate Route,15
2026-08-01 18:35:00,17.42429314668484,78.4719116860108,515,36,High,0,4,1,0,18,1,8,2026,2,5,1,0,35,Evening,No Alternate Route,15
2026-08-01 18:40:00,17.4934499167878,78.39361474545565,563,36,High,2,3,1,0,18,1,8,2026,2,5,1,0,40,Evening,No Alternate Route,15
2026-08-01 18:45:00,17.38636907729468,78.485243722248,715,10,Severe,2,0,0,1,18,1,8,2026,2,5,1,0,45,Evening,No Alternate Route,30
2026-08-01 18:50:00,17.38335011533251,78.48477980489557,786,18,Severe,0,0,0,0,18,1,8,2026,2,5,1,0,50,Evening,No Alternate Route,30
2026-08-01 18:55:00,17.42534571882582,78.47515928359552,797,20,Severe,2,4,0,0,18,1,8,2026,2,5,1,0,55,Evening,No Alternate Route,30
2026-08-01 19:00:00,17.44872956216473,78.38353492186705,543,27,High,3,2,1,0,19,1,8,2026,2,5,1,0,0,Evening,No Alternate Route,15
2026-08-01 19:05:00,17.41180805154661,78.44922998476395,712,12,Severe,3,1,0,0,19,1,8,2026,2,5,1,0,5,Evening,No Alternate Route,30
2026-08-01 19:10:00,17.41241126534823,78.44750609918101,757,20,Severe,0,1,1,0,19,1,8,2026,2,5,1,0,10,Evening,No Alternate Route,30
2026-08-01 19:15:00,17.38580362339852,78.48492568273629,787,12,Severe,3,0,1,0,19,1,8,2026,2,5,1,0,15,Evening,No Alternate Route,30
2026-08-01 19:20:00,17.4221621178702,78.47186285586744,561,29,High,0,4,0,0,19,1,8,2026,2,5,1,0,20,Evening,No Alternate Route,15
2026-08-01 19:25:00,17.3850701594004,78.48509440528557,718,20,Severe,1,0,1,0,19,1,8,2026,2,5,1,0,25,Evening,No Alternate Route,30
2026-08-01 19:30:00,17.38603799245007,78.48734797646131,636,19,Severe,0,0,2,0,19,1,8,2026,2,5,1,0,30,Evening,No Alternate Route,30
2026-08-01 19:35:00,17.45105974229165,78.38383887915309,701,18,Severe,1,2,2,0,19,1,8,2026,2,5,1,0,35,Evening,No Alternate Route,30
2026-08-01 19:40:00,17.45096186526866,78.38423319782551,514,33,High,0,2,2,0,19,1,8,2026,2,5,1,0,40,Evening,No Alternate Route,15
2026-08-01 19:45:00,17.38419288845194,78.48676649068346,585,40,High,0,0,1,0,19,1,8,2026,2,5,1,0,45,Evening,No Alternate Route,15
2026-08-01 19:50:00,17.38688182076086,78.48621612694865,685,16,Severe,3,0,2,0,19,1,8,2026,2,5,1,0,50,Evening,No Alternate Route,30
2026-08-01 19:55:00,17.41380281371914,78.44637776034584,655,19,Severe,1,1,2,0,19,1,8,2026,2,5,1,0,55,Evening,No Alternate Route,30
2026-08-01 20:00:00,17.4246725443962,78.4724842380391,558,35,High,2,4,2,0,20,1,8,2026,2,5,1,0,0,Evening,No Alternate Route,15
2026-08-01 20:05:00,17.41280847146034,78.44772500709419,508,32,High,1,1,1,0,20,1,8,2026,2,5,1,0,5,Evening,No Alternate Route,15
2026-08-01 20:10:00,17.4129408710249,78.44686314644406,683,11,Severe,3,1,0,0,20,1,8,2026,2,5,1,0,10,Evening,No Alternate Route,30
2026-08-01 20:15:00,17.38666039199445,78.48792863574846,594,23,High,2,0,0,0,20,1,8,2026,2,5,1,0,15,Evening,No Alternate Route,15
2026-08-01 20:20:00,17.49313605507314,78.3908289970909,581,26,High,1,3,2,0,20,1,8,2026,2,5,1,0,20,Evening,No Alternate Route,15
2026-08-01 20:25:00,17.44965713610006,78.38179808332708,718,12,Severe,1,2,1,0,20,1,8,2026,2,5,1,0,25,Evening,No Alternate Route,30
2026-08-01 20:30:00,17.41277671198853,78.44632204783053,686,18,Severe,3,1,1,0,20,1,8,2026,2,5,1,0,30,Evening,No Alternate Route,30
2026-08-01 20:35:00,17.49479957775896,78.39060104045123,697,17,Severe,0,3,2,0,20,1,8,2026,2,5,1,0,35,Evening,No Alternate Route,30
2026-08-01 20:40:00,17.4932129876818,78.39357174094894,520,37,High,3,3,2,0,20,1,8,2026,2,5,1,0,40,Evening,No Alternate Route,15
2026-08-01 20:45:00,17.41230997667003,78.45011154574905,521,38,High,2,1,0,0,20,1,8,2026,2,5,1,0,45,Evening,No Alternate Route,15
2026-08-01 20:50:00,17.44891425981029,78.38391905632035,552,32,High,1,2,2,1,20,1,8,2026,2,5,1,0,50,Evening,No Alternate Route,15
2026-08-01 20:55:00,17.45007154363102,78.38093328176804,761,14,Severe,2,2,1,0,20,1,8,2026,2,5,1,0,55,Evening,No Alternate Route,30
2026-08-01 21:00:00,17.3833950260269,78.48598281636434,99,62,Low,1,0,2,0,21,1,8,2026,2,5,1,0,0,Night,No Alternate Route,0
2026-08-01 21:05:00,17.49392452939299,78.39117145401009,140,56,Moderate,0,3,2,0,21,1,8,2026,2,5,1,0,5,Night,No Alternate Route,5
2026-08-01 21:10:00,17.4140433216071,78.44653479829122,161,52,Moderate,3,1,1,0,21,1,8,2026,2,5,1,0,10,Night,No Alternate Route,5
2026-08-01 21:15:00,17.41363931554748,78.44926079180236,178,59,Moderate,1,1,2,0,21,1,8,2026,2,5,1,0,15,Night,No Alternate Route,5
2026-08-01 21:20:00,17.42370046503853,78.47415703815092,156,49,Moderate,3,4,0,0,21,1,8,2026,2,5,1,0,20,Night,No Alternate Route,5
2026-08-01 21:25:00,17.38532663815722,78.48701220169873,92,77,Low,2,0,0,0,21,1,8,2026,2,5,1,0,25,Night,No Alternate Route,0
2026-08-01 21:30:00,17.49528658618821,78.39345867033676,87,80,Low,1,3,2,0,21,1,8,2026,2,5,1,0,30,Night,No Alternate Route,0
2026-08-01 21:35:00,17.41129848343146,78.44830777129847,106,42,Moderate,1,1,2,0,21,1,8,2026,2,5,1,0,35,Night,No Alternate Route,5
2026-08-01 21:40:00,17.42464530907607,78.47281213376742,98,62,Low,1,4,1,0,21,1,8,2026,2,5,1,0,40,Night,No Alternate Route,0
2026-08-01 21:45:00,17.49435005160728,78.39300519524495,117,56,Moderate,1,3,1,0,21,1,8,2026,2,5,1,0,45,Night,No Alternate Route,5
2026-08-01 21:50:00,17.49441759005248,78.38975025395615,175,47,Moderate,1,3,1,0,21,1,8,2026,2,5,1,0,50,Night,No Alternate Route,5
2026-08-01 21:55:00,17.4940164281766,78.3908180060153,178,51,Moderate,0,3,1,0,21,1,8,2026,2,5,1,0,55,Night,No Alternate Route,5
2026-08-01 22:00:00,17.49568316475958,78.39020188163634,116,53,Moderate,3,3,1,0,22,1,8,2026,2,5,1,2,0,Night,No Alternate Route,5
2026-08-01 22:05:00,17.44898907924336,78.38180123615733,142,43,Moderate,2,2,2,0,22,1,8,2026,2,5,1,2,5,Night,No Alternate Route,5
2026-08-01 22:10:00,17.38387094814669,78.48543024457774,112,57,Moderate,1,0,0,0,22,1,8,2026,2,5,1,2,10,Night,No Alternate Route,5
2026-08-01 22:15:00,17.42504688406256,78.47565756991916,121,60,Moderate,3,4,1,0,22,1,8,2026,2,5,1,2,15,Night,No Alternate Route,5
2026-08-01 22:20:00,17.45210276921043,78.38308444877578,170,57,Moderate,0,2,0,0,22,1,8,2026,2,5,1,2,20,Night,No Alternate Route,5
2026-08-01 22:25:00,17.38365236085913,78.48677899685768,90,62,Low,1,0,2,0,22,1,8,2026,2,5,1,2,25,Night,No Alternate Route,0
2026-08-01 22:30:00,17.49294048338227,78.39200774508483,180,50,Moderate,0,3,1,0,22,1,8,2026,2,5,1,2,30,Night,No Alternate Route,5
2026-08-01 22:35:00,17.42453765696925,78.47292752500549,130,41,Moderate,0,4,1,0,22,1,8,2026,2,5,1,2,35,Night,No Alternate Route,5
2026-08-01 22:40:00,17.41229010630757,78.44851994356846,167,40,Moderate,2,1,0,0,22,1,8,2026,2,5,1,2,40,Night,No Alternate Route,5
2026-08-01 22:45:00,17.49439475411164,78.3908716774037,125,58,Moderate,3,3,1,0,22,1,8,2026,2,5,1,2,45,Night,No Alternate Route,5
2026-08-01 22:50:00,17.38466017907757,78.48682714087825,166,58,Moderate,2,0,2,0,22,1,8,2026,2,5,1,2,50,Night,No Alternate Route,5
2026-08-01 22:55:00,17.49284647997685,78.39008923257158,101,44,Moderate,3,3,0,0,22,1,8,2026,2,5,1,2,55,Night,No Alternate Route,5
2026-08-01 23:00:00,17.45077774565841,78.38205190050269,166,54,Moderate,0,2,1,0,23,1,8,2026,2,5,1,2,0,Night,No Alternate Route,5
2026-08-01 23:05:00,17.38484777761102,78.48502780292564,87,80,Low,1,0,0,0,23,1,8,2026,2,5,1,2,5,Night,No Alternate Route,0
2026-08-01 23:10:00,17.38490308821371,78.48761076041693,87,64,Low,1,0,2,0,23,1,8,2026,2,5,1,2,10,Night,No Alternate Route,0
2026-08-01 23:15:00,17.38608830187451,78.48853570755148,164,47,Moderate,3,0,0,0,23,1,8,2026,2,5,1,2,15,Night,No Alternate Route,5
2026-08-01 23:20:00,17.42558822561427,78.47479601961486,100,74,Low,1,4,2,0,23,1,8,2026,2,5,1,2,20,Night,No Alternate Route,0
2026-08-01 23:25:00,17.41351135500931,78.44932023972765,113,47,Moderate,1,1,0,0,23,1,8,2026,2,5,1,2,25,Night,No Alternate Route,5
2026-08-01 23:30:00,17.42256985340952,78.47488808670248,97,71,Low,3,4,1,0,23,1,8,2026,2,5,1,2,30,Night,No Alternate Route,0
2026-08-01 23:35:00,17.41330249211565,78.44793503759422,84,62,Low,0,1,2,0,23,1,8,2026,2,5,1,2,35,Night,No Alternate Route,0
2026-08-01 23:40:00,17.41247598561092,78.44674210263943,94,60,Low,0,1,2,0,23,1,8,2026,2,5,1,2,40,Night,No Alternate Route,0
2026-08-01 23:45:00,17.38626471946549,78.48616291710512,173,46,Moderate,1,0,0,0,23,1,8,2026,2,5,1,2,45,Night,No Alternate Route,5
2026-08-01 23:50:00,17.38347023457261,78.48478499477592,85,66,Low,0,0,1,0,23,1,8,2026,2,5,1,2,50,Night,No Alternate Route,0
2026-08-01 23:55:00,17.41275581137762,78.44931958068051,168,54,Moderate,2,1,0,0,23,1,8,2026,2,5,1,2,55,Night,No Alternate Route,5
2026-08-02 00:00:00,17.38464336099094,78.48496509368623,73,71,Low,3,0,0,0,0,2,8,2026,3,6,1,2,0,Night,No Alternate Route,0
2026-08-02 00:05:00,17.42315476708091,78.47306694994437,44,66,Low,1,4,1,0,0,2,8,2026,3,6,1,2,5,Night,No Alternate Route,0
2026-08-02 00:10:00,17.38302314753836,78.48662397853799,23,74,Low,2,0,0,0,0,2,8,2026,3,6,1,2,10,Night,No Alternate Route,0
2026-08-02 00:15:00,17.49294474307231,78.39027141877399,68,71,Low,1,3,0,0,0,2,8,2026,3,6,1,2,15,Night,No Alternate Route,0
2026-08-02 00:20:00,17.41198219495187,78.44701279760349,59,61,Low,3,1,1,0,0,2,8,2026,3,6,1,2,20,Night,No Alternate Route,0
2026-08-02 00:25:00,17.49352247876267,78.39020341228328,77,70,Low,3,3,1,0,0,2,8,2026,3,6,1,2,25,Night,No Alternate Route,0
2026-08-02 00:30:00,17.38481032189186,78.48752474935156,51,65,Low,1,0,1,0,0,2,8,2026,3,6,1,2,30,Night,No Alternate Route,0
2026-08-02 00:35:00,17.41070144974755,78.4476886740826,51,63,Low,2,1,0,0,0,2,8,2026,3,6,1,2,35,Night,No Alternate Route,0
2026-08-02 00:40:00,17.49334418842781,78.39261793697658,27,60,Low,3,3,0,0,0,2,8,2026,3,6,1,2,40,Night,No Alternate Route,0
2026-08-02 00:45:00,17.49615293476757,78.3925750874351,79,63,Low,3,3,1,0,0,2,8,2026,3,6,1,2,45,Night,No Alternate Route,0
2026-08-02 00:50:00,17.49412502525248,78.39031410806463,67,67,Low,0,3,0,0,0,2,8,2026,3,6,1,2,50,Night,No Alternate Route,0
2026-08-02 00:55:00,17.42429752408808,78.47395875788091,74,80,Low,1,4,1,0,0,2,8,2026,3,6,1,2,55,Night,No Alternate Route,0
2026-08-02 01:00:00,17.42280482874634,78.4742942279946,80,75,Low,2,4,1,0,1,2,8,2026,3,6,1,2,0,Night,No Alternate Route,0
2026-08-02 01:05:00,17.41221019943661,78.44936030786504,40,77,Low,0,1,0,0,1,2,8,2026,3,6,1,2,5,Night,No Alternate Route,0
2026-08-02 01:10:00,17.42367184976314,78.47305398901901,72,72,Low,2,4,0,0,1,2,8,2026,3,6,1,2,10,Night,No Alternate Route,0
2026-08-02 01:15:00,17.41069142627074,78.44677659667562,38,75,Low,0,1,0,0,1,2,8,2026,3,6,1,2,15,Night,No Alternate Route,0
2026-08-02 01:20:00,17.38502451092202,78.48776366161965,70,74,Low,3,0,2,0,1,2,8,2026,3,6,1,2,20,Night,No Alternate Route,0
2026-08-02 01:25:00,17.4500412172391,78.38391838528085,60,76,Low,0,2,2,0,1,2,8,2026,3,6,1,2,25,Night,No Alternate Route,0
2026-08-02 01:30:00,17.4136457025158,78.44813989479725,25,80,Low,3,1,1,0,1,2,8,2026,3,6,1,2,30,Night,No Alternate Route,0
2026-08-02 01:35:00,17.41200126132338,78.44636005325478,55,70,Low,0,1,0,0,1,2,8,2026,3,6,1,2,35,Night,No Alternate Route,0
2026-08-02 01:40:00,17.42312466345721,78.47539322786965,73,62,Low,0,4,2,0,1,2,8,2026,3,6,1,2,40,Night,No Alternate Route,0
2026-08-02 01:45:00,17.38462646653942,78.48480469591614,58,80,Low,2,0,1,0,1,2,8,2026,3,6,1,2,45,Night,No Alternate Route,0
2026-08-02 01:50:00,17.49351618112319,78.38996268688831,75,73,Low,3,3,0,0,1,2,8,2026,3,6,1,2,50,Night,No Alternate Route,0
2026-08-02 01:55:00,17.42546061501384,78.47373907497322,44,60,Low,2,4,0,0,1,2,8,2026,3,6,1,2,55,Night,No Alternate Route,0
2026-08-02 02:00:00,17.42552774272197,78.4750596054416,49,74,Low,3,4,1,0,2,2,8,2026,3,6,1,2,0,Night,No Alternate Route,0
2026-08-02 02:05:00,17.41221800602833,78.4478923854229,69,64,Low,1,1,1,0,2,2,8,2026,3,6,1,2,5,Night,No Alternate Route,0
2026-08-02 02:10:00,17.44945346263828,78.38312176124836,54,73,Low,1,2,2,0,2,2,8,2026,3,6,1,2,10,Night,No Alternate Route,0
2026-08-02 02:15:00,17.42206168664266,78.47308290094065,41,71,Low,2,4,0,0,2,2,8,2026,3,6,1,2,15,Night,No Alternate Route,0
2026-08-02 02:20:00,17.3853039562774,78.48625356524941,64,72,Low,3,0,0,0,2,2,8,2026,3,6,1,2,20,Night,No Alternate Route,0
2026-08-02 02:25:00,17.38610960409811,78.4879299757566,45,71,Low,0,0,1,0,2,2,8,2026,3,6,1,2,25,Night,No Alternate Route,0
2026-08-02 02:30:00,17.4246696584797,78.47515934831897,33,62,Low,0,4,2,0,2,2,8,2026,3,6,1,2,30,Night,No Alternate Route,0
2026-08-02 02:35:00,17.44853878128158,78.38112001250151,77,61,Low,3,2,1,0,2,2,8,2026,3,6,1,2,35,Night,No Alternate Route,0
2026-08-02 02:40:00,17.41205092435091,78.44919210026461,21,71,Low,2,1,2,0,2,2,8,2026,3,6,1,2,40,Night,No Alternate Route,0
2026-08-02 02:45:00,17.38587392973712,78.48708135041798,62,77,Low,1,0,2,0,2,2,8,2026,3,6,1,2,45,Night,No Alternate Route,0
2026-08-02 02:50:00,17.4135778862226,78.44778657573109,53,61,Low,1,1,1,0,2,2,8,2026,3,6,1,2,50,Night,No Alternate Route,0
2026-08-02 02:55:00,17.44995833083052,78.38176653892053,24,64,Low,3,2,2,0,2,2,8,2026,3,6,1,2,55,Night,No Alternate Route,0
2026-08-02 03:00:00,17.41160199361565,78.44979618942865,61,69,Low,2,1,0,0,3,2,8,2026,3,6,1,2,0,Night,No Alternate Route,0
2026-08-02 03:05:00,17.44863642388646,78.3807005801411,38,80,Low,3,2,2,0,3,2,8,2026,3,6,1,2,5,Night,No Alternate Route,0
2026-08-02 03:10:00,17.38585139413999,78.48739610249342,37,65,Low,1,0,1,0,3,2,8,2026,3,6,1,2,10,Night,No Alternate Route,0
2026-08-02 03:15:00,17.49633192235012,78.38997191546832,36,76,Low,3,3,0,0,3,2,8,2026,3,6,1,2,15,Night,No Alternate Route,0
2026-08-02 03:20:00,17.38661306313974,78.4853385675464,20,65,Low,3,0,1,0,3,2,8,2026,3,6,1,2,20,Night,No Alternate Route,0
2026-08-02 03:25:00,17.42331441846459,78.47411183400794,46,62,Low,3,4,1,0,3,2,8,2026,3,6,1,2,25,Night,No Alternate Route,0
2026-08-02 03:30:00,17.41232994659708,78.44706646968969,52,61,Low,0,1,0,0,3,2,8,2026,3,6,1,2,30,Night,No Alternate Route,0
2026-08-02 03:35:00,17.45071712286311,78.38215124504701,54,60,Low,0,2,2,0,3,2,8,2026,3,6,1,2,35,Night,No Alternate Route,0
2026-08-02 03:40:00,17.38529372362166,78.48795388187622,55,80,Low,2,0,1,0,3,2,8,2026,3,6,1,2,40,Night,No Alternate Route,0
2026-08-02 03:45:00,17.4932437340476,78.39218525321266,38,71,Low,0,3,0,0,3,2,8,2026,3,6,1,2,45,Night,No Alternate Route,0
2026-08-02 03:50:00,17.49303996374896,78.39142036006807,78,68,Low,3,3,0,0,3,2,8,2026,3,6,1,2,50,Night,No Alternate Route,0
2026-08-02 03:55:00,17.492907477649,78.38972437188842,60,80,Low,0,3,1,0,3,2,8,2026,3,6,1,2,55,Night,No Alternate Route,0
2026-08-02 04:00:00,17.49605962298383,78.39195088671877,59,74,Low,3,3,0,0,4,2,8,2026,3,6,1,2,0,Night,No Alternate Route,0
2026-08-02 04:05:00,17.41168120220117,78.44850979971713,29,72,Low,1,1,0,0,4,2,8,2026,3,6,1,2,5,Night,No Alternate Route,0
2026-08-02 04:10:00,17.38436763386647,78.4847643907686,50,76,Low,1,0,0,0,4,2,8,2026,3,6,1,2,10,Night,No Alternate Route,0
2026-08-02 04:15:00,17.4501446982465,78.3817314048637,57,64,Low,0,2,1,0,4,2,8,2026,3,6,1,2,15,Night,No Alternate Route,0
2026-08-02 04:20:00,17.42314768623336,78.47504048731437,53,74,Low,1,4,1,0,4,2,8,2026,3,6,1,2,20,Night,No Alternate Route,0
2026-08-02 04:25:00,17.49486965883661,78.39048555239332,46,66,Low,1,3,2,1,4,2,8,2026,3,6,1,2,25,Night,No Alternate Route,0
2026-08-02 04:30:00,17.41089021200607,78.44903421088308,53,70,Low,3,1,2,0,4,2,8,2026,3,6,1,2,30,Night,No Alternate Route,0
2026-08-02 04:35:00,17.41062762859522,78.4481200237259,78,75,Low,1,1,1,0,4,2,8,2026,3,6,1,2,35,Night,No Alternate Route,0
2026-08-02 04:40:00,17.49504244297717,78.3897524593572,55,75,Low,3,3,0,0,4,2,8,2026,3,6,1,2,40,Night,No Alternate Route,0
2026-08-02 04:45:00,17.49554166788464,78.39071836345084,63,73,Low,1,3,0,0,4,2,8,2026,3,6,1,2,45,Night,No Alternate Route,0
2026-08-02 04:50:00,17.38330632251812,78.4866999374452,32,66,Low,2,0,2,0,4,2,8,2026,3,6,1,2,50,Night,No Alternate Route,0
2026-08-02 04:55:00,17.450485311292,78.38434991836911,54,72,Low,2,2,0,0,4,2,8,2026,3,6,1,2,55,Night,No Alternate Route,0
2026-08-02 05:00:00,17.49644661371042,78.39362925290129,83,79,Low,0,3,0,0,5,2,8,2026,3,6,1,2,0,Morning,No Alternate Route,0
2026-08-02 05:05:00,17.49372276435411,78.39202907271736,95,65,Low,0,3,2,0,5,2,8,2026,3,6,1,2,5,Morning,No Alternate Route,0
2026-08-02 05:10:00,17.3846272047567,78.48642947007691,160,53,Moderate,0,0,1,0,5,2,8,2026,3,6,1,2,10,Morning,No Alternate Route,5
2026-08-02 05:15:00,17.38454791917509,78.48592751458884,150,60,Moderate,2,0,2,0,5,2,8,2026,3,6,1,2,15,Morning,No Alternate Route,5
2026-08-02 05:20:00,17.38690825080904,78.48757583939083,83,66,Low,3,0,2,0,5,2,8,2026,3,6,1,2,20,Morning,No Alternate Route,0
2026-08-02 05:25:00,17.42481544775323,78.47393180973239,104,54,Moderate,1,4,2,0,5,2,8,2026,3,6,1,2,25,Morning,No Alternate Route,5
2026-08-02 05:30:00,17.38349101775922,78.48869851497287,109,41,Moderate,0,0,2,0,5,2,8,2026,3,6,1,2,30,Morning,No Alternate Route,5
2026-08-02 05:35:00,17.41205841022426,78.44714620290708,87,76,Low,1,1,2,0,5,2,8,2026,3,6,1,2,35,Morning,No Alternate Route,0
2026-08-02 05:40:00,17.44854310154039,78.38108012614789,131,42,Moderate,2,2,1,0,5,2,8,2026,3,6,1,2,40,Morning,No Alternate Route,5
2026-08-02 05:45:00,17.42303062090823,78.47257006942222,107,59,Moderate,0,4,2,0,5,2,8,2026,3,6,1,2,45,Morning,No Alternate Route,5
2026-08-02 05:50:00,17.45061377087782,78.3812709957391,137,48,Moderate,2,2,0,0,5,2,8,2026,3,6,1,2,50,Morning,No Alternate Route,5
2026-08-02 05:55:00,17.49642347035265,78.39356233460114,163,59,Moderate,3,3,2,0,5,2,8,2026,3,6,1,2,55,Morning,No Alternate Route,5
2026-08-02 06:00:00,17.41087228662803,78.44881122406825,88,73,Low,3,1,2,0,6,2,8,2026,3,6,1,2,0,Morning,No Alternate Route,0
2026-08-02 06:05:00,17.49338062734092,78.3924282142593,178,57,Moderate,2,3,0,0,6,2,8,2026,3,6,1,2,5,Morning,No Alternate Route,5
2026-08-02 06:10:00,17.4488100238463,78.38435489496064,168,44,Moderate,2,2,1,0,6,2,8,2026,3,6,1,2,10,Morning,No Alternate Route,5
2026-08-02 06:15:00,17.4518744695838,78.3813779473109,91,60,Low,0,2,0,0,6,2,8,2026,3,6,1,2,15,Morning,No Alternate Route,0
2026-08-02 06:20:00,17.41370524089026,78.44974038603243,170,55,Moderate,2,1,2,0,6,2,8,2026,3,6,1,2,20,Morning,No Alternate Route,5
2026-08-02 06:25:00,17.42190374184763,78.47304719323105,144,45,Moderate,0,4,2,0,6,2,8,2026,3,6,1,2,25,Morning,No Alternate Route,5
2026-08-02 06:30:00,17.42525806430592,78.47354855664459,98,63,Low,2,4,2,0,6,2,8,2026,3,6,1,2,30,Morning,No Alternate Route,0
2026-08-02 06:35:00,17.42436157921928,78.47505358570403,164,41,Moderate,2,4,0,0,6,2,8,2026,3,6,1,2,35,Morning,No Alternate Route,5
2026-08-02 06:40:00,17.38647371799071,78.48657459007524,163,45,Moderate,1,0,1,0,6,2,8,2026,3,6,1,2,40,Morning,No Alternate Route,5
2026-08-02 06:45:00,17.38524000140825,78.48639811233461,97,60,Low,3,0,2,0,6,2,8,2026,3,6,1,2,45,Morning,No Alternate Route,0
2026-08-02 06:50:00,17.42414652045197,78.47243473832427,129,57,Moderate,3,4,0,0,6,2,8,2026,3,6,1,2,50,Morning,No Alternate Route,5
2026-08-02 06:55:00,17.38425516802337,78.48626642479715,139,46,Moderate,2,0,0,1,6,2,8,2026,3,6,1,2,55,Morning,No Alternate Route,5
2026-08-02 07:00:00,17.49674867919019,78.3930875637159,631,10,Severe,1,3,0,0,7,2,8,2026,3,6,1,1,0,Morning,No Alternate Route,30
2026-08-02 07:05:00,17.49421158320998,78.39203677002497,520,36,High,0,3,0,0,7,2,8,2026,3,6,1,1,5,Morning,No Alternate Route,15
2026-08-02 07:10:00,17.49486303408327,78.39068252323173,625,14,Severe,3,3,0,0,7,2,8,2026,3,6,1,1,10,Morning,No Alternate Route,30
2026-08-02 07:15:00,17.38606256397274,78.48630454171926,526,40,High,1,0,1,0,7,2,8,2026,3,6,1,1,15,Morning,No Alternate Route,15
2026-08-02 07:20:00,17.38491873591551,78.48720930567801,610,16,Severe,3,0,1,0,7,2,8,2026,3,6,1,1,20,Morning,No Alternate Route,30
2026-08-02 07:25:00,17.38450929840396,78.48749871736295,496,31,High,1,0,2,0,7,2,8,2026,3,6,1,1,25,Morning,No Alternate Route,15
2026-08-02 07:30:00,17.42259281151474,78.47320770775228,534,26,High,3,4,2,0,7,2,8,2026,3,6,1,1,30,Morning,No Alternate Route,15
2026-08-02 07:35:00,17.38599023423877,78.48490819503004,557,23,High,0,0,1,0,7,2,8,2026,3,6,1,1,35,Morning,No Alternate Route,15
2026-08-02 07:40:00,17.42428105793437,78.47455713823567,658,18,Severe,1,4,0,0,7,2,8,2026,3,6,1,1,40,Morning,No Alternate Route,30
2026-08-02 07:45:00,17.38411831337798,78.48521602983897,509,29,High,1,0,1,0,7,2,8,2026,3,6,1,1,45,Morning,No Alternate Route,15
2026-08-02 07:50:00,17.49439917765347,78.39102484932539,654,16,Severe,0,3,0,1,7,2,8,2026,3,6,1,1,50,Morning,No Alternate Route,30
2026-08-02 07:55:00,17.41239421257041,78.44902907050559,478,26,High,3,1,1,0,7,2,8,2026,3,6,1,1,55,Morning,No Alternate Route,15
2026-08-02 08:00:00,17.38602598086856,78.4872653210347,529,40,High,1,0,0,0,8,2,8,2026,3,6,1,1,0,Morning,No Alternate Route,15
2026-08-02 08:05:00,17.42308496845579,78.47231071659212,542,36,High,1,4,0,0,8,2,8,2026,3,6,1,1,5,Morning,No Alternate Route,15
2026-08-02 08:10:00,17.45136848791449,78.38077114695935,546,21,High,0,2,2,0,8,2,8,2026,3,6,1,1,10,Morning,No Alternate Route,15
2026-08-02 08:15:00,17.41273267435323,78.44864876529292,464,40,High,2,1,1,0,8,2,8,2026,3,6,1,1,15,Morning,No Alternate Route,15
2026-08-02 08:20:00,17.41125541672214,78.44967806962688,658,19,Severe,2,1,1,0,8,2,8,2026,3,6,1,1,20,Morning,No Alternate Route,30
2026-08-02 08:25:00,17.38356788267175,78.48813724245706,681,12,Severe,3,0,2,0,8,2,8,2026,3,6,1,1,25,Morning,No Alternate Route,30
2026-08-02 08:30:00,17.38613162287853,78.48624444693444,598,28,High,3,0,0,0,8,2,8,2026,3,6,1,1,30,Morning,No Alternate Route,15
2026-08-02 08:35:00,17.49496354159272,78.39331624724018,536,36,High,0,3,0,0,8,2,8,2026,3,6,1,1,35,Morning,No Alternate Route,15
2026-08-02 08:40:00,17.4962522689705,78.39320403142709,467,24,High,2,3,1,0,8,2,8,2026,3,6,1,1,40,Morning,No Alternate Route,15
2026-08-02 08:45:00,17.41191891287052,78.44951315755947,649,15,Severe,2,1,1,0,8,2,8,2026,3,6,1,1,45,Morning,No Alternate Route,30
2026-08-02 08:50:00,17.49415544942651,78.39138302435678,692,11,Severe,1,3,1,0,8,2,8,2026,3,6,1,1,50,Morning,No Alternate Route,30
2026-08-02 08:55:00,17.38619884648917,78.48823452486874,578,38,High,0,0,1,0,8,2,8,2026,3,6,1,1,55,Morning,No Alternate Route,15
2026-08-02 09:00:00,17.42417562938135,78.4735818886829,667,15,Severe,3,4,2,0,9,2,8,2026,3,6,1,1,0,Morning,No Alternate Route,30
2026-08-02 09:05:00,17.49346850632336,78.39251836456701,551,36,High,0,3,2,0,9,2,8,2026,3,6,1,1,5,Morning,No Alternate Route,15
2026-08-02 09:10:00,17.42554024310325,78.47225521665021,655,20,Severe,0,4,1,0,9,2,8,2026,3,6,1,1,10,Morning,No Alternate Route,30
2026-08-02 09:15:00,17.41266846499893,78.44916142860603,562,34,High,0,1,0,0,9,2,8,2026,3,6,1,1,15,Morning,No Alternate Route,15
2026-08-02 09:20:00,17.41107844868565,78.44739648046637,647,13,Severe,0,1,1,0,9,2,8,2026,3,6,1,1,20,Morning,No Alternate Route,30
2026-08-02 09:25:00,17.42563702345869,78.47384370122221,482,22,High,3,4,1,0,9,2,8,2026,3,6,1,1,25,Morning,No Alternate Route,15
2026-08-02 09:30:00,17.38302391262061,78.48848300316475,478,35,High,2,0,0,0,9,2,8,2026,3,6,1,1,30,Morning,No Alternate Route,15
2026-08-02 09:35:00,17.45182843666822,78.38280942512505,693,19,Severe,1,2,1,0,9,2,8,2026,3,6,1,1,35,Morning,No Alternate Route,30
2026-08-02 09:40:00,17.42348371615586,78.47457994894835,639,16,Severe,3,4,1,0,9,2,8,2026,3,6,1,1,40,Morning,No Alternate Route,30
2026-08-02 09:45:00,17.42243030579634,78.47364599701854,651,20,Severe,3,4,1,0,9,2,8,2026,3,6,1,1,45,Morning,No Alternate Route,30
2026-08-02 09:50:00,17.49311676979739,78.38999536084151,610,16,Severe,3,3,2,0,9,2,8,2026,3,6,1,1,50,Morning,No Alternate Route,30
2026-08-02 09:55:00,17.42339904880835,78.47191600871301,561,30,High,3,4,1,0,9,2,8,2026,3,6,1,1,55,Morning,No Alternate Route,15
2026-08-02 10:00:00,17.38515362152913,78.48470142455439,340,30,High,3,0,0,0,10,2,8,2026,3,6,1,1,0,Morning,No Alternate Route,15
2026-08-02 10:05:00,17.42523663244199,78.47351575820973,221,49,Moderate,3,4,2,0,10,2,8,2026,3,6,1,1,5,Morning,No Alternate Route,5
2026-08-02 10:10:00,17.4506126695202,78.38252777858358,340,25,High,3,2,0,0,10,2,8,2026,3,6,1,1,10,Morning,No Alternate Route,15
2026-08-02 10:15:00,17.42537336967974,78.47474482460606,224,50,Moderate,0,4,1,0,10,2,8,2026,3,6,1,1,15,Morning,No Alternate Route,5
2026-08-02 10:20:00,17.41092406341576,78.44853933291095,304,24,High,0,1,0,0,10,2,8,2026,3,6,1,1,20,Morning,No Alternate Route,15
2026-08-02 10:25:00,17.42553279751558,78.4746956670139,323,30,High,1,4,0,0,10,2,8,2026,3,6,1,1,25,Morning,No Alternate Route,15
2026-08-02 10:30:00,17.4108052835743,78.44948574746121,238,40,Moderate,1,1,1,0,10,2,8,2026,3,6,1,1,30,Morning,No Alternate Route,5
2026-08-02 10:35:00,17.38580565589471,78.48811830997575,221,54,Moderate,2,0,0,0,10,2,8,2026,3,6,1,1,35,Morning,No Alternate Route,5
2026-08-02 10:40:00,17.41238321341837,78.44858800033802,348,21,High,2,1,1,0,10,2,8,2026,3,6,1,1,40,Morning,No Alternate Route,15
2026-08-02 10:45:00,17.38391392875932,78.48472551155903,246,50,Moderate,2,0,2,0,10,2,8,2026,3,6,1,1,45,Morning,No Alternate Route,5
2026-08-02 10:50:00,17.45066034791656,78.3824515294502,345,29,High,1,2,2,0,10,2,8,2026,3,6,1,1,50,Morning,No Alternate Route,15
2026-08-02 10:55:00,17.42267222908539,78.474000905079,311,28,High,3,4,0,0,10,2,8,2026,3,6,1,1,55,Morning,No Alternate Route,15
2026-08-02 11:00:00,17.38595547645566,78.48501578514762,346,35,High,1,0,1,0,11,2,8,2026,3,6,1,2,0,Morning,No Alternate Route,15
2026-08-02 11:05:00,17.38583141666877,78.48748965505459,339,37,High,2,0,0,0,11,2,8,2026,3,6,1,2,5,Morning,No Alternate Route,15
2026-08-02 11:10:00,17.45112879918084,78.38111959988304,202,45,Moderate,3,2,2,0,11,2,8,2026,3,6,1,2,10,Morning,No Alternate Route,5
2026-08-02 11:15:00,17.41312932649481,78.44839412090492,312,38,High,2,1,2,0,11,2,8,2026,3,6,1,2,15,Morning,No Alternate Route,15
2026-08-02 11:20:00,17.42476126770621,78.47508610731417,315,27,High,3,4,0,0,11,2,8,2026,3,6,1,2,20,Morning,No Alternate Route,15
2026-08-02 11:25:00,17.49348119143668,78.39332151568124,326,34,High,1,3,0,0,11,2,8,2026,3,6,1,2,25,Morning,No Alternate Route,15
2026-08-02 11:30:00,17.45096106976001,78.38359875781202,311,26,High,2,2,1,0,11,2,8,2026,3,6,1,2,30,Morning,No Alternate Route,15
2026-08-02 11:35:00,17.41076792250735,78.44932795714041,298,44,Moderate,1,1,0,0,11,2,8,2026,3,6,1,2,35,Morning,No Alternate Route,5
2026-08-02 11:40:00,17.41375778376472,78.44826487045019,323,21,High,3,1,0,0,11,2,8,2026,3,6,1,2,40,Morning,No Alternate Route,15
2026-08-02 11:45:00,17.49508473462502,78.39183153217346,253,46,Moderate,0,3,0,0,11,2,8,2026,3,6,1,2,45,Morning,No Alternate Route,5
2026-08-02 11:50:00,17.44973075484872,78.38123849469345,292,52,Moderate,1,2,0,0,11,2,8,2026,3,6,1,2,50,Morning,No Alternate Route,5
2026-08-02 11:55:00,17.38359950039964,78.48601565719635,194,47,Moderate,1,0,0,0,11,2,8,2026,3,6,1,2,55,Morning,No Alternate Route,5
2026-08-02 12:00:00,17.42399724472286,78.47452074600207,213,46,Moderate,2,4,2,0,12,2,8,2026,3,6,1,2,0,Afternoon,No Alternate Route,5
2026-08-02 12:05:00,17.49332408501443,78.39182082262984,302,32,High,0,3,0,0,12,2,8,2026,3,6,1,2,5,Afternoon,No Alternate Route,15
2026-08-02 12:10:00,17.38332254755028,78.48679419746848,298,47,Moderate,0,0,0,0,12,2,8,2026,3,6,1,2,10,Afternoon,No Alternate Route,5
2026-08-02 12:15:00,17.38514340651161,78.48472849767806,274,51,Moderate,3,0,2,0,12,2,8,2026,3,6,1,2,15,Afternoon,No Alternate Route,5
2026-08-02 12:20:00,17.38551557759483,78.48768287020431,329,39,High,0,0,0,0,12,2,8,2026,3,6,1,2,20,Afternoon,No Alternate Route,15
2026-08-02 12:25:00,17.38588214697688,78.48739046816672,339,21,High,3,0,1,0,12,2,8,2026,3,6,1,2,25,Afternoon,No Alternate Route,15
2026-08-02 12:30:00,17.38320357514482,78.48580714111459,205,57,Moderate,0,0,2,0,12,2,8,2026,3,6,1,2,30,Afternoon,No Alternate Route,5
2026-08-02 12:35:00,17.44961858509058,78.38399457884472,187,42,Moderate,1,2,0,0,12,2,8,2026,3,6,1,2,35,Afternoon,No Alternate Route,5
2026-08-02 12:40:00,17.38636268505336,78.486509448561,346,30,High,0,0,2,0,12,2,8,2026,3,6,1,2,40,Afternoon,No Alternate Route,15
2026-08-02 12:45:00,17.38651819367216,78.48659837600387,336,40,High,3,0,1,0,12,2,8,2026,3,6,1,2,45,Afternoon,No Alternate Route,15
2026-08-02 12:50:00,17.41185660704492,78.44915496252824,180,51,Moderate,2,1,0,0,12,2,8,2026,3,6,1,2,50,Afternoon,No Alternate Route,5
2026-08-02 12:55:00,17.42506201320798,78.47347215561578,201,53,Moderate,1,4,0,0,12,2,8,2026,3,6,1,2,55,Afternoon,No Alternate Route,5
2026-08-02 13:00:00,17.49442126028088,78.39034151138783,216,51,Moderate,3,3,2,0,13,2,8,2026,3,6,1,2,0,Afternoon,No Alternate Route,5
2026-08-02 13:05:00,17.41453106435785,78.44802561159413,283,56,Moderate,2,1,0,0,13,2,8,2026,3,6,1,2,5,Afternoon,No Alternate Route,5
2026-08-02 13:10:00,17.49679770133836,78.38980873932633,260,41,Moderate,2,3,1,0,13,2,8,2026,3,6,1,2,10,Afternoon,No Alternate Route,5
2026-08-02 13:15:00,17.38688167250402,78.48815657143818,257,52,Moderate,3,0,0,0,13,2,8,2026,3,6,1,2,15,Afternoon,No Alternate Route,5
2026-08-02 13:20:00,17.38528378137443,78.48526237245844,327,21,High,2,0,2,0,13,2,8,2026,3,6,1,2,20,Afternoon,No Alternate Route,15
2026-08-02 13:25:00,17.45214919732199,78.38112704908481,295,43,Moderate,0,2,2,0,13,2,8,2026,3,6,1,2,25,Afternoon,No Alternate Route,5
2026-08-02 13:30:00,17.45045690459629,78.38370434874493,192,52,Moderate,3,2,1,0,13,2,8,2026,3,6,1,2,30,Afternoon,No Alternate Route,5
2026-08-02 13:35:00,17.4930548683616,78.39069277918901,310,31,High,2,3,2,0,13,2,8,2026,3,6,1,2,35,Afternoon,No Alternate Route,15
2026-08-02 13:40:00,17.38692472162608,78.48826582044944,280,47,Moderate,1,0,0,0,13,2,8,2026,3,6,1,2,40,Afternoon,No Alternate Route,5
2026-08-02 13:45:00,17.49448710378357,78.39058995266532,269,59,Moderate,1,3,2,0,13,2,8,2026,3,6,1,2,45,Afternoon,No Alternate Route,5
2026-08-02 13:50:00,17.49300118010849,78.39275212893297,256,56,Moderate,1,3,2,0,13,2,8,2026,3,6,1,2,50,Afternoon,No Alternate Route,5
2026-08-02 13:55:00,17.44945598796918,78.38412938688808,272,43,Moderate,0,2,0,0,13,2,8,2026,3,6,1,2,55,Afternoon,No Alternate Route,5
2026-08-02 14:00:00,17.38578393077081,78.48861380940596,234,40,Moderate,0,0,1,0,14,2,8,2026,3,6,1,2,0,Afternoon,No Alternate Route,5
2026-08-02 14:05:00,17.49363260815557,78.39169496033274,315,26,High,1,3,0,0,14,2,8,2026,3,6,1,2,5,Afternoon,No Alternate Route,15
2026-08-02 14:10:00,17.41367169049724,78.44781854158144,324,36,High,3,1,1,0,14,2,8,2026,3,6,1,2,10,Afternoon,No Alternate Route,15
2026-08-02 14:15:00,17.45185796295363,78.38244193356994,317,40,High,0,2,0,0,14,2,8,2026,3,6,1,2,15,Afternoon,No Alternate Route,15
2026-08-02 14:20:00,17.49556775279237,78.39111574115908,345,29,High,0,3,2,0,14,2,8,2026,3,6,1,2,20,Afternoon,No Alternate Route,15
2026-08-02 14:25:00,17.38437465761602,78.48744576410677,259,47,Moderate,0,0,0,0,14,2,8,2026,3,6,1,2,25,Afternoon,No Alternate Route,5
2026-08-02 14:30:00,17.41062701548389,78.4465305911143,342,23,High,3,1,0,0,14,2,8,2026,3,6,1,2,30,Afternoon,No Alternate Route,15
2026-08-02 14:35:00,17.45081582255143,78.3837976850944,315,32,High,1,2,0,0,14,2,8,2026,3,6,1,2,35,Afternoon,No Alternate Route,15
2026-08-02 14:40:00,17.45064753614947,78.38155203374461,218,55,Moderate,2,2,2,0,14,2,8,2026,3,6,1,2,40,Afternoon,No Alternate Route,5
2026-08-02 14:45:00,17.38612351381074,78.48573105119827,234,53,Moderate,1,0,2,0,14,2,8,2026,3,6,1,2,45,Afternoon,No Alternate Route,5
2026-08-02 14:50:00,17.38547950625521,78.48728385221469,253,48,Moderate,0,0,2,0,14,2,8,2026,3,6,1,2,50,Afternoon,No Alternate Route,5
2026-08-02 14:55:00,17.38431035976056,78.4851386762599,313,20,High,2,0,2,0,14,2,8,2026,3,6,1,2,55,Afternoon,No Alternate Route,15
2026-08-02 15:00:00,17.45202330403446,78.38442245017166,253,45,Moderate,3,2,2,0,15,2,8,2026,3,6,1,2,0,Afternoon,No Alternate Route,5
2026-08-02 15:05:00,17.38625663875478,78.48672967108702,200,57,Moderate,2,0,1,0,15,2,8,2026,3,6,1,2,5,Afternoon,No Alternate Route,5
2026-08-02 15:10:00,17.41183349337006,78.44802636259529,335,24,High,1,1,1,0,15,2,8,2026,3,6,1,2,10,Afternoon,No Alternate Route,15
2026-08-02 15:15:00,17.38527869091082,78.48762870138783,189,59,Moderate,1,0,2,0,15,2,8,2026,3,6,1,2,15,Afternoon,No Alternate Route,5
2026-08-02 15:20:00,17.42369840792223,78.47319535747077,325,38,High,0,4,1,0,15,2,8,2026,3,6,1,2,20,Afternoon,No Alternate Route,15
2026-08-02 15:25:00,17.38392434686943,78.48656391426366,229,60,Moderate,1,0,2,0,15,2,8,2026,3,6,1,2,25,Afternoon,No Alternate Route,5
2026-08-02 15:30:00,17.38483377105205,78.48728082407808,323,24,High,2,0,1,1,15,2,8,2026,3,6,1,2,30,Afternoon,No Alternate Route,15
2026-08-02 15:35:00,17.38360875400901,78.48612564163737,344,38,High,0,0,1,0,15,2,8,2026,3,6,1,2,35,Afternoon,No Alternate Route,15
2026-08-02 15:40:00,17.44920205431446,78.38089153354689,219,43,Moderate,0,2,2,0,15,2,8,2026,3,6,1,2,40,Afternoon,No Alternate Route,5
2026-08-02 15:45:00,17.4956276172446,78.39057239678408,186,56,Moderate,3,3,2,0,15,2,8,2026,3,6,1,2,45,Afternoon,No Alternate Route,5
2026-08-02 15:50:00,17.41245448108633,78.44632948666101,198,47,Moderate,3,1,1,0,15,2,8,2026,3,6,1,2,50,Afternoon,No Alternate Route,5
2026-08-02 15:55:00,17.45144319637573,78.38306573619548,203,53,Moderate,2,2,2,0,15,2,8,2026,3,6,1,2,55,Afternoon,No Alternate Route,5
2026-08-02 16:00:00,17.45130709223955,78.38188653999384,318,34,High,0,2,2,0,16,2,8,2026,3,6,1,2,0,Afternoon,No Alternate Route,15
2026-08-02 16:05:00,17.49562542957843,78.39034867999337,486,40,High,2,3,1,0,16,2,8,2026,3,6,1,2,5,Afternoon,No Alternate Route,15
2026-08-02 16:10:00,17.49376144863371,78.39002862567413,372,27,High,3,3,2,0,16,2,8,2026,3,6,1,2,10,Afternoon,No Alternate Route,15
2026-08-02 16:15:00,17.41080063923521,78.44762404406288,324,39,High,1,1,1,0,16,2,8,2026,3,6,1,2,15,Afternoon,No Alternate Route,15
2026-08-02 16:20:00,17.49376066655,78.39347236094264,459,35,High,0,3,0,0,16,2,8,2026,3,6,1,2,20,Afternoon,No Alternate Route,15
2026-08-02 16:25:00,17.38639035174939,78.48653469636038,479,30,High,3,0,1,0,16,2,8,2026,3,6,1,2,25,Afternoon,No Alternate Route,15
2026-08-02 16:30:00,17.41296511132073,78.44687524819894,338,25,High,2,1,1,0,16,2,8,2026,3,6,1,2,30,Afternoon,No Alternate Route,15
2026-08-02 16:35:00,17.38484130624215,78.48755527335638,358,30,High,3,0,0,0,16,2,8,2026,3,6,1,2,35,Afternoon,No Alternate Route,15
2026-08-02 16:40:00,17.38393755919112,78.48713190416174,498,39,High,3,0,2,0,16,2,8,2026,3,6,1,2,40,Afternoon,No Alternate Route,15
2026-08-02 16:45:00,17.44896253448782,78.38417663444896,452,29,High,0,2,0,0,16,2,8,2026,3,6,1,2,45,Afternoon,No Alternate Route,15
2026-08-02 16:50:00,17.49453754135937,78.39220932436693,415,40,High,3,3,0,0,16,2,8,2026,3,6,1,2,50,Afternoon,No Alternate Route,15
2026-08-02 16:55:00,17.38603306534563,78.48617659825152,364,39,High,3,0,0,0,16,2,8,2026,3,6,1,2,55,Afternoon,No Alternate Route,15
2026-08-02 17:00:00,17.41311488333526,78.44813894006329,343,32,High,2,1,0,0,17,2,8,2026,3,6,1,0,0,Evening,No Alternate Route,15
2026-08-02 17:05:00,17.38551915270149,78.48493528175752,493,38,High,2,0,1,0,17,2,8,2026,3,6,1,0,5,Evening,No Alternate Route,15
2026-08-02 17:10:00,17.4123171348658,78.44767718528382,347,34,High,1,1,1,0,17,2,8,2026,3,6,1,0,10,Evening,No Alternate Route,15
2026-08-02 17:15:00,17.42473639541791,78.47213021941246,481,32,High,3,4,0,0,17,2,8,2026,3,6,1,0,15,Evening,No Alternate Route,15
2026-08-02 17:20:00,17.38416937937832,78.48578379980547,487,26,High,1,0,0,0,17,2,8,2026,3,6,1,0,20,Evening,No Alternate Route,15
2026-08-02 17:25:00,17.44963440386031,78.38203542046409,461,32,High,1,2,2,0,17,2,8,2026,3,6,1,0,25,Evening,No Alternate Route,15
2026-08-02 17:30:00,17.41114038292592,78.44874426756648,391,24,High,1,1,1,0,17,2,8,2026,3,6,1,0,30,Evening,No Alternate Route,15
2026-08-02 17:35:00,17.4137880868055,78.44687364633796,477,40,High,0,1,2,0,17,2,8,2026,3,6,1,0,35,Evening,No Alternate Route,15
2026-08-02 17:40:00,17.41359583465076,78.44822390192722,345,32,High,0,1,1,0,17,2,8,2026,3,6,1,0,40,Evening,No Alternate Route,15
2026-08-02 17:45:00,17.49570963557953,78.39322633846848,492,28,High,2,3,1,0,17,2,8,2026,3,6,1,0,45,Evening,No Alternate Route,15
2026-08-02 17:50:00,17.42566037587205,78.4719888909214,326,36,High,1,4,0,0,17,2,8,2026,3,6,1,0,50,Evening,No Alternate Route,15
2026-08-02 17:55:00,17.45168989675992,78.38357443534493,414,27,High,1,2,1,0,17,2,8,2026,3,6,1,0,55,Evening,No Alternate Route,15
2026-08-02 18:00:00,17.41263891842082,78.44951280760942,500,29,High,1,1,2,0,18,2,8,2026,3,6,1,0,0,Evening,No Alternate Route,15
2026-08-02 18:05:00,17.45012351300866,78.38250498393052,620,11,Severe,3,2,2,0,18,2,8,2026,3,6,1,0,5,Evening,No Alternate Route,30
2026-08-02 18:10:00,17.38549962810804,78.48636803609128,508,34,High,2,0,1,0,18,2,8,2026,3,6,1,0,10,Evening,No Alternate Route,15
2026-08-02 18:15:00,17.4499616930227,78.3843289382738,711,18,Severe,1,2,2,0,18,2,8,2026,3,6,1,0,15,Evening,No Alternate Route,30
2026-08-02 18:20:00,17.4939553493913,78.39037847520366,689,18,Severe,3,3,2,0,18,2,8,2026,3,6,1,0,20,Evening,No Alternate Route,30
2026-08-02 18:25:00,17.44844810136541,78.38212014966923,613,20,Severe,2,2,1,1,18,2,8,2026,3,6,1,0,25,Evening,No Alternate Route,30
2026-08-02 18:30:00,17.38410625043709,78.48792858352785,755,16,Severe,3,0,1,0,18,2,8,2026,3,6,1,0,30,Evening,No Alternate Route,30
2026-08-02 18:35:00,17.49533551635504,78.39306449755769,545,38,High,2,3,1,0,18,2,8,2026,3,6,1,0,35,Evening,No Alternate Route,15
2026-08-02 18:40:00,17.45015874357017,78.38249291734188,611,12,Severe,0,2,0,0,18,2,8,2026,3,6,1,0,40,Evening,No Alternate Route,30
2026-08-02 18:45:00,17.49485003249377,78.39122980992188,638,19,Severe,3,3,2,0,18,2,8,2026,3,6,1,0,45,Evening,No Alternate Route,30
2026-08-02 18:50:00,17.49518260446126,78.39308027261859,601,12,Severe,2,3,2,0,18,2,8,2026,3,6,1,0,50,Evening,No Alternate Route,30
2026-08-02 18:55:00,17.49340236124621,78.39317056906503,520,31,High,0,3,0,0,18,2,8,2026,3,6,1,0,55,Evening,No Alternate Route,15
2026-08-02 19:00:00,17.45172062558013,78.38403473834619,737,20,Severe,0,2,0,0,19,2,8,2026,3,6,1,0,0,Evening,No Alternate Route,30
2026-08-02 19:05:00,17.42216368011557,78.47331640109789,595,33,High,0,4,0,0,19,2,8,2026,3,6,1,0,5,Evening,No Alternate Route,15
2026-08-02 19:10:00,17.45222162034019,78.38113577013314,719,13,Severe,0,2,2,0,19,2,8,2026,3,6,1,0,10,Evening,No Alternate Route,30
2026-08-02 19:15:00,17.41150289505451,78.44789585221095,723,19,Severe,3,1,0,0,19,2,8,2026,3,6,1,0,15,Evening,No Alternate Route,30
2026-08-02 19:20:00,17.45157205113528,78.38083116402373,645,16,Severe,0,2,1,0,19,2,8,2026,3,6,1,0,20,Evening,No Alternate Route,30
2026-08-02 19:25:00,17.49427418228381,78.39146607398567,792,12,Severe,1,3,2,0,19,2,8,2026,3,6,1,0,25,Evening,No Alternate Route,30
2026-08-02 19:30:00,17.41241269972094,78.44822732070807,528,27,High,1,1,1,0,19,2,8,2026,3,6,1,0,30,Evening,No Alternate Route,15
2026-08-02 19:35:00,17.41329336925783,78.44993773279926,532,40,High,2,1,1,1,19,2,8,2026,3,6,1,0,35,Evening,No Alternate Route,15
2026-08-02 19:40:00,17.38649433959411,78.4861998533485,585,26,High,3,0,2,0,19,2,8,2026,3,6,1,0,40,Evening,No Alternate Route,15
2026-08-02 19:45:00,17.42348553403111,78.47506514137962,585,20,High,0,4,1,0,19,2,8,2026,3,6,1,0,45,Evening,No Alternate Route,15
2026-08-02 19:50:00,17.41392535683132,78.4476141303195,649,17,Severe,1,1,0,0,19,2,8,2026,3,6,1,0,50,Evening,No Alternate Route,30
2026-08-02 19:55:00,17.38406621173742,78.48807043522491,741,14,Severe,3,0,0,0,19,2,8,2026,3,6,1,0,55,Evening,No Alternate Route,30
2026-08-02 20:00:00,17.49359502262003,78.39066721806236,556,37,High,3,3,0,0,20,2,8,2026,3,6,1,0,0,Evening,No Alternate Route,15
2026-08-02 20:05:00,17.44894786344324,78.38245190940206,500,35,High,3,2,0,0,20,2,8,2026,3,6,1,0,5,Evening,No Alternate Route,15
2026-08-02 20:10:00,17.45238681994316,78.38205544507521,749,15,Severe,0,2,0,0,20,2,8,2026,3,6,1,0,10,Evening,No Alternate Route,30
2026-08-02 20:15:00,17.41159733906306,78.4497399866267,600,21,High,3,1,0,0,20,2,8,2026,3,6,1,0,15,Evening,No Alternate Route,15
2026-08-02 20:20:00,17.41141173984605,78.4476639528357,617,19,Severe,3,1,1,0,20,2,8,2026,3,6,1,0,20,Evening,No Alternate Route,30
2026-08-02 20:25:00,17.4935271047115,78.39112351927989,765,15,Severe,2,3,2,0,20,2,8,2026,3,6,1,0,25,Evening,No Alternate Route,30
2026-08-02 20:30:00,17.38405730008857,78.48843072795871,554,23,High,2,0,1,0,20,2,8,2026,3,6,1,0,30,Evening,No Alternate Route,15
2026-08-02 20:35:00,17.41379948605906,78.44952128057274,652,20,Severe,2,1,0,0,20,2,8,2026,3,6,1,0,35,Evening,No Alternate Route,30
2026-08-02 20:40:00,17.45113117802379,78.3826019377339,611,13,Severe,2,2,0,0,20,2,8,2026,3,6,1,0,40,Evening,No Alternate Route,30
2026-08-02 20:45:00,17.38670254833636,78.48739898033658,646,18,Severe,1,0,2,0,20,2,8,2026,3,6,1,0,45,Evening,No Alternate Route,30
2026-08-02 20:50:00,17.41069763027032,78.44707765155137,710,18,Severe,1,1,1,0,20,2,8,2026,3,6,1,0,50,Evening,No Alternate Route,30
2026-08-02 20:55:00,17.42210114120586,78.4732055780141,721,13,Severe,3,4,0,0,20,2,8,2026,3,6,1,0,55,Evening,No Alternate Route,30
2026-08-02 21:00:00,17.44860580548936,78.38091915767,136,57,Moderate,1,2,1,0,21,2,8,2026,3,6,1,0,0,Night,No Alternate Route,5
2026-08-02 21:05:00,17.44921074348236,78.38131323192354,93,78,Low,1,2,0,0,21,2,8,2026,3,6,1,0,5,Night,No Alternate Route,0
2026-08-02 21:10:00,17.49346757025191,78.39315922725994,170,59,Moderate,0,3,1,0,21,2,8,2026,3,6,1,0,10,Night,No Alternate Route,5
2026-08-02 21:15:00,17.41189516717694,78.44645763789761,166,54,Moderate,2,1,1,0,21,2,8,2026,3,6,1,0,15,Night,No Alternate Route,5
2026-08-02 21:20:00,17.38670435533251,78.48795332903073,145,44,Moderate,3,0,1,0,21,2,8,2026,3,6,1,0,20,Night,No Alternate Route,5
2026-08-02 21:25:00,17.42221675306129,78.47360394076307,152,41,Moderate,1,4,2,0,21,2,8,2026,3,6,1,0,25,Night,No Alternate Route,5
2026-08-02 21:30:00,17.41231376940203,78.44894677561821,158,44,Moderate,2,1,2,0,21,2,8,2026,3,6,1,0,30,Night,No Alternate Route,5
2026-08-02 21:35:00,17.49543209420448,78.39208584947946,166,50,Moderate,2,3,2,0,21,2,8,2026,3,6,1,0,35,Night,No Alternate Route,5
2026-08-02 21:40:00,17.38500840983852,78.48702962261642,98,78,Low,3,0,0,0,21,2,8,2026,3,6,1,0,40,Night,No Alternate Route,0
2026-08-02 21:45:00,17.44892557966851,78.38383153504982,124,46,Moderate,2,2,1,0,21,2,8,2026,3,6,1,0,45,Night,No Alternate Route,5
2026-08-02 21:50:00,17.42258440020925,78.47292993937226,159,49,Moderate,1,4,1,0,21,2,8,2026,3,6,1,0,50,Night,No Alternate Route,5
2026-08-02 21:55:00,17.45178150545945,78.38120484778122,164,47,Moderate,2,2,0,0,21,2,8,2026,3,6,1,0,55,Night,No Alternate Route,5
2026-08-02 22:00:00,17.42244745311117,78.47554112642314,174,45,Moderate,3,4,0,0,22,2,8,2026,3,6,1,2,0,Night,No Alternate Route,5
2026-08-02 22:05:00,17.38522325251988,78.48506876022346,172,42,Moderate,0,0,1,0,22,2,8,2026,3,6,1,2,5,Night,No Alternate Route,5
2026-08-02 22:10:00,17.45005438384669,78.38391834465588,153,42,Moderate,3,2,0,0,22,2,8,2026,3,6,1,2,10,Night,No Alternate Route,5
2026-08-02 22:15:00,17.41196899424716,78.44930285058103,93,63,Low,0,1,0,0,22,2,8,2026,3,6,1,2,15,Night,No Alternate Route,0
2026-08-02 22:20:00,17.38642199231802,78.48772034769998,132,58,Moderate,1,0,1,0,22,2,8,2026,3,6,1,2,20,Night,No Alternate Route,5
2026-08-02 22:25:00,17.41106563743264,78.44859701987465,142,41,Moderate,2,1,2,0,22,2,8,2026,3,6,1,2,25,Night,No Alternate Route,5
2026-08-02 22:30:00,17.49605576907896,78.38995085880589,175,45,Moderate,1,3,0,0,22,2,8,2026,3,6,1,2,30,Night,No Alternate Route,5
2026-08-02 22:35:00,17.4134627565702,78.44998174356027,142,41,Moderate,3,1,0,1,22,2,8,2026,3,6,1,2,35,Night,No Alternate Route,5
2026-08-02 22:40:00,17.42245205836831,78.47383288802838,109,42,Moderate,3,4,2,0,22,2,8,2026,3,6,1,2,40,Night,No Alternate Route,5
2026-08-02 22:45:00,17.44877300289895,78.38182204703664,152,57,Moderate,1,2,2,0,22,2,8,2026,3,6,1,2,45,Night,No Alternate Route,5
2026-08-02 22:50:00,17.44907565264717,78.38249420167695,90,70,Low,2,2,2,0,22,2,8,2026,3,6,1,2,50,Night,No Alternate Route,0
2026-08-02 22:55:00,17.4245260170721,78.47358065118704,81,80,Low,0,4,2,0,22,2,8,2026,3,6,1,2,55,Night,No Alternate Route,0
2026-08-02 23:00:00,17.4514399103284,78.38285723652444,97,60,Low,3,2,1,0,23,2,8,2026,3,6,1,2,0,Night,No Alternate Route,0
2026-08-02 23:05:00,17.49512362507839,78.39138480760403,116,47,Moderate,0,3,1,0,23,2,8,2026,3,6,1,2,5,Night,No Alternate Route,5
2026-08-02 23:10:00,17.41362638594365,78.44942208634433,86,73,Low,3,1,1,0,23,2,8,2026,3,6,1,2,10,Night,No Alternate Route,0
2026-08-02 23:15:00,17.41217879986391,78.4492823613641,164,46,Moderate,3,1,0,0,23,2,8,2026,3,6,1,2,15,Night,No Alternate Route,5
2026-08-02 23:20:00,17.38619070284607,78.48742766506254,171,59,Moderate,2,0,0,0,23,2,8,2026,3,6,1,2,20,Night,No Alternate Route,5
2026-08-02 23:25:00,17.41196187349056,78.44661819963015,160,59,Moderate,2,1,1,0,23,2,8,2026,3,6,1,2,25,Night,No Alternate Route,5
2026-08-02 23:30:00,17.49281404255938,78.39201581656559,83,77,Low,0,3,2,0,23,2,8,2026,3,6,1,2,30,Night,No Alternate Route,0
2026-08-02 23:35:00,17.45141896871363,78.38188085407268,171,57,Moderate,0,2,1,0,23,2,8,2026,3,6,1,2,35,Night,No Alternate Route,5
2026-08-02 23:40:00,17.42551600105097,78.4754543330852,114,55,Moderate,2,4,2,0,23,2,8,2026,3,6,1,2,40,Night,No Alternate Route,5
2026-08-02 23:45:00,17.42476229353377,78.47480508112304,169,46,Moderate,2,4,2,0,23,2,8,2026,3,6,1,2,45,Night,No Alternate Route,5
2026-08-02 23:50:00,17.45032159814594,78.38444241419548,103,53,Moderate,0,2,2,1,23,2,8,2026,3,6,1,2,50,Night,No Alternate Route,5
2026-08-02 23:55:00,17.41340356475646,78.44755189941107,80,76,Low,2,1,0,0,23,2,8,2026,3,6,1,2,55,Night,No Alternate Route,0
2026-08-03 00:00:00,17.45101063923576,78.38373591773971,35,67,Low,0,2,2,0,0,3,8,2026,1,0,0,2,0,Night,No Alternate Route,0
2026-08-03 00:05:00,17.49549103589254,78.39076877124562,34,64,Low,2,3,1,0,0,3,8,2026,1,0,0,2,5,Night,No Alternate Route,0
2026-08-03 00:10:00,17.49348817123841,78.39259046303614,64,62,Low,0,3,0,0,0,3,8,2026,1,0,0,2,10,Night,No Alternate Route,0
2026-08-03 00:15:00,17.38545541297349,78.4861240722129,71,60,Low,3,0,1,0,0,3,8,2026,1,0,0,2,15,Night,No Alternate Route,0
2026-08-03 00:20:00,17.38452720509501,78.48635878556149,58,68,Low,3,0,2,0,0,3,8,2026,1,0,0,2,20,Night,No Alternate Route,0
2026-08-03 00:25:00,17.41236106450625,78.44846449451644,66,65,Low,2,1,0,0,0,3,8,2026,1,0,0,2,25,Night,No Alternate Route,0
2026-08-03 00:30:00,17.42407553529722,78.47223916816192,67,67,Low,0,4,2,0,0,3,8,2026,1,0,0,2,30,Night,No Alternate Route,0
2026-08-03 00:35:00,17.42319690370143,78.47316492400529,52,77,Low,1,4,1,0,0,3,8,2026,1,0,0,2,35,Night,No Alternate Route,0
2026-08-03 00:40:00,17.49471457931765,78.39259644828995,53,72,Low,1,3,0,0,0,3,8,2026,1,0,0,2,40,Night,No Alternate Route,0
2026-08-03 00:45:00,17.3861522185839,78.48741447932909,28,70,Low,3,0,0,0,0,3,8,2026,1,0,0,2,45,Night,No Alternate Route,0
2026-08-03 00:50:00,17.41114101112722,78.44943272563313,26,67,Low,0,1,1,0,0,3,8,2026,1,0,0,2,50,Night,No Alternate Route,0
2026-08-03 00:55:00,17.42387589521418,78.47319939440855,66,67,Low,3,4,0,0,0,3,8,2026,1,0,0,2,55,Night,No Alternate Route,0
2026-08-03 01:00:00,17.42570470564491,78.47231811228056,64,77,Low,1,4,2,0,1,3,8,2026,1,0,0,2,0,Night,No Alternate Route,0
2026-08-03 01:05:00,17.4493654826326,78.38062270562561,60,78,Low,2,2,1,0,1,3,8,2026,1,0,0,2,5,Night,No Alternate Route,0
2026-08-03 01:10:00,17.49506000767321,78.39097094282661,44,71,Low,1,3,1,0,1,3,8,2026,1,0,0,2,10,Night,No Alternate Route,0
2026-08-03 01:15:00,17.4520407735816,78.3814509751566,57,78,Low,2,2,0,0,1,3,8,2026,1,0,0,2,15,Night,No Alternate Route,0
2026-08-03 01:20:00,17.44943735618293,78.38338324378238,39,79,Low,1,2,1,0,1,3,8,2026,1,0,0,2,20,Night,No Alternate Route,0
2026-08-03 01:25:00,17.4144634179586,78.44667703897385,59,67,Low,3,1,1,0,1,3,8,2026,1,0,0,2,25,Night,No Alternate Route,0
2026-08-03 01:30:00,17.45023450311547,78.38156936139369,63,69,Low,3,2,0,0,1,3,8,2026,1,0,0,2,30,Night,No Alternate Route,0
2026-08-03 01:35:00,17.38600571522761,78.48636457768751,44,66,Low,0,0,2,0,1,3,8,2026,1,0,0,2,35,Night,No Alternate Route,0
2026-08-03 01:40:00,17.45066676993923,78.38321468881001,69,61,Low,0,2,0,0,1,3,8,2026,1,0,0,2,40,Night,No Alternate Route,0
2026-08-03 01:45:00,17.42416605892597,78.47368488232281,61,78,Low,2,4,1,0,1,3,8,2026,1,0,0,2,45,Night,No Alternate Route,0
2026-08-03 01:50:00,17.41088599441741,78.4477483769723,32,68,Low,3,1,2,0,1,3,8,2026,1,0,0,2,50,Night,No Alternate Route,0
2026-08-03 01:55:00,17.49372258149043,78.39291912023357,55,64,Low,0,3,2,0,1,3,8,2026,1,0,0,2,55,Night,No Alternate Route,0
2026-08-03 02:00:00,17.41437573833403,78.44852906102241,48,73,Low,1,1,2,0,2,3,8,2026,1,0,0,2,0,Night,No Alternate Route,0
2026-08-03 02:05:00,17.4230899275852,78.47419821469508,55,76,Low,0,4,2,0,2,3,8,2026,1,0,0,2,5,Night,No Alternate Route,0
2026-08-03 02:10:00,17.42444849196503,78.47315575607523,52,71,Low,3,4,1,0,2,3,8,2026,1,0,0,2,10,Night,No Alternate Route,0
2026-08-03 02:15:00,17.42561575718284,78.47510932433899,60,60,Low,0,4,1,0,2,3,8,2026,1,0,0,2,15,Night,No Alternate Route,0
2026-08-03 02:20:00,17.42197882304304,78.47429170948212,27,68,Low,2,4,2,0,2,3,8,2026,1,0,0,2,20,Night,No Alternate Route,0
2026-08-03 02:25:00,17.45065923982224,78.38447696822051,32,65,Low,3,2,1,0,2,3,8,2026,1,0,0,2,25,Night,No Alternate Route,0
2026-08-03 02:30:00,17.49590715946168,78.38980952374426,51,66,Low,3,3,2,0,2,3,8,2026,1,0,0,2,30,Night,No Alternate Route,0
2026-08-03 02:35:00,17.38433994645166,78.4883775922251,46,74,Low,1,0,2,0,2,3,8,2026,1,0,0,2,35,Night,No Alternate Route,0
2026-08-03 02:40:00,17.38539710435753,78.48565368578359,29,61,Low,1,0,1,0,2,3,8,2026,1,0,0,2,40,Night,No Alternate Route,0
2026-08-03 02:45:00,17.41112855320115,78.44819528093093,73,64,Low,0,1,0,0,2,3,8,2026,1,0,0,2,45,Night,No Alternate Route,0
2026-08-03 02:50:00,17.45072134191358,78.38146911201274,57,65,Low,1,2,2,0,2,3,8,2026,1,0,0,2,50,Night,No Alternate Route,0
2026-08-03 02:55:00,17.42434300149661,78.47326689448687,63,70,Low,0,4,1,0,2,3,8,2026,1,0,0,2,55,Night,No Alternate Route,0
2026-08-03 03:00:00,17.42497034835107,78.47256660418445,76,70,Low,0,4,0,0,3,3,8,2026,1,0,0,2,0,Night,No Alternate Route,0
2026-08-03 03:05:00,17.38353688784887,78.48863037778088,59,78,Low,1,0,0,0,3,3,8,2026,1,0,0,2,5,Night,No Alternate Route,0
2026-08-03 03:10:00,17.42359662508505,78.47186080904143,72,65,Low,0,4,2,0,3,3,8,2026,1,0,0,2,10,Night,No Alternate Route,0
2026-08-03 03:15:00,17.45141469982741,78.38368818440567,47,66,Low,3,2,0,0,3,3,8,2026,1,0,0,2,15,Night,No Alternate Route,0
2026-08-03 03:20:00,17.45126477410439,78.38433415498514,56,60,Low,1,2,0,0,3,3,8,2026,1,0,0,2,20,Night,No Alternate Route,0
2026-08-03 03:25:00,17.41268136796783,78.44941680150988,46,79,Low,0,1,0,0,3,3,8,2026,1,0,0,2,25,Night,No Alternate Route,0
2026-08-03 03:30:00,17.49634381788377,78.39176430060213,24,71,Low,1,3,2,0,3,3,8,2026,1,0,0,2,30,Night,No Alternate Route,0
2026-08-03 03:35:00,17.4113594127183,78.44625753936013,44,66,Low,2,1,2,0,3,3,8,2026,1,0,0,2,35,Night,No Alternate Route,0
2026-08-03 03:40:00,17.42574860069594,78.47522644087768,32,80,Low,1,4,0,0,3,3,8,2026,1,0,0,2,40,Night,No Alternate Route,0
2026-08-03 03:45:00,17.44984272031328,78.38176820179031,65,65,Low,0,2,0,0,3,3,8,2026,1,0,0,2,45,Night,No Alternate Route,0
2026-08-03 03:50:00,17.42390446110451,78.47239110742343,66,75,Low,3,4,2,0,3,3,8,2026,1,0,0,2,50,Night,No Alternate Route,0
2026-08-03 03:55:00,17.3848118566969,78.48776199942743,56,77,Low,1,0,0,0,3,3,8,2026,1,0,0,2,55,Night,No Alternate Route,0
2026-08-03 04:00:00,17.38641672902963,78.48766161193446,59,74,Low,3,0,2,0,4,3,8,2026,1,0,0,2,0,Night,No Alternate Route,0
2026-08-03 04:05:00,17.49490921095408,78.3933971504241,29,63,Low,1,3,0,0,4,3,8,2026,1,0,0,2,5,Night,No Alternate Route,0
2026-08-03 04:10:00,17.44897744747521,78.3835696484397,36,65,Low,1,2,2,0,4,3,8,2026,1,0,0,2,10,Night,No Alternate Route,0
2026-08-03 04:15:00,17.38540270285555,78.48808451287815,34,61,Low,3,0,2,0,4,3,8,2026,1,0,0,2,15,Night,No Alternate Route,0
2026-08-03 04:20:00,17.44939970147388,78.38422697878997,72,76,Low,3,2,0,0,4,3,8,2026,1,0,0,2,20,Night,No Alternate Route,0
2026-08-03 04:25:00,17.38633164569091,78.48704356665367,42,65,Low,2,0,2,0,4,3,8,2026,1,0,0,2,25,Night,No Alternate Route,0
2026-08-03 04:30:00,17.3858679226302,78.48507144916911,64,63,Low,2,0,0,0,4,3,8,2026,1,0,0,2,30,Night,No Alternate Route,0
2026-08-03 04:35:00,17.44963410620499,78.38228455374198,35,64,Low,2,2,1,0,4,3,8,2026,1,0,0,2,35,Night,No Alternate Route,0
2026-08-03 04:40:00,17.45152924714952,78.38239599601076,56,70,Low,2,2,2,0,4,3,8,2026,1,0,0,2,40,Night,No Alternate Route,0
2026-08-03 04:45:00,17.42392785267617,78.4746161756697,21,80,Low,1,4,0,0,4,3,8,2026,1,0,0,2,45,Night,No Alternate Route,0
2026-08-03 04:50:00,17.38408283259007,78.48714240872849,43,62,Low,2,0,2,0,4,3,8,2026,1,0,0,2,50,Night,No Alternate Route,0
2026-08-03 04:55:00,17.44937281974549,78.38227997760492,67,73,Low,2,2,1,0,4,3,8,2026,1,0,0,2,55,Night,No Alternate Route,0
2026-08-03 05:00:00,17.45087324394032,78.38091751947361,154,51,Moderate,2,2,1,0,5,3,8,2026,1,0,0,2,0,Morning,No Alternate Route,5
2026-08-03 05:05:00,17.38617504566414,78.48853544222641,176,58,Moderate,3,0,0,1,5,3,8,2026,1,0,0,2,5,Morning,No Alternate Route,5
2026-08-03 05:10:00,17.44942783879417,78.38369463728718,164,49,Moderate,2,2,0,0,5,3,8,2026,1,0,0,2,10,Morning,No Alternate Route,5
2026-08-03 05:15:00,17.42450068936849,78.47405018675124,83,66,Low,1,4,0,0,5,3,8,2026,1,0,0,2,15,Morning,No Alternate Route,0
2026-08-03 05:20:00,17.49468456936114,78.39248745998482,175,43,Moderate,0,3,2,0,5,3,8,2026,1,0,0,2,20,Morning,No Alternate Route,5
2026-08-03 05:25:00,17.41452156704269,78.44758891958686,158,60,Moderate,3,1,1,0,5,3,8,2026,1,0,0,2,25,Morning,No Alternate Route,5
2026-08-03 05:30:00,17.45085873217345,78.38395013033922,165,45,Moderate,1,2,0,0,5,3,8,2026,1,0,0,2,30,Morning,No Alternate Route,5
2026-08-03 05:35:00,17.44930952336123,78.38262424470895,92,67,Low,0,2,0,0,5,3,8,2026,1,0,0,2,35,Morning,No Alternate Route,0
2026-08-03 05:40:00,17.49452532486118,78.39049663666893,172,54,Moderate,1,3,2,0,5,3,8,2026,1,0,0,2,40,Morning,No Alternate Route,5
2026-08-03 05:45:00,17.41230861663297,78.44877718730064,99,67,Low,1,1,2,0,5,3,8,2026,1,0,0,2,45,Morning,No Alternate Route,0
2026-08-03 05:50:00,17.49409151566361,78.39318364762183,105,48,Moderate,3,3,1,0,5,3,8,2026,1,0,0,2,50,Morning,No Alternate Route,5
2026-08-03 05:55:00,17.41222457165253,78.44726356026209,173,60,Moderate,2,1,2,0,5,3,8,2026,1,0,0,2,55,Morning,No Alternate Route,5
2026-08-03 06:00:00,17.41335745238273,78.44950386377403,81,78,Low,3,1,0,0,6,3,8,2026,1,0,0,2,0,Morning,No Alternate Route,0
2026-08-03 06:05:00,17.4223045154957,78.47498393171509,137,46,Moderate,2,4,0,0,6,3,8,2026,1,0,0,2,5,Morning,No Alternate Route,5
2026-08-03 06:10:00,17.45182299173287,78.38306742565143,98,77,Low,2,2,0,0,6,3,8,2026,1,0,0,2,10,Morning,No Alternate Route,0
2026-08-03 06:15:00,17.38526731278981,78.48787082134332,125,50,Moderate,1,0,1,0,6,3,8,2026,1,0,0,2,15,Morning,No Alternate Route,5
2026-08-03 06:20:00,17.49372241863669,78.39299118055857,141,55,Moderate,1,3,2,0,6,3,8,2026,1,0,0,2,20,Morning,No Alternate Route,5
2026-08-03 06:25:00,17.4962552421552,78.39270830580466,114,59,Moderate,1,3,1,0,6,3,8,2026,1,0,0,2,25,Morning,No Alternate Route,5
2026-08-03 06:30:00,17.41269704678652,78.44696828896481,152,43,Moderate,2,1,1,0,6,3,8,2026,1,0,0,2,30,Morning,No Alternate Route,5
2026-08-03 06:35:00,17.42531642342302,78.47288488737604,156,45,Moderate,1,4,1,0,6,3,8,2026,1,0,0,2,35,Morning,No Alternate Route,5
2026-08-03 06:40:00,17.45147353246994,78.38432400534171,91,72,Low,2,2,1,0,6,3,8,2026,1,0,0,2,40,Morning,No Alternate Route,0
2026-08-03 06:45:00,17.41451370451792,78.44781787161347,144,45,Moderate,3,1,0,0,6,3,8,2026,1,0,0,2,45,Morning,No Alternate Route,5
2026-08-03 06:50:00,17.45033953177251,78.38104306103578,118,60,Moderate,3,2,2,0,6,3,8,2026,1,0,0,2,50,Morning,No Alternate Route,5
2026-08-03 06:55:00,17.42386231310796,78.4727542331064,153,49,Moderate,2,4,2,0,6,3,8,2026,1,0,0,2,55,Morning,No Alternate Route,5
2026-08-03 07:00:00,17.41269172959939,78.44959522933117,667,10,Severe,2,1,0,0,7,3,8,2026,1,0,0,1,0,Morning,No Alternate Route,30
2026-08-03 07:05:00,17.42409007734203,78.47251225774063,537,22,High,0,4,1,0,7,3,8,2026,1,0,0,1,5,Morning,No Alternate Route,15
2026-08-03 07:10:00,17.41115656316652,78.44628270041297,568,23,High,3,1,2,0,7,3,8,2026,1,0,0,1,10,Morning,No Alternate Route,15
2026-08-03 07:15:00,17.42304610341174,78.47418050589053,671,18,Severe,0,4,2,0,7,3,8,2026,1,0,0,1,15,Morning,No Alternate Route,30
2026-08-03 07:20:00,17.42341044046891,78.47455136842494,479,32,High,1,4,0,0,7,3,8,2026,1,0,0,1,20,Morning,No Alternate Route,15
2026-08-03 07:25:00,17.41340761243156,78.45013483150673,477,37,High,1,1,0,0,7,3,8,2026,1,0,0,1,25,Morning,No Alternate Route,15
2026-08-03 07:30:00,17.49648291248916,78.38983948746727,473,20,High,0,3,2,0,7,3,8,2026,1,0,0,1,30,Morning,No Alternate Route,15
2026-08-03 07:35:00,17.49394807391909,78.39058210510845,627,14,Severe,3,3,1,0,7,3,8,2026,1,0,0,1,35,Morning,No Alternate Route,30
2026-08-03 07:40:00,17.42401432324167,78.47471135714395,606,12,Severe,3,4,1,0,7,3,8,2026,1,0,0,1,40,Morning,No Alternate Route,30
2026-08-03 07:45:00,17.49584152654015,78.39074871097979,646,16,Severe,3,3,1,0,7,3,8,2026,1,0,0,1,45,Morning,No Alternate Route,30
2026-08-03 07:50:00,17.42525326835423,78.47449383994488,552,32,High,0,4,2,0,7,3,8,2026,1,0,0,1,50,Morning,No Alternate Route,15
2026-08-03 07:55:00,17.38525291482295,78.48730237828686,493,26,High,3,0,2,0,7,3,8,2026,1,0,0,1,55,Morning,No Alternate Route,15
2026-08-03 08:00:00,17.4939971350456,78.39247991077133,699,18,Severe,0,3,0,0,8,3,8,2026,1,0,0,1,0,Morning,No Alternate Route,30
2026-08-03 08:05:00,17.41367541362168,78.44937717263312,656,20,Severe,0,1,2,0,8,3,8,2026,1,0,0,1,5,Morning,No Alternate Route,30
2026-08-03 08:10:00,17.42587551503042,78.47555092912813,486,39,High,0,4,2,0,8,3,8,2026,1,0,0,1,10,Morning,No Alternate Route,15
2026-08-03 08:15:00,17.38546059182326,78.48498015396315,476,31,High,0,0,0,0,8,3,8,2026,1,0,0,1,15,Morning,No Alternate Route,15
2026-08-03 08:20:00,17.41072122211037,78.4484155500701,464,35,High,0,1,2,0,8,3,8,2026,1,0,0,1,20,Morning,No Alternate Route,15
2026-08-03 08:25:00,17.45193842042507,78.38098952101517,488,24,High,1,2,0,0,8,3,8,2026,1,0,0,1,25,Morning,No Alternate Route,15
2026-08-03 08:30:00,17.38683232837711,78.4884658934248,652,14,Severe,3,0,1,0,8,3,8,2026,1,0,0,1,30,Morning,No Alternate Route,30
2026-08-03 08:35:00,17.38592494276057,78.48524705695968,547,37,High,0,0,1,0,8,3,8,2026,1,0,0,1,35,Morning,No Alternate Route,15
2026-08-03 08:40:00,17.38686501412232,78.48481870950873,627,13,Severe,2,0,1,0,8,3,8,2026,1,0,0,1,40,Morning,No Alternate Route,30
2026-08-03 08:45:00,17.42435670613554,78.47385914873841,589,29,High,3,4,1,0,8,3,8,2026,1,0,0,1,45,Morning,No Alternate Route,15
2026-08-03 08:50:00,17.45225872988358,78.38175369820131,482,28,High,1,2,2,0,8,3,8,2026,1,0,0,1,50,Morning,No Alternate Route,15
2026-08-03 08:55:00,17.41063604955354,78.44779362919165,530,31,High,3,1,0,0,8,3,8,2026,1,0,0,1,55,Morning,No Alternate Route,15
2026-08-03 09:00:00,17.42314888956999,78.47322646802142,470,29,High,3,4,2,0,9,3,8,2026,1,0,0,1,0,Morning,No Alternate Route,15
2026-08-03 09:05:00,17.41360217385616,78.4478514694181,551,23,High,2,1,2,0,9,3,8,2026,1,0,0,1,5,Morning,No Alternate Route,15
2026-08-03 09:10:00,17.41342068155291,78.44837015889635,632,10,Severe,2,1,0,0,9,3,8,2026,1,0,0,1,10,Morning,No Alternate Route,30
2026-08-03 09:15:00,17.49517600233537,78.39020866807577,578,39,High,3,3,2,0,9,3,8,2026,1,0,0,1,15,Morning,No Alternate Route,15
2026-08-03 09:20:00,17.38557859422231,78.48783629482288,518,30,High,1,0,1,0,9,3,8,2026,1,0,0,1,20,Morning,No Alternate Route,15
2026-08-03 09:25:00,17.38440137573183,78.48520723326841,648,10,Severe,3,0,2,0,9,3,8,2026,1,0,0,1,25,Morning,No Alternate Route,30
2026-08-03 09:30:00,17.49554391023138,78.39274776891028,550,26,High,1,3,2,0,9,3,8,2026,1,0,0,1,30,Morning,No Alternate Route,15
2026-08-03 09:35:00,17.42299272238803,78.47553838877306,513,25,High,0,4,0,0,9,3,8,2026,1,0,0,1,35,Morning,No Alternate Route,15
2026-08-03 09:40:00,17.49563080744709,78.39002803470159,638,19,Severe,1,3,1,0,9,3,8,2026,1,0,0,1,40,Morning,No Alternate Route,30
2026-08-03 09:45:00,17.49514244096615,78.39295497338522,665,12,Severe,0,3,2,0,9,3,8,2026,1,0,0,1,45,Morning,No Alternate Route,30
2026-08-03 09:50:00,17.41346523574231,78.44885772956125,647,17,Severe,2,1,0,0,9,3,8,2026,1,0,0,1,50,Morning,No Alternate Route,30
2026-08-03 09:55:00,17.4958419075775,78.39234051222749,450,35,High,2,3,1,0,9,3,8,2026,1,0,0,1,55,Morning,No Alternate Route,15
2026-08-03 10:00:00,17.49452704010742,78.3929646760737,217,58,Moderate,1,3,1,0,10,3,8,2026,1,0,0,1,0,Morning,No Alternate Route,5
2026-08-03 10:05:00,17.4130511222827,78.44830261590249,226,58,Moderate,3,1,1,0,10,3,8,2026,1,0,0,1,5,Morning,No Alternate Route,5
2026-08-03 10:10:00,17.42489295088502,78.47208178254355,293,42,Moderate,2,4,1,0,10,3,8,2026,1,0,0,1,10,Morning,No Alternate Route,5
2026-08-03 10:15:00,17.45213936352932,78.38432039689282,278,44,Moderate,2,2,2,0,10,3,8,2026,1,0,0,1,15,Morning,No Alternate Route,5
2026-08-03 10:20:00,17.4507334021968,78.38137180824064,346,40,High,2,2,2,0,10,3,8,2026,1,0,0,1,20,Morning,No Alternate Route,15
2026-08-03 10:25:00,17.45216472738285,78.38285117599342,323,30,High,3,2,0,0,10,3,8,2026,1,0,0,1,25,Morning,No Alternate Route,15
2026-08-03 10:30:00,17.49449624831319,78.3900680254648,304,24,High,2,3,2,0,10,3,8,2026,1,0,0,1,30,Morning,No Alternate Route,15
2026-08-03 10:35:00,17.42292572286849,78.4732118056994,293,49,Moderate,2,4,2,0,10,3,8,2026,1,0,0,1,35,Morning,No Alternate Route,5
2026-08-03 10:40:00,17.38394326577961,78.48482784330639,244,49,Moderate,0,0,1,0,10,3,8,2026,1,0,0,1,40,Morning,No Alternate Route,5
2026-08-03 10:45:00,17.38438969057034,78.48652155897244,263,45,Moderate,1,0,1,0,10,3,8,2026,1,0,0,1,45,Morning,No Alternate Route,5
2026-08-03 10:50:00,17.38689034736833,78.48691392199501,320,31,High,1,0,1,0,10,3,8,2026,1,0,0,1,50,Morning,No Alternate Route,15
2026-08-03 10:55:00,17.45093753720928,78.38147932581232,254,57,Moderate,3,2,2,0,10,3,8,2026,1,0,0,1,55,Morning,No Alternate Route,5
2026-08-03 11:00:00,17.38555447809471,78.48659366414448,260,45,Moderate,1,0,1,0,11,3,8,2026,1,0,0,2,0,Morning,No Alternate Route,5
2026-08-03 11:05:00,17.45126857862464,78.38095820658705,196,41,Moderate,3,2,1,1,11,3,8,2026,1,0,0,2,5,Morning,No Alternate Route,5
2026-08-03 11:10:00,17.41326397316121,78.44760846367022,346,35,High,0,1,1,0,11,3,8,2026,1,0,0,2,10,Morning,No Alternate Route,15
2026-08-03 11:15:00,17.4116528748505,78.44919053397996,333,21,High,3,1,2,0,11,3,8,2026,1,0,0,2,15,Morning,No Alternate Route,15
2026-08-03 11:20:00,17.42204559596523,78.47474735194785,221,59,Moderate,3,4,2,0,11,3,8,2026,1,0,0,2,20,Morning,No Alternate Route,5
2026-08-03 11:25:00,17.4139432511093,78.4496830437221,272,55,Moderate,3,1,1,0,11,3,8,2026,1,0,0,2,25,Morning,No Alternate Route,5
2026-08-03 11:30:00,17.49674433608934,78.39282571247017,293,55,Moderate,1,3,2,0,11,3,8,2026,1,0,0,2,30,Morning,No Alternate Route,5
2026-08-03 11:35:00,17.38537750605502,78.48717895018451,208,49,Moderate,1,0,0,0,11,3,8,2026,1,0,0,2,35,Morning,No Alternate Route,5
2026-08-03 11:40:00,17.42402849740559,78.47273138019983,303,29,High,0,4,0,0,11,3,8,2026,1,0,0,2,40,Morning,No Alternate Route,15
2026-08-03 11:45:00,17.49352719775668,78.39326741390077,275,44,Moderate,3,3,2,0,11,3,8,2026,1,0,0,2,45,Morning,No Alternate Route,5
2026-08-03 11:50:00,17.45216404089685,78.3830210199913,208,48,Moderate,2,2,1,0,11,3,8,2026,1,0,0,2,50,Morning,No Alternate Route,5
2026-08-03 11:55:00,17.41076967761116,78.4485931436708,255,44,Moderate,2,1,1,0,11,3,8,2026,1,0,0,2,55,Morning,No Alternate Route,5
2026-08-03 12:00:00,17.38422320058689,78.48737195150741,312,31,High,0,0,2,0,12,3,8,2026,1,0,0,2,0,Afternoon,No Alternate Route,15
2026-08-03 12:05:00,17.49376244799015,78.39303270077387,248,47,Moderate,0,3,1,0,12,3,8,2026,1,0,0,2,5,Afternoon,No Alternate Route,5
2026-08-03 12:10:00,17.44902320189386,78.38165491458,265,55,Moderate,3,2,0,0,12,3,8,2026,1,0,0,2,10,Afternoon,No Alternate Route,5
2026-08-03 12:15:00,17.45162320729021,78.38322697346791,258,50,Moderate,2,2,2,0,12,3,8,2026,1,0,0,2,15,Afternoon,No Alternate Route,5
2026-08-03 12:20:00,17.4940225775983,78.39231589827806,280,57,Moderate,1,3,1,0,12,3,8,2026,1,0,0,2,20,Afternoon,No Alternate Route,5
2026-08-03 12:25:00,17.44981386843575,78.38443774438869,328,26,High,0,2,0,0,12,3,8,2026,1,0,0,2,25,Afternoon,No Alternate Route,15
2026-08-03 12:30:00,17.38435147135508,78.48563518661187,243,40,Moderate,2,0,2,0,12,3,8,2026,1,0,0,2,30,Afternoon,No Alternate Route,5
2026-08-03 12:35:00,17.49302036066738,78.39117198042484,344,34,High,1,3,0,0,12,3,8,2026,1,0,0,2,35,Afternoon,No Alternate Route,15
2026-08-03 12:40:00,17.41294866859417,78.44961373575758,288,48,Moderate,3,1,0,0,12,3,8,2026,1,0,0,2,40,Afternoon,No Alternate Route,5
2026-08-03 12:45:00,17.49456218712082,78.3934790070135,255,47,Moderate,3,3,0,0,12,3,8,2026,1,0,0,2,45,Afternoon,No Alternate Route,5
2026-08-03 12:50:00,17.38374368864583,78.48785978713995,332,20,High,0,0,0,0,12,3,8,2026,1,0,0,2,50,Afternoon,No Alternate Route,15
2026-08-03 12:55:00,17.42500178743578,78.47209674767217,251,44,Moderate,1,4,0,0,12,3,8,2026,1,0,0,2,55,Afternoon,No Alternate Route,5
2026-08-03 13:00:00,17.42422505906518,78.47320451905898,310,38,High,2,4,1,0,13,3,8,2026,1,0,0,2,0,Afternoon,No Alternate Route,15
2026-08-03 13:05:00,17.49427883311622,78.39133587405814,337,35,High,3,3,0,0,13,3,8,2026,1,0,0,2,5,Afternoon,No Alternate Route,15
2026-08-03 13:10:00,17.42584665639511,78.4757701306133,282,58,Moderate,0,4,1,0,13,3,8,2026,1,0,0,2,10,Afternoon,No Alternate Route,5
2026-08-03 13:15:00,17.38661619110008,78.4872568264264,309,33,High,3,0,0,0,13,3,8,2026,1,0,0,2,15,Afternoon,No Alternate Route,15
2026-08-03 13:20:00,17.42396391977811,78.47533762158655,201,42,Moderate,1,4,2,1,13,3,8,2026,1,0,0,2,20,Afternoon,No Alternate Route,5
2026-08-03 13:25:00,17.49641090918215,78.39117570232371,246,55,Moderate,0,3,1,0,13,3,8,2026,1,0,0,2,25,Afternoon,No Alternate Route,5
2026-08-03 13:30:00,17.38398495171762,78.48507133604244,232,55,Moderate,0,0,2,0,13,3,8,2026,1,0,0,2,30,Afternoon,No Alternate Route,5
2026-08-03 13:35:00,17.42504455152597,78.47374297959097,325,21,High,0,4,2,0,13,3,8,2026,1,0,0,2,35,Afternoon,No Alternate Route,15
2026-08-03 13:40:00,17.38401443517466,78.48839604339493,283,57,Moderate,1,0,1,0,13,3,8,2026,1,0,0,2,40,Afternoon,No Alternate Route,5
2026-08-03 13:45:00,17.41072834304735,78.45019658797953,212,57,Moderate,3,1,1,0,13,3,8,2026,1,0,0,2,45,Afternoon,No Alternate Route,5
2026-08-03 13:50:00,17.45049538576484,78.3806496878569,306,40,High,3,2,2,0,13,3,8,2026,1,0,0,2,50,Afternoon,No Alternate Route,15
2026-08-03 13:55:00,17.4941790989553,78.39049340715053,188,60,Moderate,1,3,1,0,13,3,8,2026,1,0,0,2,55,Afternoon,No Alternate Route,5
2026-08-03 14:00:00,17.42357235737715,78.4720741239392,279,60,Moderate,1,4,2,0,14,3,8,2026,1,0,0,2,0,Afternoon,No Alternate Route,5
2026-08-03 14:05:00,17.49514047786181,78.39071963449386,332,22,High,3,3,1,0,14,3,8,2026,1,0,0,2,5,Afternoon,No Alternate Route,15
2026-08-03 14:10:00,17.38556627055373,78.48723696419044,317,20,High,1,0,1,0,14,3,8,2026,1,0,0,2,10,Afternoon,No Alternate Route,15
2026-08-03 14:15:00,17.49419611721806,78.39112221859573,269,52,Moderate,3,3,1,0,14,3,8,2026,1,0,0,2,15,Afternoon,No Alternate Route,5
2026-08-03 14:20:00,17.3860123753843,78.48598883042033,261,47,Moderate,3,0,0,0,14,3,8,2026,1,0,0,2,20,Afternoon,No Alternate Route,5
2026-08-03 14:25:00,17.45197623589455,78.38199129490144,213,46,Moderate,0,2,1,0,14,3,8,2026,1,0,0,2,25,Afternoon,No Alternate Route,5
2026-08-03 14:30:00,17.38620632830956,78.4852621698014,215,51,Moderate,2,0,1,0,14,3,8,2026,1,0,0,2,30,Afternoon,No Alternate Route,5
2026-08-03 14:35:00,17.41290570851356,78.44866007272508,283,41,Moderate,2,1,0,0,14,3,8,2026,1,0,0,2,35,Afternoon,No Alternate Route,5
2026-08-03 14:40:00,17.42369938987305,78.47343771936457,300,56,Moderate,0,4,0,0,14,3,8,2026,1,0,0,2,40,Afternoon,No Alternate Route,5
2026-08-03 14:45:00,17.42337002227185,78.47312234374827,300,45,Moderate,3,4,0,0,14,3,8,2026,1,0,0,2,45,Afternoon,No Alternate Route,5
2026-08-03 14:50:00,17.45114347038191,78.38274689783817,235,51,Moderate,3,2,2,0,14,3,8,2026,1,0,0,2,50,Afternoon,No Alternate Route,5
2026-08-03 14:55:00,17.49292457630083,78.39218399513476,218,40,Moderate,1,3,1,0,14,3,8,2026,1,0,0,2,55,Afternoon,No Alternate Route,5
2026-08-03 15:00:00,17.44980172785304,78.38072229984878,277,59,Moderate,1,2,2,0,15,3,8,2026,1,0,0,2,0,Afternoon,No Alternate Route,5
2026-08-03 15:05:00,17.38671287174889,78.48586561832091,242,48,Moderate,3,0,0,0,15,3,8,2026,1,0,0,2,5,Afternoon,No Alternate Route,5
2026-08-03 15:10:00,17.49582615577158,78.39143917424724,293,54,Moderate,1,3,1,0,15,3,8,2026,1,0,0,2,10,Afternoon,No Alternate Route,5
2026-08-03 15:15:00,17.38444611247466,78.48575049010631,237,54,Moderate,1,0,0,0,15,3,8,2026,1,0,0,2,15,Afternoon,No Alternate Route,5
2026-08-03 15:20:00,17.49408841523778,78.39246896263552,202,49,Moderate,3,3,2,0,15,3,8,2026,1,0,0,2,20,Afternoon,No Alternate Route,5
2026-08-03 15:25:00,17.45210678841923,78.3809811754512,288,50,Moderate,3,2,0,0,15,3,8,2026,1,0,0,2,25,Afternoon,No Alternate Route,5
2026-08-03 15:30:00,17.49290285357785,78.39009712075757,297,60,Moderate,0,3,2,0,15,3,8,2026,1,0,0,2,30,Afternoon,No Alternate Route,5
2026-08-03 15:35:00,17.45101070631961,78.38159870571945,265,47,Moderate,2,2,1,0,15,3,8,2026,1,0,0,2,35,Afternoon,No Alternate Route,5
2026-08-03 15:40:00,17.38496098719364,78.4867201105092,317,33,High,1,0,1,0,15,3,8,2026,1,0,0,2,40,Afternoon,No Alternate Route,15
2026-08-03 15:45:00,17.49620420830911,78.39113078248378,231,56,Moderate,1,3,1,0,15,3,8,2026,1,0,0,2,45,Afternoon,No Alternate Route,5
2026-08-03 15:50:00,17.4515346934315,78.3838741013157,206,54,Moderate,3,2,1,0,15,3,8,2026,1,0,0,2,50,Afternoon,No Alternate Route,5
2026-08-03 15:55:00,17.49452391341296,78.3922568621406,235,56,Moderate,0,3,2,0,15,3,8,2026,1,0,0,2,55,Afternoon,No Alternate Route,5
2026-08-03 16:00:00,17.42567760263361,78.47541431153701,441,34,High,1,4,1,0,16,3,8,2026,1,0,0,2,0,Afternoon,No Alternate Route,15
2026-08-03 16:05:00,17.49627972835133,78.39329976881541,347,20,High,2,3,0,0,16,3,8,2026,1,0,0,2,5,Afternoon,No Alternate Route,15
2026-08-03 16:10:00,17.41076065219262,78.44807759085657,300,48,Moderate,1,1,2,0,16,3,8,2026,1,0,0,2,10,Afternoon,No Alternate Route,5
2026-08-03 16:15:00,17.42564675257178,78.47452990654385,342,23,High,0,4,2,0,16,3,8,2026,1,0,0,2,15,Afternoon,No Alternate Route,15
2026-08-03 16:20:00,17.44932125043488,78.38159770859708,392,22,High,0,2,2,0,16,3,8,2026,1,0,0,2,20,Afternoon,No Alternate Route,15
2026-08-03 16:25:00,17.42262998954991,78.47413095899972,385,34,High,0,4,1,0,16,3,8,2026,1,0,0,2,25,Afternoon,No Alternate Route,15
2026-08-03 16:30:00,17.49341731040244,78.39009565627654,368,39,High,2,3,0,0,16,3,8,2026,1,0,0,2,30,Afternoon,No Alternate Route,15
2026-08-03 16:35:00,17.42335618755559,78.47315390094415,423,35,High,3,4,1,0,16,3,8,2026,1,0,0,2,35,Afternoon,No Alternate Route,15
2026-08-03 16:40:00,17.42372187565163,78.47195386756431,327,39,High,2,4,0,0,16,3,8,2026,1,0,0,2,40,Afternoon,No Alternate Route,15
2026-08-03 16:45:00,17.41404459727106,78.4490430159023,444,20,High,2,1,2,0,16,3,8,2026,1,0,0,2,45,Afternoon,No Alternate Route,15
2026-08-03 16:50:00,17.38681392586453,78.48554195614356,460,21,High,2,0,0,0,16,3,8,2026,1,0,0,2,50,Afternoon,No Alternate Route,15
2026-08-03 16:55:00,17.45042665572496,78.38157225776519,470,35,High,0,2,2,0,16,3,8,2026,1,0,0,2,55,Afternoon,No Alternate Route,15
2026-08-03 17:00:00,17.42536221894926,78.47217124222834,481,25,High,2,4,0,0,17,3,8,2026,1,0,0,0,0,Evening,No Alternate Route,15
2026-08-03 17:05:00,17.4518452044385,78.38435526745023,332,22,High,3,2,2,0,17,3,8,2026,1,0,0,0,5,Evening,No Alternate Route,15
2026-08-03 17:10:00,17.49489722134431,78.39356639878645,316,30,High,3,3,2,0,17,3,8,2026,1,0,0,0,10,Evening,No Alternate Route,15
2026-08-03 17:15:00,17.45223155425315,78.38290468425961,421,40,High,3,2,1,0,17,3,8,2026,1,0,0,0,15,Evening,No Alternate Route,15
2026-08-03 17:20:00,17.42464227773421,78.47214788203556,432,32,High,1,4,0,0,17,3,8,2026,1,0,0,0,20,Evening,No Alternate Route,15
2026-08-03 17:25:00,17.49444251418018,78.39137380459024,363,29,High,2,3,2,0,17,3,8,2026,1,0,0,0,25,Evening,No Alternate Route,15
2026-08-03 17:30:00,17.49470061881738,78.39347365765816,423,21,High,0,3,2,0,17,3,8,2026,1,0,0,0,30,Evening,No Alternate Route,15
2026-08-03 17:35:00,17.49526632038075,78.39002050540637,377,31,High,3,3,0,0,17,3,8,2026,1,0,0,0,35,Evening,No Alternate Route,15
2026-08-03 17:40:00,17.38522836579822,78.48736217768653,500,36,High,1,0,2,0,17,3,8,2026,1,0,0,0,40,Evening,No Alternate Route,15
2026-08-03 17:45:00,17.49570984814233,78.39133230527464,500,30,High,1,3,2,0,17,3,8,2026,1,0,0,0,45,Evening,No Alternate Route,15
2026-08-03 17:50:00,17.49559045570837,78.39009884055531,480,24,High,2,3,0,0,17,3,8,2026,1,0,0,0,50,Evening,No Alternate Route,15
2026-08-03 17:55:00,17.42217462893983,78.47458750080673,486,28,High,0,4,1,1,17,3,8,2026,1,0,0,0,55,Evening,No Alternate Route,15
2026-08-03 18:00:00,17.38364069100253,78.48665204960375,710,10,Severe,0,0,1,0,18,3,8,2026,1,0,0,0,0,Evening,No Alternate Route,30
2026-08-03 18:05:00,17.4240632042996,78.47472244698733,685,18,Severe,1,4,1,0,18,3,8,2026,1,0,0,0,5,Evening,No Alternate Route,30
2026-08-03 18:10:00,17.38622627170925,78.48778046913637,625,14,Severe,3,0,0,0,18,3,8,2026,1,0,0,0,10,Evening,No Alternate Route,30
2026-08-03 18:15:00,17.38312090340358,78.4868627231725,623,18,Severe,3,0,0,0,18,3,8,2026,1,0,0,0,15,Evening,No Alternate Route,30
2026-08-03 18:20:00,17.4935179860086,78.39307853450732,548,37,High,2,3,1,0,18,3,8,2026,1,0,0,0,20,Evening,No Alternate Route,15
2026-08-03 18:25:00,17.42432717211857,78.47317658688654,596,40,High,1,4,0,0,18,3,8,2026,1,0,0,0,25,Evening,No Alternate Route,15
2026-08-03 18:30:00,17.41442268628617,78.44904024440777,596,24,High,1,1,0,0,18,3,8,2026,1,0,0,0,30,Evening,No Alternate Route,15
2026-08-03 18:35:00,17.49399447875413,78.39280808207033,535,27,High,0,3,0,0,18,3,8,2026,1,0,0,0,35,Evening,No Alternate Route,15
2026-08-03 18:40:00,17.41264774029275,78.44741560478455,737,17,Severe,2,1,2,0,18,3,8,2026,1,0,0,0,40,Evening,No Alternate Route,30
2026-08-03 18:45:00,17.41095494324992,78.44627378384068,760,11,Severe,1,1,2,0,18,3,8,2026,1,0,0,0,45,Evening,No Alternate Route,30
2026-08-03 18:50:00,17.38471752879206,78.48727904105426,718,12,Severe,3,0,2,0,18,3,8,2026,1,0,0,0,50,Evening,No Alternate Route,30
2026-08-03 18:55:00,17.49459863125815,78.39094997008914,541,24,High,0,3,1,0,18,3,8,2026,1,0,0,0,55,Evening,No Alternate Route,15
2026-08-03 19:00:00,17.49438289575921,78.392645281,593,28,High,2,3,1,0,19,3,8,2026,1,0,0,0,0,Evening,No Alternate Route,15
2026-08-03 19:05:00,17.42357908678856,78.47469943863929,647,18,Severe,3,4,1,0,19,3,8,2026,1,0,0,0,5,Evening,No Alternate Route,30
2026-08-03 19:10:00,17.49306002359651,78.39050068506093,708,10,Severe,2,3,0,0,19,3,8,2026,1,0,0,0,10,Evening,No Alternate Route,30
2026-08-03 19:15:00,17.41131557060746,78.44938613676142,692,17,Severe,2,1,2,0,19,3,8,2026,1,0,0,0,15,Evening,No Alternate Route,30
2026-08-03 19:20:00,17.41230338009128,78.44779139689035,782,13,Severe,0,1,2,0,19,3,8,2026,1,0,0,0,20,Evening,No Alternate Route,30
2026-08-03 19:25:00,17.42521181548208,78.47536221770375,681,20,Severe,1,4,0,0,19,3,8,2026,1,0,0,0,25,Evening,No Alternate Route,30
2026-08-03 19:30:00,17.42343842104057,78.47364447372881,545,29,High,0,4,2,0,19,3,8,2026,1,0,0,0,30,Evening,No Alternate Route,15
2026-08-03 19:35:00,17.42276023842995,78.47455611412643,736,10,Severe,3,4,2,0,19,3,8,2026,1,0,0,0,35,Evening,No Alternate Route,30
2026-08-03 19:40:00,17.45131475811593,78.38250593212386,590,35,High,3,2,2,0,19,3,8,2026,1,0,0,0,40,Evening,No Alternate Route,15
2026-08-03 19:45:00,17.42241574154464,78.47298709377552,611,17,Severe,1,4,1,0,19,3,8,2026,1,0,0,0,45,Evening,No Alternate Route,30
2026-08-03 19:50:00,17.45024862545165,78.38096894900625,673,11,Severe,3,2,2,0,19,3,8,2026,1,0,0,0,50,Evening,No Alternate Route,30
2026-08-03 19:55:00,17.49476694360735,78.39341356067557,748,18,Severe,3,3,2,0,19,3,8,2026,1,0,0,0,55,Evening,No Alternate Route,30
2026-08-03 20:00:00,17.42223846010998,78.47449606387279,682,20,Severe,2,4,1,0,20,3,8,2026,1,0,0,0,0,Evening,No Alternate Route,30
2026-08-03 20:05:00,17.45077168685856,78.38328720928541,510,32,High,3,2,1,0,20,3,8,2026,1,0,0,0,5,Evening,No Alternate Route,15
2026-08-03 20:10:00,17.49439173585743,78.392873262561,568,26,High,3,3,2,0,20,3,8,2026,1,0,0,0,10,Evening,No Alternate Route,15
2026-08-03 20:15:00,17.41370022061642,78.44743120388813,591,35,High,3,1,0,0,20,3,8,2026,1,0,0,0,15,Evening,No Alternate Route,15
2026-08-03 20:20:00,17.41210826875205,78.44688442369711,574,31,High,0,1,2,0,20,3,8,2026,1,0,0,0,20,Evening,No Alternate Route,15
2026-08-03 20:25:00,17.49399560818723,78.39213203392397,667,18,Severe,1,3,1,0,20,3,8,2026,1,0,0,0,25,Evening,No Alternate Route,30
2026-08-03 20:30:00,17.41291930836524,78.44946623899315,636,14,Severe,3,1,0,0,20,3,8,2026,1,0,0,0,30,Evening,No Alternate Route,30
2026-08-03 20:35:00,17.49428377641753,78.39097490188738,509,31,High,2,3,2,0,20,3,8,2026,1,0,0,0,35,Evening,No Alternate Route,15
2026-08-03 20:40:00,17.42562122761338,78.47520251181396,529,26,High,2,4,2,0,20,3,8,2026,1,0,0,0,40,Evening,No Alternate Route,15
2026-08-03 20:45:00,17.49288320767667,78.3932590936035,694,16,Severe,3,3,2,0,20,3,8,2026,1,0,0,0,45,Evening,No Alternate Route,30
2026-08-03 20:50:00,17.49545222360001,78.3931580808316,595,35,High,1,3,0,0,20,3,8,2026,1,0,0,0,50,Evening,No Alternate Route,15
2026-08-03 20:55:00,17.41362274985719,78.44744357757082,658,11,Severe,3,1,0,0,20,3,8,2026,1,0,0,0,55,Evening,No Alternate Route,30
2026-08-03 21:00:00,17.3860131268257,78.48522809979497,135,40,Moderate,3,0,1,0,21,3,8,2026,1,0,0,0,0,Night,No Alternate Route,5
2026-08-03 21:05:00,17.38323091141411,78.48819983982328,123,49,Moderate,3,0,1,1,21,3,8,2026,1,0,0,0,5,Night,No Alternate Route,5
2026-08-03 21:10:00,17.41233440715575,78.44817701430755,144,49,Moderate,1,1,1,1,21,3,8,2026,1,0,0,0,10,Night,No Alternate Route,5
2026-08-03 21:15:00,17.42281313456923,78.47462737264972,125,53,Moderate,1,4,2,0,21,3,8,2026,1,0,0,0,15,Night,No Alternate Route,5
2026-08-03 21:20:00,17.41423909089224,78.446840903538,102,53,Moderate,2,1,2,0,21,3,8,2026,1,0,0,0,20,Night,No Alternate Route,5
2026-08-03 21:25:00,17.49428231856986,78.38985118789151,160,55,Moderate,3,3,2,0,21,3,8,2026,1,0,0,0,25,Night,No Alternate Route,5
2026-08-03 21:30:00,17.44918342364866,78.38106869094344,140,54,Moderate,2,2,2,0,21,3,8,2026,1,0,0,0,30,Night,No Alternate Route,5
2026-08-03 21:35:00,17.49595482458852,78.38996639032958,121,49,Moderate,1,3,0,0,21,3,8,2026,1,0,0,0,35,Night,No Alternate Route,5
2026-08-03 21:40:00,17.45051039826614,78.38441129958517,84,61,Low,0,2,1,0,21,3,8,2026,1,0,0,0,40,Night,No Alternate Route,0
2026-08-03 21:45:00,17.42295989609804,78.4728293672351,150,51,Moderate,2,4,2,0,21,3,8,2026,1,0,0,0,45,Night,No Alternate Route,5
2026-08-03 21:50:00,17.49402848292814,78.39354616498645,84,66,Low,2,3,1,0,21,3,8,2026,1,0,0,0,50,Night,No Alternate Route,0
2026-08-03 21:55:00,17.49521177211867,78.38989299291555,103,42,Moderate,2,3,1,0,21,3,8,2026,1,0,0,0,55,Night,No Alternate Route,5
2026-08-03 22:00:00,17.41084329802967,78.44990034037588,175,43,Moderate,2,1,1,0,22,3,8,2026,1,0,0,2,0,Night,No Alternate Route,5
2026-08-03 22:05:00,17.41225586955036,78.44973014201099,94,80,Low,3,1,2,0,22,3,8,2026,1,0,0,2,5,Night,No Alternate Route,0
2026-08-03 22:10:00,17.41389198492975,78.44829196178186,149,49,Moderate,1,1,0,1,22,3,8,2026,1,0,0,2,10,Night,No Alternate Route,5
2026-08-03 22:15:00,17.45193975506512,78.38419473947987,177,55,Moderate,3,2,0,0,22,3,8,2026,1,0,0,2,15,Night,No Alternate Route,5
2026-08-03 22:20:00,17.49679001105798,78.39023335856142,82,77,Low,3,3,0,0,22,3,8,2026,1,0,0,2,20,Night,No Alternate Route,0
2026-08-03 22:25:00,17.49445135785647,78.39333176674111,155,59,Moderate,1,3,0,0,22,3,8,2026,1,0,0,2,25,Night,No Alternate Route,5
2026-08-03 22:30:00,17.42219334625858,78.47375099388988,119,42,Moderate,2,4,2,0,22,3,8,2026,1,0,0,2,30,Night,No Alternate Route,5
2026-08-03 22:35:00,17.3864510872798,78.4853372939305,91,64,Low,0,0,0,0,22,3,8,2026,1,0,0,2,35,Night,No Alternate Route,0
2026-08-03 22:40:00,17.38426504618212,78.4858667164534,140,58,Moderate,0,0,2,0,22,3,8,2026,1,0,0,2,40,Night,No Alternate Route,5
2026-08-03 22:45:00,17.4222253788064,78.47374942908363,154,40,Moderate,3,4,1,0,22,3,8,2026,1,0,0,2,45,Night,No Alternate Route,5
2026-08-03 22:50:00,17.49373358967242,78.39206836746148,131,42,Moderate,1,3,0,0,22,3,8,2026,1,0,0,2,50,Night,No Alternate Route,5
2026-08-03 22:55:00,17.42277184966546,78.47380593586665,163,43,Moderate,3,4,1,0,22,3,8,2026,1,0,0,2,55,Night,No Alternate Route,5
2026-08-03 23:00:00,17.41391723612948,78.44855395533834,127,53,Moderate,1,1,1,0,23,3,8,2026,1,0,0,2,0,Night,No Alternate Route,5
2026-08-03 23:05:00,17.41318533783054,78.45000957797109,164,50,Moderate,0,1,0,0,23,3,8,2026,1,0,0,2,5,Night,No Alternate Route,5
2026-08-03 23:10:00,17.49507319269969,78.39361056423384,82,76,Low,0,3,0,0,23,3,8,2026,1,0,0,2,10,Night,No Alternate Route,0
2026-08-03 23:15:00,17.38621412733083,78.48649583466187,130,41,Moderate,2,0,1,0,23,3,8,2026,1,0,0,2,15,Night,No Alternate Route,5
2026-08-03 23:20:00,17.41067099381026,78.44763136292548,96,60,Low,2,1,2,0,23,3,8,2026,1,0,0,2,20,Night,No Alternate Route,0
2026-08-03 23:25:00,17.49638242423829,78.39263342910947,176,52,Moderate,1,3,0,0,23,3,8,2026,1,0,0,2,25,Night,No Alternate Route,5
2026-08-03 23:30:00,17.41116103003578,78.4482531814002,139,41,Moderate,3,1,0,0,23,3,8,2026,1,0,0,2,30,Night,No Alternate Route,5
2026-08-03 23:35:00,17.42398233743594,78.4723449130066,170,45,Moderate,2,4,0,0,23,3,8,2026,1,0,0,2,35,Night,No Alternate Route,5
2026-08-03 23:40:00,17.41363300998766,78.44630677823895,166,40,Moderate,0,1,2,0,23,3,8,2026,1,0,0,2,40,Night,No Alternate Route,5
2026-08-03 23:45:00,17.49432232783998,78.39364773343263,167,43,Moderate,3,3,2,0,23,3,8,2026,1,0,0,2,45,Night,No Alternate Route,5
2026-08-03 23:50:00,17.41191146962975,78.4489225110641,133,45,Moderate,3,1,1,0,23,3,8,2026,1,0,0,2,50,Night,No Alternate Route,5
2026-08-03 23:55:00,17.41081573939847,78.4497557452463,173,59,Moderate,1,1,0,0,23,3,8,2026,1,0,0,2,55,Night,No Alternate Route,5
2026-08-04 00:00:00,17.49339407318052,78.39184441737862,38,69,Low,1,3,1,0,0,4,8,2026,5,1,0,2,0,Night,No Alternate Route,0
2026-08-04 00:05:00,17.44867829560227,78.38453435538663,27,68,Low,3,2,2,0,0,4,8,2026,5,1,0,2,5,Night,No Alternate Route,0
2026-08-04 00:10:00,17.49459882879427,78.39238864079945,43,60,Low,3,3,2,0,0,4,8,2026,5,1,0,2,10,Night,No Alternate Route,0
2026-08-04 00:15:00,17.41370436606515,78.4479272967861,42,78,Low,3,1,1,0,0,4,8,2026,5,1,0,2,15,Night,No Alternate Route,0
2026-08-04 00:20:00,17.42483820122121,78.47180674215538,23,66,Low,1,4,0,0,0,4,8,2026,5,1,0,2,20,Night,No Alternate Route,0
2026-08-04 00:25:00,17.44960344110926,78.3828150758215,44,63,Low,1,2,2,0,0,4,8,2026,5,1,0,2,25,Night,No Alternate Route,0
2026-08-04 00:30:00,17.4232479931269,78.4725616563967,56,60,Low,3,4,1,0,0,4,8,2026,5,1,0,2,30,Night,No Alternate Route,0
2026-08-04 00:35:00,17.45209204104755,78.38345691993604,39,74,Low,2,2,2,0,0,4,8,2026,5,1,0,2,35,Night,No Alternate Route,0
2026-08-04 00:40:00,17.49563161963126,78.39170796043763,25,77,Low,2,3,1,0,0,4,8,2026,5,1,0,2,40,Night,No Alternate Route,0
2026-08-04 00:45:00,17.42303730090746,78.47220635057369,77,64,Low,3,4,2,0,0,4,8,2026,5,1,0,2,45,Night,No Alternate Route,0
2026-08-04 00:50:00,17.42571694145153,78.47512108369756,47,65,Low,1,4,2,0,0,4,8,2026,5,1,0,2,50,Night,No Alternate Route,0
2026-08-04 00:55:00,17.49410359121818,78.39356525700553,25,80,Low,2,3,1,0,0,4,8,2026,5,1,0,2,55,Night,No Alternate Route,0
2026-08-04 01:00:00,17.38409492935015,78.48806295325815,66,67,Low,1,0,0,0,1,4,8,2026,5,1,0,2,0,Night,No Alternate Route,0
2026-08-04 01:05:00,17.42443974073274,78.47403048443991,33,65,Low,0,4,1,0,1,4,8,2026,5,1,0,2,5,Night,No Alternate Route,0
2026-08-04 01:10:00,17.38402715356845,78.48658390823589,72,77,Low,2,0,1,0,1,4,8,2026,5,1,0,2,10,Night,No Alternate Route,0
2026-08-04 01:15:00,17.41086409989793,78.44972333335008,75,63,Low,3,1,2,0,1,4,8,2026,5,1,0,2,15,Night,No Alternate Route,0
2026-08-04 01:20:00,17.42474524883391,78.47329598890272,58,66,Low,0,4,2,0,1,4,8,2026,5,1,0,2,20,Night,No Alternate Route,0
2026-08-04 01:25:00,17.38601036961443,78.4884033371085,74,73,Low,3,0,2,0,1,4,8,2026,5,1,0,2,25,Night,No Alternate Route,0
2026-08-04 01:30:00,17.49344889391847,78.39247576825355,42,61,Low,1,3,2,0,1,4,8,2026,5,1,0,2,30,Night,No Alternate Route,0
2026-08-04 01:35:00,17.42483445838513,78.4722925103408,46,72,Low,2,4,1,0,1,4,8,2026,5,1,0,2,35,Night,No Alternate Route,0
2026-08-04 01:40:00,17.49429536994122,78.39196275867842,39,75,Low,3,3,0,0,1,4,8,2026,5,1,0,2,40,Night,No Alternate Route,0
2026-08-04 01:45:00,17.49536905751911,78.39225781240025,39,63,Low,2,3,2,0,1,4,8,2026,5,1,0,2,45,Night,No Alternate Route,0
2026-08-04 01:50:00,17.49542345864049,78.39116938893639,78,75,Low,0,3,1,0,1,4,8,2026,5,1,0,2,50,Night,No Alternate Route,0
2026-08-04 01:55:00,17.4486611229995,78.38311803197372,53,66,Low,3,2,0,0,1,4,8,2026,5,1,0,2,55,Night,No Alternate Route,0
2026-08-04 02:00:00,17.41155338129028,78.44915300907093,57,70,Low,3,1,0,0,2,4,8,2026,5,1,0,2,0,Night,No Alternate Route,0
2026-08-04 02:05:00,17.44945496528164,78.38202275029144,70,72,Low,0,2,1,0,2,4,8,2026,5,1,0,2,5,Night,No Alternate Route,0
2026-08-04 02:10:00,17.45213042468534,78.38277846531336,74,70,Low,1,2,0,0,2,4,8,2026,5,1,0,2,10,Night,No Alternate Route,0
2026-08-04 02:15:00,17.4253558395348,78.47287628793508,75,65,Low,3,4,2,0,2,4,8,2026,5,1,0,2,15,Night,No Alternate Route,0
2026-08-04 02:20:00,17.42558669768452,78.47546932549035,68,77,Low,2,4,0,0,2,4,8,2026,5,1,0,2,20,Night,No Alternate Route,0
2026-08-04 02:25:00,17.44913226925304,78.38172745795634,35,77,Low,3,2,0,0,2,4,8,2026,5,1,0,2,25,Night,No Alternate Route,0
2026-08-04 02:30:00,17.38530846795341,78.48831771071951,32,75,Low,0,0,0,0,2,4,8,2026,5,1,0,2,30,Night,No Alternate Route,0
2026-08-04 02:35:00,17.42286249164087,78.4746598791186,69,61,Low,0,4,2,0,2,4,8,2026,5,1,0,2,35,Night,No Alternate Route,0
2026-08-04 02:40:00,17.42193543664112,78.47485599716174,67,74,Low,1,4,0,0,2,4,8,2026,5,1,0,2,40,Night,No Alternate Route,0
2026-08-04 02:45:00,17.38387691344562,78.48526799098106,62,71,Low,3,0,0,0,2,4,8,2026,5,1,0,2,45,Night,No Alternate Route,0
2026-08-04 02:50:00,17.45020666729071,78.38125012031968,33,69,Low,0,2,0,0,2,4,8,2026,5,1,0,2,50,Night,No Alternate Route,0
2026-08-04 02:55:00,17.44893891553148,78.3823514770996,73,64,Low,1,2,1,0,2,4,8,2026,5,1,0,2,55,Night,No Alternate Route,0
2026-08-04 03:00:00,17.49655019897209,78.39098812055369,41,69,Low,1,3,2,0,3,4,8,2026,5,1,0,2,0,Night,No Alternate Route,0
2026-08-04 03:05:00,17.38655487901264,78.4848299351034,58,63,Low,0,0,2,0,3,4,8,2026,5,1,0,2,5,Night,No Alternate Route,0
2026-08-04 03:10:00,17.4132998984495,78.44862431040598,50,65,Low,2,1,0,0,3,4,8,2026,5,1,0,2,10,Night,No Alternate Route,0
2026-08-04 03:15:00,17.49357484602531,78.39041788986809,44,80,Low,1,3,2,0,3,4,8,2026,5,1,0,2,15,Night,No Alternate Route,0
2026-08-04 03:20:00,17.42379972531796,78.47451568478164,46,61,Low,1,4,2,0,3,4,8,2026,5,1,0,2,20,Night,No Alternate Route,0
2026-08-04 03:25:00,17.42559357139341,78.4723916136304,45,67,Low,3,4,1,0,3,4,8,2026,5,1,0,2,25,Night,No Alternate Route,0
2026-08-04 03:30:00,17.42226190581381,78.47252904344835,21,77,Low,1,4,0,0,3,4,8,2026,5,1,0,2,30,Night,No Alternate Route,0
2026-08-04 03:35:00,17.38363042679732,78.48579749400189,57,75,Low,3,0,1,0,3,4,8,2026,5,1,0,2,35,Night,No Alternate Route,0
2026-08-04 03:40:00,17.42321322285515,78.47291282807109,76,61,Low,0,4,0,0,3,4,8,2026,5,1,0,2,40,Night,No Alternate Route,0
2026-08-04 03:45:00,17.49382295033077,78.39201149022472,62,71,Low,3,3,2,0,3,4,8,2026,5,1,0,2,45,Night,No Alternate Route,0
2026-08-04 03:50:00,17.42321278329224,78.4722935151453,75,60,Low,3,4,1,0,3,4,8,2026,5,1,0,2,50,Night,No Alternate Route,0
2026-08-04 03:55:00,17.42274592064631,78.47187748761387,72,66,Low,0,4,0,0,3,4,8,2026,5,1,0,2,55,Night,No Alternate Route,0
2026-08-04 04:00:00,17.3868913008441,78.48628482551035,52,67,Low,3,0,1,0,4,4,8,2026,5,1,0,2,0,Night,No Alternate Route,0
2026-08-04 04:05:00,17.38439057737911,78.48645411484527,25,72,Low,3,0,2,0,4,4,8,2026,5,1,0,2,5,Night,No Alternate Route,0
2026-08-04 04:10:00,17.44963993885554,78.38076884331552,55,61,Low,1,2,2,0,4,4,8,2026,5,1,0,2,10,Night,No Alternate Route,0
2026-08-04 04:15:00,17.41253229177645,78.44768947389659,59,67,Low,0,1,1,0,4,4,8,2026,5,1,0,2,15,Night,No Alternate Route,0
2026-08-04 04:20:00,17.49567512286467,78.3933606641868,62,60,Low,0,3,0,0,4,4,8,2026,5,1,0,2,20,Night,No Alternate Route,0
2026-08-04 04:25:00,17.42522942470302,78.47199173080709,35,69,Low,2,4,0,0,4,4,8,2026,5,1,0,2,25,Night,No Alternate Route,0
2026-08-04 04:30:00,17.41180603873528,78.44720651809821,59,63,Low,1,1,2,0,4,4,8,2026,5,1,0,2,30,Night,No Alternate Route,0
2026-08-04 04:35:00,17.38482873713259,78.48851632726551,32,74,Low,2,0,0,0,4,4,8,2026,5,1,0,2,35,Night,No Alternate Route,0
2026-08-04 04:40:00,17.49518183033686,78.39043118758926,79,66,Low,3,3,0,0,4,4,8,2026,5,1,0,2,40,Night,No Alternate Route,0
2026-08-04 04:45:00,17.38484773430755,78.48616401038232,20,61,Low,2,0,0,0,4,4,8,2026,5,1,0,2,45,Night,No Alternate Route,0
2026-08-04 04:50:00,17.41420765727869,78.45018096542148,49,70,Low,2,1,1,0,4,4,8,2026,5,1,0,2,50,Night,No Alternate Route,0
2026-08-04 04:55:00,17.41100024496413,78.44889798790406,35,71,Low,1,1,1,0,4,4,8,2026,5,1,0,2,55,Night,No Alternate Route,0
2026-08-04 05:00:00,17.44998488207778,78.38344315769648,138,44,Moderate,0,2,2,0,5,4,8,2026,5,1,0,2,0,Morning,No Alternate Route,5
2026-08-04 05:05:00,17.42300925995149,78.47338878959516,159,58,Moderate,2,4,0,0,5,4,8,2026,5,1,0,2,5,Morning,No Alternate Route,5
2026-08-04 05:10:00,17.494615703828,78.39167035737353,135,40,Moderate,0,3,1,0,5,4,8,2026,5,1,0,2,10,Morning,No Alternate Route,5
2026-08-04 05:15:00,17.38644546025963,78.48630130120179,136,40,Moderate,2,0,1,0,5,4,8,2026,5,1,0,2,15,Morning,No Alternate Route,5
2026-08-04 05:20:00,17.49490930053861,78.39270085394537,141,45,Moderate,2,3,1,0,5,4,8,2026,5,1,0,2,20,Morning,No Alternate Route,5
2026-08-04 05:25:00,17.41257095065586,78.44792148736681,127,51,Moderate,0,1,1,0,5,4,8,2026,5,1,0,2,25,Morning,No Alternate Route,5
2026-08-04 05:30:00,17.45066030025161,78.38404616650398,103,45,Moderate,0,2,1,0,5,4,8,2026,5,1,0,2,30,Morning,No Alternate Route,5
2026-08-04 05:35:00,17.42532937323794,78.47315434264438,164,40,Moderate,2,4,2,0,5,4,8,2026,5,1,0,2,35,Morning,No Alternate Route,5
2026-08-04 05:40:00,17.42579320842517,78.4734027328651,176,49,Moderate,2,4,2,0,5,4,8,2026,5,1,0,2,40,Morning,No Alternate Route,5
2026-08-04 05:45:00,17.42278172662357,78.47502145215793,179,53,Moderate,1,4,0,0,5,4,8,2026,5,1,0,2,45,Morning,No Alternate Route,5
2026-08-04 05:50:00,17.42427790154185,78.47461118238793,129,52,Moderate,0,4,1,0,5,4,8,2026,5,1,0,2,50,Morning,No Alternate Route,5
2026-08-04 05:55:00,17.4516102691683,78.38201658386531,161,48,Moderate,0,2,2,0,5,4,8,2026,5,1,0,2,55,Morning,No Alternate Route,5
2026-08-04 06:00:00,17.45127065618181,78.38256954309897,97,78,Low,0,2,0,0,6,4,8,2026,5,1,0,2,0,Morning,No Alternate Route,0
2026-08-04 06:05:00,17.41458842175053,78.44725298659917,136,60,Moderate,0,1,0,0,6,4,8,2026,5,1,0,2,5,Morning,No Alternate Route,5
2026-08-04 06:10:00,17.49556467068066,78.39190952113418,158,48,Moderate,2,3,0,0,6,4,8,2026,5,1,0,2,10,Morning,No Alternate Route,5
2026-08-04 06:15:00,17.38511452687212,78.48845011225038,118,49,Moderate,2,0,1,0,6,4,8,2026,5,1,0,2,15,Morning,No Alternate Route,5
2026-08-04 06:20:00,17.42224885240655,78.47331610541758,158,43,Moderate,1,4,0,0,6,4,8,2026,5,1,0,2,20,Morning,No Alternate Route,5
2026-08-04 06:25:00,17.41416563218378,78.44661070426591,143,45,Moderate,0,1,0,0,6,4,8,2026,5,1,0,2,25,Morning,No Alternate Route,5
2026-08-04 06:30:00,17.45209850750476,78.38139799721169,110,58,Moderate,1,2,2,0,6,4,8,2026,5,1,0,2,30,Morning,No Alternate Route,5
2026-08-04 06:35:00,17.45062585612531,78.38356846553974,144,51,Moderate,2,2,1,0,6,4,8,2026,5,1,0,2,35,Morning,No Alternate Route,5
2026-08-04 06:40:00,17.49522261070195,78.39291923246931,106,54,Moderate,0,3,0,0,6,4,8,2026,5,1,0,2,40,Morning,No Alternate Route,5
2026-08-04 06:45:00,17.38600177775806,78.48694891343585,176,58,Moderate,1,0,0,0,6,4,8,2026,5,1,0,2,45,Morning,No Alternate Route,5
2026-08-04 06:50:00,17.49574340072013,78.39164214534132,173,50,Moderate,1,3,2,0,6,4,8,2026,5,1,0,2,50,Morning,No Alternate Route,5
2026-08-04 06:55:00,17.41313612592561,78.44938196006714,116,56,Moderate,0,1,2,0,6,4,8,2026,5,1,0,2,55,Morning,No Alternate Route,5
2026-08-04 07:00:00,17.38522692638012,78.48732124054163,629,20,Severe,3,0,1,0,7,4,8,2026,5,1,0,1,0,Morning,No Alternate Route,30
2026-08-04 07:05:00,17.42199363399731,78.47489812266238,655,11,Severe,0,4,2,0,7,4,8,2026,5,1,0,1,5,Morning,No Alternate Route,30
2026-08-04 07:10:00,17.41264394684696,78.4490942635465,466,29,High,3,1,2,0,7,4,8,2026,5,1,0,1,10,Morning,No Alternate Route,15
2026-08-04 07:15:00,17.49538318660565,78.39200144446528,575,20,High,2,3,2,0,7,4,8,2026,5,1,0,1,15,Morning,No Alternate Route,15
2026-08-04 07:20:00,17.41185508761606,78.44810472439842,539,27,High,0,1,0,0,7,4,8,2026,5,1,0,1,20,Morning,No Alternate Route,15
2026-08-04 07:25:00,17.38570554009299,78.48684904572693,610,15,Severe,3,0,2,0,7,4,8,2026,5,1,0,1,25,Morning,No Alternate Route,30
2026-08-04 07:30:00,17.3848970780843,78.48479530498369,501,26,High,1,0,2,0,7,4,8,2026,5,1,0,1,30,Morning,No Alternate Route,15
2026-08-04 07:35:00,17.4517341842339,78.3840472625957,692,13,Severe,0,2,2,0,7,4,8,2026,5,1,0,1,35,Morning,No Alternate Route,30
2026-08-04 07:40:00,17.44971055008007,78.38376864786666,602,18,Severe,3,2,2,0,7,4,8,2026,5,1,0,1,40,Morning,No Alternate Route,30
2026-08-04 07:45:00,17.45006113033946,78.38285934140637,637,17,Severe,2,2,2,0,7,4,8,2026,5,1,0,1,45,Morning,No Alternate Route,30
2026-08-04 07:50:00,17.45022477486286,78.38384785568766,621,16,Severe,0,2,0,0,7,4,8,2026,5,1,0,1,50,Morning,No Alternate Route,30
2026-08-04 07:55:00,17.42521696764877,78.47288225510742,599,20,High,2,4,0,0,7,4,8,2026,5,1,0,1,55,Morning,No Alternate Route,15
2026-08-04 08:00:00,17.42442348502139,78.47304917713326,576,21,High,2,4,0,0,8,4,8,2026,5,1,0,1,0,Morning,No Alternate Route,15
2026-08-04 08:05:00,17.42508487828641,78.475519338424,548,22,High,0,4,1,0,8,4,8,2026,5,1,0,1,5,Morning,No Alternate Route,15
2026-08-04 08:10:00,17.38396734178163,78.48847609886973,553,38,High,3,0,1,0,8,4,8,2026,5,1,0,1,10,Morning,No Alternate Route,15
2026-08-04 08:15:00,17.42411229691816,78.47428345874945,542,32,High,2,4,0,0,8,4,8,2026,5,1,0,1,15,Morning,No Alternate Route,15
2026-08-04 08:20:00,17.45003258103667,78.38315147221006,468,34,High,3,2,1,0,8,4,8,2026,5,1,0,1,20,Morning,No Alternate Route,15
2026-08-04 08:25:00,17.423701143275,78.47340342425385,678,11,Severe,3,4,0,0,8,4,8,2026,5,1,0,1,25,Morning,No Alternate Route,30
2026-08-04 08:30:00,17.38497576121787,78.48628192111251,676,19,Severe,2,0,2,0,8,4,8,2026,5,1,0,1,30,Morning,No Alternate Route,30
2026-08-04 08:35:00,17.38580800632374,78.48697226125155,642,14,Severe,2,0,0,0,8,4,8,2026,5,1,0,1,35,Morning,No Alternate Route,30
2026-08-04 08:40:00,17.49598943557497,78.39211009381596,552,23,High,2,3,1,0,8,4,8,2026,5,1,0,1,40,Morning,No Alternate Route,15
2026-08-04 08:45:00,17.49564840549975,78.39207415457875,636,14,Severe,3,3,2,0,8,4,8,2026,5,1,0,1,45,Morning,No Alternate Route,30
2026-08-04 08:50:00,17.49456983843108,78.3904607753705,669,20,Severe,0,3,1,0,8,4,8,2026,5,1,0,1,50,Morning,No Alternate Route,30
2026-08-04 08:55:00,17.42217832826556,78.47536297417433,523,25,High,0,4,0,0,8,4,8,2026,5,1,0,1,55,Morning,No Alternate Route,15
2026-08-04 09:00:00,17.49306267945324,78.39106646979398,670,13,Severe,2,3,2,0,9,4,8,2026,5,1,0,1,0,Morning,No Alternate Route,30
2026-08-04 09:05:00,17.42243262749282,78.4747273906459,673,17,Severe,2,4,2,0,9,4,8,2026,5,1,0,1,5,Morning,No Alternate Route,30
2026-08-04 09:10:00,17.49384810919445,78.39322652397723,683,10,Severe,1,3,0,0,9,4,8,2026,5,1,0,1,10,Morning,No Alternate Route,30
2026-08-04 09:15:00,17.38620761995225,78.48702986668592,528,31,High,1,0,0,0,9,4,8,2026,5,1,0,1,15,Morning,No Alternate Route,15
2026-08-04 09:20:00,17.425846572843,78.47354404723119,498,33,High,2,4,2,0,9,4,8,2026,5,1,0,1,20,Morning,No Alternate Route,15
2026-08-04 09:25:00,17.42507441078072,78.47247432029339,560,32,High,1,4,0,0,9,4,8,2026,5,1,0,1,25,Morning,No Alternate Route,15
2026-08-04 09:30:00,17.45084228007157,78.38252427512604,578,35,High,0,2,2,0,9,4,8,2026,5,1,0,1,30,Morning,No Alternate Route,15
2026-08-04 09:35:00,17.41117446843402,78.44625431586971,600,23,High,2,1,1,0,9,4,8,2026,5,1,0,1,35,Morning,No Alternate Route,15
2026-08-04 09:40:00,17.42423999323193,78.47359192163348,693,10,Severe,0,4,0,0,9,4,8,2026,5,1,0,1,40,Morning,No Alternate Route,30
2026-08-04 09:45:00,17.4112743499922,78.44745162418614,699,12,Severe,0,1,0,0,9,4,8,2026,5,1,0,1,45,Morning,No Alternate Route,30
2026-08-04 09:50:00,17.45102391915639,78.3842701016652,607,14,Severe,1,2,0,0,9,4,8,2026,5,1,0,1,50,Morning,No Alternate Route,30
2026-08-04 09:55:00,17.38358907579938,78.4883850069992,499,32,High,0,0,2,0,9,4,8,2026,5,1,0,1,55,Morning,No Alternate Route,15
2026-08-04 10:00:00,17.42519379661309,78.47537538789074,202,48,Moderate,0,4,0,0,10,4,8,2026,5,1,0,1,0,Morning,No Alternate Route,5
2026-08-04 10:05:00,17.49575965481975,78.39069210047049,293,53,Moderate,3,3,1,0,10,4,8,2026,5,1,0,1,5,Morning,No Alternate Route,5
2026-08-04 10:10:00,17.42353289594958,78.47387011958449,303,27,High,3,4,0,0,10,4,8,2026,5,1,0,1,10,Morning,No Alternate Route,15
2026-08-04 10:15:00,17.45219861578433,78.38439381797998,196,52,Moderate,3,2,1,0,10,4,8,2026,5,1,0,1,15,Morning,No Alternate Route,5
2026-08-04 10:20:00,17.49531662741013,78.39308121462366,212,55,Moderate,3,3,0,0,10,4,8,2026,5,1,0,1,20,Morning,No Alternate Route,5
2026-08-04 10:25:00,17.44871704073012,78.38083738552083,275,52,Moderate,1,2,1,0,10,4,8,2026,5,1,0,1,25,Morning,No Alternate Route,5
2026-08-04 10:30:00,17.44963435074692,78.38378798616436,202,57,Moderate,1,2,2,0,10,4,8,2026,5,1,0,1,30,Morning,No Alternate Route,5
2026-08-04 10:35:00,17.44940229435182,78.38365474179618,212,52,Moderate,1,2,1,0,10,4,8,2026,5,1,0,1,35,Morning,No Alternate Route,5
2026-08-04 10:40:00,17.38416552294103,78.48622285913974,321,36,High,2,0,2,0,10,4,8,2026,5,1,0,1,40,Morning,No Alternate Route,15
2026-08-04 10:45:00,17.41403265358166,78.44934555770013,196,60,Moderate,2,1,0,0,10,4,8,2026,5,1,0,1,45,Morning,No Alternate Route,5
2026-08-04 10:50:00,17.42267744968326,78.4722783899807,316,35,High,1,4,0,0,10,4,8,2026,5,1,0,1,50,Morning,No Alternate Route,15
2026-08-04 10:55:00,17.38648224361645,78.48655127400876,265,41,Moderate,1,0,2,0,10,4,8,2026,5,1,0,1,55,Morning,No Alternate Route,5
2026-08-04 11:00:00,17.41320554896242,78.44643934003778,228,47,Moderate,2,1,0,0,11,4,8,2026,5,1,0,2,0,Morning,No Alternate Route,5
2026-08-04 11:05:00,17.49581485590405,78.39336660837421,241,41,Moderate,3,3,1,0,11,4,8,2026,5,1,0,2,5,Morning,No Alternate Route,5
2026-08-04 11:10:00,17.42583436549613,78.47526073331511,277,58,Moderate,1,4,2,0,11,4,8,2026,5,1,0,2,10,Morning,No Alternate Route,5
2026-08-04 11:15:00,17.44877833485452,78.38290729517982,234,41,Moderate,1,2,1,0,11,4,8,2026,5,1,0,2,15,Morning,No Alternate Route,5
2026-08-04 11:20:00,17.4518916844416,78.38406143374817,227,46,Moderate,1,2,1,0,11,4,8,2026,5,1,0,2,20,Morning,No Alternate Route,5
2026-08-04 11:25:00,17.49441805126962,78.39216398750403,317,34,High,1,3,0,0,11,4,8,2026,5,1,0,2,25,Morning,No Alternate Route,15
2026-08-04 11:30:00,17.49568280938176,78.38972961280058,220,60,Moderate,3,3,0,0,11,4,8,2026,5,1,0,2,30,Morning,No Alternate Route,5
2026-08-04 11:35:00,17.42320985258578,78.47512436891938,338,28,High,3,4,2,0,11,4,8,2026,5,1,0,2,35,Morning,No Alternate Route,15
2026-08-04 11:40:00,17.42391211444155,78.47458937999363,248,46,Moderate,2,4,0,0,11,4,8,2026,5,1,0,2,40,Morning,No Alternate Route,5
2026-08-04 11:45:00,17.44935431532911,78.38451629975215,212,57,Moderate,2,2,0,0,11,4,8,2026,5,1,0,2,45,Morning,No Alternate Route,5
2026-08-04 11:50:00,17.38662268208915,78.48531835426928,297,50,Moderate,0,0,0,0,11,4,8,2026,5,1,0,2,50,Morning,No Alternate Route,5
2026-08-04 11:55:00,17.4952828229453,78.39347745137661,188,58,Moderate,2,3,1,0,11,4,8,2026,5,1,0,2,55,Morning,No Alternate Route,5
2026-08-04 12:00:00,17.38311451649988,78.4884570694517,350,35,High,3,0,2,0,12,4,8,2026,5,1,0,2,0,Afternoon,No Alternate Route,15
2026-08-04 12:05:00,17.3868328211432,78.48777147526967,324,35,High,3,0,0,1,12,4,8,2026,5,1,0,2,5,Afternoon,No Alternate Route,15
2026-08-04 12:10:00,17.42412394719783,78.47412396056389,253,41,Moderate,3,4,0,0,12,4,8,2026,5,1,0,2,10,Afternoon,No Alternate Route,5
2026-08-04 12:15:00,17.49561741925464,78.38989655249526,348,21,High,3,3,1,0,12,4,8,2026,5,1,0,2,15,Afternoon,No Alternate Route,15
2026-08-04 12:20:00,17.42345407126324,78.47464396966667,271,53,Moderate,3,4,1,0,12,4,8,2026,5,1,0,2,20,Afternoon,No Alternate Route,5
2026-08-04 12:25:00,17.41374566376134,78.44645665022249,205,49,Moderate,1,1,0,0,12,4,8,2026,5,1,0,2,25,Afternoon,No Alternate Route,5
2026-08-04 12:30:00,17.49397343933281,78.39162588286348,332,27,High,1,3,2,0,12,4,8,2026,5,1,0,2,30,Afternoon,No Alternate Route,15
2026-08-04 12:35:00,17.42506272260954,78.47463961364635,207,56,Moderate,1,4,2,0,12,4,8,2026,5,1,0,2,35,Afternoon,No Alternate Route,5
2026-08-04 12:40:00,17.41240299543714,78.44841000639796,319,22,High,3,1,1,0,12,4,8,2026,5,1,0,2,40,Afternoon,No Alternate Route,15
2026-08-04 12:45:00,17.49390916778959,78.39325893747682,242,55,Moderate,3,3,1,0,12,4,8,2026,5,1,0,2,45,Afternoon,No Alternate Route,5
2026-08-04 12:50:00,17.3862746595349,78.48547055045726,267,58,Moderate,3,0,1,0,12,4,8,2026,5,1,0,2,50,Afternoon,No Alternate Route,5
2026-08-04 12:55:00,17.44851397325529,78.38458585978572,271,52,Moderate,1,2,1,0,12,4,8,2026,5,1,0,2,55,Afternoon,No Alternate Route,5
2026-08-04 13:00:00,17.38681624836146,78.4859354847286,189,44,Moderate,3,0,1,0,13,4,8,2026,5,1,0,2,0,Afternoon,No Alternate Route,5
2026-08-04 13:05:00,17.41437605774377,78.44640687063763,183,47,Moderate,2,1,1,0,13,4,8,2026,5,1,0,2,5,Afternoon,No Alternate Route,5
2026-08-04 13:10:00,17.4226325609694,78.47479577783,208,42,Moderate,1,4,2,0,13,4,8,2026,5,1,0,2,10,Afternoon,No Alternate Route,5
2026-08-04 13:15:00,17.38450569571359,78.48702347064027,198,40,Moderate,0,0,2,0,13,4,8,2026,5,1,0,2,15,Afternoon,No Alternate Route,5
2026-08-04 13:20:00,17.42589955422879,78.47233286115049,232,57,Moderate,0,4,0,0,13,4,8,2026,5,1,0,2,20,Afternoon,No Alternate Route,5
2026-08-04 13:25:00,17.42535852395984,78.47456377120635,321,29,High,0,4,0,0,13,4,8,2026,5,1,0,2,25,Afternoon,No Alternate Route,15
2026-08-04 13:30:00,17.42354749579635,78.47291082288147,229,52,Moderate,2,4,2,0,13,4,8,2026,5,1,0,2,30,Afternoon,No Alternate Route,5
2026-08-04 13:35:00,17.42516345175327,78.47316213775547,221,60,Moderate,2,4,1,0,13,4,8,2026,5,1,0,2,35,Afternoon,No Alternate Route,5
2026-08-04 13:40:00,17.38388298362681,78.48689281583992,236,51,Moderate,3,0,2,0,13,4,8,2026,5,1,0,2,40,Afternoon,No Alternate Route,5
2026-08-04 13:45:00,17.42400860892297,78.47304566786019,331,29,High,0,4,0,0,13,4,8,2026,5,1,0,2,45,Afternoon,No Alternate Route,15
2026-08-04 13:50:00,17.41164744594933,78.44634310465447,213,51,Moderate,0,1,1,0,13,4,8,2026,5,1,0,2,50,Afternoon,No Alternate Route,5
2026-08-04 13:55:00,17.38362966288107,78.48725522078796,230,50,Moderate,1,0,2,0,13,4,8,2026,5,1,0,2,55,Afternoon,No Alternate Route,5
2026-08-04 14:00:00,17.49514062778345,78.39253687124295,204,44,Moderate,0,3,0,0,14,4,8,2026,5,1,0,2,0,Afternoon,No Alternate Route,5
2026-08-04 14:05:00,17.38508731871579,78.48672826223363,342,39,High,1,0,1,0,14,4,8,2026,5,1,0,2,5,Afternoon,No Alternate Route,15
2026-08-04 14:10:00,17.42505178393861,78.47286773036396,343,36,High,0,4,0,0,14,4,8,2026,5,1,0,2,10,Afternoon,No Alternate Route,15
2026-08-04 14:15:00,17.38413997251867,78.48814693927822,221,43,Moderate,2,0,1,0,14,4,8,2026,5,1,0,2,15,Afternoon,No Alternate Route,5
2026-08-04 14:20:00,17.45213045239338,78.38367404010306,245,58,Moderate,0,2,0,0,14,4,8,2026,5,1,0,2,20,Afternoon,No Alternate Route,5
2026-08-04 14:25:00,17.38540462523435,78.48863567208028,326,38,High,3,0,1,0,14,4,8,2026,5,1,0,2,25,Afternoon,No Alternate Route,15
2026-08-04 14:30:00,17.4966589435995,78.39276272236543,303,37,High,1,3,2,0,14,4,8,2026,5,1,0,2,30,Afternoon,No Alternate Route,15
2026-08-04 14:35:00,17.38402912328957,78.48652956682422,214,57,Moderate,1,0,1,0,14,4,8,2026,5,1,0,2,35,Afternoon,No Alternate Route,5
2026-08-04 14:40:00,17.38518270197336,78.4877694639175,251,50,Moderate,1,0,1,0,14,4,8,2026,5,1,0,2,40,Afternoon,No Alternate Route,5
2026-08-04 14:45:00,17.4955937763015,78.39077260189268,320,22,High,0,3,1,0,14,4,8,2026,5,1,0,2,45,Afternoon,No Alternate Route,15
2026-08-04 14:50:00,17.42509695005126,78.4731478769035,311,21,High,1,4,2,0,14,4,8,2026,5,1,0,2,50,Afternoon,No Alternate Route,15
2026-08-04 14:55:00,17.49323288067057,78.39155212544841,321,26,High,3,3,2,1,14,4,8,2026,5,1,0,2,55,Afternoon,No Alternate Route,15
2026-08-04 15:00:00,17.38666396741023,78.48511446512876,264,48,Moderate,3,0,2,0,15,4,8,2026,5,1,0,2,0,Afternoon,No Alternate Route,5
2026-08-04 15:05:00,17.4935241581896,78.39289499385329,299,59,Moderate,3,3,1,0,15,4,8,2026,5,1,0,2,5,Afternoon,No Alternate Route,5
2026-08-04 15:10:00,17.38305527635355,78.48498486605625,191,60,Moderate,1,0,2,1,15,4,8,2026,5,1,0,2,10,Afternoon,No Alternate Route,5
2026-08-04 15:15:00,17.45024782135968,78.38364300914976,216,46,Moderate,3,2,2,0,15,4,8,2026,5,1,0,2,15,Afternoon,No Alternate Route,5
2026-08-04 15:20:00,17.49374963127887,78.39027538755457,343,25,High,0,3,2,0,15,4,8,2026,5,1,0,2,20,Afternoon,No Alternate Route,15
2026-08-04 15:25:00,17.49490551111578,78.39181161167797,189,53,Moderate,2,3,2,0,15,4,8,2026,5,1,0,2,25,Afternoon,No Alternate Route,5
2026-08-04 15:30:00,17.38659350972025,78.48601332238597,216,57,Moderate,0,0,1,0,15,4,8,2026,5,1,0,2,30,Afternoon,No Alternate Route,5
2026-08-04 15:35:00,17.49345138698735,78.39218796851021,246,41,Moderate,0,3,2,0,15,4,8,2026,5,1,0,2,35,Afternoon,No Alternate Route,5
2026-08-04 15:40:00,17.386088825796,78.48472216777598,255,55,Moderate,3,0,0,0,15,4,8,2026,5,1,0,2,40,Afternoon,No Alternate Route,5
2026-08-04 15:45:00,17.4495684338616,78.38293577642607,311,29,High,1,2,1,0,15,4,8,2026,5,1,0,2,45,Afternoon,No Alternate Route,15
2026-08-04 15:50:00,17.41301127216608,78.44711092600245,216,52,Moderate,2,1,0,0,15,4,8,2026,5,1,0,2,50,Afternoon,No Alternate Route,5
2026-08-04 15:55:00,17.45195030009781,78.38323405801054,274,52,Moderate,1,2,1,1,15,4,8,2026,5,1,0,2,55,Afternoon,No Alternate Route,5
2026-08-04 16:00:00,17.42230015996405,78.47395227195159,302,36,High,0,4,1,0,16,4,8,2026,5,1,0,2,0,Afternoon,No Alternate Route,15
2026-08-04 16:05:00,17.45135142636063,78.38421612213456,403,28,High,2,2,1,0,16,4,8,2026,5,1,0,2,5,Afternoon,No Alternate Route,15
2026-08-04 16:10:00,17.44885680534715,78.3836432815212,425,40,High,1,2,1,0,16,4,8,2026,5,1,0,2,10,Afternoon,No Alternate Route,15
2026-08-04 16:15:00,17.38519705019351,78.4847606406863,476,22,High,1,0,1,0,16,4,8,2026,5,1,0,2,15,Afternoon,No Alternate Route,15
2026-08-04 16:20:00,17.49409376226334,78.39152237230289,489,37,High,2,3,0,0,16,4,8,2026,5,1,0,2,20,Afternoon,No Alternate Route,15
2026-08-04 16:25:00,17.41187587563118,78.44928711243072,372,26,High,1,1,0,0,16,4,8,2026,5,1,0,2,25,Afternoon,No Alternate Route,15
2026-08-04 16:30:00,17.49377997933725,78.39247224819955,344,24,High,3,3,1,0,16,4,8,2026,5,1,0,2,30,Afternoon,No Alternate Route,15
2026-08-04 16:35:00,17.49362300045402,78.3935734866002,442,34,High,3,3,0,0,16,4,8,2026,5,1,0,2,35,Afternoon,No Alternate Route,15
2026-08-04 16:40:00,17.45196554283293,78.38348062922496,495,33,High,3,2,2,1,16,4,8,2026,5,1,0,2,40,Afternoon,No Alternate Route,15
2026-08-04 16:45:00,17.49375618884077,78.39152835913461,436,36,High,3,3,0,1,16,4,8,2026,5,1,0,2,45,Afternoon,No Alternate Route,15
2026-08-04 16:50:00,17.38401821164956,78.487080916277,349,26,High,0,0,2,0,16,4,8,2026,5,1,0,2,50,Afternoon,No Alternate Route,15
2026-08-04 16:55:00,17.41178626808828,78.4469880880894,362,39,High,3,1,0,0,16,4,8,2026,5,1,0,2,55,Afternoon,No Alternate Route,15
2026-08-04 17:00:00,17.49304414807814,78.3922800003808,487,21,High,3,3,0,0,17,4,8,2026,5,1,0,0,0,Evening,No Alternate Route,15
2026-08-04 17:05:00,17.38448575906734,78.48845625879972,412,24,High,1,0,2,0,17,4,8,2026,5,1,0,0,5,Evening,No Alternate Route,15
2026-08-04 17:10:00,17.41085739293519,78.44917299185771,433,30,High,3,1,2,0,17,4,8,2026,5,1,0,0,10,Evening,No Alternate Route,15
2026-08-04 17:15:00,17.41380477688751,78.44692968946111,472,21,High,0,1,0,0,17,4,8,2026,5,1,0,0,15,Evening,No Alternate Route,15
2026-08-04 17:20:00,17.45068269191497,78.3811239541135,472,34,High,3,2,2,0,17,4,8,2026,5,1,0,0,20,Evening,No Alternate Route,15
2026-08-04 17:25:00,17.49661915085496,78.39351344962624,484,32,High,0,3,0,0,17,4,8,2026,5,1,0,0,25,Evening,No Alternate Route,15
2026-08-04 17:30:00,17.49443599249024,78.3899895978591,344,31,High,3,3,0,0,17,4,8,2026,5,1,0,0,30,Evening,No Alternate Route,15
2026-08-04 17:35:00,17.42405459573891,78.47517206279288,315,27,High,3,4,1,0,17,4,8,2026,5,1,0,0,35,Evening,No Alternate Route,15
2026-08-04 17:40:00,17.38412446815247,78.48544829866584,372,24,High,0,0,2,0,17,4,8,2026,5,1,0,0,40,Evening,No Alternate Route,15
2026-08-04 17:45:00,17.38532306435933,78.48567192784562,440,28,High,1,0,1,0,17,4,8,2026,5,1,0,0,45,Evening,No Alternate Route,15
2026-08-04 17:50:00,17.41154789225476,78.44986121793464,344,23,High,0,1,1,0,17,4,8,2026,5,1,0,0,50,Evening,No Alternate Route,15
2026-08-04 17:55:00,17.42468844072476,78.47285263919312,357,29,High,2,4,0,0,17,4,8,2026,5,1,0,0,55,Evening,No Alternate Route,15
2026-08-04 18:00:00,17.4130064749309,78.44734692197922,559,38,High,1,1,1,0,18,4,8,2026,5,1,0,0,0,Evening,No Alternate Route,15
2026-08-04 18:05:00,17.42217022978643,78.47388021064693,502,24,High,3,4,0,0,18,4,8,2026,5,1,0,0,5,Evening,No Alternate Route,15
2026-08-04 18:10:00,17.45102936596565,78.38143215104859,540,30,High,0,2,1,1,18,4,8,2026,5,1,0,0,10,Evening,No Alternate Route,15
2026-08-04 18:15:00,17.38624022455479,78.48699817339701,573,36,High,3,0,0,0,18,4,8,2026,5,1,0,0,15,Evening,No Alternate Route,15
2026-08-04 18:20:00,17.41112215896327,78.44811558498247,543,25,High,3,1,1,0,18,4,8,2026,5,1,0,0,20,Evening,No Alternate Route,15
2026-08-04 18:25:00,17.49438026316794,78.39174875471744,687,15,Severe,0,3,1,0,18,4,8,2026,5,1,0,0,25,Evening,No Alternate Route,30
2026-08-04 18:30:00,17.45230893268418,78.38340599725285,706,15,Severe,0,2,2,0,18,4,8,2026,5,1,0,0,30,Evening,No Alternate Route,30
2026-08-04 18:35:00,17.49669438799902,78.3922246687694,669,13,Severe,1,3,2,0,18,4,8,2026,5,1,0,0,35,Evening,No Alternate Route,30
2026-08-04 18:40:00,17.41106326549265,78.44756727012174,507,20,High,1,1,2,0,18,4,8,2026,5,1,0,0,40,Evening,No Alternate Route,15
2026-08-04 18:45:00,17.42339821150952,78.4720606021011,561,27,High,0,4,2,0,18,4,8,2026,5,1,0,0,45,Evening,No Alternate Route,15
2026-08-04 18:50:00,17.42441321816198,78.47494170367125,622,13,Severe,0,4,0,0,18,4,8,2026,5,1,0,0,50,Evening,No Alternate Route,30
2026-08-04 18:55:00,17.38306709251836,78.48729865503357,783,16,Severe,3,0,2,0,18,4,8,2026,5,1,0,0,55,Evening,No Alternate Route,30
2026-08-04 19:00:00,17.49663476469046,78.39239382264704,746,14,Severe,3,3,1,0,19,4,8,2026,5,1,0,0,0,Evening,No Alternate Route,30
2026-08-04 19:05:00,17.49516047845523,78.39098196187318,572,31,High,0,3,0,0,19,4,8,2026,5,1,0,0,5,Evening,No Alternate Route,15
2026-08-04 19:10:00,17.42395809921485,78.47555824433753,646,18,Severe,0,4,0,0,19,4,8,2026,5,1,0,0,10,Evening,No Alternate Route,30
2026-08-04 19:15:00,17.42570208318903,78.47394761275773,622,14,Severe,3,4,0,0,19,4,8,2026,5,1,0,0,15,Evening,No Alternate Route,30
2026-08-04 19:20:00,17.38468134098583,78.4856969037362,746,16,Severe,2,0,2,0,19,4,8,2026,5,1,0,0,20,Evening,No Alternate Route,30
2026-08-04 19:25:00,17.4131774686498,78.4498648510484,783,16,Severe,2,1,0,0,19,4,8,2026,5,1,0,0,25,Evening,No Alternate Route,30
2026-08-04 19:30:00,17.42381137557877,78.47344999583613,590,23,High,0,4,0,0,19,4,8,2026,5,1,0,0,30,Evening,No Alternate Route,15
2026-08-04 19:35:00,17.411143899179,78.44995629045546,583,25,High,2,1,0,0,19,4,8,2026,5,1,0,0,35,Evening,No Alternate Route,15
2026-08-04 19:40:00,17.41430383823714,78.44994062500618,677,13,Severe,2,1,1,0,19,4,8,2026,5,1,0,0,40,Evening,No Alternate Route,30
2026-08-04 19:45:00,17.38464465322396,78.48768147560769,727,18,Severe,3,0,0,0,19,4,8,2026,5,1,0,0,45,Evening,No Alternate Route,30
2026-08-04 19:50:00,17.38486763474843,78.48536156698846,790,14,Severe,1,0,2,1,19,4,8,2026,5,1,0,0,50,Evening,No Alternate Route,30
2026-08-04 19:55:00,17.45057659796188,78.38428798586648,615,13,Severe,2,2,1,0,19,4,8,2026,5,1,0,0,55,Evening,No Alternate Route,30
2026-08-04 20:00:00,17.49608791309652,78.39113749768897,613,19,Severe,1,3,2,0,20,4,8,2026,5,1,0,0,0,Evening,No Alternate Route,30
2026-08-04 20:05:00,17.41281142961896,78.44754598212573,800,10,Severe,3,1,0,1,20,4,8,2026,5,1,0,0,5,Evening,No Alternate Route,30
2026-08-04 20:10:00,17.49498589161118,78.39209792421596,799,17,Severe,1,3,0,0,20,4,8,2026,5,1,0,0,10,Evening,No Alternate Route,30
2026-08-04 20:15:00,17.44962910689716,78.3829815311233,594,33,High,1,2,1,0,20,4,8,2026,5,1,0,0,15,Evening,No Alternate Route,15
2026-08-04 20:20:00,17.38469459947776,78.4855401797618,541,25,High,2,0,1,0,20,4,8,2026,5,1,0,0,20,Evening,No Alternate Route,15
2026-08-04 20:25:00,17.38315744485925,78.48860476318717,608,20,Severe,2,0,1,0,20,4,8,2026,5,1,0,0,25,Evening,No Alternate Route,30
2026-08-04 20:30:00,17.41301673140735,78.44971863523791,584,24,High,0,1,0,0,20,4,8,2026,5,1,0,0,30,Evening,No Alternate Route,15
2026-08-04 20:35:00,17.42480526218128,78.47435442005676,549,36,High,1,4,1,0,20,4,8,2026,5,1,0,0,35,Evening,No Alternate Route,15
2026-08-04 20:40:00,17.38488527153438,78.48848675389766,758,18,Severe,1,0,2,0,20,4,8,2026,5,1,0,0,40,Evening,No Alternate Route,30
2026-08-04 20:45:00,17.38300133905069,78.48645791889517,569,30,High,2,0,1,0,20,4,8,2026,5,1,0,0,45,Evening,No Alternate Route,15
2026-08-04 20:50:00,17.38307329083711,78.48817850621265,647,18,Severe,2,0,0,0,20,4,8,2026,5,1,0,0,50,Evening,No Alternate Route,30
2026-08-04 20:55:00,17.41269660978373,78.44849069121565,793,14,Severe,1,1,0,0,20,4,8,2026,5,1,0,0,55,Evening,No Alternate Route,30
2026-08-04 21:00:00,17.49440403125103,78.3910538885884,87,73,Low,2,3,1,0,21,4,8,2026,5,1,0,0,0,Night,No Alternate Route,0
2026-08-04 21:05:00,17.45057697477134,78.38202273710839,101,60,Moderate,1,2,0,0,21,4,8,2026,5,1,0,0,5,Night,No Alternate Route,5
2026-08-04 21:10:00,17.49593705216775,78.39352284104942,121,52,Moderate,2,3,2,0,21,4,8,2026,5,1,0,0,10,Night,No Alternate Route,5
2026-08-04 21:15:00,17.41064493917791,78.44752979589076,82,78,Low,2,1,0,0,21,4,8,2026,5,1,0,0,15,Night,No Alternate Route,0
2026-08-04 21:20:00,17.42405104670802,78.47381045731974,101,42,Moderate,1,4,1,0,21,4,8,2026,5,1,0,0,20,Night,No Alternate Route,5
2026-08-04 21:25:00,17.41434489802058,78.44809575980854,123,45,Moderate,0,1,0,0,21,4,8,2026,5,1,0,0,25,Night,No Alternate Route,5
2026-08-04 21:30:00,17.4506346571573,78.38087468152008,153,58,Moderate,2,2,2,0,21,4,8,2026,5,1,0,0,30,Night,No Alternate Route,5
2026-08-04 21:35:00,17.49465880807535,78.39015955732685,104,55,Moderate,0,3,0,0,21,4,8,2026,5,1,0,0,35,Night,No Alternate Route,5
2026-08-04 21:40:00,17.44994989464642,78.38442753391645,91,71,Low,3,2,0,0,21,4,8,2026,5,1,0,0,40,Night,No Alternate Route,0
2026-08-04 21:45:00,17.41071592407924,78.44964342418511,167,50,Moderate,2,1,0,0,21,4,8,2026,5,1,0,0,45,Night,No Alternate Route,5
2026-08-04 21:50:00,17.42539819009325,78.47208193605155,168,56,Moderate,3,4,1,0,21,4,8,2026,5,1,0,0,50,Night,No Alternate Route,5
2026-08-04 21:55:00,17.41421503117229,78.44946650605026,175,58,Moderate,2,1,1,0,21,4,8,2026,5,1,0,0,55,Night,No Alternate Route,5
2026-08-04 22:00:00,17.49612658048186,78.38990551226867,126,58,Moderate,3,3,0,0,22,4,8,2026,5,1,0,2,0,Night,No Alternate Route,5
2026-08-04 22:05:00,17.49401208480615,78.39225198578761,126,58,Moderate,2,3,0,0,22,4,8,2026,5,1,0,2,5,Night,No Alternate Route,5
2026-08-04 22:10:00,17.45026395993134,78.38275999426456,129,43,Moderate,0,2,1,0,22,4,8,2026,5,1,0,2,10,Night,No Alternate Route,5
2026-08-04 22:15:00,17.42502158846427,78.4737480063402,116,48,Moderate,0,4,2,0,22,4,8,2026,5,1,0,2,15,Night,No Alternate Route,5
2026-08-04 22:20:00,17.4229764038766,78.47564454417133,162,50,Moderate,1,4,0,0,22,4,8,2026,5,1,0,2,20,Night,No Alternate Route,5
2026-08-04 22:25:00,17.44953919458545,78.3815088338573,171,47,Moderate,3,2,0,0,22,4,8,2026,5,1,0,2,25,Night,No Alternate Route,5
2026-08-04 22:30:00,17.4129903575268,78.44627895799586,174,45,Moderate,0,1,0,0,22,4,8,2026,5,1,0,2,30,Night,No Alternate Route,5
2026-08-04 22:35:00,17.42589041166499,78.4726646496511,106,48,Moderate,3,4,0,0,22,4,8,2026,5,1,0,2,35,Night,No Alternate Route,5
2026-08-04 22:40:00,17.45010666104914,78.38151073310397,160,56,Moderate,2,2,2,0,22,4,8,2026,5,1,0,2,40,Night,No Alternate Route,5
2026-08-04 22:45:00,17.41345084814299,78.44757448464419,176,53,Moderate,2,1,0,0,22,4,8,2026,5,1,0,2,45,Night,No Alternate Route,5
2026-08-04 22:50:00,17.44872533825531,78.38064150063637,96,78,Low,3,2,0,0,22,4,8,2026,5,1,0,2,50,Night,No Alternate Route,0
2026-08-04 22:55:00,17.49521640530173,78.39335971946042,82,73,Low,2,3,0,0,22,4,8,2026,5,1,0,2,55,Night,No Alternate Route,0
2026-08-04 23:00:00,17.41311509029483,78.44969409252586,121,46,Moderate,1,1,2,0,23,4,8,2026,5,1,0,2,0,Night,No Alternate Route,5
2026-08-04 23:05:00,17.38699920928249,78.48759161257861,96,66,Low,0,0,2,0,23,4,8,2026,5,1,0,2,5,Night,No Alternate Route,0
2026-08-04 23:10:00,17.38630405271527,78.48569704190201,124,49,Moderate,1,0,1,0,23,4,8,2026,5,1,0,2,10,Night,No Alternate Route,5
2026-08-04 23:15:00,17.41265306036949,78.44965598393016,179,57,Moderate,1,1,1,0,23,4,8,2026,5,1,0,2,15,Night,No Alternate Route,5
2026-08-04 23:20:00,17.42563376302611,78.47526313942042,112,43,Moderate,0,4,2,0,23,4,8,2026,5,1,0,2,20,Night,No Alternate Route,5
2026-08-04 23:25:00,17.49299058893311,78.39203588074858,89,65,Low,3,3,1,0,23,4,8,2026,5,1,0,2,25,Night,No Alternate Route,0
2026-08-04 23:30:00,17.45168930806614,78.382700176082,172,56,Moderate,3,2,1,0,23,4,8,2026,5,1,0,2,30,Night,No Alternate Route,5
2026-08-04 23:35:00,17.42218119195159,78.4756585023625,151,58,Moderate,3,4,2,1,23,4,8,2026,5,1,0,2,35,Night,No Alternate Route,5
2026-08-04 23:40:00,17.49488004821574,78.39071975815622,164,53,Moderate,3,3,0,0,23,4,8,2026,5,1,0,2,40,Night,No Alternate Route,5
2026-08-04 23:45:00,17.4110401606531,78.44944516179359,106,52,Moderate,3,1,0,0,23,4,8,2026,5,1,0,2,45,Night,No Alternate Route,5
2026-08-04 23:50:00,17.42407887680957,78.47217942884255,164,58,Moderate,2,4,2,0,23,4,8,2026,5,1,0,2,50,Night,No Alternate Route,5
2026-08-04 23:55:00,17.4490021707155,78.38428775360904,140,40,Moderate,1,2,0,0,23,4,8,2026,5,1,0,2,55,Night,No Alternate Route,5
2026-08-05 00:00:00,17.42295490160756,78.47203441300111,38,62,Low,1,4,2,0,0,5,8,2026,6,2,0,2,0,Night,No Alternate Route,0
2026-08-05 00:05:00,17.41156255317189,78.44996936234615,38,69,Low,1,1,2,0,0,5,8,2026,6,2,0,2,5,Night,No Alternate Route,0
2026-08-05 00:10:00,17.45100857444996,78.38088865659647,55,69,Low,2,2,2,0,0,5,8,2026,6,2,0,2,10,Night,No Alternate Route,0
2026-08-05 00:15:00,17.49354118648924,78.39184152302163,35,71,Low,0,3,1,0,0,5,8,2026,6,2,0,2,15,Night,No Alternate Route,0
2026-08-05 00:20:00,17.49609972975502,78.39245524405759,42,61,Low,3,3,0,0,0,5,8,2026,6,2,0,2,20,Night,No Alternate Route,0
2026-08-05 00:25:00,17.45223334067609,78.38421233711034,27,75,Low,2,2,2,0,0,5,8,2026,6,2,0,2,25,Night,No Alternate Route,0
2026-08-05 00:30:00,17.38403252568195,78.48509286557916,43,77,Low,3,0,2,0,0,5,8,2026,6,2,0,2,30,Night,No Alternate Route,0
2026-08-05 00:35:00,17.49283724063782,78.39022322099204,41,61,Low,3,3,1,0,0,5,8,2026,6,2,0,2,35,Night,No Alternate Route,0
2026-08-05 00:40:00,17.42405789503734,78.4723108675027,26,63,Low,1,4,0,0,0,5,8,2026,6,2,0,2,40,Night,No Alternate Route,0
2026-08-05 00:45:00,17.38480712776432,78.48583217523658,32,62,Low,0,0,0,0,0,5,8,2026,6,2,0,2,45,Night,No Alternate Route,0
2026-08-05 00:50:00,17.49477692573564,78.3928382074995,32,77,Low,2,3,1,0,0,5,8,2026,6,2,0,2,50,Night,No Alternate Route,0
2026-08-05 00:55:00,17.41067032011314,78.44627325903495,73,77,Low,2,1,1,0,0,5,8,2026,6,2,0,2,55,Night,No Alternate Route,0
2026-08-05 01:00:00,17.42466902291916,78.47375876515784,40,72,Low,3,4,1,0,1,5,8,2026,6,2,0,2,0,Night,No Alternate Route,0
2026-08-05 01:05:00,17.41296670467582,78.44646855146786,22,73,Low,1,1,1,0,1,5,8,2026,6,2,0,2,5,Night,No Alternate Route,0
2026-08-05 01:10:00,17.44869099075585,78.38108479368984,35,73,Low,1,2,2,1,1,5,8,2026,6,2,0,2,10,Night,No Alternate Route,0
2026-08-05 01:15:00,17.41265136891526,78.44778889612674,50,75,Low,0,1,1,0,1,5,8,2026,6,2,0,2,15,Night,No Alternate Route,0
2026-08-05 01:20:00,17.38387515485288,78.48736293821871,42,69,Low,1,0,2,0,1,5,8,2026,6,2,0,2,20,Night,No Alternate Route,0
2026-08-05 01:25:00,17.38696939261235,78.48573158071,38,62,Low,1,0,2,0,1,5,8,2026,6,2,0,2,25,Night,No Alternate Route,0
2026-08-05 01:30:00,17.41142147857271,78.44729491044606,42,76,Low,3,1,1,0,1,5,8,2026,6,2,0,2,30,Night,No Alternate Route,0
2026-08-05 01:35:00,17.41103341353119,78.44816393300118,65,73,Low,1,1,1,0,1,5,8,2026,6,2,0,2,35,Night,No Alternate Route,0
2026-08-05 01:40:00,17.38343264038983,78.48641397546227,70,73,Low,0,0,1,0,1,5,8,2026,6,2,0,2,40,Night,No Alternate Route,0
2026-08-05 01:45:00,17.41315173196472,78.44946370138287,72,66,Low,0,1,2,0,1,5,8,2026,6,2,0,2,45,Night,No Alternate Route,0
2026-08-05 01:50:00,17.44908315496456,78.3845984042957,69,78,Low,1,2,1,0,1,5,8,2026,6,2,0,2,50,Night,No Alternate Route,0
2026-08-05 01:55:00,17.4125116133129,78.44697352916516,51,62,Low,1,1,1,0,1,5,8,2026,6,2,0,2,55,Night,No Alternate Route,0
2026-08-05 02:00:00,17.38584592224311,78.48774661454789,35,78,Low,1,0,2,0,2,5,8,2026,6,2,0,2,0,Night,No Alternate Route,0
2026-08-05 02:05:00,17.38613619490026,78.48851889179441,58,68,Low,1,0,0,0,2,5,8,2026,6,2,0,2,5,Night,No Alternate Route,0
2026-08-05 02:10:00,17.42356118021803,78.47274590053978,70,64,Low,2,4,0,0,2,5,8,2026,6,2,0,2,10,Night,No Alternate Route,0
2026-08-05 02:15:00,17.49501809596214,78.39205060410153,29,70,Low,1,3,1,0,2,5,8,2026,6,2,0,2,15,Night,No Alternate Route,0
2026-08-05 02:20:00,17.41200880809487,78.44757228006878,21,64,Low,1,1,2,0,2,5,8,2026,6,2,0,2,20,Night,No Alternate Route,0
2026-08-05 02:25:00,17.38647497721717,78.48591789768635,32,68,Low,3,0,1,0,2,5,8,2026,6,2,0,2,25,Night,No Alternate Route,0
2026-08-05 02:30:00,17.41438006384579,78.4463540499072,52,78,Low,2,1,2,0,2,5,8,2026,6,2,0,2,30,Night,No Alternate Route,0
2026-08-05 02:35:00,17.44901999297156,78.38093045199565,30,76,Low,0,2,2,0,2,5,8,2026,6,2,0,2,35,Night,No Alternate Route,0
2026-08-05 02:40:00,17.49388629055217,78.3925617918577,22,76,Low,2,3,2,0,2,5,8,2026,6,2,0,2,40,Night,No Alternate Route,0
2026-08-05 02:45:00,17.38684396126459,78.48695706399558,71,62,Low,3,0,0,0,2,5,8,2026,6,2,0,2,45,Night,No Alternate Route,0
2026-08-05 02:50:00,17.49649734615015,78.38982394805683,51,62,Low,0,3,2,0,2,5,8,2026,6,2,0,2,50,Night,No Alternate Route,0
2026-08-05 02:55:00,17.45087236862916,78.3808530822909,79,60,Low,0,2,1,0,2,5,8,2026,6,2,0,2,55,Night,No Alternate Route,0
2026-08-05 03:00:00,17.49619100135424,78.39088734935038,21,74,Low,2,3,1,0,3,5,8,2026,6,2,0,2,0,Night,No Alternate Route,0
2026-08-05 03:05:00,17.42424878364043,78.47213358173768,55,76,Low,2,4,0,0,3,5,8,2026,6,2,0,2,5,Night,No Alternate Route,0
2026-08-05 03:10:00,17.42578736267962,78.47383825149167,46,71,Low,3,4,0,0,3,5,8,2026,6,2,0,2,10,Night,No Alternate Route,0
2026-08-05 03:15:00,17.4519174926052,78.38389460793564,25,71,Low,2,2,1,0,3,5,8,2026,6,2,0,2,15,Night,No Alternate Route,0
2026-08-05 03:20:00,17.38350463783278,78.48812920822354,33,73,Low,0,0,0,0,3,5,8,2026,6,2,0,2,20,Night,No Alternate Route,0
2026-08-05 03:25:00,17.49299677312672,78.39267661828163,59,77,Low,3,3,1,0,3,5,8,2026,6,2,0,2,25,Night,No Alternate Route,0
2026-08-05 03:30:00,17.41255727239832,78.4469424114063,47,77,Low,2,1,1,0,3,5,8,2026,6,2,0,2,30,Night,No Alternate Route,0
2026-08-05 03:35:00,17.42588436300858,78.47309433414607,24,79,Low,3,4,1,0,3,5,8,2026,6,2,0,2,35,Night,No Alternate Route,0
2026-08-05 03:40:00,17.38687541324479,78.48538634686497,59,61,Low,1,0,0,0,3,5,8,2026,6,2,0,2,40,Night,No Alternate Route,0
2026-08-05 03:45:00,17.42236681478536,78.47185460742044,35,79,Low,2,4,1,0,3,5,8,2026,6,2,0,2,45,Night,No Alternate Route,0
2026-08-05 03:50:00,17.41103826030958,78.45014205476436,76,69,Low,1,1,2,0,3,5,8,2026,6,2,0,2,50,Night,No Alternate Route,0
2026-08-05 03:55:00,17.42496998266721,78.47300114884875,50,71,Low,1,4,1,0,3,5,8,2026,6,2,0,2,55,Night,No Alternate Route,0
2026-08-05 04:00:00,17.41427403303144,78.4470864953442,42,71,Low,1,1,1,0,4,5,8,2026,6,2,0,2,0,Night,No Alternate Route,0
2026-08-05 04:05:00,17.49655764877248,78.39033237462422,28,73,Low,2,3,1,0,4,5,8,2026,6,2,0,2,5,Night,No Alternate Route,0
2026-08-05 04:10:00,17.38691589295703,78.48593962875968,69,70,Low,2,0,1,0,4,5,8,2026,6,2,0,2,10,Night,No Alternate Route,0
2026-08-05 04:15:00,17.45220697128462,78.38130768484054,46,70,Low,3,2,1,0,4,5,8,2026,6,2,0,2,15,Night,No Alternate Route,0
2026-08-05 04:20:00,17.41312763001268,78.44691503786716,63,75,Low,3,1,0,0,4,5,8,2026,6,2,0,2,20,Night,No Alternate Route,0
2026-08-05 04:25:00,17.49397460138912,78.38996102868032,65,64,Low,3,3,1,0,4,5,8,2026,6,2,0,2,25,Night,No Alternate Route,0
2026-08-05 04:30:00,17.45230836284644,78.38215258814806,60,63,Low,2,2,2,0,4,5,8,2026,6,2,0,2,30,Night,No Alternate Route,0
2026-08-05 04:35:00,17.49607304224368,78.39316396875653,34,72,Low,1,3,1,0,4,5,8,2026,6,2,0,2,35,Night,No Alternate Route,0
2026-08-05 04:40:00,17.45092982037771,78.38356032718343,52,77,Low,0,2,2,0,4,5,8,2026,6,2,0,2,40,Night,No Alternate Route,0
2026-08-05 04:45:00,17.41430097164277,78.44933721231271,62,72,Low,1,1,0,0,4,5,8,2026,6,2,0,2,45,Night,No Alternate Route,0
2026-08-05 04:50:00,17.42437001394766,78.47195871703445,53,73,Low,1,4,2,0,4,5,8,2026,6,2,0,2,50,Night,No Alternate Route,0
2026-08-05 04:55:00,17.41245176155323,78.44973894992727,39,63,Low,3,1,2,0,4,5,8,2026,6,2,0,2,55,Night,No Alternate Route,0
2026-08-05 05:00:00,17.45171820314386,78.38159007253154,116,57,Moderate,3,2,1,0,5,5,8,2026,6,2,0,2,0,Morning,No Alternate Route,5
2026-08-05 05:05:00,17.41448471639212,78.44749420916813,133,44,Moderate,0,1,0,0,5,5,8,2026,6,2,0,2,5,Morning,No Alternate Route,5
2026-08-05 05:10:00,17.49386959274264,78.39018541838416,104,58,Moderate,0,3,0,0,5,5,8,2026,6,2,0,2,10,Morning,No Alternate Route,5
2026-08-05 05:15:00,17.38526868527438,78.48703365049634,136,42,Moderate,0,0,1,0,5,5,8,2026,6,2,0,2,15,Morning,No Alternate Route,5
2026-08-05 05:20:00,17.4486267057503,78.38087507550021,130,53,Moderate,3,2,2,0,5,5,8,2026,6,2,0,2,20,Morning,No Alternate Route,5
2026-08-05 05:25:00,17.38623360911836,78.48553214862409,147,41,Moderate,3,0,1,0,5,5,8,2026,6,2,0,2,25,Morning,No Alternate Route,5
2026-08-05 05:30:00,17.44869778648538,78.38269229043549,151,57,Moderate,1,2,1,0,5,5,8,2026,6,2,0,2,30,Morning,No Alternate Route,5
2026-08-05 05:35:00,17.44990723849017,78.38423703889339,89,70,Low,0,2,2,0,5,5,8,2026,6,2,0,2,35,Morning,No Alternate Route,0
2026-08-05 05:40:00,17.38403353625,78.4880970916013,96,73,Low,3,0,2,0,5,5,8,2026,6,2,0,2,40,Morning,No Alternate Route,0
2026-08-05 05:45:00,17.38591328037682,78.48610928340867,149,48,Moderate,3,0,2,0,5,5,8,2026,6,2,0,2,45,Morning,No Alternate Route,5
2026-08-05 05:50:00,17.49508782327498,78.39031738057881,138,57,Moderate,2,3,1,0,5,5,8,2026,6,2,0,2,50,Morning,No Alternate Route,5
2026-08-05 05:55:00,17.45076560413909,78.38342686085281,133,45,Moderate,0,2,1,0,5,5,8,2026,6,2,0,2,55,Morning,No Alternate Route,5
2026-08-05 06:00:00,17.42421864452614,78.47230670947536,100,64,Low,0,4,0,0,6,5,8,2026,6,2,0,2,0,Morning,No Alternate Route,0
2026-08-05 06:05:00,17.45200968071038,78.38376198826634,93,69,Low,0,2,0,1,6,5,8,2026,6,2,0,2,5,Morning,No Alternate Route,0
2026-08-05 06:10:00,17.42271367331134,78.47247421374307,141,50,Moderate,3,4,1,0,6,5,8,2026,6,2,0,2,10,Morning,No Alternate Route,5
2026-08-05 06:15:00,17.38649244593962,78.48596442659958,134,53,Moderate,2,0,0,0,6,5,8,2026,6,2,0,2,15,Morning,No Alternate Route,5
2026-08-05 06:20:00,17.42537061432401,78.47493980751723,111,45,Moderate,0,4,1,0,6,5,8,2026,6,2,0,2,20,Morning,No Alternate Route,5
2026-08-05 06:25:00,17.49437787450995,78.39173159078877,144,41,Moderate,0,3,0,0,6,5,8,2026,6,2,0,2,25,Morning,No Alternate Route,5
2026-08-05 06:30:00,17.41451881109538,78.44703099400627,124,44,Moderate,3,1,0,0,6,5,8,2026,6,2,0,2,30,Morning,No Alternate Route,5
2026-08-05 06:35:00,17.38494431120102,78.48621914949032,159,58,Moderate,3,0,1,0,6,5,8,2026,6,2,0,2,35,Morning,No Alternate Route,5
2026-08-05 06:40:00,17.38315139121715,78.48768159427073,172,40,Moderate,0,0,1,0,6,5,8,2026,6,2,0,2,40,Morning,No Alternate Route,5
2026-08-05 06:45:00,17.42311573273396,78.47545407938593,80,80,Low,3,4,0,0,6,5,8,2026,6,2,0,2,45,Morning,No Alternate Route,0
2026-08-05 06:50:00,17.45047764941611,78.3837306643268,139,41,Moderate,3,2,0,0,6,5,8,2026,6,2,0,2,50,Morning,No Alternate Route,5
2026-08-05 06:55:00,17.4503758533205,78.38445390543102,109,44,Moderate,1,2,0,0,6,5,8,2026,6,2,0,2,55,Morning,No Alternate Route,5
2026-08-05 07:00:00,17.38409520498196,78.48479421479158,537,24,High,3,0,0,0,7,5,8,2026,6,2,0,1,0,Morning,No Alternate Route,15
2026-08-05 07:05:00,17.38676224517938,78.48710095726568,539,37,High,1,0,2,0,7,5,8,2026,6,2,0,1,5,Morning,No Alternate Route,15
2026-08-05 07:10:00,17.38347365476019,78.48837679628211,551,20,High,1,0,1,0,7,5,8,2026,6,2,0,1,10,Morning,No Alternate Route,15
2026-08-05 07:15:00,17.41085976282098,78.44654549407107,664,10,Severe,1,1,1,0,7,5,8,2026,6,2,0,1,15,Morning,No Alternate Route,30
2026-08-05 07:20:00,17.41093156898897,78.44750581706347,472,31,High,3,1,2,0,7,5,8,2026,6,2,0,1,20,Morning,No Alternate Route,15
2026-08-05 07:25:00,17.44964521698326,78.38174489468109,535,22,High,1,2,2,0,7,5,8,2026,6,2,0,1,25,Morning,No Alternate Route,15
2026-08-05 07:30:00,17.42284156501813,78.47329169614854,458,24,High,0,4,0,0,7,5,8,2026,6,2,0,1,30,Morning,No Alternate Route,15
2026-08-05 07:35:00,17.38399862508478,78.48727114511743,602,18,Severe,2,0,1,0,7,5,8,2026,6,2,0,1,35,Morning,No Alternate Route,30
2026-08-05 07:40:00,17.38575186249644,78.48585644941718,456,27,High,3,0,2,0,7,5,8,2026,6,2,0,1,40,Morning,No Alternate Route,15
2026-08-05 07:45:00,17.44998996236767,78.3834715478232,509,33,High,1,2,1,0,7,5,8,2026,6,2,0,1,45,Morning,No Alternate Route,15
2026-08-05 07:50:00,17.49639560188232,78.39301979964725,583,23,High,1,3,1,0,7,5,8,2026,6,2,0,1,50,Morning,No Alternate Route,15
2026-08-05 07:55:00,17.38613614166832,78.485832788592,453,20,High,2,0,1,0,7,5,8,2026,6,2,0,1,55,Morning,No Alternate Route,15
2026-08-05 08:00:00,17.49671661151994,78.39145319216215,467,21,High,2,3,1,0,8,5,8,2026,6,2,0,1,0,Morning,No Alternate Route,15
2026-08-05 08:05:00,17.49647496148755,78.3923250717039,502,36,High,0,3,0,0,8,5,8,2026,6,2,0,1,5,Morning,No Alternate Route,15
2026-08-05 08:10:00,17.49549347383881,78.3933879339592,565,20,High,2,3,1,0,8,5,8,2026,6,2,0,1,10,Morning,No Alternate Route,15
2026-08-05 08:15:00,17.38692047143941,78.48718805476327,486,37,High,2,0,2,0,8,5,8,2026,6,2,0,1,15,Morning,No Alternate Route,15
2026-08-05 08:20:00,17.38637824233562,78.48612491820681,627,10,Severe,2,0,2,0,8,5,8,2026,6,2,0,1,20,Morning,No Alternate Route,30
2026-08-05 08:25:00,17.4227742860961,78.47474475805951,545,35,High,2,4,0,0,8,5,8,2026,6,2,0,1,25,Morning,No Alternate Route,15
2026-08-05 08:30:00,17.41422512401969,78.44821596753293,529,28,High,2,1,0,1,8,5,8,2026,6,2,0,1,30,Morning,No Alternate Route,15
2026-08-05 08:35:00,17.45106766612295,78.38339397641676,493,21,High,1,2,0,0,8,5,8,2026,6,2,0,1,35,Morning,No Alternate Route,15
2026-08-05 08:40:00,17.42585183235379,78.4756640394948,532,23,High,1,4,2,0,8,5,8,2026,6,2,0,1,40,Morning,No Alternate Route,15
2026-08-05 08:45:00,17.42500640758782,78.47231531698026,543,28,High,1,4,2,0,8,5,8,2026,6,2,0,1,45,Morning,No Alternate Route,15
2026-08-05 08:50:00,17.38673741913982,78.48500151203987,486,26,High,1,0,2,0,8,5,8,2026,6,2,0,1,50,Morning,No Alternate Route,15
2026-08-05 08:55:00,17.42471959154745,78.47256820872116,533,34,High,0,4,2,0,8,5,8,2026,6,2,0,1,55,Morning,No Alternate Route,15
2026-08-05 09:00:00,17.45068878573957,78.38244162586955,492,27,High,0,2,0,0,9,5,8,2026,6,2,0,1,0,Morning,No Alternate Route,15
2026-08-05 09:05:00,17.41197811879608,78.44817222415529,655,11,Severe,0,1,0,0,9,5,8,2026,6,2,0,1,5,Morning,No Alternate Route,30
2026-08-05 09:10:00,17.44873642608074,78.38385425163924,531,20,High,2,2,1,0,9,5,8,2026,6,2,0,1,10,Morning,No Alternate Route,15
2026-08-05 09:15:00,17.45082302657523,78.38340792974205,615,18,Severe,0,2,0,0,9,5,8,2026,6,2,0,1,15,Morning,No Alternate Route,30
2026-08-05 09:20:00,17.38607228064746,78.48655240062489,486,32,High,1,0,1,0,9,5,8,2026,6,2,0,1,20,Morning,No Alternate Route,15
2026-08-05 09:25:00,17.49449766005691,78.39071028759521,575,40,High,2,3,1,0,9,5,8,2026,6,2,0,1,25,Morning,No Alternate Route,15
2026-08-05 09:30:00,17.45158455744982,78.3825814373873,494,20,High,2,2,0,0,9,5,8,2026,6,2,0,1,30,Morning,No Alternate Route,15
2026-08-05 09:35:00,17.38317476726149,78.48533573848293,561,32,High,3,0,0,0,9,5,8,2026,6,2,0,1,35,Morning,No Alternate Route,15
2026-08-05 09:40:00,17.49599579391971,78.39056059333636,643,14,Severe,0,3,0,0,9,5,8,2026,6,2,0,1,40,Morning,No Alternate Route,30
2026-08-05 09:45:00,17.42486270151984,78.4741081360873,470,30,High,0,4,0,0,9,5,8,2026,6,2,0,1,45,Morning,No Alternate Route,15
2026-08-05 09:50:00,17.49458129291238,78.39343985920019,456,26,High,3,3,2,0,9,5,8,2026,6,2,0,1,50,Morning,No Alternate Route,15
2026-08-05 09:55:00,17.42283857437478,78.47210821194138,512,33,High,0,4,0,0,9,5,8,2026,6,2,0,1,55,Morning,No Alternate Route,15
2026-08-05 10:00:00,17.4120225452997,78.44872384947547,233,44,Moderate,3,1,1,0,10,5,8,2026,6,2,0,1,0,Morning,No Alternate Route,5
2026-08-05 10:05:00,17.45188155137195,78.38223185408197,303,24,High,1,2,1,0,10,5,8,2026,6,2,0,1,5,Morning,No Alternate Route,15
2026-08-05 10:10:00,17.42370594930515,78.47446141134809,203,56,Moderate,3,4,0,0,10,5,8,2026,6,2,0,1,10,Morning,No Alternate Route,5
2026-08-05 10:15:00,17.49302157827317,78.39324809846951,230,56,Moderate,2,3,2,0,10,5,8,2026,6,2,0,1,15,Morning,No Alternate Route,5
2026-08-05 10:20:00,17.42192358606374,78.47308217988326,271,49,Moderate,1,4,2,0,10,5,8,2026,6,2,0,1,20,Morning,No Alternate Route,5
2026-08-05 10:25:00,17.41062457083671,78.44779245699658,314,28,High,0,1,2,0,10,5,8,2026,6,2,0,1,25,Morning,No Alternate Route,15
2026-08-05 10:30:00,17.45203325700195,78.38092326439516,245,54,Moderate,1,2,0,0,10,5,8,2026,6,2,0,1,30,Morning,No Alternate Route,5
2026-08-05 10:35:00,17.38368040183975,78.48794682786806,239,49,Moderate,1,0,2,1,10,5,8,2026,6,2,0,1,35,Morning,No Alternate Route,5
2026-08-05 10:40:00,17.41182161003452,78.44876281258844,290,41,Moderate,3,1,0,0,10,5,8,2026,6,2,0,1,40,Morning,No Alternate Route,5
2026-08-05 10:45:00,17.42399301524707,78.47359554972039,244,58,Moderate,3,4,1,0,10,5,8,2026,6,2,0,1,45,Morning,No Alternate Route,5
2026-08-05 10:50:00,17.45108528722364,78.38198968201975,233,57,Moderate,3,2,1,0,10,5,8,2026,6,2,0,1,50,Morning,No Alternate Route,5
2026-08-05 10:55:00,17.42482090126905,78.47558893031427,348,27,High,1,4,1,0,10,5,8,2026,6,2,0,1,55,Morning,No Alternate Route,15
2026-08-05 11:00:00,17.49670655167482,78.39284850918719,254,49,Moderate,2,3,1,0,11,5,8,2026,6,2,0,2,0,Morning,No Alternate Route,5
2026-08-05 11:05:00,17.41230038809565,78.44652274142925,216,53,Moderate,0,1,0,0,11,5,8,2026,6,2,0,2,5,Morning,No Alternate Route,5
2026-08-05 11:10:00,17.41278984273674,78.44882185216214,211,54,Moderate,3,1,1,0,11,5,8,2026,6,2,0,2,10,Morning,No Alternate Route,5
2026-08-05 11:15:00,17.42290861315745,78.47389174764128,218,40,Moderate,3,4,0,0,11,5,8,2026,6,2,0,2,15,Morning,No Alternate Route,5
2026-08-05 11:20:00,17.41069059051451,78.44698545955397,323,26,High,3,1,2,0,11,5,8,2026,6,2,0,2,20,Morning,No Alternate Route,15
2026-08-05 11:25:00,17.49312479118001,78.39333771298749,240,42,Moderate,3,3,1,0,11,5,8,2026,6,2,0,2,25,Morning,No Alternate Route,5
2026-08-05 11:30:00,17.4506919286928,78.38156624109658,244,59,Moderate,1,2,1,0,11,5,8,2026,6,2,0,2,30,Morning,No Alternate Route,5
2026-08-05 11:35:00,17.49307046031392,78.39014163609262,289,42,Moderate,0,3,0,0,11,5,8,2026,6,2,0,2,35,Morning,No Alternate Route,5
2026-08-05 11:40:00,17.38421065703747,78.4865422652453,204,49,Moderate,3,0,1,0,11,5,8,2026,6,2,0,2,40,Morning,No Alternate Route,5
2026-08-05 11:45:00,17.42415188754411,78.47417263724893,320,27,High,0,4,2,0,11,5,8,2026,6,2,0,2,45,Morning,No Alternate Route,15
2026-08-05 11:50:00,17.49637694326184,78.3914287266114,216,48,Moderate,1,3,0,0,11,5,8,2026,6,2,0,2,50,Morning,No Alternate Route,5
2026-08-05 11:55:00,17.41455876618058,78.44829470111563,305,26,High,1,1,0,0,11,5,8,2026,6,2,0,2,55,Morning,No Alternate Route,15
2026-08-05 12:00:00,17.38417132593307,78.48666596609301,332,35,High,2,0,0,0,12,5,8,2026,6,2,0,2,0,Afternoon,No Alternate Route,15
2026-08-05 12:05:00,17.41290269110571,78.44882660171025,211,45,Moderate,0,1,1,0,12,5,8,2026,6,2,0,2,5,Afternoon,No Alternate Route,5
2026-08-05 12:10:00,17.41320286327922,78.44705213458998,240,49,Moderate,1,1,1,0,12,5,8,2026,6,2,0,2,10,Afternoon,No Alternate Route,5
2026-08-05 12:15:00,17.44842981507066,78.3818037531844,200,55,Moderate,3,2,1,0,12,5,8,2026,6,2,0,2,15,Afternoon,No Alternate Route,5
2026-08-05 12:20:00,17.44919368738666,78.38436660806583,259,47,Moderate,2,2,1,0,12,5,8,2026,6,2,0,2,20,Afternoon,No Alternate Route,5
2026-08-05 12:25:00,17.41403155629812,78.44784306270178,289,56,Moderate,0,1,2,0,12,5,8,2026,6,2,0,2,25,Afternoon,No Alternate Route,5
2026-08-05 12:30:00,17.41080783032946,78.44788385966909,203,44,Moderate,3,1,1,0,12,5,8,2026,6,2,0,2,30,Afternoon,No Alternate Route,5
2026-08-05 12:35:00,17.4955089169271,78.39054605983569,247,48,Moderate,1,3,1,0,12,5,8,2026,6,2,0,2,35,Afternoon,No Alternate Route,5
2026-08-05 12:40:00,17.42305409309139,78.47287704691003,243,60,Moderate,1,4,0,0,12,5,8,2026,6,2,0,2,40,Afternoon,No Alternate Route,5
2026-08-05 12:45:00,17.38323042142034,78.48694594712171,329,22,High,0,0,1,0,12,5,8,2026,6,2,0,2,45,Afternoon,No Alternate Route,15
2026-08-05 12:50:00,17.41145586731064,78.44934124973182,275,60,Moderate,1,1,0,0,12,5,8,2026,6,2,0,2,50,Afternoon,No Alternate Route,5
2026-08-05 12:55:00,17.38647026290566,78.48739160699326,279,52,Moderate,3,0,2,0,12,5,8,2026,6,2,0,2,55,Afternoon,No Alternate Route,5
2026-08-05 13:00:00,17.38336371591695,78.48815751158504,282,54,Moderate,0,0,1,0,13,5,8,2026,6,2,0,2,0,Afternoon,No Alternate Route,5
2026-08-05 13:05:00,17.49566243861183,78.39142768135801,301,24,High,0,3,2,0,13,5,8,2026,6,2,0,2,5,Afternoon,No Alternate Route,15
2026-08-05 13:10:00,17.49377796026001,78.39133089942167,334,38,High,3,3,2,0,13,5,8,2026,6,2,0,2,10,Afternoon,No Alternate Route,15
2026-08-05 13:15:00,17.44907929854532,78.38399845705499,347,38,High,0,2,2,0,13,5,8,2026,6,2,0,2,15,Afternoon,No Alternate Route,15
2026-08-05 13:20:00,17.41382289340857,78.44907344450803,302,30,High,3,1,0,0,13,5,8,2026,6,2,0,2,20,Afternoon,No Alternate Route,15
2026-08-05 13:25:00,17.42214537830669,78.47308028458433,318,23,High,0,4,0,0,13,5,8,2026,6,2,0,2,25,Afternoon,No Alternate Route,15
2026-08-05 13:30:00,17.42580250135767,78.47221565770697,233,53,Moderate,1,4,0,0,13,5,8,2026,6,2,0,2,30,Afternoon,No Alternate Route,5
2026-08-05 13:35:00,17.49374099251751,78.39208469186727,340,30,High,0,3,1,0,13,5,8,2026,6,2,0,2,35,Afternoon,No Alternate Route,15
2026-08-05 13:40:00,17.42296564396476,78.47333766363015,237,46,Moderate,1,4,2,0,13,5,8,2026,6,2,0,2,40,Afternoon,No Alternate Route,5
2026-08-05 13:45:00,17.38694396853663,78.48667014618071,187,52,Moderate,1,0,2,0,13,5,8,2026,6,2,0,2,45,Afternoon,No Alternate Route,5
2026-08-05 13:50:00,17.49592135163361,78.3926291130806,344,40,High,1,3,1,0,13,5,8,2026,6,2,0,2,50,Afternoon,No Alternate Route,15
2026-08-05 13:55:00,17.41220281035898,78.4462880349812,314,27,High,0,1,0,0,13,5,8,2026,6,2,0,2,55,Afternoon,No Alternate Route,15
2026-08-05 14:00:00,17.42494592976774,78.47325106169768,247,53,Moderate,1,4,1,0,14,5,8,2026,6,2,0,2,0,Afternoon,No Alternate Route,5
2026-08-05 14:05:00,17.45185643918433,78.38439374282582,343,25,High,3,2,2,0,14,5,8,2026,6,2,0,2,5,Afternoon,No Alternate Route,15
2026-08-05 14:10:00,17.44842483385546,78.38111915876772,288,53,Moderate,1,2,2,0,14,5,8,2026,6,2,0,2,10,Afternoon,No Alternate Route,5
2026-08-05 14:15:00,17.41091801095632,78.44983353436643,309,27,High,1,1,0,0,14,5,8,2026,6,2,0,2,15,Afternoon,No Alternate Route,15
2026-08-05 14:20:00,17.38335300799353,78.48473592707235,216,59,Moderate,1,0,0,0,14,5,8,2026,6,2,0,2,20,Afternoon,No Alternate Route,5
2026-08-05 14:25:00,17.38507183591007,78.48540444093494,264,45,Moderate,3,0,0,0,14,5,8,2026,6,2,0,2,25,Afternoon,No Alternate Route,5
2026-08-05 14:30:00,17.41331225866622,78.44836249030692,232,59,Moderate,0,1,1,0,14,5,8,2026,6,2,0,2,30,Afternoon,No Alternate Route,5
2026-08-05 14:35:00,17.4225761222561,78.47558280473183,261,42,Moderate,0,4,0,0,14,5,8,2026,6,2,0,2,35,Afternoon,No Alternate Route,5
2026-08-05 14:40:00,17.45056227344512,78.38321537195897,184,54,Moderate,1,2,1,0,14,5,8,2026,6,2,0,2,40,Afternoon,No Alternate Route,5
2026-08-05 14:45:00,17.38575481424884,78.48753332429328,242,52,Moderate,2,0,1,0,14,5,8,2026,6,2,0,2,45,Afternoon,No Alternate Route,5
2026-08-05 14:50:00,17.41289613028237,78.44738904877131,205,45,Moderate,1,1,0,0,14,5,8,2026,6,2,0,2,50,Afternoon,No Alternate Route,5
2026-08-05 14:55:00,17.42466639269363,78.4739569736566,247,57,Moderate,3,4,1,0,14,5,8,2026,6,2,0,2,55,Afternoon,No Alternate Route,5
2026-08-05 15:00:00,17.45126281045794,78.38197164682497,339,38,High,0,2,0,0,15,5,8,2026,6,2,0,2,0,Afternoon,No Alternate Route,15
2026-08-05 15:05:00,17.41324356117878,78.44966118110831,220,45,Moderate,0,1,1,0,15,5,8,2026,6,2,0,2,5,Afternoon,No Alternate Route,5
2026-08-05 15:10:00,17.41413659617542,78.4493821029796,235,42,Moderate,2,1,2,1,15,5,8,2026,6,2,0,2,10,Afternoon,No Alternate Route,5
2026-08-05 15:15:00,17.41369353110069,78.44940496451477,280,45,Moderate,3,1,0,0,15,5,8,2026,6,2,0,2,15,Afternoon,No Alternate Route,5
2026-08-05 15:20:00,17.49425374422231,78.39003736907355,326,23,High,1,3,2,0,15,5,8,2026,6,2,0,2,20,Afternoon,No Alternate Route,15
2026-08-05 15:25:00,17.49493306321935,78.39278839955216,285,51,Moderate,2,3,2,0,15,5,8,2026,6,2,0,2,25,Afternoon,No Alternate Route,5
2026-08-05 15:30:00,17.42555728906585,78.47564408923805,269,50,Moderate,1,4,0,0,15,5,8,2026,6,2,0,2,30,Afternoon,No Alternate Route,5
2026-08-05 15:35:00,17.4122132135942,78.44811270599693,200,42,Moderate,2,1,2,0,15,5,8,2026,6,2,0,2,35,Afternoon,No Alternate Route,5
2026-08-05 15:40:00,17.38667209946583,78.48703947331262,256,54,Moderate,0,0,0,0,15,5,8,2026,6,2,0,2,40,Afternoon,No Alternate Route,5
2026-08-05 15:45:00,17.49558491044532,78.38980620550885,271,49,Moderate,2,3,2,0,15,5,8,2026,6,2,0,2,45,Afternoon,No Alternate Route,5
2026-08-05 15:50:00,17.44961204625805,78.38145004185442,192,50,Moderate,3,2,2,0,15,5,8,2026,6,2,0,2,50,Afternoon,No Alternate Route,5
2026-08-05 15:55:00,17.383497113506,78.48773396232107,323,36,High,2,0,0,1,15,5,8,2026,6,2,0,2,55,Afternoon,No Alternate Route,15
2026-08-05 16:00:00,17.45009699277822,78.38392894439458,366,33,High,1,2,0,0,16,5,8,2026,6,2,0,2,0,Afternoon,No Alternate Route,15
2026-08-05 16:05:00,17.45201734511278,78.38271610007297,409,33,High,2,2,0,0,16,5,8,2026,6,2,0,2,5,Afternoon,No Alternate Route,15
2026-08-05 16:10:00,17.42563971168658,78.47434910092724,422,37,High,0,4,1,0,16,5,8,2026,6,2,0,2,10,Afternoon,No Alternate Route,15
2026-08-05 16:15:00,17.41104311369751,78.44672666088091,438,22,High,3,1,2,0,16,5,8,2026,6,2,0,2,15,Afternoon,No Alternate Route,15
2026-08-05 16:20:00,17.4242332113307,78.4746079471851,350,25,High,2,4,2,0,16,5,8,2026,6,2,0,2,20,Afternoon,No Alternate Route,15
2026-08-05 16:25:00,17.42298530360765,78.4757542285769,334,26,High,3,4,0,0,16,5,8,2026,6,2,0,2,25,Afternoon,No Alternate Route,15
2026-08-05 16:30:00,17.49416052079697,78.39175807311041,405,23,High,2,3,0,0,16,5,8,2026,6,2,0,2,30,Afternoon,No Alternate Route,15
2026-08-05 16:35:00,17.42542012145244,78.47321733065819,358,24,High,3,4,0,0,16,5,8,2026,6,2,0,2,35,Afternoon,No Alternate Route,15
2026-08-05 16:40:00,17.42568554341615,78.47403994698361,484,23,High,3,4,2,0,16,5,8,2026,6,2,0,2,40,Afternoon,No Alternate Route,15
2026-08-05 16:45:00,17.49419540508867,78.39296923330424,305,27,High,3,3,0,0,16,5,8,2026,6,2,0,2,45,Afternoon,No Alternate Route,15
2026-08-05 16:50:00,17.41247663546469,78.44677572892644,315,20,High,3,1,0,0,16,5,8,2026,6,2,0,2,50,Afternoon,No Alternate Route,15
2026-08-05 16:55:00,17.38362926309757,78.48543332275518,449,38,High,0,0,0,0,16,5,8,2026,6,2,0,2,55,Afternoon,No Alternate Route,15
2026-08-05 17:00:00,17.44849457081638,78.38451761383585,429,39,High,3,2,0,0,17,5,8,2026,6,2,0,0,0,Evening,No Alternate Route,15
2026-08-05 17:05:00,17.41382281440411,78.44658880723095,468,24,High,0,1,1,0,17,5,8,2026,6,2,0,0,5,Evening,No Alternate Route,15
2026-08-05 17:10:00,17.45029494110364,78.38292180076515,440,20,High,1,2,1,0,17,5,8,2026,6,2,0,0,10,Evening,No Alternate Route,15
2026-08-05 17:15:00,17.38632339849009,78.4879933911556,318,40,High,2,0,1,0,17,5,8,2026,6,2,0,0,15,Evening,No Alternate Route,15
2026-08-05 17:20:00,17.42410724002995,78.47407553222952,424,20,High,1,4,2,0,17,5,8,2026,6,2,0,0,20,Evening,No Alternate Route,15
2026-08-05 17:25:00,17.42330046138816,78.47354942091002,455,21,High,0,4,1,0,17,5,8,2026,6,2,0,0,25,Evening,No Alternate Route,15
2026-08-05 17:30:00,17.45002119175937,78.38363879916089,458,27,High,1,2,2,0,17,5,8,2026,6,2,0,0,30,Evening,No Alternate Route,15
2026-08-05 17:35:00,17.38564484517367,78.48858747173436,394,23,High,1,0,2,0,17,5,8,2026,6,2,0,0,35,Evening,No Alternate Route,15
2026-08-05 17:40:00,17.42268835814663,78.47559643246848,473,20,High,3,4,2,0,17,5,8,2026,6,2,0,0,40,Evening,No Alternate Route,15
2026-08-05 17:45:00,17.42346551376053,78.47535511512623,446,29,High,1,4,0,0,17,5,8,2026,6,2,0,0,45,Evening,No Alternate Route,15
2026-08-05 17:50:00,17.41298447640676,78.44650855128353,394,29,High,0,1,0,0,17,5,8,2026,6,2,0,0,50,Evening,No Alternate Route,15
2026-08-05 17:55:00,17.41380785198953,78.44836646042975,403,29,High,3,1,0,0,17,5,8,2026,6,2,0,0,55,Evening,No Alternate Route,15
2026-08-05 18:00:00,17.38317871653891,78.48794468644446,717,12,Severe,0,0,0,0,18,5,8,2026,6,2,0,0,0,Evening,No Alternate Route,30
2026-08-05 18:05:00,17.38433385367018,78.4852737760056,776,11,Severe,3,0,0,0,18,5,8,2026,6,2,0,0,5,Evening,No Alternate Route,30
2026-08-05 18:10:00,17.42360021671461,78.47443892922936,601,13,Severe,2,4,2,0,18,5,8,2026,6,2,0,0,10,Evening,No Alternate Route,30
2026-08-05 18:15:00,17.42534640170146,78.47563684101596,672,15,Severe,3,4,1,0,18,5,8,2026,6,2,0,0,15,Evening,No Alternate Route,30
2026-08-05 18:20:00,17.49419840646216,78.39197243134792,738,14,Severe,0,3,1,0,18,5,8,2026,6,2,0,0,20,Evening,No Alternate Route,30
2026-08-05 18:25:00,17.41263216238909,78.44938493731068,675,18,Severe,2,1,0,0,18,5,8,2026,6,2,0,0,25,Evening,No Alternate Route,30
2026-08-05 18:30:00,17.41206976567359,78.44757481816113,528,23,High,0,1,1,0,18,5,8,2026,6,2,0,0,30,Evening,No Alternate Route,15
2026-08-05 18:35:00,17.44921875525953,78.38128067209627,646,18,Severe,2,2,1,0,18,5,8,2026,6,2,0,0,35,Evening,No Alternate Route,30
2026-08-05 18:40:00,17.41384724855067,78.44642068677038,727,13,Severe,0,1,1,0,18,5,8,2026,6,2,0,0,40,Evening,No Alternate Route,30
2026-08-05 18:45:00,17.38657416970279,78.48769696646775,545,39,High,0,0,1,0,18,5,8,2026,6,2,0,0,45,Evening,No Alternate Route,15
2026-08-05 18:50:00,17.41199679011248,78.44995386599824,642,18,Severe,3,1,1,0,18,5,8,2026,6,2,0,0,50,Evening,No Alternate Route,30
2026-08-05 18:55:00,17.42384153963868,78.47192009838771,654,11,Severe,1,4,0,0,18,5,8,2026,6,2,0,0,55,Evening,No Alternate Route,30
2026-08-05 19:00:00,17.38305770227008,78.48838937243139,609,19,Severe,0,0,0,0,19,5,8,2026,6,2,0,0,0,Evening,No Alternate Route,30
2026-08-05 19:05:00,17.38580071850341,78.48755234854413,608,12,Severe,2,0,2,0,19,5,8,2026,6,2,0,0,5,Evening,No Alternate Route,30
2026-08-05 19:10:00,17.41116912315398,78.44766512154347,564,28,High,1,1,2,0,19,5,8,2026,6,2,0,0,10,Evening,No Alternate Route,15
2026-08-05 19:15:00,17.38480515634366,78.48590384021762,554,40,High,3,0,0,0,19,5,8,2026,6,2,0,0,15,Evening,No Alternate Route,15
2026-08-05 19:20:00,17.41385279647574,78.44771190272198,517,29,High,1,1,1,0,19,5,8,2026,6,2,0,0,20,Evening,No Alternate Route,15
2026-08-05 19:25:00,17.45205613998194,78.38090049886381,701,11,Severe,2,2,0,0,19,5,8,2026,6,2,0,0,25,Evening,No Alternate Route,30
2026-08-05 19:30:00,17.45169341014994,78.38078480057872,578,38,High,3,2,2,0,19,5,8,2026,6,2,0,0,30,Evening,No Alternate Route,15
2026-08-05 19:35:00,17.44936630793753,78.38291094405196,745,16,Severe,2,2,0,0,19,5,8,2026,6,2,0,0,35,Evening,No Alternate Route,30
2026-08-05 19:40:00,17.4136485179543,78.44989115712501,695,12,Severe,0,1,0,0,19,5,8,2026,6,2,0,0,40,Evening,No Alternate Route,30
2026-08-05 19:45:00,17.42402511658721,78.47249158416062,500,22,High,1,4,1,0,19,5,8,2026,6,2,0,0,45,Evening,No Alternate Route,15
2026-08-05 19:50:00,17.41162957374679,78.44920336736273,645,19,Severe,0,1,1,0,19,5,8,2026,6,2,0,0,50,Evening,No Alternate Route,30
2026-08-05 19:55:00,17.4224038852383,78.4722512815352,637,14,Severe,0,4,0,0,19,5,8,2026,6,2,0,0,55,Evening,No Alternate Route,30
2026-08-05 20:00:00,17.49296654932319,78.39061097118447,800,13,Severe,1,3,1,0,20,5,8,2026,6,2,0,0,0,Evening,No Alternate Route,30
2026-08-05 20:05:00,17.4226536837579,78.47368009917192,590,28,High,3,4,2,0,20,5,8,2026,6,2,0,0,5,Evening,No Alternate Route,15
2026-08-05 20:10:00,17.49541485380382,78.39158400054816,623,20,Severe,0,3,0,0,20,5,8,2026,6,2,0,0,10,Evening,No Alternate Route,30
2026-08-05 20:15:00,17.4933146608353,78.39152949357202,665,13,Severe,1,3,0,0,20,5,8,2026,6,2,0,0,15,Evening,No Alternate Route,30
2026-08-05 20:20:00,17.42235383998017,78.4752650361905,656,16,Severe,0,4,2,0,20,5,8,2026,6,2,0,0,20,Evening,No Alternate Route,30
2026-08-05 20:25:00,17.41131570677922,78.44768428619973,564,35,High,1,1,0,0,20,5,8,2026,6,2,0,0,25,Evening,No Alternate Route,15
2026-08-05 20:30:00,17.38414550360003,78.48681398949577,776,11,Severe,2,0,2,0,20,5,8,2026,6,2,0,0,30,Evening,No Alternate Route,30
2026-08-05 20:35:00,17.4509317282576,78.38441009140865,726,12,Severe,0,2,2,0,20,5,8,2026,6,2,0,0,35,Evening,No Alternate Route,30
2026-08-05 20:40:00,17.45095209961778,78.38138795710192,647,11,Severe,2,2,1,0,20,5,8,2026,6,2,0,0,40,Evening,No Alternate Route,30
2026-08-05 20:45:00,17.49669836819179,78.39087717742245,675,10,Severe,1,3,0,0,20,5,8,2026,6,2,0,0,45,Evening,No Alternate Route,30
2026-08-05 20:50:00,17.42368914488404,78.4731530614114,702,20,Severe,1,4,2,0,20,5,8,2026,6,2,0,0,50,Evening,No Alternate Route,30
2026-08-05 20:55:00,17.45194420285114,78.38231601812403,695,10,Severe,1,2,1,0,20,5,8,2026,6,2,0,0,55,Evening,No Alternate Route,30
2026-08-05 21:00:00,17.4108358227667,78.44845973024475,172,47,Moderate,2,1,2,0,21,5,8,2026,6,2,0,0,0,Night,No Alternate Route,5
2026-08-05 21:05:00,17.41144103618518,78.44733766366436,135,56,Moderate,2,1,1,0,21,5,8,2026,6,2,0,0,5,Night,No Alternate Route,5
2026-08-05 21:10:00,17.49473449458372,78.39237253775025,124,49,Moderate,2,3,1,0,21,5,8,2026,6,2,0,0,10,Night,No Alternate Route,5
2026-08-05 21:15:00,17.49514583092878,78.38987355618788,108,60,Moderate,2,3,1,0,21,5,8,2026,6,2,0,0,15,Night,No Alternate Route,5
2026-08-05 21:20:00,17.44987062524091,78.38420426834314,152,56,Moderate,1,2,2,1,21,5,8,2026,6,2,0,0,20,Night,No Alternate Route,5
2026-08-05 21:25:00,17.4489126258911,78.38266037012988,176,56,Moderate,3,2,0,0,21,5,8,2026,6,2,0,0,25,Night,No Alternate Route,5
2026-08-05 21:30:00,17.3856949091619,78.48773440370292,180,40,Moderate,2,0,0,0,21,5,8,2026,6,2,0,0,30,Night,No Alternate Route,5
2026-08-05 21:35:00,17.41326163238318,78.44863033817545,145,41,Moderate,3,1,1,0,21,5,8,2026,6,2,0,0,35,Night,No Alternate Route,5
2026-08-05 21:40:00,17.41325777488974,78.446339021149,155,44,Moderate,2,1,0,0,21,5,8,2026,6,2,0,0,40,Night,No Alternate Route,5
2026-08-05 21:45:00,17.45239947478372,78.38277069926995,171,51,Moderate,2,2,1,0,21,5,8,2026,6,2,0,0,45,Night,No Alternate Route,5
2026-08-05 21:50:00,17.49478603183902,78.391142478392,133,49,Moderate,2,3,1,0,21,5,8,2026,6,2,0,0,50,Night,No Alternate Route,5
2026-08-05 21:55:00,17.38646915256787,78.48472626990322,88,65,Low,2,0,1,0,21,5,8,2026,6,2,0,0,55,Night,No Alternate Route,0
2026-08-05 22:00:00,17.49445219524177,78.3926948994472,176,48,Moderate,3,3,1,0,22,5,8,2026,6,2,0,2,0,Night,No Alternate Route,5
2026-08-05 22:05:00,17.38451458945062,78.48733721686388,165,59,Moderate,0,0,2,0,22,5,8,2026,6,2,0,2,5,Night,No Alternate Route,5
2026-08-05 22:10:00,17.42455006176375,78.47399978741382,139,50,Moderate,2,4,2,0,22,5,8,2026,6,2,0,2,10,Night,No Alternate Route,5
2026-08-05 22:15:00,17.44969293374286,78.38110034761114,102,44,Moderate,2,2,1,0,22,5,8,2026,6,2,0,2,15,Night,No Alternate Route,5
2026-08-05 22:20:00,17.42446671372214,78.47354783423253,134,43,Moderate,1,4,1,0,22,5,8,2026,6,2,0,2,20,Night,No Alternate Route,5
2026-08-05 22:25:00,17.45207059356665,78.3837720189792,87,70,Low,0,2,2,0,22,5,8,2026,6,2,0,2,25,Night,No Alternate Route,0
2026-08-05 22:30:00,17.45130702544118,78.3831972943088,154,49,Moderate,2,2,0,0,22,5,8,2026,6,2,0,2,30,Night,No Alternate Route,5
2026-08-05 22:35:00,17.42387393372747,78.4726508404112,100,63,Low,2,4,1,1,22,5,8,2026,6,2,0,2,35,Night,No Alternate Route,0
2026-08-05 22:40:00,17.45171845382398,78.38305412645212,82,66,Low,0,2,1,1,22,5,8,2026,6,2,0,2,40,Night,No Alternate Route,0
2026-08-05 22:45:00,17.49289426350222,78.39065498437442,102,56,Moderate,0,3,2,0,22,5,8,2026,6,2,0,2,45,Night,No Alternate Route,5
2026-08-05 22:50:00,17.42326548188071,78.47321490333489,118,55,Moderate,3,4,1,0,22,5,8,2026,6,2,0,2,50,Night,No Alternate Route,5
2026-08-05 22:55:00,17.42523196008327,78.47519804679379,134,48,Moderate,3,4,2,0,22,5,8,2026,6,2,0,2,55,Night,No Alternate Route,5
2026-08-05 23:00:00,17.42434006561284,78.47247690600045,145,55,Moderate,0,4,0,0,23,5,8,2026,6,2,0,2,0,Night,No Alternate Route,5
2026-08-05 23:05:00,17.4505521263493,78.3811371117891,145,58,Moderate,1,2,1,0,23,5,8,2026,6,2,0,2,5,Night,No Alternate Route,5
2026-08-05 23:10:00,17.41248924265796,78.44835097576465,103,51,Moderate,1,1,0,0,23,5,8,2026,6,2,0,2,10,Night,No Alternate Route,5
2026-08-05 23:15:00,17.44954809811637,78.38409387456136,134,50,Moderate,3,2,0,0,23,5,8,2026,6,2,0,2,15,Night,No Alternate Route,5
2026-08-05 23:20:00,17.41155275484812,78.44639464160143,153,53,Moderate,2,1,1,0,23,5,8,2026,6,2,0,2,20,Night,No Alternate Route,5
2026-08-05 23:25:00,17.44970486684353,78.3820900316566,96,73,Low,0,2,0,0,23,5,8,2026,6,2,0,2,25,Night,No Alternate Route,0
2026-08-05 23:30:00,17.38516663590865,78.48804756582709,143,45,Moderate,1,0,2,0,23,5,8,2026,6,2,0,2,30,Night,No Alternate Route,5
2026-08-05 23:35:00,17.45137484205353,78.38256822454217,112,45,Moderate,3,2,0,1,23,5,8,2026,6,2,0,2,35,Night,No Alternate Route,5
2026-08-05 23:40:00,17.44994913348074,78.38102573351308,126,55,Moderate,3,2,1,0,23,5,8,2026,6,2,0,2,40,Night,No Alternate Route,5
2026-08-05 23:45:00,17.42541463037052,78.47378203666621,162,57,Moderate,0,4,2,0,23,5,8,2026,6,2,0,2,45,Night,No Alternate Route,5
2026-08-05 23:50:00,17.41438647251947,78.44996545519852,164,50,Moderate,0,1,1,0,23,5,8,2026,6,2,0,2,50,Night,No Alternate Route,5
2026-08-05 23:55:00,17.45108838768962,78.3841317348336,93,66,Low,2,2,2,0,23,5,8,2026,6,2,0,2,55,Night,No Alternate Route,0
2026-08-06 00:00:00,17.49574756123002,78.39153223603064,60,71,Low,0,3,2,0,0,6,8,2026,4,3,0,2,0,Night,No Alternate Route,0
2026-08-06 00:05:00,17.4490814128259,78.38312355787197,66,71,Low,3,2,0,0,0,6,8,2026,4,3,0,2,5,Night,No Alternate Route,0
2026-08-06 00:10:00,17.42421455894479,78.47502065030258,32,69,Low,1,4,0,0,0,6,8,2026,4,3,0,2,10,Night,No Alternate Route,0
2026-08-06 00:15:00,17.38622203142696,78.48810894290692,35,79,Low,2,0,1,0,0,6,8,2026,4,3,0,2,15,Night,No Alternate Route,0
2026-08-06 00:20:00,17.38518027381574,78.48620034079593,59,62,Low,3,0,2,0,0,6,8,2026,4,3,0,2,20,Night,No Alternate Route,0
2026-08-06 00:25:00,17.41398312759389,78.44943841442198,29,69,Low,3,1,0,0,0,6,8,2026,4,3,0,2,25,Night,No Alternate Route,0
2026-08-06 00:30:00,17.42534638099174,78.47468934496095,39,67,Low,3,4,1,0,0,6,8,2026,4,3,0,2,30,Night,No Alternate Route,0
2026-08-06 00:35:00,17.38565011463095,78.48784735911632,70,68,Low,1,0,1,0,0,6,8,2026,4,3,0,2,35,Night,No Alternate Route,0
2026-08-06 00:40:00,17.49317485552876,78.39352362038488,76,76,Low,1,3,1,0,0,6,8,2026,4,3,0,2,40,Night,No Alternate Route,0
2026-08-06 00:45:00,17.42508502597885,78.47273785970867,38,75,Low,2,4,0,0,0,6,8,2026,4,3,0,2,45,Night,No Alternate Route,0
2026-08-06 00:50:00,17.38594425194615,78.48485406676224,55,70,Low,3,0,1,0,0,6,8,2026,4,3,0,2,50,Night,No Alternate Route,0
2026-08-06 00:55:00,17.38624506672784,78.48614234346648,23,63,Low,3,0,0,0,0,6,8,2026,4,3,0,2,55,Night,No Alternate Route,0
2026-08-06 01:00:00,17.49455214445312,78.39196609193375,67,67,Low,2,3,1,1,1,6,8,2026,4,3,0,2,0,Night,No Alternate Route,0
2026-08-06 01:05:00,17.44952411840045,78.38124365641153,59,65,Low,3,2,2,0,1,6,8,2026,4,3,0,2,5,Night,No Alternate Route,0
2026-08-06 01:10:00,17.42518776515678,78.474736259867,74,63,Low,2,4,1,0,1,6,8,2026,4,3,0,2,10,Night,No Alternate Route,0
2026-08-06 01:15:00,17.38614406581091,78.4876823100999,23,61,Low,0,0,0,0,1,6,8,2026,4,3,0,2,15,Night,No Alternate Route,0
2026-08-06 01:20:00,17.44943236929143,78.38378667615318,28,73,Low,0,2,0,0,1,6,8,2026,4,3,0,2,20,Night,No Alternate Route,0
2026-08-06 01:25:00,17.3859702019518,78.48859679144797,50,61,Low,3,0,2,0,1,6,8,2026,4,3,0,2,25,Night,No Alternate Route,0
2026-08-06 01:30:00,17.38434293081055,78.48864822346701,20,64,Low,2,0,1,0,1,6,8,2026,4,3,0,2,30,Night,No Alternate Route,0
2026-08-06 01:35:00,17.45153274294264,78.38182439189185,67,65,Low,2,2,1,1,1,6,8,2026,4,3,0,2,35,Night,No Alternate Route,0
2026-08-06 01:40:00,17.42514966294001,78.47224776572115,20,61,Low,2,4,2,0,1,6,8,2026,4,3,0,2,40,Night,No Alternate Route,0
2026-08-06 01:45:00,17.45064461823118,78.38436025212195,46,67,Low,1,2,0,0,1,6,8,2026,4,3,0,2,45,Night,No Alternate Route,0
2026-08-06 01:50:00,17.41360682669926,78.4480523513621,70,61,Low,1,1,0,0,1,6,8,2026,4,3,0,2,50,Night,No Alternate Route,0
2026-08-06 01:55:00,17.49335271249272,78.39348219358509,73,75,Low,0,3,2,0,1,6,8,2026,4,3,0,2,55,Night,No Alternate Route,0
2026-08-06 02:00:00,17.41134770077901,78.44693585595623,24,66,Low,1,1,2,0,2,6,8,2026,4,3,0,2,0,Night,No Alternate Route,0
2026-08-06 02:05:00,17.44882528505166,78.38144969635702,63,68,Low,0,2,2,0,2,6,8,2026,4,3,0,2,5,Night,No Alternate Route,0
2026-08-06 02:10:00,17.49635886092555,78.39276399042787,80,78,Low,3,3,1,0,2,6,8,2026,4,3,0,2,10,Night,No Alternate Route,0
2026-08-06 02:15:00,17.44840971647159,78.38314649833691,63,67,Low,3,2,0,0,2,6,8,2026,4,3,0,2,15,Night,No Alternate Route,0
2026-08-06 02:20:00,17.41397144096553,78.44741156768707,30,61,Low,3,1,0,0,2,6,8,2026,4,3,0,2,20,Night,No Alternate Route,0
2026-08-06 02:25:00,17.42385452227073,78.47252956102301,46,79,Low,1,4,1,0,2,6,8,2026,4,3,0,2,25,Night,No Alternate Route,0
2026-08-06 02:30:00,17.49654601188558,78.3920749725779,76,79,Low,2,3,2,0,2,6,8,2026,4,3,0,2,30,Night,No Alternate Route,0
2026-08-06 02:35:00,17.38505807528265,78.48718166631161,80,74,Low,0,0,0,0,2,6,8,2026,4,3,0,2,35,Night,No Alternate Route,0
2026-08-06 02:40:00,17.42192613867323,78.47279202157695,22,61,Low,1,4,1,1,2,6,8,2026,4,3,0,2,40,Night,No Alternate Route,0
2026-08-06 02:45:00,17.49567285819898,78.39027621087922,69,70,Low,2,3,2,0,2,6,8,2026,4,3,0,2,45,Night,No Alternate Route,0
2026-08-06 02:50:00,17.49361358668035,78.3935984162918,27,73,Low,0,3,1,0,2,6,8,2026,4,3,0,2,50,Night,No Alternate Route,0
2026-08-06 02:55:00,17.45186559510477,78.38331282254397,47,63,Low,3,2,1,0,2,6,8,2026,4,3,0,2,55,Night,No Alternate Route,0
2026-08-06 03:00:00,17.45061265529891,78.38215959990492,70,69,Low,1,2,2,0,3,6,8,2026,4,3,0,2,0,Night,No Alternate Route,0
2026-08-06 03:05:00,17.38429874579053,78.48602422153719,39,78,Low,3,0,1,0,3,6,8,2026,4,3,0,2,5,Night,No Alternate Route,0
2026-08-06 03:10:00,17.413734228923,78.44798092736974,46,68,Low,2,1,0,0,3,6,8,2026,4,3,0,2,10,Night,No Alternate Route,0
2026-08-06 03:15:00,17.49407570388104,78.39233493221025,65,62,Low,0,3,2,0,3,6,8,2026,4,3,0,2,15,Night,No Alternate Route,0
2026-08-06 03:20:00,17.38377973497371,78.48590236056884,59,68,Low,3,0,1,0,3,6,8,2026,4,3,0,2,20,Night,No Alternate Route,0
2026-08-06 03:25:00,17.42518089752791,78.47295548616903,52,72,Low,0,4,1,0,3,6,8,2026,4,3,0,2,25,Night,No Alternate Route,0
2026-08-06 03:30:00,17.38301567936006,78.48838860171554,45,72,Low,2,0,1,0,3,6,8,2026,4,3,0,2,30,Night,No Alternate Route,0
2026-08-06 03:35:00,17.41176231986154,78.44727267848137,35,63,Low,0,1,2,0,3,6,8,2026,4,3,0,2,35,Night,No Alternate Route,0
2026-08-06 03:40:00,17.38313474423063,78.48866231337306,67,71,Low,0,0,0,0,3,6,8,2026,4,3,0,2,40,Night,No Alternate Route,0
2026-08-06 03:45:00,17.41397816486984,78.44739528785524,25,70,Low,3,1,2,0,3,6,8,2026,4,3,0,2,45,Night,No Alternate Route,0
2026-08-06 03:50:00,17.42250259457097,78.4752871803003,75,68,Low,2,4,2,0,3,6,8,2026,4,3,0,2,50,Night,No Alternate Route,0
2026-08-06 03:55:00,17.42560701212273,78.47445935094301,45,73,Low,3,4,2,0,3,6,8,2026,4,3,0,2,55,Night,No Alternate Route,0
2026-08-06 04:00:00,17.38647173351865,78.48682555294485,67,64,Low,0,0,0,0,4,6,8,2026,4,3,0,2,0,Night,No Alternate Route,0
2026-08-06 04:05:00,17.4109303778609,78.45000321341173,39,62,Low,3,1,2,0,4,6,8,2026,4,3,0,2,5,Night,No Alternate Route,0
2026-08-06 04:10:00,17.42432102709078,78.47548529295844,77,67,Low,2,4,1,0,4,6,8,2026,4,3,0,2,10,Night,No Alternate Route,0
2026-08-06 04:15:00,17.41079001248602,78.4490217305198,47,76,Low,0,1,2,0,4,6,8,2026,4,3,0,2,15,Night,No Alternate Route,0
2026-08-06 04:20:00,17.44983801556187,78.38374880479297,33,63,Low,3,2,0,0,4,6,8,2026,4,3,0,2,20,Night,No Alternate Route,0
2026-08-06 04:25:00,17.41338400365425,78.44655562532823,66,69,Low,1,1,2,0,4,6,8,2026,4,3,0,2,25,Night,No Alternate Route,0
2026-08-06 04:30:00,17.45098751737324,78.38186561660073,48,75,Low,0,2,2,0,4,6,8,2026,4,3,0,2,30,Night,No Alternate Route,0
2026-08-06 04:35:00,17.49493627450521,78.39114547245747,36,72,Low,3,3,1,0,4,6,8,2026,4,3,0,2,35,Night,No Alternate Route,0
2026-08-06 04:40:00,17.41160221894328,78.44744075800122,39,69,Low,1,1,2,0,4,6,8,2026,4,3,0,2,40,Night,No Alternate Route,0
2026-08-06 04:45:00,17.42241932352065,78.47242096801568,55,67,Low,3,4,0,0,4,6,8,2026,4,3,0,2,45,Night,No Alternate Route,0
2026-08-06 04:50:00,17.49418734026396,78.39181749558769,72,71,Low,1,3,0,0,4,6,8,2026,4,3,0,2,50,Night,No Alternate Route,0
2026-08-06 04:55:00,17.49522375351345,78.3924797557629,62,61,Low,1,3,2,0,4,6,8,2026,4,3,0,2,55,Night,No Alternate Route,0
2026-08-06 05:00:00,17.38404025970884,78.48864375600122,111,50,Moderate,0,0,2,0,5,6,8,2026,4,3,0,2,0,Morning,No Alternate Route,5
2026-08-06 05:05:00,17.451822991089,78.38373176574567,148,50,Moderate,0,2,0,0,5,6,8,2026,4,3,0,2,5,Morning,No Alternate Route,5
2026-08-06 05:10:00,17.42304352788,78.47354552807359,130,56,Moderate,2,4,1,0,5,6,8,2026,4,3,0,2,10,Morning,No Alternate Route,5
2026-08-06 05:15:00,17.4950757203635,78.38987796250882,112,53,Moderate,1,3,0,0,5,6,8,2026,4,3,0,2,15,Morning,No Alternate Route,5
2026-08-06 05:20:00,17.42286900303014,78.47423217451431,165,45,Moderate,1,4,0,0,5,6,8,2026,4,3,0,2,20,Morning,No Alternate Route,5
2026-08-06 05:25:00,17.42291183081971,78.47497825516352,120,41,Moderate,2,4,2,0,5,6,8,2026,4,3,0,2,25,Morning,No Alternate Route,5
2026-08-06 05:30:00,17.4940739700298,78.3919257348271,176,43,Moderate,3,3,0,0,5,6,8,2026,4,3,0,2,30,Morning,No Alternate Route,5
2026-08-06 05:35:00,17.49430150555367,78.39318283631903,81,67,Low,2,3,0,0,5,6,8,2026,4,3,0,2,35,Morning,No Alternate Route,0
2026-08-06 05:40:00,17.44983705317891,78.3836107274241,178,57,Moderate,3,2,1,0,5,6,8,2026,4,3,0,2,40,Morning,No Alternate Route,5
2026-08-06 05:45:00,17.41292010892029,78.44667691484418,160,58,Moderate,0,1,0,0,5,6,8,2026,4,3,0,2,45,Morning,No Alternate Route,5
2026-08-06 05:50:00,17.4931878737997,78.3910278850178,146,44,Moderate,1,3,2,0,5,6,8,2026,4,3,0,2,50,Morning,No Alternate Route,5
2026-08-06 05:55:00,17.3833527650791,78.48711460691322,142,44,Moderate,3,0,0,0,5,6,8,2026,4,3,0,2,55,Morning,No Alternate Route,5
2026-08-06 06:00:00,17.44888537743474,78.38282257488045,137,40,Moderate,1,2,2,0,6,6,8,2026,4,3,0,2,0,Morning,No Alternate Route,5
2026-08-06 06:05:00,17.44916357477386,78.38261646930873,133,47,Moderate,1,2,1,0,6,6,8,2026,4,3,0,2,5,Morning,No Alternate Route,5
2026-08-06 06:10:00,17.49528097917962,78.39309699363392,109,59,Moderate,3,3,2,1,6,6,8,2026,4,3,0,2,10,Morning,No Alternate Route,5
2026-08-06 06:15:00,17.38601465980621,78.48515210715719,144,47,Moderate,1,0,1,0,6,6,8,2026,4,3,0,2,15,Morning,No Alternate Route,5
2026-08-06 06:20:00,17.45215495145813,78.38204019088748,97,61,Low,0,2,2,0,6,6,8,2026,4,3,0,2,20,Morning,No Alternate Route,0
2026-08-06 06:25:00,17.49674263244856,78.39153961899692,129,48,Moderate,1,3,0,0,6,6,8,2026,4,3,0,2,25,Morning,No Alternate Route,5
2026-08-06 06:30:00,17.4942454437134,78.3928760023907,85,66,Low,3,3,0,0,6,6,8,2026,4,3,0,2,30,Morning,No Alternate Route,0
2026-08-06 06:35:00,17.41424528249138,78.44815799238748,178,56,Moderate,2,1,0,0,6,6,8,2026,4,3,0,2,35,Morning,No Alternate Route,5
2026-08-06 06:40:00,17.41213274369487,78.44882526415304,162,41,Moderate,2,1,1,0,6,6,8,2026,4,3,0,2,40,Morning,No Alternate Route,5
2026-08-06 06:45:00,17.42546614470156,78.47493828542686,147,44,Moderate,1,4,1,0,6,6,8,2026,4,3,0,2,45,Morning,No Alternate Route,5
2026-08-06 06:50:00,17.38607108056508,78.48856032794193,104,45,Moderate,2,0,0,0,6,6,8,2026,4,3,0,2,50,Morning,No Alternate Route,5
2026-08-06 06:55:00,17.4520029732366,78.38196270221941,134,51,Moderate,2,2,1,0,6,6,8,2026,4,3,0,2,55,Morning,No Alternate Route,5
2026-08-06 07:00:00,17.41248404053128,78.44768962946344,574,27,High,3,1,1,0,7,6,8,2026,4,3,0,1,0,Morning,No Alternate Route,15
2026-08-06 07:05:00,17.49287347649089,78.39285153412106,461,40,High,0,3,2,0,7,6,8,2026,4,3,0,1,5,Morning,No Alternate Route,15
2026-08-06 07:10:00,17.38634187233812,78.48787612673553,634,14,Severe,2,0,1,0,7,6,8,2026,4,3,0,1,10,Morning,No Alternate Route,30
2026-08-06 07:15:00,17.41152984863071,78.44904986276397,637,18,Severe,1,1,2,0,7,6,8,2026,4,3,0,1,15,Morning,No Alternate Route,30
2026-08-06 07:20:00,17.42226753623232,78.47287728266535,467,37,High,3,4,2,0,7,6,8,2026,4,3,0,1,20,Morning,No Alternate Route,15
2026-08-06 07:25:00,17.49430553828276,78.39273288167429,537,33,High,1,3,0,0,7,6,8,2026,4,3,0,1,25,Morning,No Alternate Route,15
2026-08-06 07:30:00,17.42291033631891,78.4756423116154,674,11,Severe,1,4,2,0,7,6,8,2026,4,3,0,1,30,Morning,No Alternate Route,30
2026-08-06 07:35:00,17.4503798903449,78.38417001138488,527,36,High,0,2,0,0,7,6,8,2026,4,3,0,1,35,Morning,No Alternate Route,15
2026-08-06 07:40:00,17.49448398266273,78.39290260987241,504,24,High,3,3,1,0,7,6,8,2026,4,3,0,1,40,Morning,No Alternate Route,15
2026-08-06 07:45:00,17.41449956372443,78.44806487696364,670,18,Severe,3,1,1,0,7,6,8,2026,4,3,0,1,45,Morning,No Alternate Route,30
2026-08-06 07:50:00,17.49484042694663,78.39267814862971,466,36,High,1,3,2,0,7,6,8,2026,4,3,0,1,50,Morning,No Alternate Route,15
2026-08-06 07:55:00,17.44858813933036,78.38340201718228,684,15,Severe,3,2,2,0,7,6,8,2026,4,3,0,1,55,Morning,No Alternate Route,30
2026-08-06 08:00:00,17.42228223833537,78.47424909482032,616,10,Severe,2,4,2,0,8,6,8,2026,4,3,0,1,0,Morning,No Alternate Route,30
2026-08-06 08:05:00,17.45016600621255,78.38157800958925,540,23,High,1,2,2,0,8,6,8,2026,4,3,0,1,5,Morning,No Alternate Route,15
2026-08-06 08:10:00,17.49470929742929,78.39005256989708,659,15,Severe,1,3,2,0,8,6,8,2026,4,3,0,1,10,Morning,No Alternate Route,30
2026-08-06 08:15:00,17.42404160890807,78.47182245642537,607,14,Severe,0,4,1,0,8,6,8,2026,4,3,0,1,15,Morning,No Alternate Route,30
2026-08-06 08:20:00,17.4504719769687,78.38323594536554,577,40,High,1,2,2,0,8,6,8,2026,4,3,0,1,20,Morning,No Alternate Route,15
2026-08-06 08:25:00,17.452158426679,78.3806070533759,671,20,Severe,2,2,2,0,8,6,8,2026,4,3,0,1,25,Morning,No Alternate Route,30
2026-08-06 08:30:00,17.383620289545,78.48632777127278,676,17,Severe,2,0,1,0,8,6,8,2026,4,3,0,1,30,Morning,No Alternate Route,30
2026-08-06 08:35:00,17.4510287011209,78.38269550484061,531,36,High,3,2,1,0,8,6,8,2026,4,3,0,1,35,Morning,No Alternate Route,15
2026-08-06 08:40:00,17.42314609754887,78.47273030713357,698,18,Severe,2,4,1,0,8,6,8,2026,4,3,0,1,40,Morning,No Alternate Route,30
2026-08-06 08:45:00,17.4503627676078,78.38088702193652,549,40,High,0,2,0,0,8,6,8,2026,4,3,0,1,45,Morning,No Alternate Route,15
2026-08-06 08:50:00,17.41098738489316,78.44777867702624,487,40,High,2,1,2,0,8,6,8,2026,4,3,0,1,50,Morning,No Alternate Route,15
2026-08-06 08:55:00,17.41177585676402,78.44868964653786,558,35,High,3,1,0,0,8,6,8,2026,4,3,0,1,55,Morning,No Alternate Route,15
2026-08-06 09:00:00,17.38519365620569,78.48482179876196,525,40,High,1,0,0,0,9,6,8,2026,4,3,0,1,0,Morning,No Alternate Route,15
2026-08-06 09:05:00,17.42520605142021,78.47504358843136,488,32,High,3,4,1,0,9,6,8,2026,4,3,0,1,5,Morning,No Alternate Route,15
2026-08-06 09:10:00,17.38664836900305,78.48535027167648,467,20,High,3,0,0,0,9,6,8,2026,4,3,0,1,10,Morning,No Alternate Route,15
2026-08-06 09:15:00,17.49547516478001,78.39367734663217,492,26,High,2,3,2,0,9,6,8,2026,4,3,0,1,15,Morning,No Alternate Route,15
2026-08-06 09:20:00,17.42350830734602,78.47333216328789,614,20,Severe,2,4,2,0,9,6,8,2026,4,3,0,1,20,Morning,No Alternate Route,30
2026-08-06 09:25:00,17.41079964058818,78.44977310271345,625,14,Severe,3,1,2,0,9,6,8,2026,4,3,0,1,25,Morning,No Alternate Route,30
2026-08-06 09:30:00,17.42483715764098,78.47489045250487,558,36,High,3,4,0,0,9,6,8,2026,4,3,0,1,30,Morning,No Alternate Route,15
2026-08-06 09:35:00,17.49509205460451,78.39156324869505,451,40,High,2,3,0,0,9,6,8,2026,4,3,0,1,35,Morning,No Alternate Route,15
2026-08-06 09:40:00,17.38478629679388,78.48496444276242,522,24,High,1,0,2,0,9,6,8,2026,4,3,0,1,40,Morning,No Alternate Route,15
2026-08-06 09:45:00,17.49411430222353,78.390593156824,451,28,High,0,3,2,0,9,6,8,2026,4,3,0,1,45,Morning,No Alternate Route,15
2026-08-06 09:50:00,17.38438901296885,78.48815817476797,678,20,Severe,2,0,0,0,9,6,8,2026,4,3,0,1,50,Morning,No Alternate Route,30
2026-08-06 09:55:00,17.42285034090996,78.47313672273167,552,31,High,2,4,2,0,9,6,8,2026,4,3,0,1,55,Morning,No Alternate Route,15
2026-08-06 10:00:00,17.3862166411236,78.4865973714734,214,59,Moderate,3,0,0,0,10,6,8,2026,4,3,0,1,0,Morning,No Alternate Route,5
2026-08-06 10:05:00,17.42324632350728,78.47299304968975,186,48,Moderate,1,4,0,0,10,6,8,2026,4,3,0,1,5,Morning,No Alternate Route,5
2026-08-06 10:10:00,17.49573834543872,78.39122532690034,193,59,Moderate,2,3,1,0,10,6,8,2026,4,3,0,1,10,Morning,No Alternate Route,5
2026-08-06 10:15:00,17.49627804638282,78.3934891650057,180,57,Moderate,0,3,2,1,10,6,8,2026,4,3,0,1,15,Morning,No Alternate Route,5
2026-08-06 10:20:00,17.45022184001921,78.38411353072588,297,55,Moderate,3,2,2,0,10,6,8,2026,4,3,0,1,20,Morning,No Alternate Route,5
2026-08-06 10:25:00,17.49559351386514,78.39273660145103,242,57,Moderate,0,3,2,0,10,6,8,2026,4,3,0,1,25,Morning,No Alternate Route,5
2026-08-06 10:30:00,17.38395903538309,78.48589779232594,259,54,Moderate,1,0,0,0,10,6,8,2026,4,3,0,1,30,Morning,No Alternate Route,5
2026-08-06 10:35:00,17.49627681300512,78.39058019970491,321,33,High,3,3,0,0,10,6,8,2026,4,3,0,1,35,Morning,No Alternate Route,15
2026-08-06 10:40:00,17.44871287913486,78.38345828462599,327,29,High,0,2,2,0,10,6,8,2026,4,3,0,1,40,Morning,No Alternate Route,15
2026-08-06 10:45:00,17.45163275311213,78.38378645915051,194,52,Moderate,1,2,2,0,10,6,8,2026,4,3,0,1,45,Morning,No Alternate Route,5
2026-08-06 10:50:00,17.38438865495663,78.48655845222851,253,55,Moderate,0,0,0,0,10,6,8,2026,4,3,0,1,50,Morning,No Alternate Route,5
2026-08-06 10:55:00,17.3862879603578,78.48669132422867,281,44,Moderate,2,0,2,1,10,6,8,2026,4,3,0,1,55,Morning,No Alternate Route,5
2026-08-06 11:00:00,17.4966384287794,78.39354052719312,291,59,Moderate,0,3,0,0,11,6,8,2026,4,3,0,2,0,Morning,No Alternate Route,5
2026-08-06 11:05:00,17.45081401772131,78.38198929701298,296,51,Moderate,3,2,2,0,11,6,8,2026,4,3,0,2,5,Morning,No Alternate Route,5
2026-08-06 11:10:00,17.41458060426607,78.44951003745551,246,49,Moderate,0,1,0,0,11,6,8,2026,4,3,0,2,10,Morning,No Alternate Route,5
2026-08-06 11:15:00,17.41298516189191,78.44977228924839,207,59,Moderate,2,1,1,0,11,6,8,2026,4,3,0,2,15,Morning,No Alternate Route,5
2026-08-06 11:20:00,17.45191920196619,78.38342518655162,291,47,Moderate,3,2,2,0,11,6,8,2026,4,3,0,2,20,Morning,No Alternate Route,5
2026-08-06 11:25:00,17.3836655356092,78.48724860983809,212,57,Moderate,0,0,1,0,11,6,8,2026,4,3,0,2,25,Morning,No Alternate Route,5
2026-08-06 11:30:00,17.42555535518737,78.47406359076167,194,45,Moderate,3,4,1,0,11,6,8,2026,4,3,0,2,30,Morning,No Alternate Route,5
2026-08-06 11:35:00,17.44940998638542,78.382556292881,295,57,Moderate,1,2,1,0,11,6,8,2026,4,3,0,2,35,Morning,No Alternate Route,5
2026-08-06 11:40:00,17.38404503031898,78.48770888608364,310,31,High,3,0,1,0,11,6,8,2026,4,3,0,2,40,Morning,No Alternate Route,15
2026-08-06 11:45:00,17.45202946460386,78.38136634528712,206,49,Moderate,3,2,2,0,11,6,8,2026,4,3,0,2,45,Morning,No Alternate Route,5
2026-08-06 11:50:00,17.45127187357322,78.38287582438694,216,53,Moderate,2,2,0,0,11,6,8,2026,4,3,0,2,50,Morning,No Alternate Route,5
2026-08-06 11:55:00,17.49443268105697,78.3927974078041,235,53,Moderate,3,3,0,0,11,6,8,2026,4,3,0,2,55,Morning,No Alternate Route,5
2026-08-06 12:00:00,17.41336082628072,78.44787650523514,321,21,High,0,1,1,0,12,6,8,2026,4,3,0,2,0,Afternoon,No Alternate Route,15
2026-08-06 12:05:00,17.42274075070345,78.47549771422106,271,59,Moderate,0,4,2,0,12,6,8,2026,4,3,0,2,5,Afternoon,No Alternate Route,5
2026-08-06 12:10:00,17.38628606455649,78.48859917469724,217,47,Moderate,1,0,2,0,12,6,8,2026,4,3,0,2,10,Afternoon,No Alternate Route,5
2026-08-06 12:15:00,17.3845891015131,78.48509117446274,212,58,Moderate,2,0,1,0,12,6,8,2026,4,3,0,2,15,Afternoon,No Alternate Route,5
2026-08-06 12:20:00,17.38459239190459,78.4883642229135,315,30,High,3,0,0,0,12,6,8,2026,4,3,0,2,20,Afternoon,No Alternate Route,15
2026-08-06 12:25:00,17.38651601001354,78.48600640498431,342,40,High,3,0,2,0,12,6,8,2026,4,3,0,2,25,Afternoon,No Alternate Route,15
2026-08-06 12:30:00,17.38612295244739,78.48842112110746,286,59,Moderate,1,0,2,0,12,6,8,2026,4,3,0,2,30,Afternoon,No Alternate Route,5
2026-08-06 12:35:00,17.45040305686987,78.38195635352565,254,47,Moderate,3,2,2,0,12,6,8,2026,4,3,0,2,35,Afternoon,No Alternate Route,5
2026-08-06 12:40:00,17.41179288073076,78.44851649051108,237,59,Moderate,0,1,0,0,12,6,8,2026,4,3,0,2,40,Afternoon,No Alternate Route,5
2026-08-06 12:45:00,17.41251814966643,78.449856482797,293,54,Moderate,0,1,0,0,12,6,8,2026,4,3,0,2,45,Afternoon,No Alternate Route,5
2026-08-06 12:50:00,17.4521144466514,78.38329949678753,184,56,Moderate,1,2,1,0,12,6,8,2026,4,3,0,2,50,Afternoon,No Alternate Route,5
2026-08-06 12:55:00,17.41341432445604,78.44840560322886,291,52,Moderate,3,1,1,0,12,6,8,2026,4,3,0,2,55,Afternoon,No Alternate Route,5
2026-08-06 13:00:00,17.38365199159999,78.486467392991,241,53,Moderate,3,0,1,0,13,6,8,2026,4,3,0,2,0,Afternoon,No Alternate Route,5
2026-08-06 13:05:00,17.41393277403758,78.4490922120271,280,46,Moderate,3,1,0,0,13,6,8,2026,4,3,0,2,5,Afternoon,No Alternate Route,5
2026-08-06 13:10:00,17.38635350419245,78.48542969398697,252,44,Moderate,3,0,1,0,13,6,8,2026,4,3,0,2,10,Afternoon,No Alternate Route,5
2026-08-06 13:15:00,17.45042308448783,78.38404300572938,184,46,Moderate,2,2,1,0,13,6,8,2026,4,3,0,2,15,Afternoon,No Alternate Route,5
2026-08-06 13:20:00,17.410830226163,78.44736349751882,208,55,Moderate,3,1,0,0,13,6,8,2026,4,3,0,2,20,Afternoon,No Alternate Route,5
2026-08-06 13:25:00,17.45166739121252,78.3821752271772,301,28,High,3,2,2,0,13,6,8,2026,4,3,0,2,25,Afternoon,No Alternate Route,15
2026-08-06 13:30:00,17.42282761469883,78.47563009101397,247,40,Moderate,0,4,2,0,13,6,8,2026,4,3,0,2,30,Afternoon,No Alternate Route,5
2026-08-06 13:35:00,17.38400909903357,78.48572456878954,197,44,Moderate,1,0,2,0,13,6,8,2026,4,3,0,2,35,Afternoon,No Alternate Route,5
2026-08-06 13:40:00,17.41242150267806,78.44911928494648,292,41,Moderate,1,1,2,0,13,6,8,2026,4,3,0,2,40,Afternoon,No Alternate Route,5
2026-08-06 13:45:00,17.42524359296809,78.47385545270664,208,43,Moderate,0,4,2,0,13,6,8,2026,4,3,0,2,45,Afternoon,No Alternate Route,5
2026-08-06 13:50:00,17.41458564107041,78.44758811432985,337,21,High,1,1,1,0,13,6,8,2026,4,3,0,2,50,Afternoon,No Alternate Route,15
2026-08-06 13:55:00,17.42323222235657,78.47417575569546,287,58,Moderate,3,4,1,0,13,6,8,2026,4,3,0,2,55,Afternoon,No Alternate Route,5
2026-08-06 14:00:00,17.42506895385361,78.47218930764011,269,47,Moderate,2,4,1,0,14,6,8,2026,4,3,0,2,0,Afternoon,No Alternate Route,5
2026-08-06 14:05:00,17.44933126062385,78.38253746210952,267,43,Moderate,1,2,2,0,14,6,8,2026,4,3,0,2,5,Afternoon,No Alternate Route,5
2026-08-06 14:10:00,17.42351159667793,78.47526129005375,260,41,Moderate,3,4,1,0,14,6,8,2026,4,3,0,2,10,Afternoon,No Alternate Route,5
2026-08-06 14:15:00,17.49288461056972,78.39292694926236,333,30,High,1,3,1,0,14,6,8,2026,4,3,0,2,15,Afternoon,No Alternate Route,15
2026-08-06 14:20:00,17.4142290533604,78.44998760200498,193,60,Moderate,1,1,1,0,14,6,8,2026,4,3,0,2,20,Afternoon,No Alternate Route,5
2026-08-06 14:25:00,17.42221978603488,78.47306420507066,278,53,Moderate,0,4,0,0,14,6,8,2026,4,3,0,2,25,Afternoon,No Alternate Route,5
2026-08-06 14:30:00,17.44890166061488,78.38275554341628,194,49,Moderate,1,2,1,0,14,6,8,2026,4,3,0,2,30,Afternoon,No Alternate Route,5
2026-08-06 14:35:00,17.38632880950241,78.48836888664287,308,27,High,1,0,2,0,14,6,8,2026,4,3,0,2,35,Afternoon,No Alternate Route,15
2026-08-06 14:40:00,17.42522680711311,78.47469232685108,200,50,Moderate,3,4,1,0,14,6,8,2026,4,3,0,2,40,Afternoon,No Alternate Route,5
2026-08-06 14:45:00,17.42280019858213,78.47381079728261,268,45,Moderate,1,4,2,0,14,6,8,2026,4,3,0,2,45,Afternoon,No Alternate Route,5
2026-08-06 14:50:00,17.42387770226646,78.47547739664954,296,52,Moderate,0,4,2,0,14,6,8,2026,4,3,0,2,50,Afternoon,No Alternate Route,5
2026-08-06 14:55:00,17.49505389325737,78.39305562304565,277,51,Moderate,0,3,2,0,14,6,8,2026,4,3,0,2,55,Afternoon,No Alternate Route,5
2026-08-06 15:00:00,17.38319353662661,78.4858626902384,294,49,Moderate,2,0,2,0,15,6,8,2026,4,3,0,2,0,Afternoon,No Alternate Route,5
2026-08-06 15:05:00,17.49564777270275,78.39083122027556,258,44,Moderate,2,3,1,0,15,6,8,2026,4,3,0,2,5,Afternoon,No Alternate Route,5
2026-08-06 15:10:00,17.42335454077075,78.47313593871141,208,45,Moderate,0,4,0,0,15,6,8,2026,4,3,0,2,10,Afternoon,No Alternate Route,5
2026-08-06 15:15:00,17.38639599289101,78.48526661211646,259,49,Moderate,2,0,1,0,15,6,8,2026,4,3,0,2,15,Afternoon,No Alternate Route,5
2026-08-06 15:20:00,17.42584400258311,78.47404278901749,210,55,Moderate,0,4,0,0,15,6,8,2026,4,3,0,2,20,Afternoon,No Alternate Route,5
2026-08-06 15:25:00,17.45226933308442,78.38155613101637,303,31,High,3,2,0,0,15,6,8,2026,4,3,0,2,25,Afternoon,No Alternate Route,15
2026-08-06 15:30:00,17.42464131608736,78.47537646601279,323,38,High,1,4,0,0,15,6,8,2026,4,3,0,2,30,Afternoon,No Alternate Route,15
2026-08-06 15:35:00,17.41182421634222,78.44806468537199,227,51,Moderate,1,1,2,0,15,6,8,2026,4,3,0,2,35,Afternoon,No Alternate Route,5
2026-08-06 15:40:00,17.41310105072693,78.44988747192228,323,24,High,0,1,1,0,15,6,8,2026,4,3,0,2,40,Afternoon,No Alternate Route,15
2026-08-06 15:45:00,17.42190132406324,78.47255784875252,206,44,Moderate,3,4,2,1,15,6,8,2026,4,3,0,2,45,Afternoon,No Alternate Route,5
2026-08-06 15:50:00,17.38480361770179,78.48587143266359,346,40,High,2,0,2,0,15,6,8,2026,4,3,0,2,50,Afternoon,No Alternate Route,15
2026-08-06 15:55:00,17.49467897268602,78.39079447569522,270,53,Moderate,3,3,2,0,15,6,8,2026,4,3,0,2,55,Afternoon,No Alternate Route,5
2026-08-06 16:00:00,17.41402469703585,78.44749755020095,491,22,High,2,1,2,0,16,6,8,2026,4,3,0,2,0,Afternoon,No Alternate Route,15
2026-08-06 16:05:00,17.42472105681312,78.4719404650747,415,24,High,2,4,1,0,16,6,8,2026,4,3,0,2,5,Afternoon,No Alternate Route,15
2026-08-06 16:10:00,17.41141137648107,78.44851657724938,421,27,High,1,1,2,0,16,6,8,2026,4,3,0,2,10,Afternoon,No Alternate Route,15
2026-08-06 16:15:00,17.41283774331375,78.4463178099162,351,31,High,3,1,0,0,16,6,8,2026,4,3,0,2,15,Afternoon,No Alternate Route,15
2026-08-06 16:20:00,17.45047165764868,78.38272320971653,359,27,High,3,2,2,0,16,6,8,2026,4,3,0,2,20,Afternoon,No Alternate Route,15
2026-08-06 16:25:00,17.49467754017409,78.39154809525813,337,39,High,0,3,1,0,16,6,8,2026,4,3,0,2,25,Afternoon,No Alternate Route,15
2026-08-06 16:30:00,17.41357724429562,78.44909867683504,477,39,High,1,1,2,0,16,6,8,2026,4,3,0,2,30,Afternoon,No Alternate Route,15
2026-08-06 16:35:00,17.41113948510202,78.44816385855547,371,26,High,3,1,1,0,16,6,8,2026,4,3,0,2,35,Afternoon,No Alternate Route,15
2026-08-06 16:40:00,17.44851510247929,78.38322695073576,436,33,High,3,2,1,0,16,6,8,2026,4,3,0,2,40,Afternoon,No Alternate Route,15
2026-08-06 16:45:00,17.42338047277901,78.47363649202576,441,25,High,0,4,2,0,16,6,8,2026,4,3,0,2,45,Afternoon,No Alternate Route,15
2026-08-06 16:50:00,17.42368726724048,78.47312346877895,358,31,High,0,4,0,0,16,6,8,2026,4,3,0,2,50,Afternoon,No Alternate Route,15
2026-08-06 16:55:00,17.45228812597382,78.38307973876064,346,26,High,3,2,0,0,16,6,8,2026,4,3,0,2,55,Afternoon,No Alternate Route,15
2026-08-06 17:00:00,17.41136319437767,78.44769555233445,356,27,High,2,1,2,0,17,6,8,2026,4,3,0,0,0,Evening,No Alternate Route,15
2026-08-06 17:05:00,17.44985503552229,78.3815137155847,344,30,High,1,2,0,0,17,6,8,2026,4,3,0,0,5,Evening,No Alternate Route,15
2026-08-06 17:10:00,17.38503823331912,78.4873042582816,347,36,High,2,0,0,0,17,6,8,2026,4,3,0,0,10,Evening,No Alternate Route,15
2026-08-06 17:15:00,17.42348264925483,78.47242622001056,499,24,High,0,4,2,1,17,6,8,2026,4,3,0,0,15,Evening,No Alternate Route,15
2026-08-06 17:20:00,17.45071075207567,78.38091275104176,311,22,High,0,2,0,0,17,6,8,2026,4,3,0,0,20,Evening,No Alternate Route,15
2026-08-06 17:25:00,17.42352565787499,78.47335341459579,302,30,High,2,4,1,0,17,6,8,2026,4,3,0,0,25,Evening,No Alternate Route,15
2026-08-06 17:30:00,17.38412096516205,78.48579519276193,496,30,High,2,0,1,0,17,6,8,2026,4,3,0,0,30,Evening,No Alternate Route,15
2026-08-06 17:35:00,17.42580811135027,78.47404473722264,418,29,High,0,4,2,0,17,6,8,2026,4,3,0,0,35,Evening,No Alternate Route,15
2026-08-06 17:40:00,17.49641185268973,78.39155550563981,392,26,High,1,3,2,0,17,6,8,2026,4,3,0,0,40,Evening,No Alternate Route,15
2026-08-06 17:45:00,17.41331649344297,78.4488232102815,375,38,High,2,1,2,0,17,6,8,2026,4,3,0,0,45,Evening,No Alternate Route,15
2026-08-06 17:50:00,17.4489969559882,78.38387275882967,364,40,High,2,2,1,0,17,6,8,2026,4,3,0,0,50,Evening,No Alternate Route,15
2026-08-06 17:55:00,17.45114993431813,78.38446458969518,400,26,High,2,2,1,0,17,6,8,2026,4,3,0,0,55,Evening,No Alternate Route,15
2026-08-06 18:00:00,17.42326383303852,78.473216331801,619,19,Severe,1,4,2,0,18,6,8,2026,4,3,0,0,0,Evening,No Alternate Route,30
2026-08-06 18:05:00,17.41238386699568,78.44795553304819,592,22,High,0,1,2,0,18,6,8,2026,4,3,0,0,5,Evening,No Alternate Route,15
2026-08-06 18:10:00,17.38413350125623,78.48724526968434,559,30,High,3,0,0,0,18,6,8,2026,4,3,0,0,10,Evening,No Alternate Route,15
2026-08-06 18:15:00,17.49344685716774,78.38975169503084,566,37,High,3,3,0,0,18,6,8,2026,4,3,0,0,15,Evening,No Alternate Route,15
2026-08-06 18:20:00,17.41114734367532,78.44950531866431,713,16,Severe,1,1,1,0,18,6,8,2026,4,3,0,0,20,Evening,No Alternate Route,30
2026-08-06 18:25:00,17.49640960613586,78.39273530158005,728,11,Severe,1,3,0,0,18,6,8,2026,4,3,0,0,25,Evening,No Alternate Route,30
2026-08-06 18:30:00,17.45086997454563,78.38392009292326,631,11,Severe,1,2,2,0,18,6,8,2026,4,3,0,0,30,Evening,No Alternate Route,30
2026-08-06 18:35:00,17.41217428915695,78.44792389858418,712,13,Severe,0,1,0,0,18,6,8,2026,4,3,0,0,35,Evening,No Alternate Route,30
2026-08-06 18:40:00,17.38674068959763,78.48531388098776,597,26,High,1,0,1,0,18,6,8,2026,4,3,0,0,40,Evening,No Alternate Route,15
2026-08-06 18:45:00,17.38657559676015,78.48792055154645,619,16,Severe,2,0,0,0,18,6,8,2026,4,3,0,0,45,Evening,No Alternate Route,30
2026-08-06 18:50:00,17.45042069696238,78.38274116865993,752,19,Severe,2,2,1,0,18,6,8,2026,4,3,0,0,50,Evening,No Alternate Route,30
2026-08-06 18:55:00,17.45230526119456,78.38273512449781,672,10,Severe,2,2,0,0,18,6,8,2026,4,3,0,0,55,Evening,No Alternate Route,30
2026-08-06 19:00:00,17.41108409352098,78.4499298238222,746,17,Severe,2,1,1,0,19,6,8,2026,4,3,0,0,0,Evening,No Alternate Route,30
2026-08-06 19:05:00,17.44860829973205,78.38282468540427,547,38,High,0,2,1,0,19,6,8,2026,4,3,0,0,5,Evening,No Alternate Route,15
2026-08-06 19:10:00,17.49489427950817,78.39369798748048,653,12,Severe,3,3,1,0,19,6,8,2026,4,3,0,0,10,Evening,No Alternate Route,30
2026-08-06 19:15:00,17.38590664585227,78.48722449951369,655,18,Severe,1,0,2,0,19,6,8,2026,4,3,0,0,15,Evening,No Alternate Route,30
2026-08-06 19:20:00,17.4492269228813,78.38332561973573,558,26,High,3,2,1,0,19,6,8,2026,4,3,0,0,20,Evening,No Alternate Route,15
2026-08-06 19:25:00,17.38450225461407,78.48609720395858,759,10,Severe,3,0,2,0,19,6,8,2026,4,3,0,0,25,Evening,No Alternate Route,30
2026-08-06 19:30:00,17.49670984096802,78.39170459177456,774,15,Severe,3,3,2,0,19,6,8,2026,4,3,0,0,30,Evening,No Alternate Route,30
2026-08-06 19:35:00,17.3857751155354,78.48841456613336,793,16,Severe,0,0,1,0,19,6,8,2026,4,3,0,0,35,Evening,No Alternate Route,30
2026-08-06 19:40:00,17.41292022706279,78.44708346790927,795,17,Severe,0,1,2,0,19,6,8,2026,4,3,0,0,40,Evening,No Alternate Route,30
2026-08-06 19:45:00,17.41181330908953,78.44968693311986,787,20,Severe,2,1,1,0,19,6,8,2026,4,3,0,0,45,Evening,No Alternate Route,30
2026-08-06 19:50:00,17.38612591131925,78.48843242272004,737,13,Severe,1,0,1,0,19,6,8,2026,4,3,0,0,50,Evening,No Alternate Route,30
2026-08-06 19:55:00,17.38551824106264,78.48551993946292,742,18,Severe,2,0,2,0,19,6,8,2026,4,3,0,0,55,Evening,No Alternate Route,30
2026-08-06 20:00:00,17.45072637845452,78.38130773083357,666,18,Severe,3,2,1,0,20,6,8,2026,4,3,0,0,0,Evening,No Alternate Route,30
2026-08-06 20:05:00,17.45134891323712,78.38092580978861,524,32,High,0,2,1,0,20,6,8,2026,4,3,0,0,5,Evening,No Alternate Route,15
2026-08-06 20:10:00,17.44855988038796,78.38166654993304,686,13,Severe,2,2,1,0,20,6,8,2026,4,3,0,0,10,Evening,No Alternate Route,30
2026-08-06 20:15:00,17.41185479631246,78.44973423158642,539,27,High,0,1,0,0,20,6,8,2026,4,3,0,0,15,Evening,No Alternate Route,15
2026-08-06 20:20:00,17.45211280267436,78.3813607905386,505,21,High,1,2,0,0,20,6,8,2026,4,3,0,0,20,Evening,No Alternate Route,15
2026-08-06 20:25:00,17.49428284387615,78.39140275879816,750,11,Severe,3,3,1,0,20,6,8,2026,4,3,0,0,25,Evening,No Alternate Route,30
2026-08-06 20:30:00,17.49579475488176,78.3912192436377,568,20,High,3,3,1,0,20,6,8,2026,4,3,0,0,30,Evening,No Alternate Route,15
2026-08-06 20:35:00,17.4115399139939,78.44848348309782,553,38,High,2,1,0,0,20,6,8,2026,4,3,0,0,35,Evening,No Alternate Route,15
2026-08-06 20:40:00,17.4506090786834,78.38268927819158,668,10,Severe,3,2,0,0,20,6,8,2026,4,3,0,0,40,Evening,No Alternate Route,30
2026-08-06 20:45:00,17.3851899425904,78.48638525158255,610,17,Severe,2,0,2,0,20,6,8,2026,4,3,0,0,45,Evening,No Alternate Route,30
2026-08-06 20:50:00,17.49542595712938,78.39345181446842,643,18,Severe,0,3,0,0,20,6,8,2026,4,3,0,0,50,Evening,No Alternate Route,30
2026-08-06 20:55:00,17.42308479703041,78.47335545952627,527,20,High,1,4,1,0,20,6,8,2026,4,3,0,0,55,Evening,No Alternate Route,15
2026-08-06 21:00:00,17.41319292705162,78.44881247494226,145,58,Moderate,2,1,1,0,21,6,8,2026,4,3,0,0,0,Night,No Alternate Route,5
2026-08-06 21:05:00,17.49490461128334,78.39265072477416,166,55,Moderate,2,3,1,0,21,6,8,2026,4,3,0,0,5,Night,No Alternate Route,5
2026-08-06 21:10:00,17.38341407639822,78.48860945329635,98,62,Low,3,0,0,0,21,6,8,2026,4,3,0,0,10,Night,No Alternate Route,0
2026-08-06 21:15:00,17.45101944407928,78.38155324193187,109,55,Moderate,0,2,2,0,21,6,8,2026,4,3,0,0,15,Night,No Alternate Route,5
2026-08-06 21:20:00,17.44929360858501,78.38455338073172,179,41,Moderate,3,2,2,0,21,6,8,2026,4,3,0,0,20,Night,No Alternate Route,5
2026-08-06 21:25:00,17.45109324913985,78.38353077794503,109,53,Moderate,3,2,2,0,21,6,8,2026,4,3,0,0,25,Night,No Alternate Route,5
2026-08-06 21:30:00,17.45124893055616,78.38361993221598,162,43,Moderate,1,2,1,0,21,6,8,2026,4,3,0,0,30,Night,No Alternate Route,5
2026-08-06 21:35:00,17.41412531834637,78.44917902949169,114,52,Moderate,2,1,0,0,21,6,8,2026,4,3,0,0,35,Night,No Alternate Route,5
2026-08-06 21:40:00,17.45232280712214,78.38240520316101,132,40,Moderate,1,2,1,0,21,6,8,2026,4,3,0,0,40,Night,No Alternate Route,5
2026-08-06 21:45:00,17.38533072614027,78.48692099821174,145,55,Moderate,0,0,2,0,21,6,8,2026,4,3,0,0,45,Night,No Alternate Route,5
2026-08-06 21:50:00,17.49358221044939,78.39157366473316,142,44,Moderate,3,3,0,0,21,6,8,2026,4,3,0,0,50,Night,No Alternate Route,5
2026-08-06 21:55:00,17.42384757825522,78.47567347169701,142,41,Moderate,3,4,1,0,21,6,8,2026,4,3,0,0,55,Night,No Alternate Route,5
2026-08-06 22:00:00,17.42405730102015,78.47326550852006,116,47,Moderate,0,4,2,0,22,6,8,2026,4,3,0,2,0,Night,No Alternate Route,5
2026-08-06 22:05:00,17.38501747154896,78.48851549042729,86,79,Low,3,0,1,0,22,6,8,2026,4,3,0,2,5,Night,No Alternate Route,0
2026-08-06 22:10:00,17.41147634614802,78.44738634212507,117,46,Moderate,2,1,2,0,22,6,8,2026,4,3,0,2,10,Night,No Alternate Route,5
2026-08-06 22:15:00,17.45174295339005,78.38441691576094,119,41,Moderate,1,2,1,0,22,6,8,2026,4,3,0,2,15,Night,No Alternate Route,5
2026-08-06 22:20:00,17.38405884791,78.48843681534338,110,40,Moderate,2,0,2,0,22,6,8,2026,4,3,0,2,20,Night,No Alternate Route,5
2026-08-06 22:25:00,17.38513075072805,78.48603289805301,132,54,Moderate,0,0,1,0,22,6,8,2026,4,3,0,2,25,Night,No Alternate Route,5
2026-08-06 22:30:00,17.42192259561866,78.47391530829921,157,50,Moderate,3,4,2,0,22,6,8,2026,4,3,0,2,30,Night,No Alternate Route,5
2026-08-06 22:35:00,17.44890729233823,78.38221443085995,104,46,Moderate,2,2,0,0,22,6,8,2026,4,3,0,2,35,Night,No Alternate Route,5
2026-08-06 22:40:00,17.38536401585385,78.48805493856891,130,47,Moderate,2,0,2,0,22,6,8,2026,4,3,0,2,40,Night,No Alternate Route,5
2026-08-06 22:45:00,17.45047729861862,78.3816615387431,123,45,Moderate,1,2,0,0,22,6,8,2026,4,3,0,2,45,Night,No Alternate Route,5
2026-08-06 22:50:00,17.41427356726994,78.44711301360282,132,40,Moderate,0,1,0,0,22,6,8,2026,4,3,0,2,50,Night,No Alternate Route,5
2026-08-06 22:55:00,17.49338311205454,78.39061246155374,149,42,Moderate,0,3,1,0,22,6,8,2026,4,3,0,2,55,Night,No Alternate Route,5
2026-08-06 23:00:00,17.42433088638136,78.47487843882845,130,54,Moderate,1,4,0,1,23,6,8,2026,4,3,0,2,0,Night,No Alternate Route,5
2026-08-06 23:05:00,17.42310004109888,78.47423200380308,138,59,Moderate,3,4,0,0,23,6,8,2026,4,3,0,2,5,Night,No Alternate Route,5
2026-08-06 23:10:00,17.49653830039395,78.39083157320282,101,43,Moderate,1,3,0,0,23,6,8,2026,4,3,0,2,10,Night,No Alternate Route,5
2026-08-06 23:15:00,17.45102561155716,78.38118232332718,108,45,Moderate,3,2,1,0,23,6,8,2026,4,3,0,2,15,Night,No Alternate Route,5
2026-08-06 23:20:00,17.41424698182266,78.44859304434826,179,49,Moderate,2,1,0,1,23,6,8,2026,4,3,0,2,20,Night,No Alternate Route,5
2026-08-06 23:25:00,17.41124754295936,78.4479382680822,89,70,Low,2,1,2,0,23,6,8,2026,4,3,0,2,25,Night,No Alternate Route,0
2026-08-06 23:30:00,17.38594174865971,78.4850967326414,148,56,Moderate,3,0,1,0,23,6,8,2026,4,3,0,2,30,Night,No Alternate Route,5
2026-08-06 23:35:00,17.42430730331988,78.47486582345002,108,59,Moderate,1,4,1,0,23,6,8,2026,4,3,0,2,35,Night,No Alternate Route,5
2026-08-06 23:40:00,17.42324367139457,78.47383636967443,169,40,Moderate,3,4,1,0,23,6,8,2026,4,3,0,2,40,Night,No Alternate Route,5
2026-08-06 23:45:00,17.42542702248886,78.47457862870775,126,50,Moderate,3,4,2,0,23,6,8,2026,4,3,0,2,45,Night,No Alternate Route,5
2026-08-06 23:50:00,17.41437287043457,78.4472527696525,92,62,Low,0,1,2,0,23,6,8,2026,4,3,0,2,50,Night,No Alternate Route,0
2026-08-06 23:55:00,17.41376524640282,78.44897623278456,118,55,Moderate,2,1,1,0,23,6,8,2026,4,3,0,2,55,Night,No Alternate Route,5
2026-08-07 00:00:00,17.49626079170697,78.39039826773478,20,79,Low,3,3,1,0,0,7,8,2026,0,4,0,2,0,Night,No Alternate Route,0
2026-08-07 00:05:00,17.4948128781828,78.39228499130896,56,65,Low,2,3,1,0,0,7,8,2026,0,4,0,2,5,Night,No Alternate Route,0
2026-08-07 00:10:00,17.38480767225945,78.48698554043968,25,65,Low,2,0,1,0,0,7,8,2026,0,4,0,2,10,Night,No Alternate Route,0
2026-08-07 00:15:00,17.49555019641149,78.39198331505332,59,64,Low,0,3,0,0,0,7,8,2026,0,4,0,2,15,Night,No Alternate Route,0
2026-08-07 00:20:00,17.41237794724386,78.44875502410952,69,62,Low,0,1,0,0,0,7,8,2026,0,4,0,2,20,Night,No Alternate Route,0
2026-08-07 00:25:00,17.42436903674737,78.47343543602335,56,71,Low,0,4,2,0,0,7,8,2026,0,4,0,2,25,Night,No Alternate Route,0
2026-08-07 00:30:00,17.42524712972537,78.47198490550083,55,60,Low,0,4,1,0,0,7,8,2026,0,4,0,2,30,Night,No Alternate Route,0
2026-08-07 00:35:00,17.49299842598942,78.3915717066746,66,70,Low,1,3,1,0,0,7,8,2026,0,4,0,2,35,Night,No Alternate Route,0
2026-08-07 00:40:00,17.38463959050312,78.48783254495174,45,70,Low,0,0,1,0,0,7,8,2026,0,4,0,2,40,Night,No Alternate Route,0
2026-08-07 00:45:00,17.49472534818999,78.39289820944786,50,66,Low,1,3,1,0,0,7,8,2026,0,4,0,2,45,Night,No Alternate Route,0
2026-08-07 00:50:00,17.38325262425727,78.48666176169937,76,68,Low,2,0,1,0,0,7,8,2026,0,4,0,2,50,Night,No Alternate Route,0
2026-08-07 00:55:00,17.3849717216324,78.48515380109562,30,68,Low,2,0,0,0,0,7,8,2026,0,4,0,2,55,Night,No Alternate Route,0
2026-08-07 01:00:00,17.49437639389201,78.391577049893,68,77,Low,2,3,1,0,1,7,8,2026,0,4,0,2,0,Night,No Alternate Route,0
2026-08-07 01:05:00,17.41438329645698,78.44973469251184,48,79,Low,2,1,0,0,1,7,8,2026,0,4,0,2,5,Night,No Alternate Route,0
2026-08-07 01:10:00,17.49626978269981,78.38970070930466,45,77,Low,2,3,0,0,1,7,8,2026,0,4,0,2,10,Night,No Alternate Route,0
2026-08-07 01:15:00,17.42485748711238,78.47284074564482,80,60,Low,1,4,0,0,1,7,8,2026,0,4,0,2,15,Night,No Alternate Route,0
2026-08-07 01:20:00,17.49659897463307,78.39354272185817,61,67,Low,0,3,2,0,1,7,8,2026,0,4,0,2,20,Night,No Alternate Route,0
2026-08-07 01:25:00,17.42287347761828,78.4719663940129,64,74,Low,2,4,1,0,1,7,8,2026,0,4,0,2,25,Night,No Alternate Route,0
2026-08-07 01:30:00,17.49550790057354,78.39105315863755,73,63,Low,2,3,0,0,1,7,8,2026,0,4,0,2,30,Night,No Alternate Route,0
2026-08-07 01:35:00,17.42298923744658,78.4733552060362,72,76,Low,1,4,1,0,1,7,8,2026,0,4,0,2,35,Night,No Alternate Route,0
2026-08-07 01:40:00,17.42453988796114,78.47297704485726,43,61,Low,2,4,1,0,1,7,8,2026,0,4,0,2,40,Night,No Alternate Route,0
2026-08-07 01:45:00,17.38347895309038,78.4867948848361,31,80,Low,3,0,0,0,1,7,8,2026,0,4,0,2,45,Night,No Alternate Route,0
2026-08-07 01:50:00,17.49614686446249,78.393545026687,71,80,Low,2,3,0,0,1,7,8,2026,0,4,0,2,50,Night,No Alternate Route,0
2026-08-07 01:55:00,17.49296847786185,78.39303410466553,34,68,Low,2,3,1,0,1,7,8,2026,0,4,0,2,55,Night,No Alternate Route,0
2026-08-07 02:00:00,17.38670112761696,78.48555301930425,80,74,Low,3,0,2,0,2,7,8,2026,0,4,0,2,0,Night,No Alternate Route,0
2026-08-07 02:05:00,17.49296182067911,78.39003661698743,75,77,Low,2,3,1,0,2,7,8,2026,0,4,0,2,5,Night,No Alternate Route,0
2026-08-07 02:10:00,17.38404001952497,78.4881439505603,56,72,Low,2,0,2,0,2,7,8,2026,0,4,0,2,10,Night,No Alternate Route,0
2026-08-07 02:15:00,17.42289096061904,78.47279257963197,42,76,Low,2,4,0,0,2,7,8,2026,0,4,0,2,15,Night,No Alternate Route,0
2026-08-07 02:20:00,17.41459887561819,78.44739187634642,25,75,Low,3,1,2,0,2,7,8,2026,0,4,0,2,20,Night,No Alternate Route,0
2026-08-07 02:25:00,17.42267579862196,78.47377211568893,47,66,Low,1,4,2,0,2,7,8,2026,0,4,0,2,25,Night,No Alternate Route,0
2026-08-07 02:30:00,17.41312899335473,78.44872031695992,64,74,Low,1,1,2,0,2,7,8,2026,0,4,0,2,30,Night,No Alternate Route,0
2026-08-07 02:35:00,17.49459251817682,78.39110611102257,35,74,Low,2,3,0,0,2,7,8,2026,0,4,0,2,35,Night,No Alternate Route,0
2026-08-07 02:40:00,17.38493502421134,78.48613341341057,24,78,Low,1,0,1,0,2,7,8,2026,0,4,0,2,40,Night,No Alternate Route,0
2026-08-07 02:45:00,17.42236737098254,78.47576573953144,60,76,Low,1,4,2,0,2,7,8,2026,0,4,0,2,45,Night,No Alternate Route,0
2026-08-07 02:50:00,17.4119624672652,78.44631667087052,26,65,Low,2,1,0,0,2,7,8,2026,0,4,0,2,50,Night,No Alternate Route,0
2026-08-07 02:55:00,17.38322983752991,78.48667972822679,32,64,Low,3,0,0,0,2,7,8,2026,0,4,0,2,55,Night,No Alternate Route,0
2026-08-07 03:00:00,17.42406661296005,78.47471160142061,70,63,Low,3,4,2,0,3,7,8,2026,0,4,0,2,0,Night,No Alternate Route,0
2026-08-07 03:05:00,17.4225354339828,78.47565654027373,64,73,Low,0,4,1,0,3,7,8,2026,0,4,0,2,5,Night,No Alternate Route,0
2026-08-07 03:10:00,17.44842819873395,78.38428720226267,71,67,Low,3,2,0,0,3,7,8,2026,0,4,0,2,10,Night,No Alternate Route,0
2026-08-07 03:15:00,17.38510677595827,78.48660969275117,49,75,Low,1,0,0,0,3,7,8,2026,0,4,0,2,15,Night,No Alternate Route,0
2026-08-07 03:20:00,17.4128296698066,78.44954670240226,59,73,Low,3,1,2,0,3,7,8,2026,0,4,0,2,20,Night,No Alternate Route,0
2026-08-07 03:25:00,17.38566699326553,78.4853154448597,23,75,Low,0,0,1,0,3,7,8,2026,0,4,0,2,25,Night,No Alternate Route,0
2026-08-07 03:30:00,17.38383359055121,78.48510250255099,42,75,Low,3,0,1,0,3,7,8,2026,0,4,0,2,30,Night,No Alternate Route,0
2026-08-07 03:35:00,17.38445155157408,78.48823462111643,73,61,Low,0,0,2,0,3,7,8,2026,0,4,0,2,35,Night,No Alternate Route,0
2026-08-07 03:40:00,17.44966519996687,78.38295846387493,79,79,Low,0,2,1,0,3,7,8,2026,0,4,0,2,40,Night,No Alternate Route,0
2026-08-07 03:45:00,17.49523719790206,78.3905998979911,34,78,Low,3,3,0,0,3,7,8,2026,0,4,0,2,45,Night,No Alternate Route,0
2026-08-07 03:50:00,17.42501347913004,78.47275229125542,40,69,Low,0,4,0,0,3,7,8,2026,0,4,0,2,50,Night,No Alternate Route,0
2026-08-07 03:55:00,17.44910799151258,78.3841036621394,58,63,Low,2,2,2,0,3,7,8,2026,0,4,0,2,55,Night,No Alternate Route,0
2026-08-07 04:00:00,17.49381423336076,78.39085312135124,49,67,Low,2,3,2,0,4,7,8,2026,0,4,0,2,0,Night,No Alternate Route,0
2026-08-07 04:05:00,17.4959794154448,78.39335664705617,71,67,Low,2,3,2,0,4,7,8,2026,0,4,0,2,5,Night,No Alternate Route,0
2026-08-07 04:10:00,17.49596742054352,78.39353761621527,66,80,Low,2,3,1,0,4,7,8,2026,0,4,0,2,10,Night,No Alternate Route,0
2026-08-07 04:15:00,17.45165483697457,78.38171900108752,34,69,Low,1,2,1,0,4,7,8,2026,0,4,0,2,15,Night,No Alternate Route,0
2026-08-07 04:20:00,17.42523521240675,78.47413456052742,79,72,Low,0,4,0,0,4,7,8,2026,0,4,0,2,20,Night,No Alternate Route,0
2026-08-07 04:25:00,17.49383301017898,78.39190543225212,40,79,Low,2,3,1,0,4,7,8,2026,0,4,0,2,25,Night,No Alternate Route,0
2026-08-07 04:30:00,17.41252475731422,78.4489505839731,51,77,Low,3,1,1,0,4,7,8,2026,0,4,0,2,30,Night,No Alternate Route,0
2026-08-07 04:35:00,17.4109520523793,78.45012018990728,27,79,Low,1,1,2,0,4,7,8,2026,0,4,0,2,35,Night,No Alternate Route,0
2026-08-07 04:40:00,17.49290978647462,78.39136820017085,76,66,Low,1,3,1,0,4,7,8,2026,0,4,0,2,40,Night,No Alternate Route,0
2026-08-07 04:45:00,17.49611841299344,78.39140463553377,29,67,Low,3,3,1,0,4,7,8,2026,0,4,0,2,45,Night,No Alternate Route,0
2026-08-07 04:50:00,17.41164630438387,78.44991530011,59,79,Low,0,1,0,1,4,7,8,2026,0,4,0,2,50,Night,No Alternate Route,0
2026-08-07 04:55:00,17.4502843341551,78.3827322762567,72,78,Low,2,2,1,0,4,7,8,2026,0,4,0,2,55,Night,No Alternate Route,0
2026-08-07 05:00:00,17.4139670269407,78.44991671691665,158,45,Moderate,2,1,2,0,5,7,8,2026,0,4,0,2,0,Morning,No Alternate Route,5
2026-08-07 05:05:00,17.38502777721182,78.4866733661171,133,45,Moderate,0,0,1,0,5,7,8,2026,0,4,0,2,5,Morning,No Alternate Route,5
2026-08-07 05:10:00,17.49493361967353,78.39303383068523,104,52,Moderate,0,3,2,0,5,7,8,2026,0,4,0,2,10,Morning,No Alternate Route,5
2026-08-07 05:15:00,17.49565941954159,78.39254499526268,120,45,Moderate,0,3,1,0,5,7,8,2026,0,4,0,2,15,Morning,No Alternate Route,5
2026-08-07 05:20:00,17.49552270081224,78.39341428389484,148,45,Moderate,2,3,2,0,5,7,8,2026,0,4,0,2,20,Morning,No Alternate Route,5
2026-08-07 05:25:00,17.49502714399145,78.39355339301794,160,45,Moderate,0,3,0,0,5,7,8,2026,0,4,0,2,25,Morning,No Alternate Route,5
2026-08-07 05:30:00,17.45072296254866,78.38367383870941,161,51,Moderate,1,2,0,0,5,7,8,2026,0,4,0,2,30,Morning,No Alternate Route,5
2026-08-07 05:35:00,17.41124317385897,78.44768955367917,121,40,Moderate,2,1,0,0,5,7,8,2026,0,4,0,2,35,Morning,No Alternate Route,5
2026-08-07 05:40:00,17.38686861196461,78.48514047596535,97,65,Low,2,0,2,0,5,7,8,2026,0,4,0,2,40,Morning,No Alternate Route,0
2026-08-07 05:45:00,17.49626425932376,78.39210255143415,129,57,Moderate,1,3,0,0,5,7,8,2026,0,4,0,2,45,Morning,No Alternate Route,5
2026-08-07 05:50:00,17.3830958751643,78.48543659611167,172,49,Moderate,2,0,0,0,5,7,8,2026,0,4,0,2,50,Morning,No Alternate Route,5
2026-08-07 05:55:00,17.49653295148358,78.3929025376911,151,40,Moderate,1,3,1,0,5,7,8,2026,0,4,0,2,55,Morning,No Alternate Route,5
2026-08-07 06:00:00,17.41154674382075,78.4468029256996,137,45,Moderate,0,1,0,0,6,7,8,2026,0,4,0,2,0,Morning,No Alternate Route,5
2026-08-07 06:05:00,17.49298096043862,78.39311387896745,172,43,Moderate,0,3,0,0,6,7,8,2026,0,4,0,2,5,Morning,No Alternate Route,5
2026-08-07 06:10:00,17.41331898001299,78.44859646727953,113,41,Moderate,0,1,2,0,6,7,8,2026,0,4,0,2,10,Morning,No Alternate Route,5
2026-08-07 06:15:00,17.38670700040788,78.484752850708,134,47,Moderate,0,0,2,0,6,7,8,2026,0,4,0,2,15,Morning,No Alternate Route,5
2026-08-07 06:20:00,17.44974610969166,78.3815000481374,177,49,Moderate,0,2,1,0,6,7,8,2026,0,4,0,2,20,Morning,No Alternate Route,5
2026-08-07 06:25:00,17.42565562833754,78.47542967251593,166,54,Moderate,3,4,2,0,6,7,8,2026,0,4,0,2,25,Morning,No Alternate Route,5
2026-08-07 06:30:00,17.41413091523248,78.44970511308304,152,40,Moderate,1,1,2,0,6,7,8,2026,0,4,0,2,30,Morning,No Alternate Route,5
2026-08-07 06:35:00,17.42455678811834,78.47240864588757,119,55,Moderate,3,4,2,0,6,7,8,2026,0,4,0,2,35,Morning,No Alternate Route,5
2026-08-07 06:40:00,17.42272489070276,78.47327369251167,158,49,Moderate,3,4,0,0,6,7,8,2026,0,4,0,2,40,Morning,No Alternate Route,5
2026-08-07 06:45:00,17.38316921088368,78.48589853690886,129,59,Moderate,2,0,0,0,6,7,8,2026,0,4,0,2,45,Morning,No Alternate Route,5
2026-08-07 06:50:00,17.4108872183089,78.44989571518438,136,42,Moderate,0,1,1,0,6,7,8,2026,0,4,0,2,50,Morning,No Alternate Route,5
2026-08-07 06:55:00,17.4247094918359,78.47518905863755,111,55,Moderate,1,4,1,0,6,7,8,2026,0,4,0,2,55,Morning,No Alternate Route,5
2026-08-07 07:00:00,17.4229465119268,78.47451858559315,695,16,Severe,2,4,1,0,7,7,8,2026,0,4,0,1,0,Morning,No Alternate Route,30
2026-08-07 07:05:00,17.4943990921849,78.39196731337229,567,35,High,3,3,1,0,7,7,8,2026,0,4,0,1,5,Morning,No Alternate Route,15
2026-08-07 07:10:00,17.41396040839964,78.44880660167854,596,23,High,2,1,2,0,7,7,8,2026,0,4,0,1,10,Morning,No Alternate Route,15
2026-08-07 07:15:00,17.41327200898637,78.44910300083494,473,33,High,3,1,2,0,7,7,8,2026,0,4,0,1,15,Morning,No Alternate Route,15
2026-08-07 07:20:00,17.49290568562352,78.392137432295,585,26,High,0,3,1,0,7,7,8,2026,0,4,0,1,20,Morning,No Alternate Route,15
2026-08-07 07:25:00,17.38623995043925,78.48493641885942,695,13,Severe,0,0,1,0,7,7,8,2026,0,4,0,1,25,Morning,No Alternate Route,30
2026-08-07 07:30:00,17.44858734725561,78.38073105698737,468,32,High,3,2,2,0,7,7,8,2026,0,4,0,1,30,Morning,No Alternate Route,15
2026-08-07 07:35:00,17.42423255671129,78.4726505015172,483,33,High,1,4,0,0,7,7,8,2026,0,4,0,1,35,Morning,No Alternate Route,15
2026-08-07 07:40:00,17.42232256808164,78.47369291192543,661,18,Severe,1,4,1,0,7,7,8,2026,0,4,0,1,40,Morning,No Alternate Route,30
2026-08-07 07:45:00,17.42374174462315,78.47529971954927,626,12,Severe,2,4,1,0,7,7,8,2026,0,4,0,1,45,Morning,No Alternate Route,30
2026-08-07 07:50:00,17.38476427206979,78.48580203041344,522,30,High,1,0,1,0,7,7,8,2026,0,4,0,1,50,Morning,No Alternate Route,15
2026-08-07 07:55:00,17.45092108358276,78.38398427403351,494,21,High,0,2,2,0,7,7,8,2026,0,4,0,1,55,Morning,No Alternate Route,15
2026-08-07 08:00:00,17.42283720468674,78.47197226458005,632,15,Severe,0,4,0,0,8,7,8,2026,0,4,0,1,0,Morning,No Alternate Route,30
2026-08-07 08:05:00,17.41447502627899,78.4489415320766,524,33,High,1,1,1,0,8,7,8,2026,0,4,0,1,5,Morning,No Alternate Route,15
2026-08-07 08:10:00,17.49349769549329,78.39029763337872,600,39,High,1,3,0,0,8,7,8,2026,0,4,0,1,10,Morning,No Alternate Route,15
2026-08-07 08:15:00,17.4952420884805,78.39009163430292,556,37,High,2,3,1,0,8,7,8,2026,0,4,0,1,15,Morning,No Alternate Route,15
2026-08-07 08:20:00,17.42556302737342,78.47527245085722,570,23,High,1,4,1,0,8,7,8,2026,0,4,0,1,20,Morning,No Alternate Route,15
2026-08-07 08:25:00,17.45217912112069,78.3821089490296,485,20,High,3,2,0,0,8,7,8,2026,0,4,0,1,25,Morning,No Alternate Route,15
2026-08-07 08:30:00,17.42375504436413,78.47357620139789,499,40,High,2,4,2,0,8,7,8,2026,0,4,0,1,30,Morning,No Alternate Route,15
2026-08-07 08:35:00,17.38686029112265,78.48583737365544,681,20,Severe,1,0,2,0,8,7,8,2026,0,4,0,1,35,Morning,No Alternate Route,30
2026-08-07 08:40:00,17.4126282457777,78.4465748801978,690,15,Severe,2,1,2,0,8,7,8,2026,0,4,0,1,40,Morning,No Alternate Route,30
2026-08-07 08:45:00,17.42473163470419,78.47185237015002,463,22,High,0,4,0,0,8,7,8,2026,0,4,0,1,45,Morning,No Alternate Route,15
2026-08-07 08:50:00,17.41397921690334,78.44648000321884,487,25,High,3,1,2,0,8,7,8,2026,0,4,0,1,50,Morning,No Alternate Route,15
2026-08-07 08:55:00,17.41243478182801,78.44852092610812,558,27,High,0,1,1,0,8,7,8,2026,0,4,0,1,55,Morning,No Alternate Route,15
2026-08-07 09:00:00,17.45196252436359,78.38448175637086,574,39,High,3,2,1,0,9,7,8,2026,0,4,0,1,0,Morning,No Alternate Route,15
2026-08-07 09:05:00,17.4236322740731,78.47356697306236,458,20,High,1,4,0,0,9,7,8,2026,0,4,0,1,5,Morning,No Alternate Route,15
2026-08-07 09:10:00,17.45206093850367,78.38281217102399,566,25,High,1,2,2,0,9,7,8,2026,0,4,0,1,10,Morning,No Alternate Route,15
2026-08-07 09:15:00,17.44944251270551,78.38107572447348,551,24,High,0,2,0,0,9,7,8,2026,0,4,0,1,15,Morning,No Alternate Route,15
2026-08-07 09:20:00,17.44961164057221,78.38254344531458,600,39,High,1,2,2,0,9,7,8,2026,0,4,0,1,20,Morning,No Alternate Route,15
2026-08-07 09:25:00,17.41097781552397,78.44730046891489,598,38,High,0,1,0,0,9,7,8,2026,0,4,0,1,25,Morning,No Alternate Route,15
2026-08-07 09:30:00,17.41445735556843,78.44631498786543,576,27,High,1,1,1,0,9,7,8,2026,0,4,0,1,30,Morning,No Alternate Route,15
2026-08-07 09:35:00,17.49663251638702,78.38979109077525,458,36,High,0,3,1,0,9,7,8,2026,0,4,0,1,35,Morning,No Alternate Route,15
2026-08-07 09:40:00,17.41397319617956,78.44801823539733,495,21,High,0,1,2,0,9,7,8,2026,0,4,0,1,40,Morning,No Alternate Route,15
2026-08-07 09:45:00,17.49568246395447,78.39205122194457,503,33,High,2,3,1,0,9,7,8,2026,0,4,0,1,45,Morning,No Alternate Route,15
2026-08-07 09:50:00,17.4515891717168,78.38177256404772,464,35,High,3,2,0,0,9,7,8,2026,0,4,0,1,50,Morning,No Alternate Route,15
2026-08-07 09:55:00,17.49632943527157,78.39294326156498,474,38,High,0,3,2,0,9,7,8,2026,0,4,0,1,55,Morning,No Alternate Route,15
2026-08-07 10:00:00,17.49410351634636,78.39055350753051,208,49,Moderate,0,3,1,0,10,7,8,2026,0,4,0,1,0,Morning,No Alternate Route,5
2026-08-07 10:05:00,17.41358833006517,78.44749324896122,255,60,Moderate,2,1,1,0,10,7,8,2026,0,4,0,1,5,Morning,No Alternate Route,5
2026-08-07 10:10:00,17.42303148500501,78.47220246495849,181,54,Moderate,2,4,2,0,10,7,8,2026,0,4,0,1,10,Morning,No Alternate Route,5
2026-08-07 10:15:00,17.38360522439077,78.4881044849898,237,42,Moderate,0,0,2,0,10,7,8,2026,0,4,0,1,15,Morning,No Alternate Route,5
2026-08-07 10:20:00,17.38618176735496,78.48710492760368,338,37,High,0,0,0,0,10,7,8,2026,0,4,0,1,20,Morning,No Alternate Route,15
2026-08-07 10:25:00,17.41200535878961,78.44760146064424,267,50,Moderate,1,1,1,0,10,7,8,2026,0,4,0,1,25,Morning,No Alternate Route,5
2026-08-07 10:30:00,17.38570119410866,78.48825315434262,276,52,Moderate,2,0,2,0,10,7,8,2026,0,4,0,1,30,Morning,No Alternate Route,5
2026-08-07 10:35:00,17.49335698103179,78.3921524407735,188,50,Moderate,3,3,2,0,10,7,8,2026,0,4,0,1,35,Morning,No Alternate Route,5
2026-08-07 10:40:00,17.44938383629224,78.38340149057225,192,56,Moderate,2,2,2,0,10,7,8,2026,0,4,0,1,40,Morning,No Alternate Route,5
2026-08-07 10:45:00,17.41061679912248,78.449096352208,295,47,Moderate,3,1,2,0,10,7,8,2026,0,4,0,1,45,Morning,No Alternate Route,5
2026-08-07 10:50:00,17.4112811245396,78.45010139656961,331,24,High,2,1,2,0,10,7,8,2026,0,4,0,1,50,Morning,No Alternate Route,15
2026-08-07 10:55:00,17.38308617906343,78.4851103806766,182,59,Moderate,0,0,0,0,10,7,8,2026,0,4,0,1,55,Morning,No Alternate Route,5
2026-08-07 11:00:00,17.45087795245077,78.38094033184001,338,37,High,1,2,2,0,11,7,8,2026,0,4,0,2,0,Morning,No Alternate Route,15
2026-08-07 11:05:00,17.42569065662234,78.47395506704245,348,29,High,3,4,0,0,11,7,8,2026,0,4,0,2,5,Morning,No Alternate Route,15
2026-08-07 11:10:00,17.41381998096889,78.44928873026869,212,41,Moderate,0,1,2,0,11,7,8,2026,0,4,0,2,10,Morning,No Alternate Route,5
2026-08-07 11:15:00,17.45098691216563,78.38265752836999,342,20,High,2,2,1,0,11,7,8,2026,0,4,0,2,15,Morning,No Alternate Route,15
2026-08-07 11:20:00,17.38450209164738,78.48697422907901,201,44,Moderate,3,0,0,0,11,7,8,2026,0,4,0,2,20,Morning,No Alternate Route,5
2026-08-07 11:25:00,17.42554840490888,78.47458851394506,185,51,Moderate,3,4,2,0,11,7,8,2026,0,4,0,2,25,Morning,No Alternate Route,5
2026-08-07 11:30:00,17.42246767256539,78.47232291547809,230,45,Moderate,2,4,2,0,11,7,8,2026,0,4,0,2,30,Morning,No Alternate Route,5
2026-08-07 11:35:00,17.44914152453489,78.38248833319194,281,50,Moderate,1,2,0,0,11,7,8,2026,0,4,0,2,35,Morning,No Alternate Route,5
2026-08-07 11:40:00,17.38675190033221,78.48655037639098,344,22,High,2,0,0,0,11,7,8,2026,0,4,0,2,40,Morning,No Alternate Route,15
2026-08-07 11:45:00,17.45098772250252,78.3845833162107,291,52,Moderate,1,2,0,0,11,7,8,2026,0,4,0,2,45,Morning,No Alternate Route,5
2026-08-07 11:50:00,17.41443653379867,78.44983848902612,232,49,Moderate,1,1,1,0,11,7,8,2026,0,4,0,2,50,Morning,No Alternate Route,5
2026-08-07 11:55:00,17.42459966663471,78.47289413168066,297,40,Moderate,0,4,0,0,11,7,8,2026,0,4,0,2,55,Morning,No Alternate Route,5
2026-08-07 12:00:00,17.49486629142221,78.3931520865242,275,44,Moderate,1,3,2,0,12,7,8,2026,0,4,0,2,0,Afternoon,No Alternate Route,5
2026-08-07 12:05:00,17.49398401168687,78.39328754089088,313,21,High,3,3,0,0,12,7,8,2026,0,4,0,2,5,Afternoon,No Alternate Route,15
2026-08-07 12:10:00,17.38658999771035,78.48779490452544,250,45,Moderate,2,0,1,0,12,7,8,2026,0,4,0,2,10,Afternoon,No Alternate Route,5
2026-08-07 12:15:00,17.38347228989006,78.48770923893358,291,45,Moderate,1,0,2,0,12,7,8,2026,0,4,0,2,15,Afternoon,No Alternate Route,5
2026-08-07 12:20:00,17.38451998225077,78.48811210720909,195,55,Moderate,3,0,2,0,12,7,8,2026,0,4,0,2,20,Afternoon,No Alternate Route,5
2026-08-07 12:25:00,17.44986702977916,78.38129576242146,271,56,Moderate,0,2,1,0,12,7,8,2026,0,4,0,2,25,Afternoon,No Alternate Route,5
2026-08-07 12:30:00,17.49285252213185,78.39110833143032,314,36,High,1,3,1,0,12,7,8,2026,0,4,0,2,30,Afternoon,No Alternate Route,15
2026-08-07 12:35:00,17.49533721690578,78.3921373135783,331,35,High,3,3,1,0,12,7,8,2026,0,4,0,2,35,Afternoon,No Alternate Route,15
2026-08-07 12:40:00,17.38491187602105,78.48541647597439,311,39,High,0,0,1,0,12,7,8,2026,0,4,0,2,40,Afternoon,No Alternate Route,15
2026-08-07 12:45:00,17.38316488302926,78.48780182833622,318,30,High,3,0,0,0,12,7,8,2026,0,4,0,2,45,Afternoon,No Alternate Route,15
2026-08-07 12:50:00,17.41240507215967,78.44911084774536,268,49,Moderate,0,1,0,0,12,7,8,2026,0,4,0,2,50,Afternoon,No Alternate Route,5
2026-08-07 12:55:00,17.44993791293821,78.38075541559152,245,58,Moderate,1,2,2,0,12,7,8,2026,0,4,0,2,55,Afternoon,No Alternate Route,5
2026-08-07 13:00:00,17.44984115859903,78.38349658899041,184,48,Moderate,0,2,0,0,13,7,8,2026,0,4,0,2,0,Afternoon,No Alternate Route,5
2026-08-07 13:05:00,17.42324839616234,78.47389182955378,182,41,Moderate,3,4,0,0,13,7,8,2026,0,4,0,2,5,Afternoon,No Alternate Route,5
2026-08-07 13:10:00,17.49590563080047,78.39087835907605,227,40,Moderate,1,3,0,0,13,7,8,2026,0,4,0,2,10,Afternoon,No Alternate Route,5
2026-08-07 13:15:00,17.41146793487548,78.45013096315414,188,58,Moderate,2,1,2,0,13,7,8,2026,0,4,0,2,15,Afternoon,No Alternate Route,5
2026-08-07 13:20:00,17.45121700935778,78.38060901157809,302,20,High,2,2,0,0,13,7,8,2026,0,4,0,2,20,Afternoon,No Alternate Route,15
2026-08-07 13:25:00,17.41432617245796,78.44903096180387,286,46,Moderate,1,1,1,0,13,7,8,2026,0,4,0,2,25,Afternoon,No Alternate Route,5
2026-08-07 13:30:00,17.41128150919317,78.44795348809653,226,58,Moderate,3,1,0,0,13,7,8,2026,0,4,0,2,30,Afternoon,No Alternate Route,5
2026-08-07 13:35:00,17.38544544579676,78.48472622813541,302,36,High,3,0,2,0,13,7,8,2026,0,4,0,2,35,Afternoon,No Alternate Route,15
2026-08-07 13:40:00,17.38335369338924,78.48550411311969,190,50,Moderate,1,0,1,0,13,7,8,2026,0,4,0,2,40,Afternoon,No Alternate Route,5
2026-08-07 13:45:00,17.42293937047277,78.47350692305022,199,48,Moderate,0,4,1,1,13,7,8,2026,0,4,0,2,45,Afternoon,No Alternate Route,5
2026-08-07 13:50:00,17.44966585163254,78.38308422444554,182,44,Moderate,2,2,1,0,13,7,8,2026,0,4,0,2,50,Afternoon,No Alternate Route,5
2026-08-07 13:55:00,17.44874824636711,78.38458972713204,234,58,Moderate,1,2,1,0,13,7,8,2026,0,4,0,2,55,Afternoon,No Alternate Route,5
2026-08-07 14:00:00,17.44938492056769,78.3836961445433,329,28,High,3,2,1,0,14,7,8,2026,0,4,0,2,0,Afternoon,No Alternate Route,15
2026-08-07 14:05:00,17.41413870361581,78.44970564904989,260,60,Moderate,0,1,2,0,14,7,8,2026,0,4,0,2,5,Afternoon,No Alternate Route,5
2026-08-07 14:10:00,17.49357617890978,78.39316435163731,338,39,High,0,3,1,0,14,7,8,2026,0,4,0,2,10,Afternoon,No Alternate Route,15
2026-08-07 14:15:00,17.49515411484627,78.39227311843835,243,41,Moderate,1,3,2,0,14,7,8,2026,0,4,0,2,15,Afternoon,No Alternate Route,5
2026-08-07 14:20:00,17.44984114623384,78.38434803182054,212,45,Moderate,3,2,1,0,14,7,8,2026,0,4,0,2,20,Afternoon,No Alternate Route,5
2026-08-07 14:25:00,17.44900716193976,78.38327168966771,297,49,Moderate,2,2,1,0,14,7,8,2026,0,4,0,2,25,Afternoon,No Alternate Route,5
2026-08-07 14:30:00,17.42278685153009,78.47473089558707,236,55,Moderate,3,4,1,0,14,7,8,2026,0,4,0,2,30,Afternoon,No Alternate Route,5
2026-08-07 14:35:00,17.44867631962527,78.38193536321123,275,57,Moderate,3,2,1,0,14,7,8,2026,0,4,0,2,35,Afternoon,No Alternate Route,5
2026-08-07 14:40:00,17.38677846818824,78.48807940937805,181,42,Moderate,3,0,2,0,14,7,8,2026,0,4,0,2,40,Afternoon,No Alternate Route,5
2026-08-07 14:45:00,17.38364517273215,78.48486186999256,237,44,Moderate,2,0,1,0,14,7,8,2026,0,4,0,2,45,Afternoon,No Alternate Route,5
2026-08-07 14:50:00,17.38504959857286,78.48650478272668,194,60,Moderate,3,0,1,0,14,7,8,2026,0,4,0,2,50,Afternoon,No Alternate Route,5
2026-08-07 14:55:00,17.38511048717359,78.48538031575728,298,46,Moderate,1,0,0,0,14,7,8,2026,0,4,0,2,55,Afternoon,No Alternate Route,5
2026-08-07 15:00:00,17.38368349231105,78.48765725809702,225,43,Moderate,2,0,1,0,15,7,8,2026,0,4,0,2,0,Afternoon,No Alternate Route,5
2026-08-07 15:05:00,17.49517109877873,78.39288186143848,205,45,Moderate,2,3,1,0,15,7,8,2026,0,4,0,2,5,Afternoon,No Alternate Route,5
2026-08-07 15:10:00,17.41305331870757,78.44796565719676,311,31,High,2,1,2,0,15,7,8,2026,0,4,0,2,10,Afternoon,No Alternate Route,15
2026-08-07 15:15:00,17.42348977623422,78.47566396972525,196,46,Moderate,0,4,1,0,15,7,8,2026,0,4,0,2,15,Afternoon,No Alternate Route,5
2026-08-07 15:20:00,17.49662495397277,78.39107274769889,219,45,Moderate,3,3,0,0,15,7,8,2026,0,4,0,2,20,Afternoon,No Alternate Route,5
2026-08-07 15:25:00,17.4221119510321,78.47381650210117,346,40,High,0,4,1,0,15,7,8,2026,0,4,0,2,25,Afternoon,No Alternate Route,15
2026-08-07 15:30:00,17.45152488912048,78.38296037933661,197,51,Moderate,3,2,0,0,15,7,8,2026,0,4,0,2,30,Afternoon,No Alternate Route,5
2026-08-07 15:35:00,17.45026419769702,78.38245859324496,241,53,Moderate,0,2,1,0,15,7,8,2026,0,4,0,2,35,Afternoon,No Alternate Route,5
2026-08-07 15:40:00,17.38306873728006,78.48641738256,192,40,Moderate,1,0,0,0,15,7,8,2026,0,4,0,2,40,Afternoon,No Alternate Route,5
2026-08-07 15:45:00,17.49461661356376,78.39287323057442,269,57,Moderate,1,3,2,0,15,7,8,2026,0,4,0,2,45,Afternoon,No Alternate Route,5
2026-08-07 15:50:00,17.42391273745133,78.47293828903582,276,59,Moderate,3,4,0,0,15,7,8,2026,0,4,0,2,50,Afternoon,No Alternate Route,5
2026-08-07 15:55:00,17.4494505160294,78.38063099373916,253,60,Moderate,0,2,0,0,15,7,8,2026,0,4,0,2,55,Afternoon,No Alternate Route,5
2026-08-07 16:00:00,17.45013325128684,78.38222251552342,304,37,High,3,2,2,0,16,7,8,2026,0,4,0,2,0,Afternoon,No Alternate Route,15
2026-08-07 16:05:00,17.45127320520558,78.3840096525917,419,33,High,3,2,1,0,16,7,8,2026,0,4,0,2,5,Afternoon,No Alternate Route,15
2026-08-07 16:10:00,17.42274068313003,78.47359114057363,417,33,High,2,4,1,0,16,7,8,2026,0,4,0,2,10,Afternoon,No Alternate Route,15
2026-08-07 16:15:00,17.49307948871435,78.38994917554946,344,38,High,0,3,0,0,16,7,8,2026,0,4,0,2,15,Afternoon,No Alternate Route,15
2026-08-07 16:20:00,17.49389496100831,78.3905223359958,467,35,High,3,3,0,0,16,7,8,2026,0,4,0,2,20,Afternoon,No Alternate Route,15
2026-08-07 16:25:00,17.38512204669911,78.48847073359548,327,40,High,3,0,1,0,16,7,8,2026,0,4,0,2,25,Afternoon,No Alternate Route,15
2026-08-07 16:30:00,17.38509490536134,78.48681536659929,439,35,High,1,0,2,0,16,7,8,2026,0,4,0,2,30,Afternoon,No Alternate Route,15
2026-08-07 16:35:00,17.42343914047225,78.4719738861455,355,32,High,1,4,0,0,16,7,8,2026,0,4,0,2,35,Afternoon,No Alternate Route,15
2026-08-07 16:40:00,17.41090629528142,78.44805437269927,330,33,High,2,1,0,1,16,7,8,2026,0,4,0,2,40,Afternoon,No Alternate Route,15
2026-08-07 16:45:00,17.41410679322504,78.44712294468752,405,26,High,2,1,2,0,16,7,8,2026,0,4,0,2,45,Afternoon,No Alternate Route,15
2026-08-07 16:50:00,17.45164257003796,78.38393848244127,367,40,High,2,2,2,0,16,7,8,2026,0,4,0,2,50,Afternoon,No Alternate Route,15
2026-08-07 16:55:00,17.44958317535817,78.3817302948608,473,35,High,1,2,2,0,16,7,8,2026,0,4,0,2,55,Afternoon,No Alternate Route,15
2026-08-07 17:00:00,17.38611615946706,78.48680451865113,381,33,High,3,0,2,0,17,7,8,2026,0,4,0,0,0,Evening,No Alternate Route,15
2026-08-07 17:05:00,17.45088017957309,78.38205228848561,319,22,High,1,2,1,0,17,7,8,2026,0,4,0,0,5,Evening,No Alternate Route,15
2026-08-07 17:10:00,17.41343043115074,78.44986012898298,323,30,High,0,1,1,0,17,7,8,2026,0,4,0,0,10,Evening,No Alternate Route,15
2026-08-07 17:15:00,17.384293781447,78.48835066666753,357,38,High,0,0,1,0,17,7,8,2026,0,4,0,0,15,Evening,No Alternate Route,15
2026-08-07 17:20:00,17.49465690387445,78.39359481885133,437,39,High,0,3,0,0,17,7,8,2026,0,4,0,0,20,Evening,No Alternate Route,15
2026-08-07 17:25:00,17.41109879687489,78.44703641099264,325,32,High,1,1,1,0,17,7,8,2026,0,4,0,0,25,Evening,No Alternate Route,15
2026-08-07 17:30:00,17.4145650912448,78.4490426411321,434,38,High,2,1,1,0,17,7,8,2026,0,4,0,0,30,Evening,No Alternate Route,15
2026-08-07 17:35:00,17.41096061751225,78.44796343429165,423,31,High,3,1,1,0,17,7,8,2026,0,4,0,0,35,Evening,No Alternate Route,15
2026-08-07 17:40:00,17.49550428351575,78.3936628673338,397,21,High,1,3,1,0,17,7,8,2026,0,4,0,0,40,Evening,No Alternate Route,15
2026-08-07 17:45:00,17.42450248095942,78.4742308003921,370,35,High,1,4,0,0,17,7,8,2026,0,4,0,0,45,Evening,No Alternate Route,15
2026-08-07 17:50:00,17.49465220184833,78.39060412415223,472,27,High,2,3,2,0,17,7,8,2026,0,4,0,0,50,Evening,No Alternate Route,15
2026-08-07 17:55:00,17.49583999904513,78.39293294331593,340,29,High,3,3,2,0,17,7,8,2026,0,4,0,0,55,Evening,No Alternate Route,15
2026-08-07 18:00:00,17.41392576967273,78.44881119586144,643,15,Severe,2,1,1,0,18,7,8,2026,0,4,0,0,0,Evening,No Alternate Route,30
2026-08-07 18:05:00,17.41423765832647,78.44923155700961,651,13,Severe,2,1,1,0,18,7,8,2026,0,4,0,0,5,Evening,No Alternate Route,30
2026-08-07 18:10:00,17.41102229574031,78.44700866568267,635,13,Severe,3,1,0,0,18,7,8,2026,0,4,0,0,10,Evening,No Alternate Route,30
2026-08-07 18:15:00,17.45042614876677,78.38433122016413,621,15,Severe,3,2,1,0,18,7,8,2026,0,4,0,0,15,Evening,No Alternate Route,30
2026-08-07 18:20:00,17.4507825975037,78.38074249043024,634,20,Severe,1,2,1,0,18,7,8,2026,0,4,0,0,20,Evening,No Alternate Route,30
2026-08-07 18:25:00,17.38372800621428,78.48812943147375,786,12,Severe,2,0,0,0,18,7,8,2026,0,4,0,0,25,Evening,No Alternate Route,30
2026-08-07 18:30:00,17.41135516420296,78.44943203249053,728,13,Severe,3,1,0,0,18,7,8,2026,0,4,0,0,30,Evening,No Alternate Route,30
2026-08-07 18:35:00,17.49366013346538,78.39330842581819,676,10,Severe,1,3,1,0,18,7,8,2026,0,4,0,0,35,Evening,No Alternate Route,30
2026-08-07 18:40:00,17.42216042994427,78.47466460409579,508,22,High,1,4,1,0,18,7,8,2026,0,4,0,0,40,Evening,No Alternate Route,15
2026-08-07 18:45:00,17.49416535938499,78.3916805604999,592,29,High,3,3,0,0,18,7,8,2026,0,4,0,0,45,Evening,No Alternate Route,15
2026-08-07 18:50:00,17.41238357194775,78.44886235493708,584,35,High,2,1,2,0,18,7,8,2026,0,4,0,0,50,Evening,No Alternate Route,15
2026-08-07 18:55:00,17.41384503869743,78.44856125563194,564,38,High,2,1,2,0,18,7,8,2026,0,4,0,0,55,Evening,No Alternate Route,15
2026-08-07 19:00:00,17.44848609064077,78.38079129168516,609,11,Severe,2,2,2,0,19,7,8,2026,0,4,0,0,0,Evening,No Alternate Route,30
2026-08-07 19:05:00,17.44865128439609,78.3833117881091,510,30,High,0,2,0,0,19,7,8,2026,0,4,0,0,5,Evening,No Alternate Route,15
2026-08-07 19:10:00,17.49370588809106,78.39275505429951,729,19,Severe,1,3,0,0,19,7,8,2026,0,4,0,0,10,Evening,No Alternate Route,30
2026-08-07 19:15:00,17.45018595559628,78.38191432249491,798,20,Severe,1,2,1,0,19,7,8,2026,0,4,0,0,15,Evening,No Alternate Route,30
2026-08-07 19:20:00,17.38694923084088,78.48516307090827,653,10,Severe,2,0,0,0,19,7,8,2026,0,4,0,0,20,Evening,No Alternate Route,30
2026-08-07 19:25:00,17.49513096700262,78.39154657990137,752,13,Severe,0,3,2,0,19,7,8,2026,0,4,0,0,25,Evening,No Alternate Route,30
2026-08-07 19:30:00,17.45026833667538,78.38074245734711,555,28,High,0,2,1,0,19,7,8,2026,0,4,0,0,30,Evening,No Alternate Route,15
2026-08-07 19:35:00,17.38466880863731,78.4879031787328,794,18,Severe,0,0,1,0,19,7,8,2026,0,4,0,0,35,Evening,No Alternate Route,30
2026-08-07 19:40:00,17.42489966996677,78.47566063382467,599,23,High,3,4,0,0,19,7,8,2026,0,4,0,0,40,Evening,No Alternate Route,15
2026-08-07 19:45:00,17.38630412157731,78.48856546289659,664,13,Severe,2,0,1,0,19,7,8,2026,0,4,0,0,45,Evening,No Alternate Route,30
2026-08-07 19:50:00,17.41341931207939,78.44824882803444,764,19,Severe,3,1,0,0,19,7,8,2026,0,4,0,0,50,Evening,No Alternate Route,30
2026-08-07 19:55:00,17.49631396852099,78.391212709619,727,19,Severe,2,3,1,0,19,7,8,2026,0,4,0,0,55,Evening,No Alternate Route,30
2026-08-07 20:00:00,17.41239077152654,78.44914264058767,678,12,Severe,3,1,1,0,20,7,8,2026,0,4,0,0,0,Evening,No Alternate Route,30
2026-08-07 20:05:00,17.49416790950433,78.39226080023768,625,12,Severe,3,3,1,0,20,7,8,2026,0,4,0,0,5,Evening,No Alternate Route,30
2026-08-07 20:10:00,17.4933195016632,78.39178461971933,754,20,Severe,3,3,0,0,20,7,8,2026,0,4,0,0,10,Evening,No Alternate Route,30
2026-08-07 20:15:00,17.45004550288097,78.3816966261789,663,14,Severe,0,2,0,0,20,7,8,2026,0,4,0,0,15,Evening,No Alternate Route,30
2026-08-07 20:20:00,17.41292307447891,78.44792400761428,662,16,Severe,1,1,1,0,20,7,8,2026,0,4,0,0,20,Evening,No Alternate Route,30
2026-08-07 20:25:00,17.49451064393277,78.38978773725161,680,11,Severe,3,3,1,0,20,7,8,2026,0,4,0,0,25,Evening,No Alternate Route,30
2026-08-07 20:30:00,17.42376645505501,78.47265120626456,659,10,Severe,1,4,1,0,20,7,8,2026,0,4,0,0,30,Evening,No Alternate Route,30
2026-08-07 20:35:00,17.41270861299616,78.44901206055974,715,11,Severe,2,1,0,0,20,7,8,2026,0,4,0,0,35,Evening,No Alternate Route,30
2026-08-07 20:40:00,17.42366668600604,78.4754933861891,667,19,Severe,1,4,2,0,20,7,8,2026,0,4,0,0,40,Evening,No Alternate Route,30
2026-08-07 20:45:00,17.49435435701628,78.39230295462995,797,19,Severe,0,3,0,0,20,7,8,2026,0,4,0,0,45,Evening,No Alternate Route,30
2026-08-07 20:50:00,17.41079631816635,78.44834779728386,505,34,High,3,1,0,0,20,7,8,2026,0,4,0,0,50,Evening,No Alternate Route,15
2026-08-07 20:55:00,17.49447570425961,78.39141478399472,782,17,Severe,2,3,1,0,20,7,8,2026,0,4,0,0,55,Evening,No Alternate Route,30
2026-08-07 21:00:00,17.4237267819391,78.47303471492627,134,55,Moderate,2,4,0,0,21,7,8,2026,0,4,0,0,0,Night,No Alternate Route,5
2026-08-07 21:05:00,17.49661742434659,78.39320420984802,100,77,Low,3,3,2,0,21,7,8,2026,0,4,0,0,5,Night,No Alternate Route,0
2026-08-07 21:10:00,17.44885907158406,78.38344612352931,113,40,Moderate,0,2,1,0,21,7,8,2026,0,4,0,0,10,Night,No Alternate Route,5
2026-08-07 21:15:00,17.42322508340985,78.4727862282215,123,43,Moderate,2,4,2,0,21,7,8,2026,0,4,0,0,15,Night,No Alternate Route,5
2026-08-07 21:20:00,17.45239135633987,78.38231554907613,156,40,Moderate,2,2,0,0,21,7,8,2026,0,4,0,0,20,Night,No Alternate Route,5
2026-08-07 21:25:00,17.42491366811431,78.47405149350452,111,47,Moderate,1,4,1,0,21,7,8,2026,0,4,0,0,25,Night,No Alternate Route,5
2026-08-07 21:30:00,17.41222376095463,78.44888059750339,140,49,Moderate,0,1,1,0,21,7,8,2026,0,4,0,0,30,Night,No Alternate Route,5
2026-08-07 21:35:00,17.42345978725001,78.47226083372189,162,56,Moderate,1,4,0,0,21,7,8,2026,0,4,0,0,35,Night,No Alternate Route,5
2026-08-07 21:40:00,17.49584434307812,78.39103509228691,87,72,Low,0,3,0,1,21,7,8,2026,0,4,0,0,40,Night,No Alternate Route,0
2026-08-07 21:45:00,17.42561523639946,78.47410313135946,149,44,Moderate,3,4,1,0,21,7,8,2026,0,4,0,0,45,Night,No Alternate Route,5
2026-08-07 21:50:00,17.42193426415204,78.4755481016056,172,53,Moderate,1,4,1,0,21,7,8,2026,0,4,0,0,50,Night,No Alternate Route,5
2026-08-07 21:55:00,17.49630915916326,78.39262568874733,112,57,Moderate,3,3,1,0,21,7,8,2026,0,4,0,0,55,Night,No Alternate Route,5
2026-08-07 22:00:00,17.49372639381201,78.39098375794651,86,67,Low,1,3,2,0,22,7,8,2026,0,4,0,2,0,Night,No Alternate Route,0
2026-08-07 22:05:00,17.41188634764439,78.4463304615982,87,62,Low,0,1,0,0,22,7,8,2026,0,4,0,2,5,Night,No Alternate Route,0
2026-08-07 22:10:00,17.38394723737025,78.4862757522886,173,42,Moderate,1,0,1,0,22,7,8,2026,0,4,0,2,10,Night,No Alternate Route,5
2026-08-07 22:15:00,17.49450006147338,78.39043498463644,86,79,Low,0,3,2,0,22,7,8,2026,0,4,0,2,15,Night,No Alternate Route,0
2026-08-07 22:20:00,17.42395747546271,78.47248141303352,138,58,Moderate,1,4,0,0,22,7,8,2026,0,4,0,2,20,Night,No Alternate Route,5
2026-08-07 22:25:00,17.49380713540332,78.38975856655101,153,54,Moderate,2,3,0,0,22,7,8,2026,0,4,0,2,25,Night,No Alternate Route,5
2026-08-07 22:30:00,17.49613113388912,78.39189096218058,148,51,Moderate,3,3,0,0,22,7,8,2026,0,4,0,2,30,Night,No Alternate Route,5
2026-08-07 22:35:00,17.38660201838888,78.48813657708031,164,57,Moderate,3,0,2,1,22,7,8,2026,0,4,0,2,35,Night,No Alternate Route,5
2026-08-07 22:40:00,17.45049567387428,78.3817676791196,151,51,Moderate,3,2,2,0,22,7,8,2026,0,4,0,2,40,Night,No Alternate Route,5
2026-08-07 22:45:00,17.38350827892397,78.48684287745239,127,59,Moderate,0,0,0,0,22,7,8,2026,0,4,0,2,45,Night,No Alternate Route,5
2026-08-07 22:50:00,17.42461106286993,78.47569472386343,176,48,Moderate,3,4,1,0,22,7,8,2026,0,4,0,2,50,Night,No Alternate Route,5
2026-08-07 22:55:00,17.42241586108384,78.47525271431259,107,49,Moderate,1,4,0,0,22,7,8,2026,0,4,0,2,55,Night,No Alternate Route,5
2026-08-07 23:00:00,17.383468925651,78.48577834829949,162,52,Moderate,1,0,1,0,23,7,8,2026,0,4,0,2,0,Night,No Alternate Route,5
2026-08-07 23:05:00,17.49671096709697,78.39208863592886,86,72,Low,2,3,0,0,23,7,8,2026,0,4,0,2,5,Night,No Alternate Route,0
2026-08-07 23:10:00,17.41409509803161,78.44725436024429,98,80,Low,0,1,0,0,23,7,8,2026,0,4,0,2,10,Night,No Alternate Route,0
2026-08-07 23:15:00,17.45000352275213,78.38327620815741,158,52,Moderate,2,2,0,0,23,7,8,2026,0,4,0,2,15,Night,No Alternate Route,5
2026-08-07 23:20:00,17.42455244128121,78.4755874932872,144,57,Moderate,1,4,0,0,23,7,8,2026,0,4,0,2,20,Night,No Alternate Route,5
2026-08-07 23:25:00,17.41295228554547,78.44712529652236,100,66,Low,0,1,1,1,23,7,8,2026,0,4,0,2,25,Night,No Alternate Route,0
2026-08-07 23:30:00,17.3849532677551,78.48695161833385,97,60,Low,2,0,1,0,23,7,8,2026,0,4,0,2,30,Night,No Alternate Route,0
2026-08-07 23:35:00,17.45046929161278,78.38117176442651,123,41,Moderate,1,2,0,0,23,7,8,2026,0,4,0,2,35,Night,No Alternate Route,5
2026-08-07 23:40:00,17.42197273079271,78.47423058712937,128,60,Moderate,2,4,2,0,23,7,8,2026,0,4,0,2,40,Night,No Alternate Route,5
2026-08-07 23:45:00,17.41235517233429,78.44657521490021,129,55,Moderate,0,1,1,0,23,7,8,2026,0,4,0,2,45,Night,No Alternate Route,5
2026-08-07 23:50:00,17.41391198934339,78.44680294547146,96,70,Low,0,1,1,0,23,7,8,2026,0,4,0,2,50,Night,No Alternate Route,0
2026-08-07 23:55:00,17.45166599384266,78.38336999604347,85,66,Low,3,2,2,0,23,7,8,2026,0,4,0,2,55,Night,No Alternate Route,0
2026-08-08 00:00:00,17.41105573984513,78.44951285506191,41,72,Low,0,1,0,0,0,8,8,2026,2,5,1,2,0,Night,No Alternate Route,0
2026-08-08 00:05:00,17.49527796325023,78.39362661631854,21,60,Low,0,3,1,0,0,8,8,2026,2,5,1,2,5,Night,No Alternate Route,0
2026-08-08 00:10:00,17.38311569014852,78.48491318838101,25,80,Low,1,0,1,0,0,8,8,2026,2,5,1,2,10,Night,No Alternate Route,0
2026-08-08 00:15:00,17.38677099200454,78.48542082290334,42,78,Low,1,0,2,0,0,8,8,2026,2,5,1,2,15,Night,No Alternate Route,0
2026-08-08 00:20:00,17.38540697714579,78.48802136182857,75,73,Low,0,0,0,0,0,8,8,2026,2,5,1,2,20,Night,No Alternate Route,0
2026-08-08 00:25:00,17.38603794700799,78.48499102047715,31,70,Low,3,0,0,0,0,8,8,2026,2,5,1,2,25,Night,No Alternate Route,0
2026-08-08 00:30:00,17.4932891590487,78.39172937108172,52,63,Low,3,3,1,0,0,8,8,2026,2,5,1,2,30,Night,No Alternate Route,0
2026-08-08 00:35:00,17.44929512996725,78.3822782732772,60,64,Low,1,2,0,0,0,8,8,2026,2,5,1,2,35,Night,No Alternate Route,0
2026-08-08 00:40:00,17.49605299123614,78.39363953060172,63,75,Low,0,3,1,0,0,8,8,2026,2,5,1,2,40,Night,No Alternate Route,0
2026-08-08 00:45:00,17.45205797234418,78.38191487682396,25,68,Low,1,2,1,0,0,8,8,2026,2,5,1,2,45,Night,No Alternate Route,0
2026-08-08 00:50:00,17.4225919914379,78.4724969915569,28,79,Low,1,4,0,0,0,8,8,2026,2,5,1,2,50,Night,No Alternate Route,0
2026-08-08 00:55:00,17.41241538221597,78.4471180223364,61,80,Low,0,1,0,0,0,8,8,2026,2,5,1,2,55,Night,No Alternate Route,0
2026-08-08 01:00:00,17.49578211193648,78.39156242377578,80,72,Low,3,3,0,0,1,8,8,2026,2,5,1,2,0,Night,No Alternate Route,0
2026-08-08 01:05:00,17.38633373072744,78.48635206431567,49,67,Low,0,0,1,0,1,8,8,2026,2,5,1,2,5,Night,No Alternate Route,0
2026-08-08 01:10:00,17.41112218487431,78.4479868677604,70,79,Low,2,1,1,0,1,8,8,2026,2,5,1,2,10,Night,No Alternate Route,0
2026-08-08 01:15:00,17.41340224809485,78.44962855692982,55,77,Low,3,1,0,1,1,8,8,2026,2,5,1,2,15,Night,No Alternate Route,0
2026-08-08 01:20:00,17.49437970334668,78.39045147237309,33,73,Low,0,3,0,0,1,8,8,2026,2,5,1,2,20,Night,No Alternate Route,0
2026-08-08 01:25:00,17.45099335292019,78.38376023370806,72,60,Low,0,2,1,0,1,8,8,2026,2,5,1,2,25,Night,No Alternate Route,0
2026-08-08 01:30:00,17.49478327163328,78.39298137819475,48,73,Low,2,3,0,0,1,8,8,2026,2,5,1,2,30,Night,No Alternate Route,0
2026-08-08 01:35:00,17.49324859910307,78.39274046675492,66,80,Low,3,3,1,0,1,8,8,2026,2,5,1,2,35,Night,No Alternate Route,0
2026-08-08 01:40:00,17.45094710611656,78.38236161515101,20,76,Low,0,2,0,0,1,8,8,2026,2,5,1,2,40,Night,No Alternate Route,0
2026-08-08 01:45:00,17.38355508174169,78.48848621493525,71,60,Low,2,0,0,0,1,8,8,2026,2,5,1,2,45,Night,No Alternate Route,0
2026-08-08 01:50:00,17.41408364008351,78.44966027395425,51,68,Low,3,1,1,1,1,8,8,2026,2,5,1,2,50,Night,No Alternate Route,0
2026-08-08 01:55:00,17.42347953654347,78.47382864992503,52,76,Low,2,4,1,1,1,8,8,2026,2,5,1,2,55,Night,No Alternate Route,0
2026-08-08 02:00:00,17.44869197052493,78.38173098836525,41,76,Low,3,2,2,0,2,8,8,2026,2,5,1,2,0,Night,No Alternate Route,0
2026-08-08 02:05:00,17.49420955627689,78.3901436618731,32,60,Low,0,3,1,0,2,8,8,2026,2,5,1,2,5,Night,No Alternate Route,0
2026-08-08 02:10:00,17.49446649694951,78.39128174106301,26,68,Low,0,3,2,0,2,8,8,2026,2,5,1,2,10,Night,No Alternate Route,0
2026-08-08 02:15:00,17.42198149254667,78.47529076604165,42,67,Low,1,4,0,0,2,8,8,2026,2,5,1,2,15,Night,No Alternate Route,0
2026-08-08 02:20:00,17.4235171178529,78.47544047976513,46,72,Low,2,4,2,0,2,8,8,2026,2,5,1,2,20,Night,No Alternate Route,0
2026-08-08 02:25:00,17.49522854077559,78.39180658440424,79,60,Low,3,3,2,0,2,8,8,2026,2,5,1,2,25,Night,No Alternate Route,0
2026-08-08 02:30:00,17.38474769328816,78.48593026148255,30,60,Low,2,0,1,0,2,8,8,2026,2,5,1,2,30,Night,No Alternate Route,0
2026-08-08 02:35:00,17.42558083841851,78.4742065730764,62,71,Low,0,4,1,0,2,8,8,2026,2,5,1,2,35,Night,No Alternate Route,0
2026-08-08 02:40:00,17.42377125524804,78.4725071453953,44,60,Low,1,4,1,0,2,8,8,2026,2,5,1,2,40,Night,No Alternate Route,0
2026-08-08 02:45:00,17.4226318315939,78.47342346309651,36,67,Low,2,4,0,1,2,8,8,2026,2,5,1,2,45,Night,No Alternate Route,0
2026-08-08 02:50:00,17.38636116820723,78.48795610091624,51,67,Low,0,0,0,0,2,8,8,2026,2,5,1,2,50,Night,No Alternate Route,0
2026-08-08 02:55:00,17.49489572147544,78.3934335535947,24,78,Low,1,3,2,0,2,8,8,2026,2,5,1,2,55,Night,No Alternate Route,0
2026-08-08 03:00:00,17.4228180888567,78.47404998636172,69,79,Low,3,4,1,0,3,8,8,2026,2,5,1,2,0,Night,No Alternate Route,0
2026-08-08 03:05:00,17.49542654497728,78.39291676912455,44,78,Low,1,3,1,0,3,8,8,2026,2,5,1,2,5,Night,No Alternate Route,0
2026-08-08 03:10:00,17.42438104726993,78.47421306144298,80,75,Low,1,4,1,0,3,8,8,2026,2,5,1,2,10,Night,No Alternate Route,0
2026-08-08 03:15:00,17.49418696188953,78.3926523546119,67,74,Low,1,3,0,0,3,8,8,2026,2,5,1,2,15,Night,No Alternate Route,0
2026-08-08 03:20:00,17.49306828296436,78.39355876343011,41,64,Low,1,3,1,0,3,8,8,2026,2,5,1,2,20,Night,No Alternate Route,0
2026-08-08 03:25:00,17.41431830317312,78.4500120932994,54,69,Low,2,1,1,0,3,8,8,2026,2,5,1,2,25,Night,No Alternate Route,0
2026-08-08 03:30:00,17.49482433185738,78.39067753518081,50,69,Low,3,3,0,0,3,8,8,2026,2,5,1,2,30,Night,No Alternate Route,0
2026-08-08 03:35:00,17.4126469342095,78.44708057819471,76,66,Low,3,1,0,0,3,8,8,2026,2,5,1,2,35,Night,No Alternate Route,0
2026-08-08 03:40:00,17.38682401918364,78.48716411459657,55,60,Low,1,0,2,0,3,8,8,2026,2,5,1,2,40,Night,No Alternate Route,0
2026-08-08 03:45:00,17.38428422591535,78.48609433090877,64,66,Low,0,0,2,0,3,8,8,2026,2,5,1,2,45,Night,No Alternate Route,0
2026-08-08 03:50:00,17.38563878651771,78.48843829942923,50,65,Low,1,0,2,0,3,8,8,2026,2,5,1,2,50,Night,No Alternate Route,0
2026-08-08 03:55:00,17.38302533657127,78.487381754874,22,69,Low,1,0,1,0,3,8,8,2026,2,5,1,2,55,Night,No Alternate Route,0
2026-08-08 04:00:00,17.42279557406632,78.47541402751958,21,68,Low,1,4,1,0,4,8,8,2026,2,5,1,2,0,Night,No Alternate Route,0
2026-08-08 04:05:00,17.41268565740704,78.44973712668747,50,79,Low,3,1,0,0,4,8,8,2026,2,5,1,2,5,Night,No Alternate Route,0
2026-08-08 04:10:00,17.45105747652225,78.38402236992616,67,68,Low,2,2,1,0,4,8,8,2026,2,5,1,2,10,Night,No Alternate Route,0
2026-08-08 04:15:00,17.49483533279826,78.39170509526318,78,61,Low,3,3,2,0,4,8,8,2026,2,5,1,2,15,Night,No Alternate Route,0
2026-08-08 04:20:00,17.42419028550752,78.47464409259065,49,70,Low,2,4,0,0,4,8,8,2026,2,5,1,2,20,Night,No Alternate Route,0
2026-08-08 04:25:00,17.42258869106244,78.47366693256286,47,72,Low,3,4,2,0,4,8,8,2026,2,5,1,2,25,Night,No Alternate Route,0
2026-08-08 04:30:00,17.45046598926337,78.3821852421537,72,77,Low,2,2,2,0,4,8,8,2026,2,5,1,2,30,Night,No Alternate Route,0
2026-08-08 04:35:00,17.44869884462169,78.38115939214457,63,66,Low,3,2,0,0,4,8,8,2026,2,5,1,2,35,Night,No Alternate Route,0
2026-08-08 04:40:00,17.42211795528164,78.47536068672721,41,68,Low,0,4,2,0,4,8,8,2026,2,5,1,2,40,Night,No Alternate Route,0
2026-08-08 04:45:00,17.41400077559348,78.44904584060362,71,69,Low,0,1,0,0,4,8,8,2026,2,5,1,2,45,Night,No Alternate Route,0
2026-08-08 04:50:00,17.49637010281671,78.39246245188018,41,75,Low,0,3,0,0,4,8,8,2026,2,5,1,2,50,Night,No Alternate Route,0
2026-08-08 04:55:00,17.49663723046195,78.3899711916909,51,62,Low,3,3,1,0,4,8,8,2026,2,5,1,2,55,Night,No Alternate Route,0
2026-08-08 05:00:00,17.49325159878708,78.39231336536511,122,42,Moderate,3,3,1,0,5,8,8,2026,2,5,1,2,0,Morning,No Alternate Route,5
2026-08-08 05:05:00,17.42382758186555,78.4743707843079,145,50,Moderate,1,4,2,0,5,8,8,2026,2,5,1,2,5,Morning,No Alternate Route,5
2026-08-08 05:10:00,17.38340969701054,78.48838952949443,174,45,Moderate,2,0,1,0,5,8,8,2026,2,5,1,2,10,Morning,No Alternate Route,5
2026-08-08 05:15:00,17.41370006341992,78.45013064686918,143,53,Moderate,2,1,1,0,5,8,8,2026,2,5,1,2,15,Morning,No Alternate Route,5
2026-08-08 05:20:00,17.45092056013071,78.38178042467932,112,60,Moderate,3,2,2,0,5,8,8,2026,2,5,1,2,20,Morning,No Alternate Route,5
2026-08-08 05:25:00,17.41208240161057,78.4490508633475,147,52,Moderate,2,1,0,1,5,8,8,2026,2,5,1,2,25,Morning,No Alternate Route,5
2026-08-08 05:30:00,17.49376764845089,78.39268877522986,139,40,Moderate,2,3,2,0,5,8,8,2026,2,5,1,2,30,Morning,No Alternate Route,5
2026-08-08 05:35:00,17.41183349441083,78.44655209869453,88,76,Low,3,1,0,0,5,8,8,2026,2,5,1,2,35,Morning,No Alternate Route,0
2026-08-08 05:40:00,17.42376425530773,78.47482018011218,168,57,Moderate,1,4,1,0,5,8,8,2026,2,5,1,2,40,Morning,No Alternate Route,5
2026-08-08 05:45:00,17.49633736314235,78.39054174006154,158,60,Moderate,0,3,0,0,5,8,8,2026,2,5,1,2,45,Morning,No Alternate Route,5
2026-08-08 05:50:00,17.42257967337157,78.47346125614813,156,46,Moderate,0,4,0,0,5,8,8,2026,2,5,1,2,50,Morning,No Alternate Route,5
2026-08-08 05:55:00,17.41116487111522,78.44702114325244,85,69,Low,3,1,0,0,5,8,8,2026,2,5,1,2,55,Morning,No Alternate Route,0
2026-08-08 06:00:00,17.42312510108945,78.47218077377883,106,50,Moderate,3,4,2,0,6,8,8,2026,2,5,1,2,0,Morning,No Alternate Route,5
2026-08-08 06:05:00,17.38555887495908,78.48587839735006,110,56,Moderate,0,0,1,0,6,8,8,2026,2,5,1,2,5,Morning,No Alternate Route,5
2026-08-08 06:10:00,17.38470021996728,78.48514682433857,174,44,Moderate,2,0,1,0,6,8,8,2026,2,5,1,2,10,Morning,No Alternate Route,5
2026-08-08 06:15:00,17.41209555731768,78.45005085441329,113,56,Moderate,3,1,2,0,6,8,8,2026,2,5,1,2,15,Morning,No Alternate Route,5
2026-08-08 06:20:00,17.41283908231328,78.4499764356813,142,51,Moderate,2,1,0,0,6,8,8,2026,2,5,1,2,20,Morning,No Alternate Route,5
2026-08-08 06:25:00,17.44917184653315,78.38366137971232,152,44,Moderate,0,2,0,0,6,8,8,2026,2,5,1,2,25,Morning,No Alternate Route,5
2026-08-08 06:30:00,17.38602170501352,78.48776357129157,85,70,Low,0,0,0,0,6,8,8,2026,2,5,1,2,30,Morning,No Alternate Route,0
2026-08-08 06:35:00,17.4253386512706,78.47492214681728,180,41,Moderate,3,4,0,0,6,8,8,2026,2,5,1,2,35,Morning,No Alternate Route,5
2026-08-08 06:40:00,17.41129663043126,78.44719718436717,116,45,Moderate,0,1,2,0,6,8,8,2026,2,5,1,2,40,Morning,No Alternate Route,5
2026-08-08 06:45:00,17.41255121615104,78.44774072316554,106,46,Moderate,3,1,2,0,6,8,8,2026,2,5,1,2,45,Morning,No Alternate Route,5
2026-08-08 06:50:00,17.49629006540509,78.39269989962345,90,67,Low,0,3,2,0,6,8,8,2026,2,5,1,2,50,Morning,No Alternate Route,0
2026-08-08 06:55:00,17.41358922511229,78.4487771382646,117,50,Moderate,3,1,0,0,6,8,8,2026,2,5,1,2,55,Morning,No Alternate Route,5
2026-08-08 07:00:00,17.42423570168576,78.47237153727714,649,14,Severe,0,4,2,0,7,8,8,2026,2,5,1,1,0,Morning,No Alternate Route,30
2026-08-08 07:05:00,17.44914178621196,78.3834308897159,520,39,High,2,2,1,0,7,8,8,2026,2,5,1,1,5,Morning,No Alternate Route,15
2026-08-08 07:10:00,17.38563431951273,78.48519492914282,472,38,High,0,0,0,0,7,8,8,2026,2,5,1,1,10,Morning,No Alternate Route,15
2026-08-08 07:15:00,17.42228170304187,78.4752692093356,509,25,High,1,4,1,0,7,8,8,2026,2,5,1,1,15,Morning,No Alternate Route,15
2026-08-08 07:20:00,17.44909874335826,78.38346787599089,640,14,Severe,3,2,2,0,7,8,8,2026,2,5,1,1,20,Morning,No Alternate Route,30
2026-08-08 07:25:00,17.3861211616364,78.48732015545693,460,21,High,3,0,1,1,7,8,8,2026,2,5,1,1,25,Morning,No Alternate Route,15
2026-08-08 07:30:00,17.42377423379938,78.4739057292122,656,19,Severe,1,4,0,0,7,8,8,2026,2,5,1,1,30,Morning,No Alternate Route,30
2026-08-08 07:35:00,17.44864022404154,78.38337310713335,643,17,Severe,0,2,2,0,7,8,8,2026,2,5,1,1,35,Morning,No Alternate Route,30
2026-08-08 07:40:00,17.38580655118831,78.48857171973664,524,38,High,2,0,1,0,7,8,8,2026,2,5,1,1,40,Morning,No Alternate Route,15
2026-08-08 07:45:00,17.45098219634338,78.38239162413205,646,19,Severe,0,2,0,0,7,8,8,2026,2,5,1,1,45,Morning,No Alternate Route,30
2026-08-08 07:50:00,17.49629512904833,78.39085489232612,664,14,Severe,3,3,1,0,7,8,8,2026,2,5,1,1,50,Morning,No Alternate Route,30
2026-08-08 07:55:00,17.42509792549714,78.47570028077065,535,33,High,0,4,0,0,7,8,8,2026,2,5,1,1,55,Morning,No Alternate Route,15
2026-08-08 08:00:00,17.49387613757464,78.39345314795221,621,15,Severe,0,3,0,0,8,8,8,2026,2,5,1,1,0,Morning,No Alternate Route,30
2026-08-08 08:05:00,17.42551650503025,78.4722284359476,488,26,High,2,4,0,0,8,8,8,2026,2,5,1,1,5,Morning,No Alternate Route,15
2026-08-08 08:10:00,17.42224704660626,78.47385751062647,498,29,High,3,4,0,0,8,8,8,2026,2,5,1,1,10,Morning,No Alternate Route,15
2026-08-08 08:15:00,17.41158812492958,78.44645031096464,498,25,High,0,1,1,0,8,8,8,2026,2,5,1,1,15,Morning,No Alternate Route,15
2026-08-08 08:20:00,17.4110113965392,78.44994434074368,622,14,Severe,3,1,0,0,8,8,8,2026,2,5,1,1,20,Morning,No Alternate Route,30
2026-08-08 08:25:00,17.49341986805353,78.39069636333953,556,31,High,3,3,2,0,8,8,8,2026,2,5,1,1,25,Morning,No Alternate Route,15
2026-08-08 08:30:00,17.45196219843945,78.38184078433383,482,23,High,3,2,1,0,8,8,8,2026,2,5,1,1,30,Morning,No Alternate Route,15
2026-08-08 08:35:00,17.42262968970721,78.4757555297389,602,10,Severe,1,4,0,0,8,8,8,2026,2,5,1,1,35,Morning,No Alternate Route,30
2026-08-08 08:40:00,17.42435808342191,78.47460553931757,555,22,High,0,4,1,0,8,8,8,2026,2,5,1,1,40,Morning,No Alternate Route,15
2026-08-08 08:45:00,17.45090338042866,78.38355840743182,545,31,High,2,2,0,0,8,8,8,2026,2,5,1,1,45,Morning,No Alternate Route,15
2026-08-08 08:50:00,17.49365635145093,78.39164136362511,697,14,Severe,1,3,0,0,8,8,8,2026,2,5,1,1,50,Morning,No Alternate Route,30
2026-08-08 08:55:00,17.42529629515236,78.47264738006159,620,16,Severe,0,4,1,0,8,8,8,2026,2,5,1,1,55,Morning,No Alternate Route,30
2026-08-08 09:00:00,17.38353334429405,78.48855702841321,613,16,Severe,1,0,0,0,9,8,8,2026,2,5,1,1,0,Morning,No Alternate Route,30
2026-08-08 09:05:00,17.44855233532578,78.38228649854146,470,34,High,3,2,1,0,9,8,8,2026,2,5,1,1,5,Morning,No Alternate Route,15
2026-08-08 09:10:00,17.49328535179272,78.3922465459839,484,30,High,3,3,2,0,9,8,8,2026,2,5,1,1,10,Morning,No Alternate Route,15
2026-08-08 09:15:00,17.45035235571741,78.38075046733162,650,20,Severe,3,2,2,0,9,8,8,2026,2,5,1,1,15,Morning,No Alternate Route,30
2026-08-08 09:20:00,17.42249836959776,78.47435643966006,591,30,High,1,4,1,0,9,8,8,2026,2,5,1,1,20,Morning,No Alternate Route,15
2026-08-08 09:25:00,17.4934964203185,78.3922253318617,507,27,High,2,3,0,0,9,8,8,2026,2,5,1,1,25,Morning,No Alternate Route,15
2026-08-08 09:30:00,17.42465603863648,78.47374128870484,451,40,High,3,4,1,0,9,8,8,2026,2,5,1,1,30,Morning,No Alternate Route,15
2026-08-08 09:35:00,17.49377901550286,78.39029433494164,610,12,Severe,0,3,2,0,9,8,8,2026,2,5,1,1,35,Morning,No Alternate Route,30
2026-08-08 09:40:00,17.41320058804188,78.45002195354114,574,40,High,2,1,1,0,9,8,8,2026,2,5,1,1,40,Morning,No Alternate Route,15
2026-08-08 09:45:00,17.4962220527897,78.39357939217567,600,39,High,3,3,2,0,9,8,8,2026,2,5,1,1,45,Morning,No Alternate Route,15
2026-08-08 09:50:00,17.44978188747936,78.38218486390736,480,23,High,0,2,0,0,9,8,8,2026,2,5,1,1,50,Morning,No Alternate Route,15
2026-08-08 09:55:00,17.42487650020246,78.47486946960511,622,19,Severe,1,4,1,1,9,8,8,2026,2,5,1,1,55,Morning,No Alternate Route,30
2026-08-08 10:00:00,17.45118234360109,78.3818182603754,216,59,Moderate,3,2,0,0,10,8,8,2026,2,5,1,1,0,Morning,No Alternate Route,5
2026-08-08 10:05:00,17.4220434351061,78.47368336032208,196,49,Moderate,1,4,2,0,10,8,8,2026,2,5,1,1,5,Morning,No Alternate Route,5
2026-08-08 10:10:00,17.38606012329829,78.48827771179864,190,45,Moderate,1,0,2,0,10,8,8,2026,2,5,1,1,10,Morning,No Alternate Route,5
2026-08-08 10:15:00,17.42402910081973,78.4727363221808,218,47,Moderate,1,4,1,0,10,8,8,2026,2,5,1,1,15,Morning,No Alternate Route,5
2026-08-08 10:20:00,17.41350788165855,78.44629492402423,248,59,Moderate,2,1,1,0,10,8,8,2026,2,5,1,1,20,Morning,No Alternate Route,5
2026-08-08 10:25:00,17.49453830498734,78.3922654869543,294,50,Moderate,2,3,0,0,10,8,8,2026,2,5,1,1,25,Morning,No Alternate Route,5
2026-08-08 10:30:00,17.42522057521996,78.47307782590302,309,21,High,2,4,0,0,10,8,8,2026,2,5,1,1,30,Morning,No Alternate Route,15
2026-08-08 10:35:00,17.42293941740564,78.47541555241423,298,46,Moderate,0,4,1,0,10,8,8,2026,2,5,1,1,35,Morning,No Alternate Route,5
2026-08-08 10:40:00,17.41235585589118,78.44814861887313,191,44,Moderate,1,1,1,0,10,8,8,2026,2,5,1,1,40,Morning,No Alternate Route,5
2026-08-08 10:45:00,17.42546956918265,78.47276714250368,260,60,Moderate,0,4,1,0,10,8,8,2026,2,5,1,1,45,Morning,No Alternate Route,5
2026-08-08 10:50:00,17.42307967538762,78.47560750290364,306,24,High,2,4,2,0,10,8,8,2026,2,5,1,1,50,Morning,No Alternate Route,15
2026-08-08 10:55:00,17.42231916247073,78.47278340715681,264,60,Moderate,0,4,0,0,10,8,8,2026,2,5,1,1,55,Morning,No Alternate Route,5
2026-08-08 11:00:00,17.44978694751388,78.38282654227089,331,35,High,1,2,1,0,11,8,8,2026,2,5,1,2,0,Morning,No Alternate Route,15
2026-08-08 11:05:00,17.42383995287152,78.47208477417253,256,40,Moderate,2,4,0,0,11,8,8,2026,2,5,1,2,5,Morning,No Alternate Route,5
2026-08-08 11:10:00,17.41154758036051,78.44838502594496,310,21,High,2,1,2,0,11,8,8,2026,2,5,1,2,10,Morning,No Alternate Route,15
2026-08-08 11:15:00,17.38311307661091,78.48685309475509,289,58,Moderate,3,0,1,0,11,8,8,2026,2,5,1,2,15,Morning,No Alternate Route,5
2026-08-08 11:20:00,17.41148742905595,78.44860583746166,217,60,Moderate,1,1,0,0,11,8,8,2026,2,5,1,2,20,Morning,No Alternate Route,5
2026-08-08 11:25:00,17.41247015478888,78.44705611788915,281,54,Moderate,2,1,2,0,11,8,8,2026,2,5,1,2,25,Morning,No Alternate Route,5
2026-08-08 11:30:00,17.41280307995197,78.44795719093787,204,46,Moderate,2,1,1,0,11,8,8,2026,2,5,1,2,30,Morning,No Alternate Route,5
2026-08-08 11:35:00,17.42545241819446,78.47323244560614,187,45,Moderate,1,4,1,0,11,8,8,2026,2,5,1,2,35,Morning,No Alternate Route,5
2026-08-08 11:40:00,17.42331465692151,78.47200399368957,204,53,Moderate,3,4,1,0,11,8,8,2026,2,5,1,2,40,Morning,No Alternate Route,5
2026-08-08 11:45:00,17.44886574413241,78.38322523349186,183,41,Moderate,1,2,1,0,11,8,8,2026,2,5,1,2,45,Morning,No Alternate Route,5
2026-08-08 11:50:00,17.42231742802509,78.47516132196779,229,44,Moderate,3,4,1,0,11,8,8,2026,2,5,1,2,50,Morning,No Alternate Route,5
2026-08-08 11:55:00,17.41407339246074,78.44736720144765,263,60,Moderate,0,1,1,0,11,8,8,2026,2,5,1,2,55,Morning,No Alternate Route,5
2026-08-08 12:00:00,17.44956822818574,78.38284100693998,330,37,High,0,2,1,0,12,8,8,2026,2,5,1,2,0,Afternoon,No Alternate Route,15
2026-08-08 12:05:00,17.38416437875055,78.48667113482198,199,52,Moderate,1,0,1,0,12,8,8,2026,2,5,1,2,5,Afternoon,No Alternate Route,5
2026-08-08 12:10:00,17.49519037485249,78.39141112635049,197,54,Moderate,1,3,2,0,12,8,8,2026,2,5,1,2,10,Afternoon,No Alternate Route,5
2026-08-08 12:15:00,17.42262797273411,78.47464569894512,235,60,Moderate,2,4,1,0,12,8,8,2026,2,5,1,2,15,Afternoon,No Alternate Route,5
2026-08-08 12:20:00,17.38359463419711,78.48726387297121,202,45,Moderate,3,0,2,0,12,8,8,2026,2,5,1,2,20,Afternoon,No Alternate Route,5
2026-08-08 12:25:00,17.38402601019795,78.48543506839349,228,58,Moderate,1,0,0,0,12,8,8,2026,2,5,1,2,25,Afternoon,No Alternate Route,5
2026-08-08 12:30:00,17.4518117350601,78.38324087320942,288,51,Moderate,0,2,1,0,12,8,8,2026,2,5,1,2,30,Afternoon,No Alternate Route,5
2026-08-08 12:35:00,17.38551106987752,78.48535978667523,207,59,Moderate,0,0,2,0,12,8,8,2026,2,5,1,2,35,Afternoon,No Alternate Route,5
2026-08-08 12:40:00,17.45101211052604,78.38248894267281,236,51,Moderate,0,2,1,0,12,8,8,2026,2,5,1,2,40,Afternoon,No Alternate Route,5
2026-08-08 12:45:00,17.41250871658546,78.44712242688308,339,30,High,1,1,2,0,12,8,8,2026,2,5,1,2,45,Afternoon,No Alternate Route,15
2026-08-08 12:50:00,17.38554935279885,78.48714809281641,230,40,Moderate,3,0,2,0,12,8,8,2026,2,5,1,2,50,Afternoon,No Alternate Route,5
2026-08-08 12:55:00,17.42524461669964,78.4734707322928,255,60,Moderate,0,4,2,0,12,8,8,2026,2,5,1,2,55,Afternoon,No Alternate Route,5
2026-08-08 13:00:00,17.38464257167999,78.48634347728007,190,50,Moderate,3,0,0,0,13,8,8,2026,2,5,1,2,0,Afternoon,No Alternate Route,5
2026-08-08 13:05:00,17.45218898808085,78.38435100844144,209,48,Moderate,0,2,1,0,13,8,8,2026,2,5,1,2,5,Afternoon,No Alternate Route,5
2026-08-08 13:10:00,17.45147827869668,78.38310349648765,294,60,Moderate,1,2,1,0,13,8,8,2026,2,5,1,2,10,Afternoon,No Alternate Route,5
2026-08-08 13:15:00,17.45234924913552,78.38215626571248,347,26,High,3,2,1,0,13,8,8,2026,2,5,1,2,15,Afternoon,No Alternate Route,15
2026-08-08 13:20:00,17.41419360679597,78.44996224053733,263,60,Moderate,2,1,1,0,13,8,8,2026,2,5,1,2,20,Afternoon,No Alternate Route,5
2026-08-08 13:25:00,17.41202598141374,78.44728843462454,291,46,Moderate,0,1,2,0,13,8,8,2026,2,5,1,2,25,Afternoon,No Alternate Route,5
2026-08-08 13:30:00,17.41070972210764,78.44642146737888,251,56,Moderate,3,1,0,0,13,8,8,2026,2,5,1,2,30,Afternoon,No Alternate Route,5
2026-08-08 13:35:00,17.45100653460071,78.38277280189085,322,21,High,1,2,1,0,13,8,8,2026,2,5,1,2,35,Afternoon,No Alternate Route,15
2026-08-08 13:40:00,17.38697226716783,78.48825642215661,350,39,High,0,0,2,0,13,8,8,2026,2,5,1,2,40,Afternoon,No Alternate Route,15
2026-08-08 13:45:00,17.42293661041796,78.4723269106436,251,48,Moderate,2,4,1,0,13,8,8,2026,2,5,1,2,45,Afternoon,No Alternate Route,5
2026-08-08 13:50:00,17.38679068100864,78.48835079597274,303,36,High,1,0,0,0,13,8,8,2026,2,5,1,2,50,Afternoon,No Alternate Route,15
2026-08-08 13:55:00,17.49323190205546,78.39016892792208,337,33,High,3,3,1,0,13,8,8,2026,2,5,1,2,55,Afternoon,No Alternate Route,15
2026-08-08 14:00:00,17.42355265377917,78.4723897581231,348,40,High,2,4,2,0,14,8,8,2026,2,5,1,2,0,Afternoon,No Alternate Route,15
2026-08-08 14:05:00,17.41446048672379,78.44791290792466,324,26,High,3,1,1,0,14,8,8,2026,2,5,1,2,5,Afternoon,No Alternate Route,15
2026-08-08 14:10:00,17.410891889855,78.44873429632588,195,45,Moderate,3,1,2,0,14,8,8,2026,2,5,1,2,10,Afternoon,No Alternate Route,5
2026-08-08 14:15:00,17.45198995677217,78.3809842342811,318,34,High,0,2,2,0,14,8,8,2026,2,5,1,2,15,Afternoon,No Alternate Route,15
2026-08-08 14:20:00,17.42538962739843,78.4720350470222,263,42,Moderate,0,4,0,0,14,8,8,2026,2,5,1,2,20,Afternoon,No Alternate Route,5
2026-08-08 14:25:00,17.49496556949075,78.3934392259721,249,41,Moderate,3,3,2,0,14,8,8,2026,2,5,1,2,25,Afternoon,No Alternate Route,5
2026-08-08 14:30:00,17.38611500156749,78.48817653512491,323,30,High,2,0,0,0,14,8,8,2026,2,5,1,2,30,Afternoon,No Alternate Route,15
2026-08-08 14:35:00,17.45089164734224,78.38367952794984,266,48,Moderate,1,2,1,0,14,8,8,2026,2,5,1,2,35,Afternoon,No Alternate Route,5
2026-08-08 14:40:00,17.42193448473237,78.473885460569,334,25,High,1,4,0,0,14,8,8,2026,2,5,1,2,40,Afternoon,No Alternate Route,15
2026-08-08 14:45:00,17.44891322089516,78.38214815701566,284,46,Moderate,3,2,1,0,14,8,8,2026,2,5,1,2,45,Afternoon,No Alternate Route,5
2026-08-08 14:50:00,17.4486163006797,78.38308338978689,276,60,Moderate,1,2,2,0,14,8,8,2026,2,5,1,2,50,Afternoon,No Alternate Route,5
2026-08-08 14:55:00,17.49465103157215,78.39287695702815,232,51,Moderate,2,3,1,0,14,8,8,2026,2,5,1,2,55,Afternoon,No Alternate Route,5
2026-08-08 15:00:00,17.3856508695318,78.4852508733145,236,45,Moderate,3,0,0,0,15,8,8,2026,2,5,1,2,0,Afternoon,No Alternate Route,5
2026-08-08 15:05:00,17.45191420729729,78.382850970757,209,41,Moderate,1,2,1,0,15,8,8,2026,2,5,1,2,5,Afternoon,No Alternate Route,5
2026-08-08 15:10:00,17.38651599717119,78.48749264461267,204,44,Moderate,2,0,2,0,15,8,8,2026,2,5,1,2,10,Afternoon,No Alternate Route,5
2026-08-08 15:15:00,17.38484277246185,78.4866004716194,291,51,Moderate,2,0,2,0,15,8,8,2026,2,5,1,2,15,Afternoon,No Alternate Route,5
2026-08-08 15:20:00,17.41210337276281,78.44778534579387,280,43,Moderate,1,1,1,0,15,8,8,2026,2,5,1,2,20,Afternoon,No Alternate Route,5
2026-08-08 15:25:00,17.44981587202981,78.38294039872768,288,42,Moderate,2,2,0,0,15,8,8,2026,2,5,1,2,25,Afternoon,No Alternate Route,5
2026-08-08 15:30:00,17.4245517478912,78.47195310609752,236,48,Moderate,3,4,0,0,15,8,8,2026,2,5,1,2,30,Afternoon,No Alternate Route,5
2026-08-08 15:35:00,17.45158854693058,78.38166569440772,342,36,High,1,2,1,0,15,8,8,2026,2,5,1,2,35,Afternoon,No Alternate Route,15
2026-08-08 15:40:00,17.42225501823022,78.4734511397124,314,25,High,3,4,1,0,15,8,8,2026,2,5,1,2,40,Afternoon,No Alternate Route,15
2026-08-08 15:45:00,17.38536892308543,78.48749129416669,332,36,High,2,0,0,0,15,8,8,2026,2,5,1,2,45,Afternoon,No Alternate Route,15
2026-08-08 15:50:00,17.49298324105075,78.39117816395957,349,22,High,1,3,1,0,15,8,8,2026,2,5,1,2,50,Afternoon,No Alternate Route,15
2026-08-08 15:55:00,17.42455809108734,78.47529439012197,331,24,High,0,4,1,0,15,8,8,2026,2,5,1,2,55,Afternoon,No Alternate Route,15
2026-08-08 16:00:00,17.45024374171083,78.3838265658351,441,20,High,0,2,2,0,16,8,8,2026,2,5,1,2,0,Afternoon,No Alternate Route,15
2026-08-08 16:05:00,17.41347127886093,78.44644179154405,462,30,High,2,1,1,0,16,8,8,2026,2,5,1,2,5,Afternoon,No Alternate Route,15
2026-08-08 16:10:00,17.42398924026394,78.47560440605665,485,20,High,2,4,1,0,16,8,8,2026,2,5,1,2,10,Afternoon,No Alternate Route,15
2026-08-08 16:15:00,17.42309814363134,78.47563012398327,469,28,High,3,4,1,0,16,8,8,2026,2,5,1,2,15,Afternoon,No Alternate Route,15
2026-08-08 16:20:00,17.41434621963072,78.44882759037351,458,28,High,0,1,2,0,16,8,8,2026,2,5,1,2,20,Afternoon,No Alternate Route,15
2026-08-08 16:25:00,17.4144550350783,78.44791164354692,451,20,High,1,1,1,0,16,8,8,2026,2,5,1,2,25,Afternoon,No Alternate Route,15
2026-08-08 16:30:00,17.41094238836488,78.44906804974289,404,23,High,0,1,2,0,16,8,8,2026,2,5,1,2,30,Afternoon,No Alternate Route,15
2026-08-08 16:35:00,17.45014563063525,78.38348270395387,389,24,High,0,2,1,0,16,8,8,2026,2,5,1,2,35,Afternoon,No Alternate Route,15
2026-08-08 16:40:00,17.49489115340572,78.39097070049839,344,37,High,3,3,2,0,16,8,8,2026,2,5,1,2,40,Afternoon,No Alternate Route,15
2026-08-08 16:45:00,17.41407683963407,78.44704085920448,391,35,High,3,1,0,0,16,8,8,2026,2,5,1,2,45,Afternoon,No Alternate Route,15
2026-08-08 16:50:00,17.38371327053204,78.48763508084271,438,25,High,3,0,0,0,16,8,8,2026,2,5,1,2,50,Afternoon,No Alternate Route,15
2026-08-08 16:55:00,17.38306568166724,78.48866960245958,448,25,High,2,0,1,0,16,8,8,2026,2,5,1,2,55,Afternoon,No Alternate Route,15
2026-08-08 17:00:00,17.42261120489913,78.47522906847782,303,26,High,0,4,2,0,17,8,8,2026,2,5,1,0,0,Evening,No Alternate Route,15
2026-08-08 17:05:00,17.41289314040979,78.45004039866451,382,38,High,0,1,0,0,17,8,8,2026,2,5,1,0,5,Evening,No Alternate Route,15
2026-08-08 17:10:00,17.49590884161766,78.39066948630557,394,34,High,2,3,1,0,17,8,8,2026,2,5,1,0,10,Evening,No Alternate Route,15
2026-08-08 17:15:00,17.41204059453422,78.44792811269373,418,27,High,3,1,0,0,17,8,8,2026,2,5,1,0,15,Evening,No Alternate Route,15
2026-08-08 17:20:00,17.41271664170345,78.44709915519368,472,37,High,2,1,1,1,17,8,8,2026,2,5,1,0,20,Evening,No Alternate Route,15
2026-08-08 17:25:00,17.4496647577835,78.38435202995035,429,25,High,0,2,1,0,17,8,8,2026,2,5,1,0,25,Evening,No Alternate Route,15
2026-08-08 17:30:00,17.41187050943453,78.4489742349582,396,28,High,0,1,1,1,17,8,8,2026,2,5,1,0,30,Evening,No Alternate Route,15
2026-08-08 17:35:00,17.38449775891793,78.48539938363331,434,21,High,1,0,2,0,17,8,8,2026,2,5,1,0,35,Evening,No Alternate Route,15
2026-08-08 17:40:00,17.41287640750922,78.44995014702506,423,36,High,1,1,0,0,17,8,8,2026,2,5,1,0,40,Evening,No Alternate Route,15
2026-08-08 17:45:00,17.38359535723189,78.4869391611024,479,36,High,1,0,2,0,17,8,8,2026,2,5,1,0,45,Evening,No Alternate Route,15
2026-08-08 17:50:00,17.38407131021302,78.48838932322305,404,30,High,2,0,2,0,17,8,8,2026,2,5,1,0,50,Evening,No Alternate Route,15
2026-08-08 17:55:00,17.42289219538014,78.47270941983327,426,21,High,3,4,2,0,17,8,8,2026,2,5,1,0,55,Evening,No Alternate Route,15
2026-08-08 18:00:00,17.44851359697302,78.38178954444754,513,27,High,0,2,1,0,18,8,8,2026,2,5,1,0,0,Evening,No Alternate Route,15
2026-08-08 18:05:00,17.49437690420612,78.39228765185776,568,30,High,0,3,0,0,18,8,8,2026,2,5,1,0,5,Evening,No Alternate Route,15
2026-08-08 18:10:00,17.495905497246,78.38987604622953,755,12,Severe,2,3,1,0,18,8,8,2026,2,5,1,0,10,Evening,No Alternate Route,30
2026-08-08 18:15:00,17.4495965043167,78.38358187699787,611,16,Severe,2,2,2,0,18,8,8,2026,2,5,1,0,15,Evening,No Alternate Route,30
2026-08-08 18:20:00,17.41205173831085,78.44977382647082,522,37,High,3,1,0,0,18,8,8,2026,2,5,1,0,20,Evening,No Alternate Route,15
2026-08-08 18:25:00,17.44921530090071,78.38251659629887,639,11,Severe,0,2,2,0,18,8,8,2026,2,5,1,0,25,Evening,No Alternate Route,30
2026-08-08 18:30:00,17.38568493038095,78.48486350541299,663,19,Severe,2,0,1,0,18,8,8,2026,2,5,1,0,30,Evening,No Alternate Route,30
2026-08-08 18:35:00,17.42425866146383,78.47468512949376,706,16,Severe,3,4,1,0,18,8,8,2026,2,5,1,0,35,Evening,No Alternate Route,30
2026-08-08 18:40:00,17.41206997094032,78.44734225627452,518,22,High,0,1,1,1,18,8,8,2026,2,5,1,0,40,Evening,No Alternate Route,15
2026-08-08 18:45:00,17.41371411760291,78.45010870732801,617,20,Severe,2,1,1,0,18,8,8,2026,2,5,1,0,45,Evening,No Alternate Route,30
2026-08-08 18:50:00,17.49516901124766,78.3929399246648,736,15,Severe,2,3,1,0,18,8,8,2026,2,5,1,0,50,Evening,No Alternate Route,30
2026-08-08 18:55:00,17.41291376149425,78.4490022037249,712,11,Severe,3,1,0,0,18,8,8,2026,2,5,1,0,55,Evening,No Alternate Route,30
2026-08-08 19:00:00,17.49438473739936,78.39248981155305,565,35,High,0,3,1,0,19,8,8,2026,2,5,1,0,0,Evening,No Alternate Route,15
2026-08-08 19:05:00,17.42416114301438,78.4747294254597,688,11,Severe,2,4,2,0,19,8,8,2026,2,5,1,0,5,Evening,No Alternate Route,30
2026-08-08 19:10:00,17.42260834738628,78.47520747736542,508,40,High,1,4,1,0,19,8,8,2026,2,5,1,0,10,Evening,No Alternate Route,15
2026-08-08 19:15:00,17.45199727335963,78.38337300660537,536,28,High,0,2,2,0,19,8,8,2026,2,5,1,0,15,Evening,No Alternate Route,15
2026-08-08 19:20:00,17.41083527878055,78.44780778508105,758,13,Severe,1,1,1,0,19,8,8,2026,2,5,1,0,20,Evening,No Alternate Route,30
2026-08-08 19:25:00,17.4500914001924,78.380627488083,600,28,High,0,2,1,0,19,8,8,2026,2,5,1,0,25,Evening,No Alternate Route,15
2026-08-08 19:30:00,17.45165112726498,78.38294491621994,523,34,High,2,2,1,0,19,8,8,2026,2,5,1,0,30,Evening,No Alternate Route,15
2026-08-08 19:35:00,17.44929333155362,78.38277042722605,711,12,Severe,0,2,1,0,19,8,8,2026,2,5,1,0,35,Evening,No Alternate Route,30
2026-08-08 19:40:00,17.4134091302569,78.44988051973661,713,12,Severe,0,1,2,0,19,8,8,2026,2,5,1,0,40,Evening,No Alternate Route,30
2026-08-08 19:45:00,17.45188542333594,78.3821588769597,584,31,High,2,2,2,0,19,8,8,2026,2,5,1,0,45,Evening,No Alternate Route,15
2026-08-08 19:50:00,17.45177671832884,78.381287244064,650,11,Severe,2,2,2,0,19,8,8,2026,2,5,1,0,50,Evening,No Alternate Route,30
2026-08-08 19:55:00,17.41342903595632,78.4478324700308,792,16,Severe,1,1,2,0,19,8,8,2026,2,5,1,0,55,Evening,No Alternate Route,30
2026-08-08 20:00:00,17.38490309407766,78.4849892323834,687,13,Severe,2,0,0,0,20,8,8,2026,2,5,1,0,0,Evening,No Alternate Route,30
2026-08-08 20:05:00,17.44998317658635,78.38323489443762,703,14,Severe,1,2,2,0,20,8,8,2026,2,5,1,0,5,Evening,No Alternate Route,30
2026-08-08 20:10:00,17.41227835492825,78.44908464983075,694,15,Severe,1,1,2,0,20,8,8,2026,2,5,1,0,10,Evening,No Alternate Route,30
2026-08-08 20:15:00,17.42390680496776,78.47180919188543,509,31,High,3,4,2,0,20,8,8,2026,2,5,1,0,15,Evening,No Alternate Route,15
2026-08-08 20:20:00,17.42339206187678,78.4721594941902,553,36,High,3,4,2,0,20,8,8,2026,2,5,1,0,20,Evening,No Alternate Route,15
2026-08-08 20:25:00,17.49328383682222,78.39015727439171,715,18,Severe,3,3,2,0,20,8,8,2026,2,5,1,0,25,Evening,No Alternate Route,30
2026-08-08 20:30:00,17.4232325695741,78.47260755101122,784,11,Severe,0,4,1,0,20,8,8,2026,2,5,1,0,30,Evening,No Alternate Route,30
2026-08-08 20:35:00,17.41323059397869,78.44990163412415,582,30,High,2,1,0,0,20,8,8,2026,2,5,1,0,35,Evening,No Alternate Route,15
2026-08-08 20:40:00,17.44958650153998,78.3837473327706,579,25,High,3,2,2,0,20,8,8,2026,2,5,1,0,40,Evening,No Alternate Route,15
2026-08-08 20:45:00,17.41332420063332,78.44862270908378,639,10,Severe,3,1,1,0,20,8,8,2026,2,5,1,0,45,Evening,No Alternate Route,30
2026-08-08 20:50:00,17.38515631434722,78.48637852439727,635,13,Severe,2,0,0,0,20,8,8,2026,2,5,1,0,50,Evening,No Alternate Route,30
2026-08-08 20:55:00,17.41131458868116,78.44743091430537,690,15,Severe,1,1,2,0,20,8,8,2026,2,5,1,0,55,Evening,No Alternate Route,30
2026-08-08 21:00:00,17.38519201897231,78.48531575270825,95,68,Low,3,0,0,0,21,8,8,2026,2,5,1,0,0,Night,No Alternate Route,0
2026-08-08 21:05:00,17.42308763203178,78.47393158387447,120,40,Moderate,3,4,1,1,21,8,8,2026,2,5,1,0,5,Night,No Alternate Route,5
2026-08-08 21:10:00,17.38379702673771,78.48622501930747,177,52,Moderate,1,0,1,0,21,8,8,2026,2,5,1,0,10,Night,No Alternate Route,5
2026-08-08 21:15:00,17.49367107722398,78.39106886749484,166,43,Moderate,1,3,1,0,21,8,8,2026,2,5,1,0,15,Night,No Alternate Route,5
2026-08-08 21:20:00,17.49393363753075,78.39334359354405,90,63,Low,2,3,1,0,21,8,8,2026,2,5,1,0,20,Night,No Alternate Route,0
2026-08-08 21:25:00,17.45057614082959,78.38457072300572,151,50,Moderate,0,2,0,0,21,8,8,2026,2,5,1,0,25,Night,No Alternate Route,5
2026-08-08 21:30:00,17.41286305794953,78.44644528495877,100,79,Low,3,1,2,0,21,8,8,2026,2,5,1,0,30,Night,No Alternate Route,0
2026-08-08 21:35:00,17.38472816591328,78.48602202862823,135,49,Moderate,3,0,2,0,21,8,8,2026,2,5,1,0,35,Night,No Alternate Route,5
2026-08-08 21:40:00,17.38448236954125,78.48833951524358,141,48,Moderate,1,0,2,0,21,8,8,2026,2,5,1,0,40,Night,No Alternate Route,5
2026-08-08 21:45:00,17.41238748006459,78.4471246109213,121,57,Moderate,0,1,2,0,21,8,8,2026,2,5,1,0,45,Night,No Alternate Route,5
2026-08-08 21:50:00,17.41449208026194,78.4471937046957,139,60,Moderate,0,1,1,0,21,8,8,2026,2,5,1,0,50,Night,No Alternate Route,5
2026-08-08 21:55:00,17.38477828056216,78.4858583270206,120,46,Moderate,1,0,0,0,21,8,8,2026,2,5,1,0,55,Night,No Alternate Route,5
2026-08-08 22:00:00,17.41061291114565,78.44717311093015,97,69,Low,0,1,2,0,22,8,8,2026,2,5,1,2,0,Night,No Alternate Route,0
2026-08-08 22:05:00,17.42496224634401,78.47519100263672,179,46,Moderate,0,4,2,0,22,8,8,2026,2,5,1,2,5,Night,No Alternate Route,5
2026-08-08 22:10:00,17.49513759774221,78.39284632226273,122,52,Moderate,1,3,0,0,22,8,8,2026,2,5,1,2,10,Night,No Alternate Route,5
2026-08-08 22:15:00,17.38646509299953,78.48579526806691,172,52,Moderate,3,0,1,0,22,8,8,2026,2,5,1,2,15,Night,No Alternate Route,5
2026-08-08 22:20:00,17.38356571776742,78.48689157444343,154,48,Moderate,3,0,1,0,22,8,8,2026,2,5,1,2,20,Night,No Alternate Route,5
2026-08-08 22:25:00,17.41328130518278,78.44810041179001,92,60,Low,0,1,1,0,22,8,8,2026,2,5,1,2,25,Night,No Alternate Route,0
2026-08-08 22:30:00,17.44895382463123,78.38123573097428,139,47,Moderate,2,2,1,0,22,8,8,2026,2,5,1,2,30,Night,No Alternate Route,5
2026-08-08 22:35:00,17.4257614279601,78.47491624431555,140,44,Moderate,3,4,0,0,22,8,8,2026,2,5,1,2,35,Night,No Alternate Route,5
2026-08-08 22:40:00,17.3835683349091,78.48487034727792,135,51,Moderate,3,0,1,0,22,8,8,2026,2,5,1,2,40,Night,No Alternate Route,5
2026-08-08 22:45:00,17.41293155038441,78.44908170225133,93,75,Low,1,1,0,0,22,8,8,2026,2,5,1,2,45,Night,No Alternate Route,0
2026-08-08 22:50:00,17.44977805853161,78.38064820123974,95,66,Low,0,2,0,0,22,8,8,2026,2,5,1,2,50,Night,No Alternate Route,0
2026-08-08 22:55:00,17.38659665888686,78.48863389803962,87,75,Low,1,0,0,0,22,8,8,2026,2,5,1,2,55,Night,No Alternate Route,0
2026-08-08 23:00:00,17.42578219343224,78.4728020476293,168,57,Moderate,3,4,2,0,23,8,8,2026,2,5,1,2,0,Night,No Alternate Route,5
2026-08-08 23:05:00,17.41238325703997,78.44934091821183,156,50,Moderate,0,1,2,0,23,8,8,2026,2,5,1,2,5,Night,No Alternate Route,5
2026-08-08 23:10:00,17.42473223396218,78.47448318745595,173,54,Moderate,0,4,2,0,23,8,8,2026,2,5,1,2,10,Night,No Alternate Route,5
2026-08-08 23:15:00,17.42547303424062,78.47199254564251,162,49,Moderate,3,4,0,0,23,8,8,2026,2,5,1,2,15,Night,No Alternate Route,5
2026-08-08 23:20:00,17.42221884449886,78.47280868454634,148,42,Moderate,1,4,0,0,23,8,8,2026,2,5,1,2,20,Night,No Alternate Route,5
2026-08-08 23:25:00,17.49516470029789,78.39221295527271,136,47,Moderate,2,3,1,0,23,8,8,2026,2,5,1,2,25,Night,No Alternate Route,5
2026-08-08 23:30:00,17.42535302357,78.47274505716668,155,42,Moderate,2,4,1,0,23,8,8,2026,2,5,1,2,30,Night,No Alternate Route,5
2026-08-08 23:35:00,17.42570180539345,78.47534426786979,153,43,Moderate,2,4,0,0,23,8,8,2026,2,5,1,2,35,Night,No Alternate Route,5
2026-08-08 23:40:00,17.49571141873592,78.39344287849697,120,47,Moderate,2,3,1,0,23,8,8,2026,2,5,1,2,40,Night,No Alternate Route,5
2026-08-08 23:45:00,17.38678135170306,78.48811862841106,128,57,Moderate,3,0,0,0,23,8,8,2026,2,5,1,2,45,Night,No Alternate Route,5
2026-08-08 23:50:00,17.49370232429666,78.39293349188819,129,48,Moderate,1,3,2,0,23,8,8,2026,2,5,1,2,50,Night,No Alternate Route,5
2026-08-08 23:55:00,17.49500269546987,78.39139857188114,138,59,Moderate,0,3,2,0,23,8,8,2026,2,5,1,2,55,Night,No Alternate Route,5
2026-08-09 00:00:00,17.49475151090662,78.3935531012812,53,61,Low,0,3,1,0,0,9,8,2026,3,6,1,2,0,Night,No Alternate Route,0
2026-08-09 00:05:00,17.38331809349674,78.48773168001024,37,74,Low,0,0,0,0,0,9,8,2026,3,6,1,2,5,Night,No Alternate Route,0
2026-08-09 00:10:00,17.41154188003247,78.44768831467967,31,71,Low,2,1,0,0,0,9,8,2026,3,6,1,2,10,Night,No Alternate Route,0
2026-08-09 00:15:00,17.41377986988643,78.44817096100843,70,62,Low,0,1,0,0,0,9,8,2026,3,6,1,2,15,Night,No Alternate Route,0
2026-08-09 00:20:00,17.44950812432888,78.38371756684697,39,68,Low,3,2,0,0,0,9,8,2026,3,6,1,2,20,Night,No Alternate Route,0
2026-08-09 00:25:00,17.45171757964508,78.3843743303263,47,70,Low,2,2,2,0,0,9,8,2026,3,6,1,2,25,Night,No Alternate Route,0
2026-08-09 00:30:00,17.41397774990201,78.44745946963603,63,65,Low,2,1,0,0,0,9,8,2026,3,6,1,2,30,Night,No Alternate Route,0
2026-08-09 00:35:00,17.4116990818387,78.44678895667236,43,64,Low,1,1,2,0,0,9,8,2026,3,6,1,2,35,Night,No Alternate Route,0
2026-08-09 00:40:00,17.42304548992506,78.47328128481973,41,67,Low,1,4,1,0,0,9,8,2026,3,6,1,2,40,Night,No Alternate Route,0
2026-08-09 00:45:00,17.42490930337837,78.47366851858176,75,73,Low,2,4,2,0,0,9,8,2026,3,6,1,2,45,Night,No Alternate Route,0
2026-08-09 00:50:00,17.38559022511939,78.48777761523866,35,72,Low,3,0,2,0,0,9,8,2026,3,6,1,2,50,Night,No Alternate Route,0
2026-08-09 00:55:00,17.38438005826946,78.48764347660708,29,69,Low,1,0,0,0,0,9,8,2026,3,6,1,2,55,Night,No Alternate Route,0
2026-08-09 01:00:00,17.38443006277644,78.48528998477741,33,61,Low,3,0,1,0,1,9,8,2026,3,6,1,2,0,Night,No Alternate Route,0
2026-08-09 01:05:00,17.42239698205534,78.47422598551965,62,74,Low,2,4,1,0,1,9,8,2026,3,6,1,2,5,Night,No Alternate Route,0
2026-08-09 01:10:00,17.45059900013453,78.38157080864511,71,73,Low,1,2,0,0,1,9,8,2026,3,6,1,2,10,Night,No Alternate Route,0
2026-08-09 01:15:00,17.49301215602171,78.39299478612546,76,62,Low,0,3,2,0,1,9,8,2026,3,6,1,2,15,Night,No Alternate Route,0
2026-08-09 01:20:00,17.38564971075307,78.48827348657193,24,70,Low,2,0,2,0,1,9,8,2026,3,6,1,2,20,Night,No Alternate Route,0
2026-08-09 01:25:00,17.42206551785189,78.47359713668743,74,76,Low,1,4,1,0,1,9,8,2026,3,6,1,2,25,Night,No Alternate Route,0
2026-08-09 01:30:00,17.44858054384727,78.3814242685331,68,64,Low,1,2,0,0,1,9,8,2026,3,6,1,2,30,Night,No Alternate Route,0
2026-08-09 01:35:00,17.42215340777406,78.47375008377502,36,79,Low,1,4,1,0,1,9,8,2026,3,6,1,2,35,Night,No Alternate Route,0
2026-08-09 01:40:00,17.424196687383,78.47521142896947,44,66,Low,1,4,0,0,1,9,8,2026,3,6,1,2,40,Night,No Alternate Route,0
2026-08-09 01:45:00,17.49347163988926,78.39202921213081,67,67,Low,0,3,0,0,1,9,8,2026,3,6,1,2,45,Night,No Alternate Route,0
2026-08-09 01:50:00,17.38315098030254,78.48855688177579,67,63,Low,2,0,1,0,1,9,8,2026,3,6,1,2,50,Night,No Alternate Route,0
2026-08-09 01:55:00,17.386072074855,78.48540198298295,35,68,Low,3,0,2,0,1,9,8,2026,3,6,1,2,55,Night,No Alternate Route,0
2026-08-09 02:00:00,17.49338662336787,78.39031677440434,65,71,Low,2,3,0,0,2,9,8,2026,3,6,1,2,0,Night,No Alternate Route,0
2026-08-09 02:05:00,17.42376696803345,78.472255367156,36,61,Low,1,4,0,0,2,9,8,2026,3,6,1,2,5,Night,No Alternate Route,0
2026-08-09 02:10:00,17.41247784065789,78.44635861193566,74,67,Low,2,1,0,0,2,9,8,2026,3,6,1,2,10,Night,No Alternate Route,0
2026-08-09 02:15:00,17.42349705596852,78.47463433021038,38,76,Low,2,4,1,0,2,9,8,2026,3,6,1,2,15,Night,No Alternate Route,0
2026-08-09 02:20:00,17.42512889409073,78.4756217516733,28,78,Low,3,4,2,0,2,9,8,2026,3,6,1,2,20,Night,No Alternate Route,0
2026-08-09 02:25:00,17.41307744392366,78.4467904130726,58,77,Low,0,1,2,0,2,9,8,2026,3,6,1,2,25,Night,No Alternate Route,0
2026-08-09 02:30:00,17.41293264140351,78.44857573395377,47,62,Low,0,1,0,0,2,9,8,2026,3,6,1,2,30,Night,No Alternate Route,0
2026-08-09 02:35:00,17.41232922055906,78.44808930472304,31,62,Low,0,1,2,0,2,9,8,2026,3,6,1,2,35,Night,No Alternate Route,0
2026-08-09 02:40:00,17.45045394278526,78.38177436592912,61,65,Low,2,2,0,0,2,9,8,2026,3,6,1,2,40,Night,No Alternate Route,0
2026-08-09 02:45:00,17.41367823090319,78.44664022934785,49,77,Low,2,1,2,0,2,9,8,2026,3,6,1,2,45,Night,No Alternate Route,0
2026-08-09 02:50:00,17.44883981908288,78.3808223775867,31,66,Low,1,2,2,0,2,9,8,2026,3,6,1,2,50,Night,No Alternate Route,0
2026-08-09 02:55:00,17.49406227878943,78.39099072639803,39,74,Low,2,3,1,1,2,9,8,2026,3,6,1,2,55,Night,No Alternate Route,0
2026-08-09 03:00:00,17.4936387181588,78.39061167469309,49,65,Low,1,3,2,0,3,9,8,2026,3,6,1,2,0,Night,No Alternate Route,0
2026-08-09 03:05:00,17.38303248205512,78.48728723265685,39,76,Low,2,0,1,0,3,9,8,2026,3,6,1,2,5,Night,No Alternate Route,0
2026-08-09 03:10:00,17.45015802536963,78.38279694269676,57,71,Low,3,2,1,0,3,9,8,2026,3,6,1,2,10,Night,No Alternate Route,0
2026-08-09 03:15:00,17.41421314487737,78.44770933780111,32,62,Low,2,1,2,0,3,9,8,2026,3,6,1,2,15,Night,No Alternate Route,0
2026-08-09 03:20:00,17.49642904006786,78.38995410563847,22,68,Low,1,3,0,0,3,9,8,2026,3,6,1,2,20,Night,No Alternate Route,0
2026-08-09 03:25:00,17.42377782774556,78.47422238922316,56,72,Low,1,4,2,0,3,9,8,2026,3,6,1,2,25,Night,No Alternate Route,0
2026-08-09 03:30:00,17.44893161536013,78.38369067462659,53,63,Low,1,2,1,0,3,9,8,2026,3,6,1,2,30,Night,No Alternate Route,0
2026-08-09 03:35:00,17.49590920749237,78.39350148664919,74,72,Low,0,3,2,0,3,9,8,2026,3,6,1,2,35,Night,No Alternate Route,0
2026-08-09 03:40:00,17.45205576839246,78.38264404469139,64,64,Low,0,2,2,0,3,9,8,2026,3,6,1,2,40,Night,No Alternate Route,0
2026-08-09 03:45:00,17.49659919186491,78.39246806274633,80,66,Low,1,3,2,0,3,9,8,2026,3,6,1,2,45,Night,No Alternate Route,0
2026-08-09 03:50:00,17.41453714126521,78.44847980650131,45,65,Low,1,1,0,0,3,9,8,2026,3,6,1,2,50,Night,No Alternate Route,0
2026-08-09 03:55:00,17.45116186470903,78.38123467070206,51,70,Low,2,2,2,0,3,9,8,2026,3,6,1,2,55,Night,No Alternate Route,0
2026-08-09 04:00:00,17.42544443805789,78.47480958762415,58,77,Low,2,4,0,0,4,9,8,2026,3,6,1,2,0,Night,No Alternate Route,0
2026-08-09 04:05:00,17.4107748036529,78.44894630944206,41,66,Low,3,1,2,0,4,9,8,2026,3,6,1,2,5,Night,No Alternate Route,0
2026-08-09 04:10:00,17.38587508167057,78.48474521566808,48,62,Low,2,0,1,0,4,9,8,2026,3,6,1,2,10,Night,No Alternate Route,0
2026-08-09 04:15:00,17.38455654612488,78.4885887854991,80,80,Low,2,0,2,0,4,9,8,2026,3,6,1,2,15,Night,No Alternate Route,0
2026-08-09 04:20:00,17.42358292987043,78.47254338290081,60,67,Low,1,4,1,0,4,9,8,2026,3,6,1,2,20,Night,No Alternate Route,0
2026-08-09 04:25:00,17.38380559229189,78.48536293919345,78,77,Low,0,0,1,0,4,9,8,2026,3,6,1,2,25,Night,No Alternate Route,0
2026-08-09 04:30:00,17.49634402505265,78.39250694496751,49,66,Low,0,3,1,0,4,9,8,2026,3,6,1,2,30,Night,No Alternate Route,0
2026-08-09 04:35:00,17.38574670699966,78.48524436469441,72,73,Low,0,0,2,0,4,9,8,2026,3,6,1,2,35,Night,No Alternate Route,0
2026-08-09 04:40:00,17.41208180918658,78.44770881761407,37,75,Low,0,1,1,0,4,9,8,2026,3,6,1,2,40,Night,No Alternate Route,0
2026-08-09 04:45:00,17.42242087120927,78.47206024070567,40,72,Low,3,4,2,0,4,9,8,2026,3,6,1,2,45,Night,No Alternate Route,0
2026-08-09 04:50:00,17.41175335253636,78.44943922163978,73,80,Low,2,1,2,0,4,9,8,2026,3,6,1,2,50,Night,No Alternate Route,0
2026-08-09 04:55:00,17.4118199772675,78.4465882626779,65,67,Low,1,1,0,0,4,9,8,2026,3,6,1,2,55,Night,No Alternate Route,0
2026-08-09 05:00:00,17.49673010386245,78.39202390669638,150,54,Moderate,0,3,0,0,5,9,8,2026,3,6,1,2,0,Morning,No Alternate Route,5
2026-08-09 05:05:00,17.41124008004193,78.44875599344239,163,53,Moderate,1,1,1,0,5,9,8,2026,3,6,1,2,5,Morning,No Alternate Route,5
2026-08-09 05:10:00,17.4936924253805,78.39355357663113,162,45,Moderate,1,3,2,0,5,9,8,2026,3,6,1,2,10,Morning,No Alternate Route,5
2026-08-09 05:15:00,17.38479275158647,78.48767106299191,177,45,Moderate,1,0,2,0,5,9,8,2026,3,6,1,2,15,Morning,No Alternate Route,5
2026-08-09 05:20:00,17.49375742841593,78.39316896937326,80,67,Low,0,3,2,0,5,9,8,2026,3,6,1,2,20,Morning,No Alternate Route,0
2026-08-09 05:25:00,17.49506937432806,78.39226989084138,132,41,Moderate,0,3,1,0,5,9,8,2026,3,6,1,2,25,Morning,No Alternate Route,5
2026-08-09 05:30:00,17.41255190603243,78.4492892026673,171,55,Moderate,1,1,2,0,5,9,8,2026,3,6,1,2,30,Morning,No Alternate Route,5
2026-08-09 05:35:00,17.42368895183848,78.47484691019324,91,72,Low,3,4,2,0,5,9,8,2026,3,6,1,2,35,Morning,No Alternate Route,0
2026-08-09 05:40:00,17.38342190660678,78.48725170265465,114,51,Moderate,3,0,0,0,5,9,8,2026,3,6,1,2,40,Morning,No Alternate Route,5
2026-08-09 05:45:00,17.42247782713683,78.4736107986528,84,60,Low,1,4,0,0,5,9,8,2026,3,6,1,2,45,Morning,No Alternate Route,0
2026-08-09 05:50:00,17.44983572570786,78.38070216034123,93,62,Low,2,2,2,0,5,9,8,2026,3,6,1,2,50,Morning,No Alternate Route,0
2026-08-09 05:55:00,17.49582558880584,78.39317454234808,162,49,Moderate,1,3,0,0,5,9,8,2026,3,6,1,2,55,Morning,No Alternate Route,5
2026-08-09 06:00:00,17.38519703971535,78.4877395043798,97,77,Low,1,0,0,0,6,9,8,2026,3,6,1,2,0,Morning,No Alternate Route,0
2026-08-09 06:05:00,17.38387445710155,78.48810586142632,122,43,Moderate,2,0,1,0,6,9,8,2026,3,6,1,2,5,Morning,No Alternate Route,5
2026-08-09 06:10:00,17.42476229661695,78.47241793385825,115,52,Moderate,0,4,0,0,6,9,8,2026,3,6,1,2,10,Morning,No Alternate Route,5
2026-08-09 06:15:00,17.42548499786912,78.47299872419336,96,60,Low,3,4,1,0,6,9,8,2026,3,6,1,2,15,Morning,No Alternate Route,0
2026-08-09 06:20:00,17.41439369044891,78.44830338438479,159,51,Moderate,1,1,0,0,6,9,8,2026,3,6,1,2,20,Morning,No Alternate Route,5
2026-08-09 06:25:00,17.4232985078747,78.47367913388034,114,57,Moderate,1,4,2,0,6,9,8,2026,3,6,1,2,25,Morning,No Alternate Route,5
2026-08-09 06:30:00,17.42358770111462,78.47313306224886,127,43,Moderate,3,4,1,0,6,9,8,2026,3,6,1,2,30,Morning,No Alternate Route,5
2026-08-09 06:35:00,17.38330261221013,78.48727509030608,152,53,Moderate,2,0,0,0,6,9,8,2026,3,6,1,2,35,Morning,No Alternate Route,5
2026-08-09 06:40:00,17.42487501059656,78.47272187584382,92,64,Low,1,4,2,0,6,9,8,2026,3,6,1,2,40,Morning,No Alternate Route,0
2026-08-09 06:45:00,17.41113041300467,78.44791732667215,169,51,Moderate,2,1,2,0,6,9,8,2026,3,6,1,2,45,Morning,No Alternate Route,5
2026-08-09 06:50:00,17.41334260260162,78.44799320748363,169,50,Moderate,2,1,1,0,6,9,8,2026,3,6,1,2,50,Morning,No Alternate Route,5
2026-08-09 06:55:00,17.38522826286739,78.4884914485682,126,58,Moderate,1,0,2,0,6,9,8,2026,3,6,1,2,55,Morning,No Alternate Route,5
2026-08-09 07:00:00,17.42243789189975,78.4753344158444,537,40,High,3,4,1,0,7,9,8,2026,3,6,1,1,0,Morning,No Alternate Route,15
2026-08-09 07:05:00,17.38543611168146,78.48721513624419,578,23,High,2,0,0,0,7,9,8,2026,3,6,1,1,5,Morning,No Alternate Route,15
2026-08-09 07:10:00,17.49610840286948,78.39251169526611,563,27,High,1,3,0,0,7,9,8,2026,3,6,1,1,10,Morning,No Alternate Route,15
2026-08-09 07:15:00,17.38354043569083,78.48511366099517,564,39,High,3,0,0,0,7,9,8,2026,3,6,1,1,15,Morning,No Alternate Route,15
2026-08-09 07:20:00,17.49500615196612,78.39181297444158,533,20,High,3,3,2,0,7,9,8,2026,3,6,1,1,20,Morning,No Alternate Route,15
2026-08-09 07:25:00,17.38691432947581,78.4878862888964,652,11,Severe,1,0,2,0,7,9,8,2026,3,6,1,1,25,Morning,No Alternate Route,30
2026-08-09 07:30:00,17.38498352426848,78.48547712508352,505,35,High,0,0,1,0,7,9,8,2026,3,6,1,1,30,Morning,No Alternate Route,15
2026-08-09 07:35:00,17.38678097761242,78.48662417362597,598,20,High,0,0,2,0,7,9,8,2026,3,6,1,1,35,Morning,No Alternate Route,15
2026-08-09 07:40:00,17.49367917781854,78.39031624471748,578,34,High,3,3,0,1,7,9,8,2026,3,6,1,1,40,Morning,No Alternate Route,15
2026-08-09 07:45:00,17.49664057680858,78.39149362108417,504,25,High,3,3,0,0,7,9,8,2026,3,6,1,1,45,Morning,No Alternate Route,15
2026-08-09 07:50:00,17.4125046363559,78.44881479641666,648,17,Severe,1,1,0,0,7,9,8,2026,3,6,1,1,50,Morning,No Alternate Route,30
2026-08-09 07:55:00,17.41222955654679,78.44849268496901,455,38,High,2,1,0,0,7,9,8,2026,3,6,1,1,55,Morning,No Alternate Route,15
2026-08-09 08:00:00,17.49312990980094,78.39061408131495,586,20,High,0,3,1,0,8,9,8,2026,3,6,1,1,0,Morning,No Alternate Route,15
2026-08-09 08:05:00,17.4112025310825,78.44861651928295,696,17,Severe,0,1,2,0,8,9,8,2026,3,6,1,1,5,Morning,No Alternate Route,30
2026-08-09 08:10:00,17.38386997747985,78.48810767252562,687,13,Severe,1,0,2,0,8,9,8,2026,3,6,1,1,10,Morning,No Alternate Route,30
2026-08-09 08:15:00,17.41323554660906,78.44628065853249,538,27,High,0,1,1,0,8,9,8,2026,3,6,1,1,15,Morning,No Alternate Route,15
2026-08-09 08:20:00,17.45108487920877,78.38221019784712,554,22,High,1,2,1,0,8,9,8,2026,3,6,1,1,20,Morning,No Alternate Route,15
2026-08-09 08:25:00,17.44859020709335,78.38286649173077,466,25,High,0,2,1,0,8,9,8,2026,3,6,1,1,25,Morning,No Alternate Route,15
2026-08-09 08:30:00,17.38697961531577,78.48682099157082,576,32,High,0,0,1,0,8,9,8,2026,3,6,1,1,30,Morning,No Alternate Route,15
2026-08-09 08:35:00,17.49322079577194,78.39001940880861,620,13,Severe,2,3,2,0,8,9,8,2026,3,6,1,1,35,Morning,No Alternate Route,30
2026-08-09 08:40:00,17.41371456890076,78.44777259577965,634,13,Severe,1,1,2,0,8,9,8,2026,3,6,1,1,40,Morning,No Alternate Route,30
2026-08-09 08:45:00,17.41092336545089,78.44703272342502,463,34,High,2,1,0,1,8,9,8,2026,3,6,1,1,45,Morning,No Alternate Route,15
2026-08-09 08:50:00,17.38446052710587,78.48846040000008,673,15,Severe,2,0,1,0,8,9,8,2026,3,6,1,1,50,Morning,No Alternate Route,30
2026-08-09 08:55:00,17.38565133231116,78.48762387617963,623,19,Severe,3,0,0,0,8,9,8,2026,3,6,1,1,55,Morning,No Alternate Route,30
2026-08-09 09:00:00,17.42330703608427,78.47532059243206,462,31,High,0,4,1,0,9,9,8,2026,3,6,1,1,0,Morning,No Alternate Route,15
2026-08-09 09:05:00,17.42417555538451,78.47542720638894,619,13,Severe,2,4,2,0,9,9,8,2026,3,6,1,1,5,Morning,No Alternate Route,30
2026-08-09 09:10:00,17.38520318699629,78.48778313837965,700,16,Severe,1,0,2,0,9,9,8,2026,3,6,1,1,10,Morning,No Alternate Route,30
2026-08-09 09:15:00,17.49453724409845,78.39359030853629,452,29,High,0,3,0,0,9,9,8,2026,3,6,1,1,15,Morning,No Alternate Route,15
2026-08-09 09:20:00,17.38614986969565,78.48765242533722,496,37,High,3,0,2,0,9,9,8,2026,3,6,1,1,20,Morning,No Alternate Route,15
2026-08-09 09:25:00,17.45043013976829,78.38330334821183,462,21,High,1,2,2,0,9,9,8,2026,3,6,1,1,25,Morning,No Alternate Route,15
2026-08-09 09:30:00,17.38412741419087,78.48548387915093,498,32,High,0,0,1,0,9,9,8,2026,3,6,1,1,30,Morning,No Alternate Route,15
2026-08-09 09:35:00,17.45145081944481,78.38120465373976,584,25,High,0,2,2,0,9,9,8,2026,3,6,1,1,35,Morning,No Alternate Route,15
2026-08-09 09:40:00,17.38599811962488,78.48606055109856,673,19,Severe,2,0,2,0,9,9,8,2026,3,6,1,1,40,Morning,No Alternate Route,30
2026-08-09 09:45:00,17.49630125662257,78.39243084750474,659,20,Severe,0,3,0,0,9,9,8,2026,3,6,1,1,45,Morning,No Alternate Route,30
2026-08-09 09:50:00,17.49336715604767,78.39013994847996,683,10,Severe,2,3,1,0,9,9,8,2026,3,6,1,1,50,Morning,No Alternate Route,30
2026-08-09 09:55:00,17.44893426355524,78.38432749134304,459,40,High,2,2,1,0,9,9,8,2026,3,6,1,1,55,Morning,No Alternate Route,15
2026-08-09 10:00:00,17.41412667087083,78.44734479947385,212,42,Moderate,3,1,0,0,10,9,8,2026,3,6,1,1,0,Morning,No Alternate Route,5
2026-08-09 10:05:00,17.49636624139186,78.39077906749381,264,51,Moderate,1,3,1,0,10,9,8,2026,3,6,1,1,5,Morning,No Alternate Route,5
2026-08-09 10:10:00,17.38424146028013,78.48863345015177,260,58,Moderate,3,0,2,0,10,9,8,2026,3,6,1,1,10,Morning,No Alternate Route,5
2026-08-09 10:15:00,17.49353129892842,78.3915710053479,221,44,Moderate,2,3,2,0,10,9,8,2026,3,6,1,1,15,Morning,No Alternate Route,5
2026-08-09 10:20:00,17.41264483248425,78.44903819944517,187,45,Moderate,3,1,1,0,10,9,8,2026,3,6,1,1,20,Morning,No Alternate Route,5
2026-08-09 10:25:00,17.42434117900497,78.47331751048897,337,21,High,0,4,1,0,10,9,8,2026,3,6,1,1,25,Morning,No Alternate Route,15
2026-08-09 10:30:00,17.42238292867226,78.47384185045067,342,25,High,1,4,2,0,10,9,8,2026,3,6,1,1,30,Morning,No Alternate Route,15
2026-08-09 10:35:00,17.4109576683789,78.44876119022014,268,40,Moderate,0,1,1,0,10,9,8,2026,3,6,1,1,35,Morning,No Alternate Route,5
2026-08-09 10:40:00,17.49322767206896,78.39145476542106,274,45,Moderate,0,3,1,0,10,9,8,2026,3,6,1,1,40,Morning,No Alternate Route,5
2026-08-09 10:45:00,17.41313146906913,78.44836183597897,269,54,Moderate,1,1,1,1,10,9,8,2026,3,6,1,1,45,Morning,No Alternate Route,5
2026-08-09 10:50:00,17.41229447718649,78.44621801540606,305,39,High,2,1,0,0,10,9,8,2026,3,6,1,1,50,Morning,No Alternate Route,15
2026-08-09 10:55:00,17.44849925299913,78.381437839432,198,46,Moderate,1,2,1,0,10,9,8,2026,3,6,1,1,55,Morning,No Alternate Route,5
2026-08-09 11:00:00,17.41432231888676,78.44972546417982,332,30,High,3,1,2,0,11,9,8,2026,3,6,1,2,0,Morning,No Alternate Route,15
2026-08-09 11:05:00,17.49411490244746,78.39010366951659,309,30,High,1,3,1,0,11,9,8,2026,3,6,1,2,5,Morning,No Alternate Route,15
2026-08-09 11:10:00,17.41340304099624,78.44939223366782,240,57,Moderate,0,1,1,0,11,9,8,2026,3,6,1,2,10,Morning,No Alternate Route,5
2026-08-09 11:15:00,17.38584192549091,78.4855045460518,214,57,Moderate,3,0,1,1,11,9,8,2026,3,6,1,2,15,Morning,No Alternate Route,5
2026-08-09 11:20:00,17.45155718584145,78.38402106488856,297,51,Moderate,3,2,0,0,11,9,8,2026,3,6,1,2,20,Morning,No Alternate Route,5
2026-08-09 11:25:00,17.4964449352985,78.39174807118282,287,42,Moderate,0,3,2,0,11,9,8,2026,3,6,1,2,25,Morning,No Alternate Route,5
2026-08-09 11:30:00,17.41419419101416,78.44941609462172,264,51,Moderate,0,1,2,0,11,9,8,2026,3,6,1,2,30,Morning,No Alternate Route,5
2026-08-09 11:35:00,17.49654266747077,78.39102860281226,229,54,Moderate,3,3,1,0,11,9,8,2026,3,6,1,2,35,Morning,No Alternate Route,5
2026-08-09 11:40:00,17.41081773154131,78.4500325451513,348,31,High,2,1,0,0,11,9,8,2026,3,6,1,2,40,Morning,No Alternate Route,15
2026-08-09 11:45:00,17.42240812396536,78.47463375100274,243,47,Moderate,1,4,1,0,11,9,8,2026,3,6,1,2,45,Morning,No Alternate Route,5
2026-08-09 11:50:00,17.41216295222635,78.44818352402126,246,44,Moderate,3,1,2,0,11,9,8,2026,3,6,1,2,50,Morning,No Alternate Route,5
2026-08-09 11:55:00,17.42252535426616,78.47194937768305,254,45,Moderate,2,4,0,0,11,9,8,2026,3,6,1,2,55,Morning,No Alternate Route,5
2026-08-09 12:00:00,17.42533282516778,78.47558001272897,302,37,High,3,4,1,0,12,9,8,2026,3,6,1,2,0,Afternoon,No Alternate Route,15
2026-08-09 12:05:00,17.45222143848763,78.3813181755116,220,49,Moderate,2,2,0,0,12,9,8,2026,3,6,1,2,5,Afternoon,No Alternate Route,5
2026-08-09 12:10:00,17.41443945591502,78.4478877602127,269,56,Moderate,1,1,1,0,12,9,8,2026,3,6,1,2,10,Afternoon,No Alternate Route,5
2026-08-09 12:15:00,17.42389641108603,78.47246016591652,273,52,Moderate,3,4,2,0,12,9,8,2026,3,6,1,2,15,Afternoon,No Alternate Route,5
2026-08-09 12:20:00,17.42230150786652,78.472085631555,215,47,Moderate,1,4,0,0,12,9,8,2026,3,6,1,2,20,Afternoon,No Alternate Route,5
2026-08-09 12:25:00,17.49582342461625,78.39161494550352,287,55,Moderate,1,3,1,0,12,9,8,2026,3,6,1,2,25,Afternoon,No Alternate Route,5
2026-08-09 12:30:00,17.49532328389468,78.39200979066993,254,54,Moderate,1,3,2,0,12,9,8,2026,3,6,1,2,30,Afternoon,No Alternate Route,5
2026-08-09 12:35:00,17.4504524451125,78.38207665187929,189,47,Moderate,2,2,0,0,12,9,8,2026,3,6,1,2,35,Afternoon,No Alternate Route,5
2026-08-09 12:40:00,17.45175121029648,78.38390304185998,238,55,Moderate,3,2,1,0,12,9,8,2026,3,6,1,2,40,Afternoon,No Alternate Route,5
2026-08-09 12:45:00,17.49606372874386,78.39202599824482,292,58,Moderate,0,3,1,0,12,9,8,2026,3,6,1,2,45,Afternoon,No Alternate Route,5
2026-08-09 12:50:00,17.42239455980015,78.47216035913559,280,44,Moderate,1,4,0,0,12,9,8,2026,3,6,1,2,50,Afternoon,No Alternate Route,5
2026-08-09 12:55:00,17.41362656807249,78.44864846492223,347,33,High,3,1,1,0,12,9,8,2026,3,6,1,2,55,Afternoon,No Alternate Route,15
2026-08-09 13:00:00,17.45119815647594,78.38288541927952,271,51,Moderate,3,2,1,0,13,9,8,2026,3,6,1,2,0,Afternoon,No Alternate Route,5
2026-08-09 13:05:00,17.38465612203482,78.48491822304099,181,46,Moderate,3,0,2,0,13,9,8,2026,3,6,1,2,5,Afternoon,No Alternate Route,5
2026-08-09 13:10:00,17.49551048837651,78.39190375530778,267,46,Moderate,3,3,0,0,13,9,8,2026,3,6,1,2,10,Afternoon,No Alternate Route,5
2026-08-09 13:15:00,17.41450782756253,78.44802550559555,313,37,High,3,1,2,0,13,9,8,2026,3,6,1,2,15,Afternoon,No Alternate Route,15
2026-08-09 13:20:00,17.42376330276056,78.47518899995642,248,43,Moderate,3,4,2,0,13,9,8,2026,3,6,1,2,20,Afternoon,No Alternate Route,5
2026-08-09 13:25:00,17.42373881916949,78.47318029567938,243,53,Moderate,1,4,0,0,13,9,8,2026,3,6,1,2,25,Afternoon,No Alternate Route,5
2026-08-09 13:30:00,17.41251954614705,78.44631682752983,258,57,Moderate,1,1,0,0,13,9,8,2026,3,6,1,2,30,Afternoon,No Alternate Route,5
2026-08-09 13:35:00,17.3846515268543,78.48653800143832,241,42,Moderate,0,0,1,0,13,9,8,2026,3,6,1,2,35,Afternoon,No Alternate Route,5
2026-08-09 13:40:00,17.41367349465083,78.44981363279504,220,56,Moderate,2,1,0,0,13,9,8,2026,3,6,1,2,40,Afternoon,No Alternate Route,5
2026-08-09 13:45:00,17.38306646967439,78.48734478977548,259,58,Moderate,1,0,1,0,13,9,8,2026,3,6,1,2,45,Afternoon,No Alternate Route,5
2026-08-09 13:50:00,17.41363001669737,78.45014459642374,272,47,Moderate,3,1,1,0,13,9,8,2026,3,6,1,2,50,Afternoon,No Alternate Route,5
2026-08-09 13:55:00,17.49435080855645,78.3900674747133,296,56,Moderate,0,3,1,0,13,9,8,2026,3,6,1,2,55,Afternoon,No Alternate Route,5
2026-08-09 14:00:00,17.38619363368155,78.48709968516276,269,48,Moderate,2,0,0,0,14,9,8,2026,3,6,1,2,0,Afternoon,No Alternate Route,5
2026-08-09 14:05:00,17.45215533000134,78.38402687866234,349,33,High,0,2,1,0,14,9,8,2026,3,6,1,2,5,Afternoon,No Alternate Route,15
2026-08-09 14:10:00,17.49535020608834,78.39179161682847,288,44,Moderate,1,3,0,0,14,9,8,2026,3,6,1,2,10,Afternoon,No Alternate Route,5
2026-08-09 14:15:00,17.42313473099813,78.47463516059379,280,60,Moderate,0,4,2,0,14,9,8,2026,3,6,1,2,15,Afternoon,No Alternate Route,5
2026-08-09 14:20:00,17.3852754330496,78.48580232449255,350,25,High,0,0,1,0,14,9,8,2026,3,6,1,2,20,Afternoon,No Alternate Route,15
2026-08-09 14:25:00,17.42488669247647,78.47380400943723,189,44,Moderate,0,4,0,0,14,9,8,2026,3,6,1,2,25,Afternoon,No Alternate Route,5
2026-08-09 14:30:00,17.41436802134985,78.44712694851808,223,40,Moderate,1,1,2,0,14,9,8,2026,3,6,1,2,30,Afternoon,No Alternate Route,5
2026-08-09 14:35:00,17.49467303570277,78.39108564192757,302,38,High,1,3,1,0,14,9,8,2026,3,6,1,2,35,Afternoon,No Alternate Route,15
2026-08-09 14:40:00,17.45141095445769,78.38276275799035,234,59,Moderate,2,2,1,0,14,9,8,2026,3,6,1,2,40,Afternoon,No Alternate Route,5
2026-08-09 14:45:00,17.49477250778558,78.39337354306397,254,54,Moderate,1,3,0,0,14,9,8,2026,3,6,1,2,45,Afternoon,No Alternate Route,5
2026-08-09 14:50:00,17.4947782372446,78.39012391974778,213,48,Moderate,0,3,2,0,14,9,8,2026,3,6,1,2,50,Afternoon,No Alternate Route,5
2026-08-09 14:55:00,17.45168792234469,78.3809135095341,263,56,Moderate,1,2,1,0,14,9,8,2026,3,6,1,2,55,Afternoon,No Alternate Route,5
2026-08-09 15:00:00,17.42521133488601,78.47225387621697,225,47,Moderate,0,4,2,0,15,9,8,2026,3,6,1,2,0,Afternoon,No Alternate Route,5
2026-08-09 15:05:00,17.41194795857132,78.44996011004525,316,29,High,0,1,1,0,15,9,8,2026,3,6,1,2,5,Afternoon,No Alternate Route,15
2026-08-09 15:10:00,17.49344448368085,78.38988462361039,241,42,Moderate,3,3,1,0,15,9,8,2026,3,6,1,2,10,Afternoon,No Alternate Route,5
2026-08-09 15:15:00,17.38450878968614,78.48807183706478,344,31,High,1,0,0,0,15,9,8,2026,3,6,1,2,15,Afternoon,No Alternate Route,15
2026-08-09 15:20:00,17.4514336027566,78.38165620997962,276,56,Moderate,0,2,0,0,15,9,8,2026,3,6,1,2,20,Afternoon,No Alternate Route,5
2026-08-09 15:25:00,17.41415961919149,78.44698970704832,301,22,High,2,1,2,0,15,9,8,2026,3,6,1,2,25,Afternoon,No Alternate Route,15
2026-08-09 15:30:00,17.38621554537999,78.48586749335033,341,32,High,2,0,0,0,15,9,8,2026,3,6,1,2,30,Afternoon,No Alternate Route,15
2026-08-09 15:35:00,17.4951216119333,78.3930391085142,196,45,Moderate,3,3,2,0,15,9,8,2026,3,6,1,2,35,Afternoon,No Alternate Route,5
2026-08-09 15:40:00,17.41234846182214,78.44801433984732,266,53,Moderate,1,1,1,0,15,9,8,2026,3,6,1,2,40,Afternoon,No Alternate Route,5
2026-08-09 15:45:00,17.49380069708427,78.39353266350103,294,60,Moderate,3,3,2,0,15,9,8,2026,3,6,1,2,45,Afternoon,No Alternate Route,5
2026-08-09 15:50:00,17.38685045097107,78.48650870202368,287,55,Moderate,2,0,2,0,15,9,8,2026,3,6,1,2,50,Afternoon,No Alternate Route,5
2026-08-09 15:55:00,17.42263690146205,78.47456094215752,224,60,Moderate,2,4,2,0,15,9,8,2026,3,6,1,2,55,Afternoon,No Alternate Route,5
2026-08-09 16:00:00,17.41060885034365,78.44653702777859,338,32,High,0,1,2,0,16,9,8,2026,3,6,1,2,0,Afternoon,No Alternate Route,15
2026-08-09 16:05:00,17.49426026406838,78.3933197127632,367,23,High,3,3,1,0,16,9,8,2026,3,6,1,2,5,Afternoon,No Alternate Route,15
2026-08-09 16:10:00,17.45191396378904,78.38069904696903,370,36,High,1,2,1,0,16,9,8,2026,3,6,1,2,10,Afternoon,No Alternate Route,15
2026-08-09 16:15:00,17.49450967122257,78.39235592189985,431,35,High,2,3,2,0,16,9,8,2026,3,6,1,2,15,Afternoon,No Alternate Route,15
2026-08-09 16:20:00,17.42491009552771,78.47191984037418,491,37,High,3,4,1,0,16,9,8,2026,3,6,1,2,20,Afternoon,No Alternate Route,15
2026-08-09 16:25:00,17.38543060430021,78.48761562956614,422,32,High,3,0,1,0,16,9,8,2026,3,6,1,2,25,Afternoon,No Alternate Route,15
2026-08-09 16:30:00,17.42580782380814,78.47250029312387,396,25,High,3,4,2,0,16,9,8,2026,3,6,1,2,30,Afternoon,No Alternate Route,15
2026-08-09 16:35:00,17.495259382771,78.39227088793223,450,24,High,0,3,1,0,16,9,8,2026,3,6,1,2,35,Afternoon,No Alternate Route,15
2026-08-09 16:40:00,17.44943030126853,78.38071999363862,422,39,High,2,2,2,0,16,9,8,2026,3,6,1,2,40,Afternoon,No Alternate Route,15
2026-08-09 16:45:00,17.4127729916443,78.44717921854829,441,30,High,2,1,1,0,16,9,8,2026,3,6,1,2,45,Afternoon,No Alternate Route,15
2026-08-09 16:50:00,17.38349576214618,78.48562920500387,314,33,High,1,0,2,0,16,9,8,2026,3,6,1,2,50,Afternoon,No Alternate Route,15
2026-08-09 16:55:00,17.49657913330077,78.39183885469434,385,25,High,2,3,2,0,16,9,8,2026,3,6,1,2,55,Afternoon,No Alternate Route,15
2026-08-09 17:00:00,17.49281055768144,78.38995023781247,410,29,High,1,3,0,0,17,9,8,2026,3,6,1,0,0,Evening,No Alternate Route,15
2026-08-09 17:05:00,17.4234373352058,78.47464252031727,439,24,High,0,4,1,0,17,9,8,2026,3,6,1,0,5,Evening,No Alternate Route,15
2026-08-09 17:10:00,17.42305493541522,78.47482780037217,489,24,High,1,4,1,0,17,9,8,2026,3,6,1,0,10,Evening,No Alternate Route,15
2026-08-09 17:15:00,17.38458902972611,78.48593361460861,343,35,High,0,0,2,0,17,9,8,2026,3,6,1,0,15,Evening,No Alternate Route,15
2026-08-09 17:20:00,17.38317000241868,78.48536946643245,369,23,High,1,0,2,0,17,9,8,2026,3,6,1,0,20,Evening,No Alternate Route,15
2026-08-09 17:25:00,17.38451050589731,78.48727452786731,486,37,High,0,0,1,0,17,9,8,2026,3,6,1,0,25,Evening,No Alternate Route,15
2026-08-09 17:30:00,17.4519068683307,78.38268344926314,317,24,High,2,2,2,0,17,9,8,2026,3,6,1,0,30,Evening,No Alternate Route,15
2026-08-09 17:35:00,17.41084053140554,78.44838767647936,335,36,High,1,1,0,0,17,9,8,2026,3,6,1,0,35,Evening,No Alternate Route,15
2026-08-09 17:40:00,17.38329070608716,78.48762003713541,394,23,High,0,0,1,0,17,9,8,2026,3,6,1,0,40,Evening,No Alternate Route,15
2026-08-09 17:45:00,17.38368329006182,78.48818540159338,360,29,High,1,0,1,0,17,9,8,2026,3,6,1,0,45,Evening,No Alternate Route,15
2026-08-09 17:50:00,17.45192855956324,78.383876401508,421,29,High,3,2,2,0,17,9,8,2026,3,6,1,0,50,Evening,No Alternate Route,15
2026-08-09 17:55:00,17.41393526684809,78.44865518539757,410,25,High,0,1,0,0,17,9,8,2026,3,6,1,0,55,Evening,No Alternate Route,15
2026-08-09 18:00:00,17.49614291298115,78.39359531324456,593,32,High,1,3,2,0,18,9,8,2026,3,6,1,0,0,Evening,No Alternate Route,15
2026-08-09 18:05:00,17.45184224366573,78.38451600011312,587,28,High,2,2,1,0,18,9,8,2026,3,6,1,0,5,Evening,No Alternate Route,15
2026-08-09 18:10:00,17.38508961467663,78.48833719775106,632,10,Severe,0,0,0,0,18,9,8,2026,3,6,1,0,10,Evening,No Alternate Route,30
2026-08-09 18:15:00,17.41451692830818,78.44891262790675,573,29,High,1,1,2,0,18,9,8,2026,3,6,1,0,15,Evening,No Alternate Route,15
2026-08-09 18:20:00,17.44992275075792,78.38158239088528,594,40,High,1,2,2,0,18,9,8,2026,3,6,1,0,20,Evening,No Alternate Route,15
2026-08-09 18:25:00,17.49351230447289,78.39214265329943,529,32,High,2,3,2,0,18,9,8,2026,3,6,1,0,25,Evening,No Alternate Route,15
2026-08-09 18:30:00,17.49377692738149,78.39162890652588,589,31,High,0,3,2,0,18,9,8,2026,3,6,1,0,30,Evening,No Alternate Route,15
2026-08-09 18:35:00,17.41176801714953,78.44734695364299,750,14,Severe,2,1,0,0,18,9,8,2026,3,6,1,0,35,Evening,No Alternate Route,30
2026-08-09 18:40:00,17.45133020879591,78.38214736115748,520,39,High,1,2,0,0,18,9,8,2026,3,6,1,0,40,Evening,No Alternate Route,15
2026-08-09 18:45:00,17.42498135772579,78.47462211253963,705,15,Severe,3,4,0,0,18,9,8,2026,3,6,1,0,45,Evening,No Alternate Route,30
2026-08-09 18:50:00,17.42469284567162,78.47430338619692,512,21,High,1,4,0,0,18,9,8,2026,3,6,1,0,50,Evening,No Alternate Route,15
2026-08-09 18:55:00,17.49298596983456,78.39205037370918,681,18,Severe,2,3,1,0,18,9,8,2026,3,6,1,0,55,Evening,No Alternate Route,30
2026-08-09 19:00:00,17.41334132089599,78.44858595319769,615,16,Severe,2,1,0,0,19,9,8,2026,3,6,1,0,0,Evening,No Alternate Route,30
2026-08-09 19:05:00,17.49525162885439,78.39162907983797,523,23,High,3,3,0,0,19,9,8,2026,3,6,1,0,5,Evening,No Alternate Route,15
2026-08-09 19:10:00,17.45050082956404,78.38444929804382,597,34,High,1,2,0,0,19,9,8,2026,3,6,1,0,10,Evening,No Alternate Route,15
2026-08-09 19:15:00,17.42409898098304,78.47474399544657,534,23,High,0,4,0,0,19,9,8,2026,3,6,1,0,15,Evening,No Alternate Route,15
2026-08-09 19:20:00,17.49470960131966,78.38997087103512,743,14,Severe,3,3,1,0,19,9,8,2026,3,6,1,0,20,Evening,No Alternate Route,30
2026-08-09 19:25:00,17.42212947205925,78.47375818272613,560,38,High,2,4,1,0,19,9,8,2026,3,6,1,0,25,Evening,No Alternate Route,15
2026-08-09 19:30:00,17.45226252172989,78.38142270238825,612,12,Severe,1,2,2,0,19,9,8,2026,3,6,1,0,30,Evening,No Alternate Route,30
2026-08-09 19:35:00,17.49565968494711,78.39121561716108,612,13,Severe,0,3,2,0,19,9,8,2026,3,6,1,0,35,Evening,No Alternate Route,30
2026-08-09 19:40:00,17.38310985948454,78.48509997098519,580,21,High,1,0,0,0,19,9,8,2026,3,6,1,0,40,Evening,No Alternate Route,15
2026-08-09 19:45:00,17.41138935459484,78.4497810853515,666,12,Severe,3,1,0,0,19,9,8,2026,3,6,1,0,45,Evening,No Alternate Route,30
2026-08-09 19:50:00,17.44985638642619,78.38378861764734,608,17,Severe,0,2,2,0,19,9,8,2026,3,6,1,0,50,Evening,No Alternate Route,30
2026-08-09 19:55:00,17.38695415091421,78.48851601574638,704,17,Severe,3,0,2,0,19,9,8,2026,3,6,1,0,55,Evening,No Alternate Route,30
2026-08-09 20:00:00,17.44907316596071,78.38246118473872,727,10,Severe,0,2,1,0,20,9,8,2026,3,6,1,0,0,Evening,No Alternate Route,30
2026-08-09 20:05:00,17.44968332430334,78.38137990656998,520,35,High,3,2,2,0,20,9,8,2026,3,6,1,0,5,Evening,No Alternate Route,15
2026-08-09 20:10:00,17.42552513727025,78.4749782362345,750,10,Severe,0,4,1,1,20,9,8,2026,3,6,1,0,10,Evening,No Alternate Route,30
2026-08-09 20:15:00,17.49317435386333,78.39177065082853,642,20,Severe,3,3,0,0,20,9,8,2026,3,6,1,0,15,Evening,No Alternate Route,30
2026-08-09 20:20:00,17.448454422611,78.38357600346374,672,16,Severe,3,2,0,0,20,9,8,2026,3,6,1,0,20,Evening,No Alternate Route,30
2026-08-09 20:25:00,17.45084039466296,78.38413909499558,681,20,Severe,3,2,1,0,20,9,8,2026,3,6,1,0,25,Evening,No Alternate Route,30
2026-08-09 20:30:00,17.41179158017287,78.44915930695078,560,33,High,1,1,1,0,20,9,8,2026,3,6,1,0,30,Evening,No Alternate Route,15
2026-08-09 20:35:00,17.44862786218503,78.38418453180728,546,29,High,0,2,2,0,20,9,8,2026,3,6,1,0,35,Evening,No Alternate Route,15
2026-08-09 20:40:00,17.49457025459316,78.39123730850332,615,20,Severe,0,3,0,0,20,9,8,2026,3,6,1,0,40,Evening,No Alternate Route,30
2026-08-09 20:45:00,17.44923798323307,78.38194022997668,775,16,Severe,1,2,1,0,20,9,8,2026,3,6,1,0,45,Evening,No Alternate Route,30
2026-08-09 20:50:00,17.44954312042454,78.3825794917919,537,37,High,1,2,2,0,20,9,8,2026,3,6,1,0,50,Evening,No Alternate Route,15
2026-08-09 20:55:00,17.42421150770782,78.47449306288817,511,38,High,2,4,0,0,20,9,8,2026,3,6,1,0,55,Evening,No Alternate Route,15
2026-08-09 21:00:00,17.42472001755631,78.47260123984455,130,47,Moderate,2,4,0,0,21,9,8,2026,3,6,1,0,0,Night,No Alternate Route,5
2026-08-09 21:05:00,17.4964900978963,78.39146857104534,81,74,Low,0,3,1,0,21,9,8,2026,3,6,1,0,5,Night,No Alternate Route,0
2026-08-09 21:10:00,17.45000993767637,78.38319484936049,160,47,Moderate,1,2,2,0,21,9,8,2026,3,6,1,0,10,Night,No Alternate Route,5
2026-08-09 21:15:00,17.44940758877382,78.38406011333969,166,45,Moderate,2,2,1,0,21,9,8,2026,3,6,1,0,15,Night,No Alternate Route,5
2026-08-09 21:20:00,17.3848484888568,78.48779682374891,180,57,Moderate,2,0,2,0,21,9,8,2026,3,6,1,0,20,Night,No Alternate Route,5
2026-08-09 21:25:00,17.45048948482948,78.38408623451889,133,52,Moderate,1,2,2,0,21,9,8,2026,3,6,1,0,25,Night,No Alternate Route,5
2026-08-09 21:30:00,17.4226153739538,78.47352213839943,89,60,Low,2,4,2,0,21,9,8,2026,3,6,1,0,30,Night,No Alternate Route,0
2026-08-09 21:35:00,17.45117250522572,78.38220412694682,175,46,Moderate,1,2,1,0,21,9,8,2026,3,6,1,0,35,Night,No Alternate Route,5
2026-08-09 21:40:00,17.38552721524388,78.48515732100132,156,48,Moderate,2,0,2,0,21,9,8,2026,3,6,1,0,40,Night,No Alternate Route,5
2026-08-09 21:45:00,17.38322042502528,78.48520670165355,130,60,Moderate,1,0,2,0,21,9,8,2026,3,6,1,0,45,Night,No Alternate Route,5
2026-08-09 21:50:00,17.49289317903539,78.39174348647026,140,48,Moderate,0,3,1,0,21,9,8,2026,3,6,1,0,50,Night,No Alternate Route,5
2026-08-09 21:55:00,17.42213751266044,78.47391190249996,96,66,Low,3,4,1,0,21,9,8,2026,3,6,1,0,55,Night,No Alternate Route,0
2026-08-09 22:00:00,17.42200871378422,78.47326111968457,109,43,Moderate,2,4,2,0,22,9,8,2026,3,6,1,2,0,Night,No Alternate Route,5
2026-08-09 22:05:00,17.45038160469804,78.38458058572957,121,57,Moderate,2,2,2,0,22,9,8,2026,3,6,1,2,5,Night,No Alternate Route,5
2026-08-09 22:10:00,17.42339243679383,78.47200583233186,142,60,Moderate,1,4,1,0,22,9,8,2026,3,6,1,2,10,Night,No Alternate Route,5
2026-08-09 22:15:00,17.42213610226561,78.47291795601814,93,74,Low,2,4,1,0,22,9,8,2026,3,6,1,2,15,Night,No Alternate Route,0
2026-08-09 22:20:00,17.45038764559224,78.38119091553251,141,45,Moderate,3,2,1,0,22,9,8,2026,3,6,1,2,20,Night,No Alternate Route,5
2026-08-09 22:25:00,17.44862673021353,78.38140385155124,150,50,Moderate,2,2,0,0,22,9,8,2026,3,6,1,2,25,Night,No Alternate Route,5
2026-08-09 22:30:00,17.45195350635864,78.38077737460958,132,53,Moderate,3,2,1,0,22,9,8,2026,3,6,1,2,30,Night,No Alternate Route,5
2026-08-09 22:35:00,17.3836198741858,78.48626891545986,179,40,Moderate,0,0,2,0,22,9,8,2026,3,6,1,2,35,Night,No Alternate Route,5
2026-08-09 22:40:00,17.49414042490367,78.39240085711663,149,53,Moderate,3,3,0,0,22,9,8,2026,3,6,1,2,40,Night,No Alternate Route,5
2026-08-09 22:45:00,17.42364972395282,78.47414072265862,174,51,Moderate,0,4,0,0,22,9,8,2026,3,6,1,2,45,Night,No Alternate Route,5
2026-08-09 22:50:00,17.38373663702198,78.48852467829823,155,48,Moderate,0,0,1,0,22,9,8,2026,3,6,1,2,50,Night,No Alternate Route,5
2026-08-09 22:55:00,17.41077304165804,78.44903060097188,142,51,Moderate,2,1,0,0,22,9,8,2026,3,6,1,2,55,Night,No Alternate Route,5
2026-08-09 23:00:00,17.44920508455084,78.3823783539266,137,48,Moderate,1,2,0,0,23,9,8,2026,3,6,1,2,0,Night,No Alternate Route,5
2026-08-09 23:05:00,17.38696476463855,78.48573567322818,149,58,Moderate,2,0,1,0,23,9,8,2026,3,6,1,2,5,Night,No Alternate Route,5
2026-08-09 23:10:00,17.3865973094877,78.48572646109659,175,44,Moderate,2,0,2,0,23,9,8,2026,3,6,1,2,10,Night,No Alternate Route,5
2026-08-09 23:15:00,17.49547402310676,78.39164224239919,139,50,Moderate,2,3,2,0,23,9,8,2026,3,6,1,2,15,Night,No Alternate Route,5
2026-08-09 23:20:00,17.44964164545069,78.38335135680562,143,50,Moderate,1,2,2,0,23,9,8,2026,3,6,1,2,20,Night,No Alternate Route,5
2026-08-09 23:25:00,17.41348003487471,78.450157464705,123,44,Moderate,1,1,0,0,23,9,8,2026,3,6,1,2,25,Night,No Alternate Route,5
2026-08-09 23:30:00,17.38548683900946,78.48862538124155,139,54,Moderate,2,0,0,0,23,9,8,2026,3,6,1,2,30,Night,No Alternate Route,5
2026-08-09 23:35:00,17.41379278758493,78.44839268405133,125,45,Moderate,0,1,1,0,23,9,8,2026,3,6,1,2,35,Night,No Alternate Route,5
2026-08-09 23:40:00,17.38567274212334,78.48644609593556,93,66,Low,1,0,1,0,23,9,8,2026,3,6,1,2,40,Night,No Alternate Route,0
2026-08-09 23:45:00,17.49447352653574,78.39213779804395,169,51,Moderate,2,3,2,0,23,9,8,2026,3,6,1,2,45,Night,No Alternate Route,5
2026-08-09 23:50:00,17.42586381389382,78.47252035429626,129,44,Moderate,3,4,0,0,23,9,8,2026,3,6,1,2,50,Night,No Alternate Route,5
2026-08-09 23:55:00,17.3832016857351,78.48767945753909,136,48,Moderate,3,0,1,0,23,9,8,2026,3,6,1,2,55,Night,No Alternate Route,5
2026-08-10 00:00:00,17.41416024694217,78.44826739843326,33,64,Low,1,1,0,0,0,10,8,2026,1,0,0,2,0,Night,No Alternate Route,0
2026-08-10 00:05:00,17.38426496069042,78.48579207258146,28,69,Low,3,0,0,0,0,10,8,2026,1,0,0,2,5,Night,No Alternate Route,0
2026-08-10 00:10:00,17.38418986979691,78.48830840659778,54,80,Low,2,0,0,0,0,10,8,2026,1,0,0,2,10,Night,No Alternate Route,0
2026-08-10 00:15:00,17.42432505260262,78.4748863349637,38,67,Low,1,4,0,0,0,10,8,2026,1,0,0,2,15,Night,No Alternate Route,0
2026-08-10 00:20:00,17.45178366624566,78.3829608379021,21,70,Low,3,2,2,0,0,10,8,2026,1,0,0,2,20,Night,No Alternate Route,0
2026-08-10 00:25:00,17.49604512985972,78.3901325916256,62,69,Low,0,3,1,0,0,10,8,2026,1,0,0,2,25,Night,No Alternate Route,0
2026-08-10 00:30:00,17.42497103571127,78.4724959200145,26,71,Low,1,4,0,0,0,10,8,2026,1,0,0,2,30,Night,No Alternate Route,0
2026-08-10 00:35:00,17.38618497240691,78.4876142254019,79,78,Low,2,0,2,0,0,10,8,2026,1,0,0,2,35,Night,No Alternate Route,0
2026-08-10 00:40:00,17.49435173743741,78.39254766204444,59,75,Low,2,3,0,0,0,10,8,2026,1,0,0,2,40,Night,No Alternate Route,0
2026-08-10 00:45:00,17.41085177534367,78.4493015547843,48,79,Low,1,1,0,0,0,10,8,2026,1,0,0,2,45,Night,No Alternate Route,0
2026-08-10 00:50:00,17.38592977231789,78.48819332890749,42,67,Low,2,0,2,1,0,10,8,2026,1,0,0,2,50,Night,No Alternate Route,0
2026-08-10 00:55:00,17.45067020318355,78.38183339935269,44,69,Low,0,2,2,0,0,10,8,2026,1,0,0,2,55,Night,No Alternate Route,0
2026-08-10 01:00:00,17.38672331706362,78.4861891717799,72,68,Low,1,0,2,0,1,10,8,2026,1,0,0,2,0,Night,No Alternate Route,0
2026-08-10 01:05:00,17.42287508833629,78.47573576684009,68,63,Low,0,4,1,0,1,10,8,2026,1,0,0,2,5,Night,No Alternate Route,0
2026-08-10 01:10:00,17.42415838320939,78.47377248269542,62,62,Low,1,4,1,1,1,10,8,2026,1,0,0,2,10,Night,No Alternate Route,0
2026-08-10 01:15:00,17.45175346007199,78.38205810542604,70,71,Low,3,2,1,0,1,10,8,2026,1,0,0,2,15,Night,No Alternate Route,0
2026-08-10 01:20:00,17.44848257729208,78.38074292731896,24,71,Low,2,2,2,0,1,10,8,2026,1,0,0,2,20,Night,No Alternate Route,0
2026-08-10 01:25:00,17.49331479194654,78.39323002005503,79,64,Low,2,3,1,0,1,10,8,2026,1,0,0,2,25,Night,No Alternate Route,0
2026-08-10 01:30:00,17.38649168031824,78.48709918482751,42,78,Low,2,0,2,0,1,10,8,2026,1,0,0,2,30,Night,No Alternate Route,0
2026-08-10 01:35:00,17.4932223167582,78.3901747554263,30,79,Low,3,3,0,0,1,10,8,2026,1,0,0,2,35,Night,No Alternate Route,0
2026-08-10 01:40:00,17.49461965714925,78.39325850222004,37,64,Low,3,3,1,0,1,10,8,2026,1,0,0,2,40,Night,No Alternate Route,0
2026-08-10 01:45:00,17.49281708479737,78.39177256056095,26,68,Low,2,3,2,0,1,10,8,2026,1,0,0,2,45,Night,No Alternate Route,0
2026-08-10 01:50:00,17.41171190860126,78.44996045294282,31,60,Low,3,1,1,0,1,10,8,2026,1,0,0,2,50,Night,No Alternate Route,0
2026-08-10 01:55:00,17.45025066841751,78.38404610852074,43,62,Low,1,2,0,0,1,10,8,2026,1,0,0,2,55,Night,No Alternate Route,0
2026-08-10 02:00:00,17.42348878839812,78.47341092814302,24,74,Low,2,4,1,0,2,10,8,2026,1,0,0,2,0,Night,No Alternate Route,0
2026-08-10 02:05:00,17.38370170003939,78.48527687283172,39,77,Low,1,0,2,0,2,10,8,2026,1,0,0,2,5,Night,No Alternate Route,0
2026-08-10 02:10:00,17.44966667232008,78.38156926558943,48,71,Low,2,2,2,0,2,10,8,2026,1,0,0,2,10,Night,No Alternate Route,0
2026-08-10 02:15:00,17.42533076625292,78.47212912146871,52,76,Low,2,4,1,0,2,10,8,2026,1,0,0,2,15,Night,No Alternate Route,0
2026-08-10 02:20:00,17.38363150596467,78.48730863165667,32,66,Low,1,0,2,0,2,10,8,2026,1,0,0,2,20,Night,No Alternate Route,0
2026-08-10 02:25:00,17.49428221137772,78.39168553608137,31,80,Low,2,3,0,0,2,10,8,2026,1,0,0,2,25,Night,No Alternate Route,0
2026-08-10 02:30:00,17.42455300268436,78.47529250994901,39,65,Low,3,4,1,0,2,10,8,2026,1,0,0,2,30,Night,No Alternate Route,0
2026-08-10 02:35:00,17.49492193299637,78.3921718756831,22,76,Low,1,3,0,0,2,10,8,2026,1,0,0,2,35,Night,No Alternate Route,0
2026-08-10 02:40:00,17.4965849561012,78.38998241995576,46,60,Low,0,3,2,0,2,10,8,2026,1,0,0,2,40,Night,No Alternate Route,0
2026-08-10 02:45:00,17.45235845486219,78.38150898071933,37,61,Low,2,2,1,0,2,10,8,2026,1,0,0,2,45,Night,No Alternate Route,0
2026-08-10 02:50:00,17.38653602188015,78.48797672998026,63,71,Low,1,0,1,0,2,10,8,2026,1,0,0,2,50,Night,No Alternate Route,0
2026-08-10 02:55:00,17.44917720151367,78.38384997777958,76,75,Low,1,2,2,0,2,10,8,2026,1,0,0,2,55,Night,No Alternate Route,0
2026-08-10 03:00:00,17.38529001340012,78.48549482757875,37,62,Low,0,0,2,0,3,10,8,2026,1,0,0,2,0,Night,No Alternate Route,0
2026-08-10 03:05:00,17.41138568069906,78.44991950267882,79,61,Low,2,1,0,0,3,10,8,2026,1,0,0,2,5,Night,No Alternate Route,0
2026-08-10 03:10:00,17.38389795460156,78.48655828581096,31,66,Low,2,0,2,0,3,10,8,2026,1,0,0,2,10,Night,No Alternate Route,0
2026-08-10 03:15:00,17.41430301453492,78.44947168581507,76,61,Low,1,1,0,0,3,10,8,2026,1,0,0,2,15,Night,No Alternate Route,0
2026-08-10 03:20:00,17.42451462918773,78.47201271993549,55,78,Low,3,4,2,0,3,10,8,2026,1,0,0,2,20,Night,No Alternate Route,0
2026-08-10 03:25:00,17.42340204963314,78.4719599141417,52,79,Low,0,4,1,0,3,10,8,2026,1,0,0,2,25,Night,No Alternate Route,0
2026-08-10 03:30:00,17.45029849790318,78.38062371774198,59,66,Low,2,2,0,0,3,10,8,2026,1,0,0,2,30,Night,No Alternate Route,0
2026-08-10 03:35:00,17.42448603762381,78.47276071112357,45,68,Low,1,4,2,0,3,10,8,2026,1,0,0,2,35,Night,No Alternate Route,0
2026-08-10 03:40:00,17.38678909810549,78.48586782135042,47,79,Low,1,0,0,0,3,10,8,2026,1,0,0,2,40,Night,No Alternate Route,0
2026-08-10 03:45:00,17.45191198920561,78.38097941301886,78,68,Low,3,2,0,0,3,10,8,2026,1,0,0,2,45,Night,No Alternate Route,0
2026-08-10 03:50:00,17.41175420802444,78.44736127328603,25,74,Low,1,1,0,0,3,10,8,2026,1,0,0,2,50,Night,No Alternate Route,0
2026-08-10 03:55:00,17.42299198110586,78.47497575541074,27,60,Low,1,4,1,1,3,10,8,2026,1,0,0,2,55,Night,No Alternate Route,0
2026-08-10 04:00:00,17.42412969686285,78.47554477512895,62,73,Low,0,4,2,0,4,10,8,2026,1,0,0,2,0,Night,No Alternate Route,0
2026-08-10 04:05:00,17.38504854439275,78.48826995475171,73,74,Low,2,0,0,0,4,10,8,2026,1,0,0,2,5,Night,No Alternate Route,0
2026-08-10 04:10:00,17.4107363481255,78.44746668082358,77,60,Low,2,1,2,0,4,10,8,2026,1,0,0,2,10,Night,No Alternate Route,0
2026-08-10 04:15:00,17.42445035822856,78.47559859450514,80,75,Low,3,4,0,0,4,10,8,2026,1,0,0,2,15,Night,No Alternate Route,0
2026-08-10 04:20:00,17.38656585400657,78.4871681124247,68,70,Low,2,0,0,0,4,10,8,2026,1,0,0,2,20,Night,No Alternate Route,0
2026-08-10 04:25:00,17.38419013910834,78.48824781482936,54,80,Low,2,0,0,0,4,10,8,2026,1,0,0,2,25,Night,No Alternate Route,0
2026-08-10 04:30:00,17.38529959592403,78.4867511761091,68,66,Low,3,0,0,0,4,10,8,2026,1,0,0,2,30,Night,No Alternate Route,0
2026-08-10 04:35:00,17.41350245210279,78.44988792887435,71,79,Low,3,1,2,0,4,10,8,2026,1,0,0,2,35,Night,No Alternate Route,0
2026-08-10 04:40:00,17.49493220518477,78.3917780993201,78,71,Low,1,3,0,0,4,10,8,2026,1,0,0,2,40,Night,No Alternate Route,0
2026-08-10 04:45:00,17.44952676299329,78.38436448016958,71,71,Low,3,2,0,0,4,10,8,2026,1,0,0,2,45,Night,No Alternate Route,0
2026-08-10 04:50:00,17.4251271280362,78.47308982906773,30,80,Low,1,4,1,0,4,10,8,2026,1,0,0,2,50,Night,No Alternate Route,0
2026-08-10 04:55:00,17.44983123980326,78.3837654956355,33,68,Low,3,2,1,0,4,10,8,2026,1,0,0,2,55,Night,No Alternate Route,0
2026-08-10 05:00:00,17.38435796962083,78.48534616976423,107,56,Moderate,1,0,1,0,5,10,8,2026,1,0,0,2,0,Morning,No Alternate Route,5
2026-08-10 05:05:00,17.45008046942247,78.38200605387583,144,60,Moderate,0,2,2,0,5,10,8,2026,1,0,0,2,5,Morning,No Alternate Route,5
2026-08-10 05:10:00,17.42217889037948,78.47270819334132,112,42,Moderate,0,4,0,1,5,10,8,2026,1,0,0,2,10,Morning,No Alternate Route,5
2026-08-10 05:15:00,17.42563716674334,78.47364409843212,125,57,Moderate,2,4,1,0,5,10,8,2026,1,0,0,2,15,Morning,No Alternate Route,5
2026-08-10 05:20:00,17.4145249495568,78.44924441537674,103,56,Moderate,1,1,2,0,5,10,8,2026,1,0,0,2,20,Morning,No Alternate Route,5
2026-08-10 05:25:00,17.44965624043837,78.38158594533486,94,62,Low,1,2,0,0,5,10,8,2026,1,0,0,2,25,Morning,No Alternate Route,0
2026-08-10 05:30:00,17.4227090650457,78.47451246283917,104,60,Moderate,0,4,1,0,5,10,8,2026,1,0,0,2,30,Morning,No Alternate Route,5
2026-08-10 05:35:00,17.38443331670772,78.48868156769207,177,48,Moderate,1,0,1,0,5,10,8,2026,1,0,0,2,35,Morning,No Alternate Route,5
2026-08-10 05:40:00,17.38504789407894,78.4874296136695,164,45,Moderate,0,0,0,0,5,10,8,2026,1,0,0,2,40,Morning,No Alternate Route,5
2026-08-10 05:45:00,17.49597433895284,78.39151149569466,138,44,Moderate,0,3,0,0,5,10,8,2026,1,0,0,2,45,Morning,No Alternate Route,5
2026-08-10 05:50:00,17.45126963381975,78.38251460681505,92,75,Low,1,2,0,0,5,10,8,2026,1,0,0,2,50,Morning,No Alternate Route,0
2026-08-10 05:55:00,17.41418635308415,78.44936843211907,179,53,Moderate,1,1,2,0,5,10,8,2026,1,0,0,2,55,Morning,No Alternate Route,5
2026-08-10 06:00:00,17.49599082364142,78.3900035358451,131,40,Moderate,0,3,1,0,6,10,8,2026,1,0,0,2,0,Morning,No Alternate Route,5
2026-08-10 06:05:00,17.41186714602011,78.44659558290778,137,45,Moderate,1,1,1,0,6,10,8,2026,1,0,0,2,5,Morning,No Alternate Route,5
2026-08-10 06:10:00,17.41236483472897,78.44643412482768,117,54,Moderate,2,1,2,0,6,10,8,2026,1,0,0,2,10,Morning,No Alternate Route,5
2026-08-10 06:15:00,17.49358733645945,78.39234861601135,89,66,Low,1,3,1,0,6,10,8,2026,1,0,0,2,15,Morning,No Alternate Route,0
2026-08-10 06:20:00,17.42407824155301,78.4745920390738,144,60,Moderate,2,4,2,0,6,10,8,2026,1,0,0,2,20,Morning,No Alternate Route,5
2026-08-10 06:25:00,17.41235159385818,78.44780019258901,116,50,Moderate,3,1,0,0,6,10,8,2026,1,0,0,2,25,Morning,No Alternate Route,5
2026-08-10 06:30:00,17.42357617728818,78.47222572754767,178,53,Moderate,0,4,1,0,6,10,8,2026,1,0,0,2,30,Morning,No Alternate Route,5
2026-08-10 06:35:00,17.4944134945326,78.39059530349954,123,57,Moderate,1,3,1,0,6,10,8,2026,1,0,0,2,35,Morning,No Alternate Route,5
2026-08-10 06:40:00,17.42576347252509,78.47233969395042,152,56,Moderate,2,4,2,0,6,10,8,2026,1,0,0,2,40,Morning,No Alternate Route,5
2026-08-10 06:45:00,17.38581141081108,78.48864463475708,84,77,Low,2,0,2,0,6,10,8,2026,1,0,0,2,45,Morning,No Alternate Route,0
2026-08-10 06:50:00,17.45050442747242,78.38328769088172,90,67,Low,1,2,1,0,6,10,8,2026,1,0,0,2,50,Morning,No Alternate Route,0
2026-08-10 06:55:00,17.41332072472848,78.44995149909434,132,53,Moderate,0,1,0,0,6,10,8,2026,1,0,0,2,55,Morning,No Alternate Route,5
2026-08-10 07:00:00,17.38555423363724,78.48764852007318,676,20,Severe,0,0,1,0,7,10,8,2026,1,0,0,1,0,Morning,No Alternate Route,30
2026-08-10 07:05:00,17.41260364854261,78.44814599077533,468,31,High,3,1,0,1,7,10,8,2026,1,0,0,1,5,Morning,No Alternate Route,15
2026-08-10 07:10:00,17.41336598307198,78.44653169123782,655,19,Severe,0,1,0,0,7,10,8,2026,1,0,0,1,10,Morning,No Alternate Route,30
2026-08-10 07:15:00,17.41318749836141,78.44814514750269,654,20,Severe,1,1,0,0,7,10,8,2026,1,0,0,1,15,Morning,No Alternate Route,30
2026-08-10 07:20:00,17.493867392623,78.39288651541732,467,21,High,3,3,0,0,7,10,8,2026,1,0,0,1,20,Morning,No Alternate Route,15
2026-08-10 07:25:00,17.38513571184643,78.48479673751825,627,16,Severe,2,0,0,0,7,10,8,2026,1,0,0,1,25,Morning,No Alternate Route,30
2026-08-10 07:30:00,17.49470524037486,78.39067742898715,639,20,Severe,0,3,0,0,7,10,8,2026,1,0,0,1,30,Morning,No Alternate Route,30
2026-08-10 07:35:00,17.45094505106953,78.38157319032157,571,39,High,0,2,2,0,7,10,8,2026,1,0,0,1,35,Morning,No Alternate Route,15
2026-08-10 07:40:00,17.42313302656527,78.47406746820855,609,18,Severe,1,4,2,0,7,10,8,2026,1,0,0,1,40,Morning,No Alternate Route,30
2026-08-10 07:45:00,17.42291464966247,78.47445897486654,485,21,High,1,4,0,0,7,10,8,2026,1,0,0,1,45,Morning,No Alternate Route,15
2026-08-10 07:50:00,17.42583657804827,78.47373691129688,490,37,High,1,4,2,0,7,10,8,2026,1,0,0,1,50,Morning,No Alternate Route,15
2026-08-10 07:55:00,17.41348373909758,78.44827896784949,644,11,Severe,0,1,2,0,7,10,8,2026,1,0,0,1,55,Morning,No Alternate Route,30
2026-08-10 08:00:00,17.41215138247859,78.44921203196462,459,21,High,3,1,2,0,8,10,8,2026,1,0,0,1,0,Morning,No Alternate Route,15
2026-08-10 08:05:00,17.49291567485354,78.39264031210912,649,17,Severe,1,3,1,0,8,10,8,2026,1,0,0,1,5,Morning,No Alternate Route,30
2026-08-10 08:10:00,17.41127177669282,78.44909115836272,682,16,Severe,2,1,0,0,8,10,8,2026,1,0,0,1,10,Morning,No Alternate Route,30
2026-08-10 08:15:00,17.42581951024408,78.47315526492693,682,12,Severe,2,4,2,0,8,10,8,2026,1,0,0,1,15,Morning,No Alternate Route,30
2026-08-10 08:20:00,17.49634441643802,78.3922045683959,554,29,High,2,3,1,0,8,10,8,2026,1,0,0,1,20,Morning,No Alternate Route,15
2026-08-10 08:25:00,17.44939658403926,78.38224741740446,679,17,Severe,2,2,0,0,8,10,8,2026,1,0,0,1,25,Morning,No Alternate Route,30
2026-08-10 08:30:00,17.45150311615222,78.38078841493842,576,25,High,3,2,2,0,8,10,8,2026,1,0,0,1,30,Morning,No Alternate Route,15
2026-08-10 08:35:00,17.49653791153638,78.39087984744137,502,30,High,0,3,2,0,8,10,8,2026,1,0,0,1,35,Morning,No Alternate Route,15
2026-08-10 08:40:00,17.45000277632193,78.38305903481297,665,10,Severe,0,2,0,0,8,10,8,2026,1,0,0,1,40,Morning,No Alternate Route,30
2026-08-10 08:45:00,17.44925709176286,78.38121497948919,582,28,High,1,2,2,0,8,10,8,2026,1,0,0,1,45,Morning,No Alternate Route,15
2026-08-10 08:50:00,17.49562858087144,78.39080765484556,609,11,Severe,3,3,0,0,8,10,8,2026,1,0,0,1,50,Morning,No Alternate Route,30
2026-08-10 08:55:00,17.49364079706299,78.39168300504882,497,33,High,0,3,0,0,8,10,8,2026,1,0,0,1,55,Morning,No Alternate Route,15
2026-08-10 09:00:00,17.4251332801781,78.4723738429544,596,35,High,3,4,1,0,9,10,8,2026,1,0,0,1,0,Morning,No Alternate Route,15
2026-08-10 09:05:00,17.49443124167198,78.39245142034142,557,40,High,0,3,2,0,9,10,8,2026,1,0,0,1,5,Morning,No Alternate Route,15
2026-08-10 09:10:00,17.49368299381406,78.39246672697838,645,19,Severe,3,3,2,0,9,10,8,2026,1,0,0,1,10,Morning,No Alternate Route,30
2026-08-10 09:15:00,17.42299017057885,78.47493049726704,463,35,High,1,4,1,0,9,10,8,2026,1,0,0,1,15,Morning,No Alternate Route,15
2026-08-10 09:20:00,17.42393003625541,78.47237399044717,470,30,High,3,4,0,0,9,10,8,2026,1,0,0,1,20,Morning,No Alternate Route,15
2026-08-10 09:25:00,17.38311917618297,78.48826237116337,650,11,Severe,0,0,1,0,9,10,8,2026,1,0,0,1,25,Morning,No Alternate Route,30
2026-08-10 09:30:00,17.45010249356315,78.3824806184199,452,26,High,3,2,1,0,9,10,8,2026,1,0,0,1,30,Morning,No Alternate Route,15
2026-08-10 09:35:00,17.45232748814289,78.38096441944002,518,26,High,3,2,2,0,9,10,8,2026,1,0,0,1,35,Morning,No Alternate Route,15
2026-08-10 09:40:00,17.44968632759149,78.38080603842104,676,20,Severe,1,2,2,0,9,10,8,2026,1,0,0,1,40,Morning,No Alternate Route,30
2026-08-10 09:45:00,17.49390728244204,78.3933451501156,458,21,High,1,3,1,0,9,10,8,2026,1,0,0,1,45,Morning,No Alternate Route,15
2026-08-10 09:50:00,17.44873740054139,78.38069115208455,590,25,High,3,2,1,0,9,10,8,2026,1,0,0,1,50,Morning,No Alternate Route,15
2026-08-10 09:55:00,17.41433771330031,78.44813873508967,548,33,High,1,1,0,0,9,10,8,2026,1,0,0,1,55,Morning,No Alternate Route,15
2026-08-10 10:00:00,17.41103363711024,78.44972719054338,269,54,Moderate,3,1,1,0,10,10,8,2026,1,0,0,1,0,Morning,No Alternate Route,5
2026-08-10 10:05:00,17.4221785168903,78.47247811814513,269,43,Moderate,3,4,0,0,10,10,8,2026,1,0,0,1,5,Morning,No Alternate Route,5
2026-08-10 10:10:00,17.45030028879615,78.38322779431252,269,54,Moderate,1,2,1,0,10,10,8,2026,1,0,0,1,10,Morning,No Alternate Route,5
2026-08-10 10:15:00,17.450550180365,78.38143338348495,331,34,High,0,2,0,0,10,10,8,2026,1,0,0,1,15,Morning,No Alternate Route,15
2026-08-10 10:20:00,17.4123693874734,78.44952176428001,199,41,Moderate,0,1,2,0,10,10,8,2026,1,0,0,1,20,Morning,No Alternate Route,5
2026-08-10 10:25:00,17.41258104520056,78.44793688255949,249,45,Moderate,1,1,2,0,10,10,8,2026,1,0,0,1,25,Morning,No Alternate Route,5
2026-08-10 10:30:00,17.4929274959206,78.39012003454035,208,55,Moderate,1,3,1,0,10,10,8,2026,1,0,0,1,30,Morning,No Alternate Route,5
2026-08-10 10:35:00,17.4109469437407,78.44997953032907,256,57,Moderate,1,1,0,0,10,10,8,2026,1,0,0,1,35,Morning,No Alternate Route,5
2026-08-10 10:40:00,17.42517560740115,78.47524663559024,228,48,Moderate,0,4,1,0,10,10,8,2026,1,0,0,1,40,Morning,No Alternate Route,5
2026-08-10 10:45:00,17.41158020142669,78.44679900578018,274,59,Moderate,1,1,2,0,10,10,8,2026,1,0,0,1,45,Morning,No Alternate Route,5
2026-08-10 10:50:00,17.49551551711379,78.39257845079128,198,41,Moderate,1,3,1,0,10,10,8,2026,1,0,0,1,50,Morning,No Alternate Route,5
2026-08-10 10:55:00,17.49638552059281,78.38980382290556,306,28,High,0,3,2,0,10,10,8,2026,1,0,0,1,55,Morning,No Alternate Route,15
2026-08-10 11:00:00,17.42302819089794,78.47570045622692,278,43,Moderate,3,4,2,0,11,10,8,2026,1,0,0,2,0,Morning,No Alternate Route,5
2026-08-10 11:05:00,17.41074495364618,78.44866688197149,183,56,Moderate,0,1,1,0,11,10,8,2026,1,0,0,2,5,Morning,No Alternate Route,5
2026-08-10 11:10:00,17.42223595603938,78.47402642732983,209,48,Moderate,0,4,2,0,11,10,8,2026,1,0,0,2,10,Morning,No Alternate Route,5
2026-08-10 11:15:00,17.41086867253213,78.44810755977743,273,56,Moderate,1,1,2,0,11,10,8,2026,1,0,0,2,15,Morning,No Alternate Route,5
2026-08-10 11:20:00,17.41244427620779,78.44919685532327,196,48,Moderate,2,1,1,0,11,10,8,2026,1,0,0,2,20,Morning,No Alternate Route,5
2026-08-10 11:25:00,17.38419522737334,78.48502777051655,210,50,Moderate,2,0,1,0,11,10,8,2026,1,0,0,2,25,Morning,No Alternate Route,5
2026-08-10 11:30:00,17.41377603724961,78.44637873872584,329,28,High,0,1,0,0,11,10,8,2026,1,0,0,2,30,Morning,No Alternate Route,15
2026-08-10 11:35:00,17.41444336651919,78.4476782130216,182,60,Moderate,0,1,1,0,11,10,8,2026,1,0,0,2,35,Morning,No Alternate Route,5
2026-08-10 11:40:00,17.38359938825782,78.48683443819861,215,53,Moderate,1,0,2,0,11,10,8,2026,1,0,0,2,40,Morning,No Alternate Route,5
2026-08-10 11:45:00,17.41329398192126,78.44755994703355,315,28,High,2,1,2,0,11,10,8,2026,1,0,0,2,45,Morning,No Alternate Route,15
2026-08-10 11:50:00,17.38544417066376,78.48532436460376,274,48,Moderate,1,0,0,0,11,10,8,2026,1,0,0,2,50,Morning,No Alternate Route,5
2026-08-10 11:55:00,17.42331549932113,78.47357286159824,300,56,Moderate,0,4,1,0,11,10,8,2026,1,0,0,2,55,Morning,No Alternate Route,5
2026-08-10 12:00:00,17.45106218883671,78.38347703482923,207,50,Moderate,0,2,1,0,12,10,8,2026,1,0,0,2,0,Afternoon,No Alternate Route,5
2026-08-10 12:05:00,17.4515611051781,78.38330047096727,293,57,Moderate,1,2,1,0,12,10,8,2026,1,0,0,2,5,Afternoon,No Alternate Route,5
2026-08-10 12:10:00,17.41455078165228,78.44642840629399,295,47,Moderate,3,1,1,0,12,10,8,2026,1,0,0,2,10,Afternoon,No Alternate Route,5
2026-08-10 12:15:00,17.49399821695654,78.39254094549023,300,59,Moderate,0,3,1,0,12,10,8,2026,1,0,0,2,15,Afternoon,No Alternate Route,5
2026-08-10 12:20:00,17.38615426721772,78.48519892543352,276,57,Moderate,2,0,0,0,12,10,8,2026,1,0,0,2,20,Afternoon,No Alternate Route,5
2026-08-10 12:25:00,17.44890342141644,78.38308547143104,260,49,Moderate,2,2,2,0,12,10,8,2026,1,0,0,2,25,Afternoon,No Alternate Route,5
2026-08-10 12:30:00,17.38476527375225,78.48535800136374,181,42,Moderate,2,0,0,0,12,10,8,2026,1,0,0,2,30,Afternoon,No Alternate Route,5
2026-08-10 12:35:00,17.42364656196235,78.47478343179256,192,55,Moderate,3,4,2,0,12,10,8,2026,1,0,0,2,35,Afternoon,No Alternate Route,5
2026-08-10 12:40:00,17.45088585968676,78.38400798657574,297,49,Moderate,3,2,2,0,12,10,8,2026,1,0,0,2,40,Afternoon,No Alternate Route,5
2026-08-10 12:45:00,17.41390025695164,78.44797602945106,271,49,Moderate,0,1,0,0,12,10,8,2026,1,0,0,2,45,Afternoon,No Alternate Route,5
2026-08-10 12:50:00,17.41220412173378,78.44701854207995,199,41,Moderate,0,1,2,0,12,10,8,2026,1,0,0,2,50,Afternoon,No Alternate Route,5
2026-08-10 12:55:00,17.45138706200783,78.38178364741185,318,38,High,3,2,1,0,12,10,8,2026,1,0,0,2,55,Afternoon,No Alternate Route,15
2026-08-10 13:00:00,17.41361388166463,78.44705622747483,288,49,Moderate,3,1,0,0,13,10,8,2026,1,0,0,2,0,Afternoon,No Alternate Route,5
2026-08-10 13:05:00,17.41234372621237,78.44753448393548,339,26,High,3,1,2,0,13,10,8,2026,1,0,0,2,5,Afternoon,No Alternate Route,15
2026-08-10 13:10:00,17.38581770147963,78.48513156420728,258,56,Moderate,1,0,2,0,13,10,8,2026,1,0,0,2,10,Afternoon,No Alternate Route,5
2026-08-10 13:15:00,17.49474331188179,78.39046555712945,252,48,Moderate,1,3,0,0,13,10,8,2026,1,0,0,2,15,Afternoon,No Alternate Route,5
2026-08-10 13:20:00,17.44990991603624,78.38395277098181,226,59,Moderate,2,2,1,0,13,10,8,2026,1,0,0,2,20,Afternoon,No Alternate Route,5
2026-08-10 13:25:00,17.41137155362761,78.4496116858457,239,54,Moderate,2,1,1,0,13,10,8,2026,1,0,0,2,25,Afternoon,No Alternate Route,5
2026-08-10 13:30:00,17.38615765735484,78.48655238864593,338,28,High,0,0,0,0,13,10,8,2026,1,0,0,2,30,Afternoon,No Alternate Route,15
2026-08-10 13:35:00,17.45170888875809,78.3831610174597,275,53,Moderate,0,2,1,0,13,10,8,2026,1,0,0,2,35,Afternoon,No Alternate Route,5
2026-08-10 13:40:00,17.41341485528388,78.44653866473917,204,52,Moderate,1,1,2,0,13,10,8,2026,1,0,0,2,40,Afternoon,No Alternate Route,5
2026-08-10 13:45:00,17.49297519372232,78.39106014885992,271,51,Moderate,1,3,2,0,13,10,8,2026,1,0,0,2,45,Afternoon,No Alternate Route,5
2026-08-10 13:50:00,17.4510736949235,78.38281701092745,195,40,Moderate,0,2,1,0,13,10,8,2026,1,0,0,2,50,Afternoon,No Alternate Route,5
2026-08-10 13:55:00,17.42526809441615,78.4755932580048,298,45,Moderate,1,4,2,0,13,10,8,2026,1,0,0,2,55,Afternoon,No Alternate Route,5
2026-08-10 14:00:00,17.45005136253452,78.38242544823109,214,54,Moderate,0,2,1,0,14,10,8,2026,1,0,0,2,0,Afternoon,No Alternate Route,5
2026-08-10 14:05:00,17.49598405165948,78.39023098776215,210,54,Moderate,3,3,2,0,14,10,8,2026,1,0,0,2,5,Afternoon,No Alternate Route,5
2026-08-10 14:10:00,17.49549026745719,78.39059374864603,287,49,Moderate,2,3,0,0,14,10,8,2026,1,0,0,2,10,Afternoon,No Alternate Route,5
2026-08-10 14:15:00,17.45177098100482,78.38140811189551,292,55,Moderate,2,2,0,0,14,10,8,2026,1,0,0,2,15,Afternoon,No Alternate Route,5
2026-08-10 14:20:00,17.41339160812982,78.44877793371641,221,56,Moderate,3,1,2,0,14,10,8,2026,1,0,0,2,20,Afternoon,No Alternate Route,5
2026-08-10 14:25:00,17.4489072944063,78.38255590583928,258,49,Moderate,0,2,1,0,14,10,8,2026,1,0,0,2,25,Afternoon,No Alternate Route,5
2026-08-10 14:30:00,17.45118621759274,78.3814166706814,342,28,High,1,2,0,0,14,10,8,2026,1,0,0,2,30,Afternoon,No Alternate Route,15
2026-08-10 14:35:00,17.42548330594623,78.47432003340589,193,51,Moderate,3,4,1,0,14,10,8,2026,1,0,0,2,35,Afternoon,No Alternate Route,5
2026-08-10 14:40:00,17.45196657785056,78.38280899288917,279,52,Moderate,2,2,1,0,14,10,8,2026,1,0,0,2,40,Afternoon,No Alternate Route,5
2026-08-10 14:45:00,17.45123704742347,78.38112531286306,216,51,Moderate,2,2,1,0,14,10,8,2026,1,0,0,2,45,Afternoon,No Alternate Route,5
2026-08-10 14:50:00,17.41218144475852,78.45014110401023,275,53,Moderate,3,1,1,0,14,10,8,2026,1,0,0,2,50,Afternoon,No Alternate Route,5
2026-08-10 14:55:00,17.41313296389314,78.44837918244933,224,45,Moderate,3,1,2,0,14,10,8,2026,1,0,0,2,55,Afternoon,No Alternate Route,5
2026-08-10 15:00:00,17.49532127231691,78.39182880923407,333,21,High,3,3,2,0,15,10,8,2026,1,0,0,2,0,Afternoon,No Alternate Route,15
2026-08-10 15:05:00,17.38553339517889,78.4870413850111,212,45,Moderate,2,0,1,0,15,10,8,2026,1,0,0,2,5,Afternoon,No Alternate Route,5
2026-08-10 15:10:00,17.38467187920442,78.48655992461102,334,25,High,0,0,1,0,15,10,8,2026,1,0,0,2,10,Afternoon,No Alternate Route,15
2026-08-10 15:15:00,17.41233975681074,78.44761878621118,283,55,Moderate,3,1,2,0,15,10,8,2026,1,0,0,2,15,Afternoon,No Alternate Route,5
2026-08-10 15:20:00,17.41253939112047,78.44804780457152,297,51,Moderate,3,1,1,0,15,10,8,2026,1,0,0,2,20,Afternoon,No Alternate Route,5
2026-08-10 15:25:00,17.41072101169051,78.44989697981909,277,44,Moderate,1,1,0,0,15,10,8,2026,1,0,0,2,25,Afternoon,No Alternate Route,5
2026-08-10 15:30:00,17.42406013558687,78.47456632338896,330,31,High,3,4,1,0,15,10,8,2026,1,0,0,2,30,Afternoon,No Alternate Route,15
2026-08-10 15:35:00,17.4141660591695,78.44698927631904,260,48,Moderate,1,1,1,0,15,10,8,2026,1,0,0,2,35,Afternoon,No Alternate Route,5
2026-08-10 15:40:00,17.41412977844129,78.44722048699789,290,49,Moderate,0,1,1,0,15,10,8,2026,1,0,0,2,40,Afternoon,No Alternate Route,5
2026-08-10 15:45:00,17.38351544210838,78.48683020291998,278,49,Moderate,1,0,1,0,15,10,8,2026,1,0,0,2,45,Afternoon,No Alternate Route,5
2026-08-10 15:50:00,17.42421206724564,78.47466733816655,348,37,High,1,4,0,0,15,10,8,2026,1,0,0,2,50,Afternoon,No Alternate Route,15
2026-08-10 15:55:00,17.49427476396518,78.39077349741129,295,54,Moderate,2,3,0,0,15,10,8,2026,1,0,0,2,55,Afternoon,No Alternate Route,5
2026-08-10 16:00:00,17.41258577204513,78.4492814340734,475,37,High,0,1,2,0,16,10,8,2026,1,0,0,2,0,Afternoon,No Alternate Route,15
2026-08-10 16:05:00,17.38426792958484,78.48680803591697,410,34,High,0,0,2,0,16,10,8,2026,1,0,0,2,5,Afternoon,No Alternate Route,15
2026-08-10 16:10:00,17.49610670112677,78.3905706737757,304,27,High,2,3,2,0,16,10,8,2026,1,0,0,2,10,Afternoon,No Alternate Route,15
2026-08-10 16:15:00,17.45186364504617,78.38146744873993,485,26,High,0,2,0,0,16,10,8,2026,1,0,0,2,15,Afternoon,No Alternate Route,15
2026-08-10 16:20:00,17.42456520460562,78.47246244876833,328,29,High,0,4,0,0,16,10,8,2026,1,0,0,2,20,Afternoon,No Alternate Route,15
2026-08-10 16:25:00,17.45129438866386,78.38350124727647,366,35,High,1,2,2,0,16,10,8,2026,1,0,0,2,25,Afternoon,No Alternate Route,15
2026-08-10 16:30:00,17.49489898555147,78.3909594455181,494,32,High,0,3,0,0,16,10,8,2026,1,0,0,2,30,Afternoon,No Alternate Route,15
2026-08-10 16:35:00,17.49360013822939,78.3936482665682,394,22,High,1,3,2,0,16,10,8,2026,1,0,0,2,35,Afternoon,No Alternate Route,15
2026-08-10 16:40:00,17.41103649014335,78.44998745212963,334,33,High,2,1,1,0,16,10,8,2026,1,0,0,2,40,Afternoon,No Alternate Route,15
2026-08-10 16:45:00,17.45167014772976,78.38455654158706,376,23,High,3,2,1,0,16,10,8,2026,1,0,0,2,45,Afternoon,No Alternate Route,15
2026-08-10 16:50:00,17.41105419917921,78.4470746796166,476,38,High,1,1,1,0,16,10,8,2026,1,0,0,2,50,Afternoon,No Alternate Route,15
2026-08-10 16:55:00,17.41100315360191,78.44795078882892,379,25,High,1,1,1,0,16,10,8,2026,1,0,0,2,55,Afternoon,No Alternate Route,15
2026-08-10 17:00:00,17.38300006876055,78.48490462682155,322,30,High,2,0,2,1,17,10,8,2026,1,0,0,0,0,Evening,No Alternate Route,15
2026-08-10 17:05:00,17.41227234030877,78.44820461415446,475,28,High,0,1,2,0,17,10,8,2026,1,0,0,0,5,Evening,No Alternate Route,15
2026-08-10 17:10:00,17.42373133558905,78.47530884819417,317,23,High,0,4,0,0,17,10,8,2026,1,0,0,0,10,Evening,No Alternate Route,15
2026-08-10 17:15:00,17.38381485848821,78.48722143660729,309,35,High,1,0,0,0,17,10,8,2026,1,0,0,0,15,Evening,No Alternate Route,15
2026-08-10 17:20:00,17.4131917922392,78.44885675526913,441,33,High,0,1,2,0,17,10,8,2026,1,0,0,0,20,Evening,No Alternate Route,15
2026-08-10 17:25:00,17.49658542066125,78.39046756099142,458,31,High,0,3,2,0,17,10,8,2026,1,0,0,0,25,Evening,No Alternate Route,15
2026-08-10 17:30:00,17.4498937111606,78.38199453954536,391,27,High,1,2,2,0,17,10,8,2026,1,0,0,0,30,Evening,No Alternate Route,15
2026-08-10 17:35:00,17.42437202397516,78.47555817892705,351,39,High,1,4,2,0,17,10,8,2026,1,0,0,0,35,Evening,No Alternate Route,15
2026-08-10 17:40:00,17.41185591235126,78.44895256494283,323,34,High,1,1,2,0,17,10,8,2026,1,0,0,0,40,Evening,No Alternate Route,15
2026-08-10 17:45:00,17.49428560130276,78.39163325022386,333,21,High,3,3,1,0,17,10,8,2026,1,0,0,0,45,Evening,No Alternate Route,15
2026-08-10 17:50:00,17.44911296338893,78.38407689324563,485,39,High,0,2,0,0,17,10,8,2026,1,0,0,0,50,Evening,No Alternate Route,15
2026-08-10 17:55:00,17.44858606537435,78.38079785881853,354,20,High,2,2,0,0,17,10,8,2026,1,0,0,0,55,Evening,No Alternate Route,15
2026-08-10 18:00:00,17.49627617973842,78.3915505670813,636,19,Severe,0,3,2,0,18,10,8,2026,1,0,0,0,0,Evening,No Alternate Route,30
2026-08-10 18:05:00,17.4934862331837,78.3909546163792,561,40,High,3,3,2,0,18,10,8,2026,1,0,0,0,5,Evening,No Alternate Route,15
2026-08-10 18:10:00,17.38467013942315,78.48470752400492,786,10,Severe,2,0,1,0,18,10,8,2026,1,0,0,0,10,Evening,No Alternate Route,30
2026-08-10 18:15:00,17.38580907541357,78.48582901354176,625,15,Severe,1,0,2,0,18,10,8,2026,1,0,0,0,15,Evening,No Alternate Route,30
2026-08-10 18:20:00,17.41279429836439,78.44718135193534,612,17,Severe,2,1,0,0,18,10,8,2026,1,0,0,0,20,Evening,No Alternate Route,30
2026-08-10 18:25:00,17.49488150271384,78.39031120454271,553,38,High,3,3,1,0,18,10,8,2026,1,0,0,0,25,Evening,No Alternate Route,15
2026-08-10 18:30:00,17.41416462274613,78.44928071909652,715,15,Severe,2,1,2,0,18,10,8,2026,1,0,0,0,30,Evening,No Alternate Route,30
2026-08-10 18:35:00,17.45168508698504,78.38377369616097,528,33,High,3,2,1,0,18,10,8,2026,1,0,0,0,35,Evening,No Alternate Route,15
2026-08-10 18:40:00,17.49425803077823,78.38972449003026,587,28,High,3,3,0,1,18,10,8,2026,1,0,0,0,40,Evening,No Alternate Route,15
2026-08-10 18:45:00,17.42553379149679,78.47485685975141,718,15,Severe,0,4,0,0,18,10,8,2026,1,0,0,0,45,Evening,No Alternate Route,30
2026-08-10 18:50:00,17.41287872568515,78.44705728449728,714,17,Severe,0,1,0,0,18,10,8,2026,1,0,0,0,50,Evening,No Alternate Route,30
2026-08-10 18:55:00,17.49568866184444,78.39118171474871,775,11,Severe,2,3,1,0,18,10,8,2026,1,0,0,0,55,Evening,No Alternate Route,30
2026-08-10 19:00:00,17.41372042495473,78.44744161398026,543,34,High,1,1,1,0,19,10,8,2026,1,0,0,0,0,Evening,No Alternate Route,15
2026-08-10 19:05:00,17.41397002150969,78.44792246610483,585,24,High,1,1,2,0,19,10,8,2026,1,0,0,0,5,Evening,No Alternate Route,15
2026-08-10 19:10:00,17.42344300213011,78.47223780925812,658,13,Severe,1,4,0,0,19,10,8,2026,1,0,0,0,10,Evening,No Alternate Route,30
2026-08-10 19:15:00,17.38532689790352,78.48587508210045,577,31,High,1,0,2,0,19,10,8,2026,1,0,0,0,15,Evening,No Alternate Route,15
2026-08-10 19:20:00,17.385062948993,78.48523701951042,740,20,Severe,1,0,2,0,19,10,8,2026,1,0,0,0,20,Evening,No Alternate Route,30
2026-08-10 19:25:00,17.38301217476278,78.48573656144737,562,32,High,0,0,2,0,19,10,8,2026,1,0,0,0,25,Evening,No Alternate Route,15
2026-08-10 19:30:00,17.38600608190256,78.48511998127012,561,39,High,3,0,2,0,19,10,8,2026,1,0,0,0,30,Evening,No Alternate Route,15
2026-08-10 19:35:00,17.41240785681517,78.44757061414201,546,39,High,2,1,2,0,19,10,8,2026,1,0,0,0,35,Evening,No Alternate Route,15
2026-08-10 19:40:00,17.41345761319784,78.44897732885138,620,11,Severe,2,1,2,0,19,10,8,2026,1,0,0,0,40,Evening,No Alternate Route,30
2026-08-10 19:45:00,17.38581679176327,78.48780157108612,663,11,Severe,2,0,2,0,19,10,8,2026,1,0,0,0,45,Evening,No Alternate Route,30
2026-08-10 19:50:00,17.38563965985432,78.48584701924976,556,35,High,1,0,2,0,19,10,8,2026,1,0,0,0,50,Evening,No Alternate Route,15
2026-08-10 19:55:00,17.42547029959684,78.47317343238626,737,19,Severe,3,4,1,0,19,10,8,2026,1,0,0,0,55,Evening,No Alternate Route,30
2026-08-10 20:00:00,17.42495145972233,78.47559524408518,741,17,Severe,0,4,2,0,20,10,8,2026,1,0,0,0,0,Evening,No Alternate Route,30
2026-08-10 20:05:00,17.45125754168708,78.3821977800553,505,32,High,2,2,1,0,20,10,8,2026,1,0,0,0,5,Evening,No Alternate Route,15
2026-08-10 20:10:00,17.41206108549405,78.44852773615173,798,13,Severe,0,1,0,0,20,10,8,2026,1,0,0,0,10,Evening,No Alternate Route,30
2026-08-10 20:15:00,17.44985578295904,78.3815904410437,540,39,High,2,2,0,0,20,10,8,2026,1,0,0,0,15,Evening,No Alternate Route,15
2026-08-10 20:20:00,17.38411234310026,78.48674931689216,724,14,Severe,1,0,2,0,20,10,8,2026,1,0,0,0,20,Evening,No Alternate Route,30
2026-08-10 20:25:00,17.49495955961091,78.39246225885705,611,10,Severe,2,3,1,0,20,10,8,2026,1,0,0,0,25,Evening,No Alternate Route,30
2026-08-10 20:30:00,17.49330797664971,78.39119852583352,517,33,High,3,3,2,0,20,10,8,2026,1,0,0,0,30,Evening,No Alternate Route,15
2026-08-10 20:35:00,17.41271291543637,78.44891895695659,689,10,Severe,3,1,1,0,20,10,8,2026,1,0,0,0,35,Evening,No Alternate Route,30
2026-08-10 20:40:00,17.41096511504907,78.44742017535381,731,12,Severe,2,1,1,0,20,10,8,2026,1,0,0,0,40,Evening,No Alternate Route,30
2026-08-10 20:45:00,17.41103112064071,78.44714618740278,732,17,Severe,2,1,2,0,20,10,8,2026,1,0,0,0,45,Evening,No Alternate Route,30
2026-08-10 20:50:00,17.49635082102719,78.39093084012335,746,10,Severe,0,3,1,0,20,10,8,2026,1,0,0,0,50,Evening,No Alternate Route,30
2026-08-10 20:55:00,17.451256617925,78.3817132275424,704,11,Severe,2,2,0,0,20,10,8,2026,1,0,0,0,55,Evening,No Alternate Route,30
2026-08-10 21:00:00,17.41342807987498,78.44817913666608,106,58,Moderate,2,1,2,0,21,10,8,2026,1,0,0,0,0,Night,No Alternate Route,5
2026-08-10 21:05:00,17.41346031633562,78.44729542943901,168,54,Moderate,3,1,2,0,21,10,8,2026,1,0,0,0,5,Night,No Alternate Route,5
2026-08-10 21:10:00,17.42524659762686,78.47213205141838,134,54,Moderate,3,4,2,0,21,10,8,2026,1,0,0,0,10,Night,No Alternate Route,5
2026-08-10 21:15:00,17.49513903609416,78.39162406310795,124,57,Moderate,2,3,2,0,21,10,8,2026,1,0,0,0,15,Night,No Alternate Route,5
2026-08-10 21:20:00,17.41163361169453,78.44922257732725,122,43,Moderate,2,1,2,0,21,10,8,2026,1,0,0,0,20,Night,No Alternate Route,5
2026-08-10 21:25:00,17.49412839803303,78.39259766078204,178,46,Moderate,0,3,0,0,21,10,8,2026,1,0,0,0,25,Night,No Alternate Route,5
2026-08-10 21:30:00,17.44860656172196,78.38451739081675,177,58,Moderate,0,2,2,0,21,10,8,2026,1,0,0,0,30,Night,No Alternate Route,5
2026-08-10 21:35:00,17.49540323450102,78.39050007960887,104,56,Moderate,0,3,1,0,21,10,8,2026,1,0,0,0,35,Night,No Alternate Route,5
2026-08-10 21:40:00,17.44877941053293,78.38276200967164,130,46,Moderate,2,2,2,0,21,10,8,2026,1,0,0,0,40,Night,No Alternate Route,5
2026-08-10 21:45:00,17.41340313671533,78.44710866398759,143,59,Moderate,1,1,0,0,21,10,8,2026,1,0,0,0,45,Night,No Alternate Route,5
2026-08-10 21:50:00,17.44867386385041,78.38409001891205,178,47,Moderate,3,2,2,0,21,10,8,2026,1,0,0,0,50,Night,No Alternate Route,5
2026-08-10 21:55:00,17.38369826720059,78.48775062543987,112,42,Moderate,2,0,1,0,21,10,8,2026,1,0,0,0,55,Night,No Alternate Route,5
2026-08-10 22:00:00,17.38498770336997,78.48728651838188,134,59,Moderate,2,0,1,0,22,10,8,2026,1,0,0,2,0,Night,No Alternate Route,5
2026-08-10 22:05:00,17.41197196382232,78.44991750819415,87,66,Low,1,1,2,0,22,10,8,2026,1,0,0,2,5,Night,No Alternate Route,0
2026-08-10 22:10:00,17.42427332901818,78.4747119868583,148,40,Moderate,3,4,1,0,22,10,8,2026,1,0,0,2,10,Night,No Alternate Route,5
2026-08-10 22:15:00,17.38315053449768,78.48786882902088,168,56,Moderate,2,0,1,0,22,10,8,2026,1,0,0,2,15,Night,No Alternate Route,5
2026-08-10 22:20:00,17.38488179480672,78.48815851688603,93,74,Low,2,0,2,0,22,10,8,2026,1,0,0,2,20,Night,No Alternate Route,0
2026-08-10 22:25:00,17.41134771241025,78.44824214551576,139,54,Moderate,3,1,1,0,22,10,8,2026,1,0,0,2,25,Night,No Alternate Route,5
2026-08-10 22:30:00,17.49602961723901,78.39043647604569,164,56,Moderate,3,3,2,0,22,10,8,2026,1,0,0,2,30,Night,No Alternate Route,5
2026-08-10 22:35:00,17.4517328529953,78.38166721494822,122,47,Moderate,1,2,2,0,22,10,8,2026,1,0,0,2,35,Night,No Alternate Route,5
2026-08-10 22:40:00,17.44910755700807,78.38329097940378,159,55,Moderate,0,2,0,0,22,10,8,2026,1,0,0,2,40,Night,No Alternate Route,5
2026-08-10 22:45:00,17.4142958710131,78.44731905009445,173,53,Moderate,1,1,1,0,22,10,8,2026,1,0,0,2,45,Night,No Alternate Route,5
2026-08-10 22:50:00,17.41296309743348,78.44764119240212,175,57,Moderate,1,1,2,0,22,10,8,2026,1,0,0,2,50,Night,No Alternate Route,5
2026-08-10 22:55:00,17.38687304055955,78.48645224373779,106,48,Moderate,0,0,0,0,22,10,8,2026,1,0,0,2,55,Night,No Alternate Route,5
2026-08-10 23:00:00,17.45055921210085,78.38289689023867,95,68,Low,0,2,2,0,23,10,8,2026,1,0,0,2,0,Night,No Alternate Route,0
2026-08-10 23:05:00,17.45187267539662,78.38346180903592,161,44,Moderate,0,2,1,0,23,10,8,2026,1,0,0,2,5,Night,No Alternate Route,5
2026-08-10 23:10:00,17.42286060534022,78.47427718264063,145,44,Moderate,2,4,1,0,23,10,8,2026,1,0,0,2,10,Night,No Alternate Route,5
2026-08-10 23:15:00,17.44872095075023,78.38086322422862,83,68,Low,2,2,1,0,23,10,8,2026,1,0,0,2,15,Night,No Alternate Route,0
2026-08-10 23:20:00,17.38420975255724,78.48622973827702,91,70,Low,1,0,2,0,23,10,8,2026,1,0,0,2,20,Night,No Alternate Route,0
2026-08-10 23:25:00,17.42192878613666,78.47398831967807,85,73,Low,0,4,2,0,23,10,8,2026,1,0,0,2,25,Night,No Alternate Route,0
2026-08-10 23:30:00,17.38511982867804,78.48623579247716,128,40,Moderate,0,0,0,0,23,10,8,2026,1,0,0,2,30,Night,No Alternate Route,5
2026-08-10 23:35:00,17.42580338493046,78.47423960374768,165,54,Moderate,2,4,2,0,23,10,8,2026,1,0,0,2,35,Night,No Alternate Route,5
2026-08-10 23:40:00,17.49339989627446,78.3918881551942,175,41,Moderate,0,3,0,0,23,10,8,2026,1,0,0,2,40,Night,No Alternate Route,5
2026-08-10 23:45:00,17.42342571305407,78.47324456550214,127,51,Moderate,0,4,0,0,23,10,8,2026,1,0,0,2,45,Night,No Alternate Route,5
2026-08-10 23:50:00,17.38496565696283,78.48692080420564,98,68,Low,2,0,0,0,23,10,8,2026,1,0,0,2,50,Night,No Alternate Route,0
2026-08-10 23:55:00,17.38675327848302,78.4880904902027,90,67,Low,0,0,2,0,23,10,8,2026,1,0,0,2,55,Night,No Alternate Route,0
2026-08-11 00:00:00,17.41218494848003,78.44669022524253,44,79,Low,1,1,2,0,0,11,8,2026,5,1,0,2,0,Night,No Alternate Route,0
2026-08-11 00:05:00,17.38482415209631,78.48485237099042,33,75,Low,0,0,0,0,0,11,8,2026,5,1,0,2,5,Night,No Alternate Route,0
2026-08-11 00:10:00,17.38363963438832,78.48714553618436,46,76,Low,0,0,0,0,0,11,8,2026,5,1,0,2,10,Night,No Alternate Route,0
2026-08-11 00:15:00,17.38673653821463,78.4851063554709,74,64,Low,0,0,2,0,0,11,8,2026,5,1,0,2,15,Night,No Alternate Route,0
2026-08-11 00:20:00,17.49595430805022,78.39167811863314,26,74,Low,0,3,0,0,0,11,8,2026,5,1,0,2,20,Night,No Alternate Route,0
2026-08-11 00:25:00,17.41393403848554,78.44778102317842,63,61,Low,3,1,1,1,0,11,8,2026,5,1,0,2,25,Night,No Alternate Route,0
2026-08-11 00:30:00,17.49474634940821,78.39164406542625,24,73,Low,2,3,1,0,0,11,8,2026,5,1,0,2,30,Night,No Alternate Route,0
2026-08-11 00:35:00,17.44974458425135,78.38063097536866,69,70,Low,2,2,0,0,0,11,8,2026,5,1,0,2,35,Night,No Alternate Route,0
2026-08-11 00:40:00,17.42485448554668,78.4725980450344,42,78,Low,1,4,1,0,0,11,8,2026,5,1,0,2,40,Night,No Alternate Route,0
2026-08-11 00:45:00,17.44852677761421,78.38389303308779,43,77,Low,1,2,2,0,0,11,8,2026,5,1,0,2,45,Night,No Alternate Route,0
2026-08-11 00:50:00,17.49330561711173,78.39040466877101,31,61,Low,2,3,0,0,0,11,8,2026,5,1,0,2,50,Night,No Alternate Route,0
2026-08-11 00:55:00,17.42352272784983,78.47319942986097,48,63,Low,3,4,2,0,0,11,8,2026,5,1,0,2,55,Night,No Alternate Route,0
2026-08-11 01:00:00,17.41449572034613,78.4473075037533,48,74,Low,2,1,0,0,1,11,8,2026,5,1,0,2,0,Night,No Alternate Route,0
2026-08-11 01:05:00,17.38575802780082,78.4874847152671,57,66,Low,3,0,0,0,1,11,8,2026,5,1,0,2,5,Night,No Alternate Route,0
2026-08-11 01:10:00,17.49675054089699,78.39108543422849,28,80,Low,0,3,2,0,1,11,8,2026,5,1,0,2,10,Night,No Alternate Route,0
2026-08-11 01:15:00,17.38663320516527,78.48734891806366,54,80,Low,2,0,2,0,1,11,8,2026,5,1,0,2,15,Night,No Alternate Route,0
2026-08-11 01:20:00,17.42408605808047,78.47494782903965,27,79,Low,1,4,1,0,1,11,8,2026,5,1,0,2,20,Night,No Alternate Route,0
2026-08-11 01:25:00,17.44897459691125,78.38194372786906,38,80,Low,1,2,2,0,1,11,8,2026,5,1,0,2,25,Night,No Alternate Route,0
2026-08-11 01:30:00,17.42244871912224,78.4741227885394,76,73,Low,3,4,2,0,1,11,8,2026,5,1,0,2,30,Night,No Alternate Route,0
2026-08-11 01:35:00,17.49674544664066,78.39020386793673,64,67,Low,2,3,2,0,1,11,8,2026,5,1,0,2,35,Night,No Alternate Route,0
2026-08-11 01:40:00,17.42550949298153,78.4722270972828,35,64,Low,3,4,0,0,1,11,8,2026,5,1,0,2,40,Night,No Alternate Route,0
2026-08-11 01:45:00,17.41079157226759,78.4487796328261,47,68,Low,2,1,2,0,1,11,8,2026,5,1,0,2,45,Night,No Alternate Route,0
2026-08-11 01:50:00,17.42391981644542,78.47366339953759,48,62,Low,1,4,2,0,1,11,8,2026,5,1,0,2,50,Night,No Alternate Route,0
2026-08-11 01:55:00,17.49639729958496,78.39047252084274,30,70,Low,0,3,1,0,1,11,8,2026,5,1,0,2,55,Night,No Alternate Route,0
2026-08-11 02:00:00,17.45049951683686,78.38071576176108,74,67,Low,3,2,1,0,2,11,8,2026,5,1,0,2,0,Night,No Alternate Route,0
2026-08-11 02:05:00,17.41454824815692,78.44937231272185,64,76,Low,0,1,2,0,2,11,8,2026,5,1,0,2,5,Night,No Alternate Route,0
2026-08-11 02:10:00,17.38690433592233,78.48818217879821,71,73,Low,3,0,1,0,2,11,8,2026,5,1,0,2,10,Night,No Alternate Route,0
2026-08-11 02:15:00,17.49497266156951,78.39013196568173,29,75,Low,1,3,2,0,2,11,8,2026,5,1,0,2,15,Night,No Alternate Route,0
2026-08-11 02:20:00,17.49550921281194,78.39319946156682,33,76,Low,2,3,0,0,2,11,8,2026,5,1,0,2,20,Night,No Alternate Route,0
2026-08-11 02:25:00,17.42395531054433,78.47289483119336,26,78,Low,1,4,1,0,2,11,8,2026,5,1,0,2,25,Night,No Alternate Route,0
2026-08-11 02:30:00,17.49420242651152,78.39262189910195,21,74,Low,0,3,2,0,2,11,8,2026,5,1,0,2,30,Night,No Alternate Route,0
2026-08-11 02:35:00,17.38638704607518,78.48828831676126,63,70,Low,1,0,0,0,2,11,8,2026,5,1,0,2,35,Night,No Alternate Route,0
2026-08-11 02:40:00,17.38612156982643,78.48574742929888,75,61,Low,2,0,1,0,2,11,8,2026,5,1,0,2,40,Night,No Alternate Route,0
2026-08-11 02:45:00,17.44866260301368,78.3829922808183,47,75,Low,1,2,0,0,2,11,8,2026,5,1,0,2,45,Night,No Alternate Route,0
2026-08-11 02:50:00,17.49513843102067,78.39284270464668,41,66,Low,3,3,0,0,2,11,8,2026,5,1,0,2,50,Night,No Alternate Route,0
2026-08-11 02:55:00,17.45152511455684,78.38429573868665,48,71,Low,3,2,1,0,2,11,8,2026,5,1,0,2,55,Night,No Alternate Route,0
2026-08-11 03:00:00,17.44933094944397,78.38393005820447,25,72,Low,2,2,2,0,3,11,8,2026,5,1,0,2,0,Night,No Alternate Route,0
2026-08-11 03:05:00,17.45042923844916,78.38065620716672,30,64,Low,1,2,2,0,3,11,8,2026,5,1,0,2,5,Night,No Alternate Route,0
2026-08-11 03:10:00,17.44949792730257,78.38085329858458,28,62,Low,3,2,1,0,3,11,8,2026,5,1,0,2,10,Night,No Alternate Route,0
2026-08-11 03:15:00,17.38608331802182,78.48522679232595,79,64,Low,2,0,2,0,3,11,8,2026,5,1,0,2,15,Night,No Alternate Route,0
2026-08-11 03:20:00,17.49321252178789,78.39201809608902,23,60,Low,3,3,2,0,3,11,8,2026,5,1,0,2,20,Night,No Alternate Route,0
2026-08-11 03:25:00,17.42400311088122,78.47372297769071,37,73,Low,2,4,2,0,3,11,8,2026,5,1,0,2,25,Night,No Alternate Route,0
2026-08-11 03:30:00,17.38679748011536,78.48799007567658,62,64,Low,0,0,1,0,3,11,8,2026,5,1,0,2,30,Night,No Alternate Route,0
2026-08-11 03:35:00,17.41343971848168,78.44851555473461,45,60,Low,2,1,0,0,3,11,8,2026,5,1,0,2,35,Night,No Alternate Route,0
2026-08-11 03:40:00,17.38668843801837,78.48484589197861,67,67,Low,2,0,1,0,3,11,8,2026,5,1,0,2,40,Night,No Alternate Route,0
2026-08-11 03:45:00,17.41300152375084,78.44808153187103,33,74,Low,1,1,1,0,3,11,8,2026,5,1,0,2,45,Night,No Alternate Route,0
2026-08-11 03:50:00,17.41061243704333,78.44974846414894,75,70,Low,3,1,1,0,3,11,8,2026,5,1,0,2,50,Night,No Alternate Route,0
2026-08-11 03:55:00,17.41382123719088,78.44940202819045,70,68,Low,1,1,0,0,3,11,8,2026,5,1,0,2,55,Night,No Alternate Route,0
2026-08-11 04:00:00,17.49594595392053,78.39191993779933,22,80,Low,3,3,2,0,4,11,8,2026,5,1,0,2,0,Night,No Alternate Route,0
2026-08-11 04:05:00,17.38515659653424,78.48857630906794,71,60,Low,2,0,1,0,4,11,8,2026,5,1,0,2,5,Night,No Alternate Route,0
2026-08-11 04:10:00,17.41339480716267,78.44890772019558,63,75,Low,1,1,0,0,4,11,8,2026,5,1,0,2,10,Night,No Alternate Route,0
2026-08-11 04:15:00,17.49493213061907,78.39040173000305,74,74,Low,2,3,1,0,4,11,8,2026,5,1,0,2,15,Night,No Alternate Route,0
2026-08-11 04:20:00,17.38437342546344,78.48630830588964,75,62,Low,2,0,0,0,4,11,8,2026,5,1,0,2,20,Night,No Alternate Route,0
2026-08-11 04:25:00,17.42409840270551,78.47194382781589,36,75,Low,3,4,1,0,4,11,8,2026,5,1,0,2,25,Night,No Alternate Route,0
2026-08-11 04:30:00,17.38531334756055,78.48777834564663,32,64,Low,2,0,2,0,4,11,8,2026,5,1,0,2,30,Night,No Alternate Route,0
2026-08-11 04:35:00,17.38505045770543,78.48656572562649,64,70,Low,1,0,1,0,4,11,8,2026,5,1,0,2,35,Night,No Alternate Route,0
2026-08-11 04:40:00,17.45195858042388,78.38142770464007,54,73,Low,1,2,0,0,4,11,8,2026,5,1,0,2,40,Night,No Alternate Route,0
2026-08-11 04:45:00,17.44929259077422,78.38266507184659,22,79,Low,3,2,0,0,4,11,8,2026,5,1,0,2,45,Night,No Alternate Route,0
2026-08-11 04:50:00,17.38527329695899,78.4883436663925,21,74,Low,1,0,1,0,4,11,8,2026,5,1,0,2,50,Night,No Alternate Route,0
2026-08-11 04:55:00,17.4126521173072,78.44803283481464,61,69,Low,2,1,0,0,4,11,8,2026,5,1,0,2,55,Night,No Alternate Route,0
2026-08-11 05:00:00,17.4490101926837,78.38278626068951,83,77,Low,1,2,0,0,5,11,8,2026,5,1,0,2,0,Morning,No Alternate Route,0
2026-08-11 05:05:00,17.38563773935502,78.48813573388664,178,60,Moderate,2,0,0,0,5,11,8,2026,5,1,0,2,5,Morning,No Alternate Route,5
2026-08-11 05:10:00,17.45100462765412,78.38379190752161,119,60,Moderate,3,2,2,0,5,11,8,2026,5,1,0,2,10,Morning,No Alternate Route,5
2026-08-11 05:15:00,17.44923797075866,78.38196222202357,87,67,Low,1,2,1,0,5,11,8,2026,5,1,0,2,15,Morning,No Alternate Route,0
2026-08-11 05:20:00,17.38311538336071,78.48551727680126,84,72,Low,3,0,0,0,5,11,8,2026,5,1,0,2,20,Morning,No Alternate Route,0
2026-08-11 05:25:00,17.45235050828543,78.38252739150406,127,46,Moderate,3,2,1,0,5,11,8,2026,5,1,0,2,25,Morning,No Alternate Route,5
2026-08-11 05:30:00,17.4123800381107,78.45009942565292,173,50,Moderate,0,1,2,0,5,11,8,2026,5,1,0,2,30,Morning,No Alternate Route,5
2026-08-11 05:35:00,17.49531023118378,78.39261338587691,141,53,Moderate,0,3,2,0,5,11,8,2026,5,1,0,2,35,Morning,No Alternate Route,5
2026-08-11 05:40:00,17.38411092053414,78.48596779868073,88,68,Low,1,0,2,0,5,11,8,2026,5,1,0,2,40,Morning,No Alternate Route,0
2026-08-11 05:45:00,17.42238995622835,78.47484255549482,125,59,Moderate,3,4,2,0,5,11,8,2026,5,1,0,2,45,Morning,No Alternate Route,5
2026-08-11 05:50:00,17.45029767800903,78.38210282584443,128,53,Moderate,2,2,2,0,5,11,8,2026,5,1,0,2,50,Morning,No Alternate Route,5
2026-08-11 05:55:00,17.49421854396546,78.39151549749502,167,44,Moderate,1,3,0,1,5,11,8,2026,5,1,0,2,55,Morning,No Alternate Route,5
2026-08-11 06:00:00,17.42528248227929,78.47239285390991,105,49,Moderate,2,4,2,0,6,11,8,2026,5,1,0,2,0,Morning,No Alternate Route,5
2026-08-11 06:05:00,17.38486094776103,78.48538168015709,170,44,Moderate,2,0,2,0,6,11,8,2026,5,1,0,2,5,Morning,No Alternate Route,5
2026-08-11 06:10:00,17.42478957493789,78.47463982046395,85,73,Low,2,4,0,0,6,11,8,2026,5,1,0,2,10,Morning,No Alternate Route,0
2026-08-11 06:15:00,17.42461991435667,78.47547929866666,93,65,Low,0,4,1,0,6,11,8,2026,5,1,0,2,15,Morning,No Alternate Route,0
2026-08-11 06:20:00,17.41444847455138,78.44858282075317,147,41,Moderate,3,1,0,0,6,11,8,2026,5,1,0,2,20,Morning,No Alternate Route,5
2026-08-11 06:25:00,17.38590604406605,78.48698589037812,91,64,Low,2,0,1,0,6,11,8,2026,5,1,0,2,25,Morning,No Alternate Route,0
2026-08-11 06:30:00,17.42211376491503,78.47275376716172,151,47,Moderate,1,4,1,0,6,11,8,2026,5,1,0,2,30,Morning,No Alternate Route,5
2026-08-11 06:35:00,17.45072814245459,78.38115667310446,180,57,Moderate,2,2,0,0,6,11,8,2026,5,1,0,2,35,Morning,No Alternate Route,5
2026-08-11 06:40:00,17.45135800080823,78.382567659873,168,45,Moderate,1,2,0,0,6,11,8,2026,5,1,0,2,40,Morning,No Alternate Route,5
2026-08-11 06:45:00,17.49660406711565,78.39317628024398,96,78,Low,0,3,0,0,6,11,8,2026,5,1,0,2,45,Morning,No Alternate Route,0
2026-08-11 06:50:00,17.49453419230121,78.39243024406142,155,53,Moderate,1,3,1,0,6,11,8,2026,5,1,0,2,50,Morning,No Alternate Route,5
2026-08-11 06:55:00,17.38312024203393,78.487055018577,80,67,Low,2,0,2,0,6,11,8,2026,5,1,0,2,55,Morning,No Alternate Route,0
2026-08-11 07:00:00,17.38698719111134,78.48555113194682,671,20,Severe,3,0,1,0,7,11,8,2026,5,1,0,1,0,Morning,No Alternate Route,30
2026-08-11 07:05:00,17.38692907229735,78.48497479180689,673,13,Severe,1,0,1,0,7,11,8,2026,5,1,0,1,5,Morning,No Alternate Route,30
2026-08-11 07:10:00,17.38486262226706,78.48810290646591,565,34,High,1,0,0,0,7,11,8,2026,5,1,0,1,10,Morning,No Alternate Route,15
2026-08-11 07:15:00,17.4934507701503,78.39154005705221,699,12,Severe,2,3,2,0,7,11,8,2026,5,1,0,1,15,Morning,No Alternate Route,30
2026-08-11 07:20:00,17.42199018769221,78.47284225950472,663,17,Severe,0,4,0,0,7,11,8,2026,5,1,0,1,20,Morning,No Alternate Route,30
2026-08-11 07:25:00,17.49592100601636,78.39016154882263,568,23,High,2,3,0,0,7,11,8,2026,5,1,0,1,25,Morning,No Alternate Route,15
2026-08-11 07:30:00,17.42339915587043,78.47441439017624,549,21,High,0,4,1,0,7,11,8,2026,5,1,0,1,30,Morning,No Alternate Route,15
2026-08-11 07:35:00,17.42508877021467,78.47534194098199,620,18,Severe,1,4,0,0,7,11,8,2026,5,1,0,1,35,Morning,No Alternate Route,30
2026-08-11 07:40:00,17.41258177401729,78.44760535847244,688,16,Severe,3,1,0,0,7,11,8,2026,5,1,0,1,40,Morning,No Alternate Route,30
2026-08-11 07:45:00,17.45037693404708,78.38093960395524,639,20,Severe,3,2,0,0,7,11,8,2026,5,1,0,1,45,Morning,No Alternate Route,30
2026-08-11 07:50:00,17.38667324431241,78.48695766014909,579,27,High,1,0,1,0,7,11,8,2026,5,1,0,1,50,Morning,No Alternate Route,15
2026-08-11 07:55:00,17.41387244543222,78.44785198898985,651,10,Severe,0,1,2,0,7,11,8,2026,5,1,0,1,55,Morning,No Alternate Route,30
2026-08-11 08:00:00,17.41249221233931,78.44888049194972,509,27,High,0,1,0,0,8,11,8,2026,5,1,0,1,0,Morning,No Alternate Route,15
2026-08-11 08:05:00,17.41436228649231,78.44901196387873,683,10,Severe,3,1,2,0,8,11,8,2026,5,1,0,1,5,Morning,No Alternate Route,30
2026-08-11 08:10:00,17.38681512219905,78.48474090026221,661,13,Severe,1,0,1,0,8,11,8,2026,5,1,0,1,10,Morning,No Alternate Route,30
2026-08-11 08:15:00,17.49671045474571,78.39066987628824,522,22,High,3,3,2,0,8,11,8,2026,5,1,0,1,15,Morning,No Alternate Route,15
2026-08-11 08:20:00,17.38552045424192,78.48758727513307,655,16,Severe,1,0,0,0,8,11,8,2026,5,1,0,1,20,Morning,No Alternate Route,30
2026-08-11 08:25:00,17.49637110618586,78.3924107507016,538,35,High,0,3,1,0,8,11,8,2026,5,1,0,1,25,Morning,No Alternate Route,15
2026-08-11 08:30:00,17.49539675623453,78.39270464261408,688,17,Severe,0,3,0,0,8,11,8,2026,5,1,0,1,30,Morning,No Alternate Route,30
2026-08-11 08:35:00,17.41380653148199,78.44947267292962,517,37,High,3,1,1,0,8,11,8,2026,5,1,0,1,35,Morning,No Alternate Route,15
2026-08-11 08:40:00,17.4512420171962,78.3825121731488,587,26,High,0,2,1,1,8,11,8,2026,5,1,0,1,40,Morning,No Alternate Route,15
2026-08-11 08:45:00,17.4516654783338,78.38202919281352,629,18,Severe,0,2,1,0,8,11,8,2026,5,1,0,1,45,Morning,No Alternate Route,30
2026-08-11 08:50:00,17.49384892850641,78.39078083532547,674,20,Severe,3,3,1,0,8,11,8,2026,5,1,0,1,50,Morning,No Alternate Route,30
2026-08-11 08:55:00,17.49382811935614,78.39289096168606,544,37,High,1,3,0,0,8,11,8,2026,5,1,0,1,55,Morning,No Alternate Route,15
2026-08-11 09:00:00,17.42421440752119,78.47544893122019,561,22,High,0,4,1,0,9,11,8,2026,5,1,0,1,0,Morning,No Alternate Route,15
2026-08-11 09:05:00,17.41350796911241,78.44756828949455,543,24,High,2,1,1,0,9,11,8,2026,5,1,0,1,5,Morning,No Alternate Route,15
2026-08-11 09:10:00,17.45087143448584,78.38390842467714,506,26,High,1,2,0,0,9,11,8,2026,5,1,0,1,10,Morning,No Alternate Route,15
2026-08-11 09:15:00,17.38359301666981,78.48688435669752,695,10,Severe,3,0,1,0,9,11,8,2026,5,1,0,1,15,Morning,No Alternate Route,30
2026-08-11 09:20:00,17.45014324276945,78.38452476486765,606,20,Severe,3,2,1,0,9,11,8,2026,5,1,0,1,20,Morning,No Alternate Route,30
2026-08-11 09:25:00,17.42208779342143,78.47488483634366,538,23,High,3,4,0,0,9,11,8,2026,5,1,0,1,25,Morning,No Alternate Route,15
2026-08-11 09:30:00,17.49560237807118,78.39191132727402,539,30,High,0,3,2,0,9,11,8,2026,5,1,0,1,30,Morning,No Alternate Route,15
2026-08-11 09:35:00,17.42535924923423,78.47369850008988,456,25,High,3,4,2,0,9,11,8,2026,5,1,0,1,35,Morning,No Alternate Route,15
2026-08-11 09:40:00,17.41121530615616,78.44836027270026,454,30,High,0,1,0,0,9,11,8,2026,5,1,0,1,40,Morning,No Alternate Route,15
2026-08-11 09:45:00,17.41123491897418,78.44877855028253,547,20,High,3,1,0,0,9,11,8,2026,5,1,0,1,45,Morning,No Alternate Route,15
2026-08-11 09:50:00,17.45074978216617,78.38207241138603,690,18,Severe,2,2,2,0,9,11,8,2026,5,1,0,1,50,Morning,No Alternate Route,30
2026-08-11 09:55:00,17.3845016128335,78.48846100830765,540,25,High,3,0,1,0,9,11,8,2026,5,1,0,1,55,Morning,No Alternate Route,15
2026-08-11 10:00:00,17.45129302048944,78.38193992266326,242,42,Moderate,3,2,1,0,10,11,8,2026,5,1,0,1,0,Morning,No Alternate Route,5
2026-08-11 10:05:00,17.38679863348178,78.48661615132067,182,40,Moderate,0,0,1,0,10,11,8,2026,5,1,0,1,5,Morning,No Alternate Route,5
2026-08-11 10:10:00,17.49614579749739,78.39132202977831,232,46,Moderate,3,3,1,0,10,11,8,2026,5,1,0,1,10,Morning,No Alternate Route,5
2026-08-11 10:15:00,17.45058266200133,78.3838360657921,234,57,Moderate,0,2,0,0,10,11,8,2026,5,1,0,1,15,Morning,No Alternate Route,5
2026-08-11 10:20:00,17.38669099104323,78.4852550377452,286,52,Moderate,1,0,1,0,10,11,8,2026,5,1,0,1,20,Morning,No Alternate Route,5
2026-08-11 10:25:00,17.49454731825945,78.39332251148551,348,37,High,0,3,2,0,10,11,8,2026,5,1,0,1,25,Morning,No Alternate Route,15
2026-08-11 10:30:00,17.45217258332531,78.38119662115359,211,41,Moderate,3,2,0,0,10,11,8,2026,5,1,0,1,30,Morning,No Alternate Route,5
2026-08-11 10:35:00,17.45150700696556,78.38068466772604,335,34,High,3,2,2,0,10,11,8,2026,5,1,0,1,35,Morning,No Alternate Route,15
2026-08-11 10:40:00,17.42196988211242,78.47460367553178,319,39,High,1,4,2,0,10,11,8,2026,5,1,0,1,40,Morning,No Alternate Route,15
2026-08-11 10:45:00,17.49340321379384,78.38981673018885,320,24,High,3,3,0,0,10,11,8,2026,5,1,0,1,45,Morning,No Alternate Route,15
2026-08-11 10:50:00,17.45114946667578,78.38091123085759,330,34,High,0,2,2,0,10,11,8,2026,5,1,0,1,50,Morning,No Alternate Route,15
2026-08-11 10:55:00,17.38455928658335,78.48831923651407,325,37,High,3,0,2,1,10,11,8,2026,5,1,0,1,55,Morning,No Alternate Route,15
2026-08-11 11:00:00,17.41264716587612,78.44698271517062,350,30,High,1,1,1,0,11,11,8,2026,5,1,0,2,0,Morning,No Alternate Route,15
2026-08-11 11:05:00,17.38543594239116,78.48475536591937,204,52,Moderate,0,0,0,0,11,11,8,2026,5,1,0,2,5,Morning,No Alternate Route,5
2026-08-11 11:10:00,17.42572084801839,78.47224565576902,235,60,Moderate,3,4,2,0,11,11,8,2026,5,1,0,2,10,Morning,No Alternate Route,5
2026-08-11 11:15:00,17.3840595231675,78.48798315567821,334,35,High,1,0,1,1,11,11,8,2026,5,1,0,2,15,Morning,No Alternate Route,15
2026-08-11 11:20:00,17.42393175767752,78.47283219936587,255,55,Moderate,2,4,0,0,11,11,8,2026,5,1,0,2,20,Morning,No Alternate Route,5
2026-08-11 11:25:00,17.41458625525477,78.4469132223751,274,60,Moderate,1,1,2,0,11,11,8,2026,5,1,0,2,25,Morning,No Alternate Route,5
2026-08-11 11:30:00,17.42397951426543,78.47563418378378,264,59,Moderate,2,4,0,0,11,11,8,2026,5,1,0,2,30,Morning,No Alternate Route,5
2026-08-11 11:35:00,17.42383498515808,78.47433174143278,237,60,Moderate,1,4,0,0,11,11,8,2026,5,1,0,2,35,Morning,No Alternate Route,5
2026-08-11 11:40:00,17.49424024541018,78.39333896126595,262,41,Moderate,2,3,2,0,11,11,8,2026,5,1,0,2,40,Morning,No Alternate Route,5
2026-08-11 11:45:00,17.41433330951358,78.4462773895509,314,30,High,1,1,1,0,11,11,8,2026,5,1,0,2,45,Morning,No Alternate Route,15
2026-08-11 11:50:00,17.49484843615145,78.39075384950694,223,50,Moderate,1,3,1,0,11,11,8,2026,5,1,0,2,50,Morning,No Alternate Route,5
2026-08-11 11:55:00,17.3832376891972,78.48867913274094,255,59,Moderate,3,0,0,0,11,11,8,2026,5,1,0,2,55,Morning,No Alternate Route,5
2026-08-11 12:00:00,17.44947607892188,78.38224943093243,297,43,Moderate,2,2,0,1,12,11,8,2026,5,1,0,2,0,Afternoon,No Alternate Route,5
2026-08-11 12:05:00,17.4108341797046,78.4487204038807,349,31,High,0,1,2,0,12,11,8,2026,5,1,0,2,5,Afternoon,No Alternate Route,15
2026-08-11 12:10:00,17.4523269513866,78.38415333552354,319,31,High,3,2,2,0,12,11,8,2026,5,1,0,2,10,Afternoon,No Alternate Route,15
2026-08-11 12:15:00,17.49604951615713,78.38977648540556,250,42,Moderate,1,3,1,0,12,11,8,2026,5,1,0,2,15,Afternoon,No Alternate Route,5
2026-08-11 12:20:00,17.42264616875008,78.47513841620146,258,55,Moderate,0,4,0,0,12,11,8,2026,5,1,0,2,20,Afternoon,No Alternate Route,5
2026-08-11 12:25:00,17.49495624768523,78.39256337875027,195,57,Moderate,1,3,0,0,12,11,8,2026,5,1,0,2,25,Afternoon,No Alternate Route,5
2026-08-11 12:30:00,17.42348221872989,78.47324778741647,207,47,Moderate,3,4,2,0,12,11,8,2026,5,1,0,2,30,Afternoon,No Alternate Route,5
2026-08-11 12:35:00,17.44991589298375,78.38256734420098,270,57,Moderate,1,2,0,0,12,11,8,2026,5,1,0,2,35,Afternoon,No Alternate Route,5
2026-08-11 12:40:00,17.45152250165085,78.38309118257133,254,48,Moderate,2,2,2,0,12,11,8,2026,5,1,0,2,40,Afternoon,No Alternate Route,5
2026-08-11 12:45:00,17.42293840504238,78.473144931914,307,29,High,3,4,0,0,12,11,8,2026,5,1,0,2,45,Afternoon,No Alternate Route,15
2026-08-11 12:50:00,17.49357932222069,78.39313363401156,197,59,Moderate,0,3,0,0,12,11,8,2026,5,1,0,2,50,Afternoon,No Alternate Route,5
2026-08-11 12:55:00,17.3860479806363,78.48817350763619,217,41,Moderate,1,0,1,0,12,11,8,2026,5,1,0,2,55,Afternoon,No Alternate Route,5
2026-08-11 13:00:00,17.3834211248394,78.48747878471637,316,20,High,1,0,0,0,13,11,8,2026,5,1,0,2,0,Afternoon,No Alternate Route,15
2026-08-11 13:05:00,17.42528844062814,78.4750946741325,253,52,Moderate,2,4,0,0,13,11,8,2026,5,1,0,2,5,Afternoon,No Alternate Route,5
2026-08-11 13:10:00,17.38450101780122,78.48534507678106,296,56,Moderate,1,0,2,0,13,11,8,2026,5,1,0,2,10,Afternoon,No Alternate Route,5
2026-08-11 13:15:00,17.41219423158509,78.44813253342429,321,28,High,1,1,2,0,13,11,8,2026,5,1,0,2,15,Afternoon,No Alternate Route,15
2026-08-11 13:20:00,17.41096804074997,78.44851726077336,229,53,Moderate,2,1,0,0,13,11,8,2026,5,1,0,2,20,Afternoon,No Alternate Route,5
2026-08-11 13:25:00,17.38592455094268,78.48856519283531,319,39,High,3,0,0,0,13,11,8,2026,5,1,0,2,25,Afternoon,No Alternate Route,15
2026-08-11 13:30:00,17.49472238644963,78.39305907264456,268,54,Moderate,2,3,0,0,13,11,8,2026,5,1,0,2,30,Afternoon,No Alternate Route,5
2026-08-11 13:35:00,17.49288835239629,78.39107900238288,235,51,Moderate,0,3,0,0,13,11,8,2026,5,1,0,2,35,Afternoon,No Alternate Route,5
2026-08-11 13:40:00,17.41396657556938,78.44674938546139,273,55,Moderate,2,1,2,0,13,11,8,2026,5,1,0,2,40,Afternoon,No Alternate Route,5
2026-08-11 13:45:00,17.49498963270059,78.38977759238485,332,21,High,2,3,1,0,13,11,8,2026,5,1,0,2,45,Afternoon,No Alternate Route,15
2026-08-11 13:50:00,17.49530969857309,78.39262964106408,196,58,Moderate,2,3,2,0,13,11,8,2026,5,1,0,2,50,Afternoon,No Alternate Route,5
2026-08-11 13:55:00,17.49588451705136,78.39097732277321,264,42,Moderate,3,3,2,0,13,11,8,2026,5,1,0,2,55,Afternoon,No Alternate Route,5
2026-08-11 14:00:00,17.45204173846816,78.38091791565698,297,60,Moderate,1,2,0,0,14,11,8,2026,5,1,0,2,0,Afternoon,No Alternate Route,5
2026-08-11 14:05:00,17.49488764701924,78.39118459174391,240,58,Moderate,1,3,2,0,14,11,8,2026,5,1,0,2,5,Afternoon,No Alternate Route,5
2026-08-11 14:10:00,17.38387576973287,78.48582598920004,328,36,High,3,0,1,0,14,11,8,2026,5,1,0,2,10,Afternoon,No Alternate Route,15
2026-08-11 14:15:00,17.45137296260364,78.38360402583332,273,59,Moderate,1,2,2,0,14,11,8,2026,5,1,0,2,15,Afternoon,No Alternate Route,5
2026-08-11 14:20:00,17.42372476040607,78.4732149415016,203,42,Moderate,3,4,0,0,14,11,8,2026,5,1,0,2,20,Afternoon,No Alternate Route,5
2026-08-11 14:25:00,17.42335550943023,78.47274341718327,275,48,Moderate,0,4,2,0,14,11,8,2026,5,1,0,2,25,Afternoon,No Alternate Route,5
2026-08-11 14:30:00,17.41180982953748,78.44862693992897,302,22,High,0,1,0,0,14,11,8,2026,5,1,0,2,30,Afternoon,No Alternate Route,15
2026-08-11 14:35:00,17.44853835867739,78.38284980836097,205,54,Moderate,0,2,0,0,14,11,8,2026,5,1,0,2,35,Afternoon,No Alternate Route,5
2026-08-11 14:40:00,17.38643357870906,78.48565233316123,249,57,Moderate,0,0,0,0,14,11,8,2026,5,1,0,2,40,Afternoon,No Alternate Route,5
2026-08-11 14:45:00,17.45168735036523,78.3809420486554,315,25,High,1,2,2,0,14,11,8,2026,5,1,0,2,45,Afternoon,No Alternate Route,15
2026-08-11 14:50:00,17.49464491152373,78.39204123972792,222,47,Moderate,1,3,1,0,14,11,8,2026,5,1,0,2,50,Afternoon,No Alternate Route,5
2026-08-11 14:55:00,17.49298961647902,78.39280807642622,188,48,Moderate,1,3,2,0,14,11,8,2026,5,1,0,2,55,Afternoon,No Alternate Route,5
2026-08-11 15:00:00,17.49315092797352,78.39155224170314,332,22,High,3,3,2,0,15,11,8,2026,5,1,0,2,0,Afternoon,No Alternate Route,15
2026-08-11 15:05:00,17.41125665578178,78.44629862757061,273,43,Moderate,1,1,1,0,15,11,8,2026,5,1,0,2,5,Afternoon,No Alternate Route,5
2026-08-11 15:10:00,17.42567602090289,78.47573515730191,307,28,High,0,4,1,0,15,11,8,2026,5,1,0,2,10,Afternoon,No Alternate Route,15
2026-08-11 15:15:00,17.42238703686057,78.47425461371418,318,31,High,2,4,2,0,15,11,8,2026,5,1,0,2,15,Afternoon,No Alternate Route,15
2026-08-11 15:20:00,17.44876346462296,78.38073535544157,294,41,Moderate,1,2,0,0,15,11,8,2026,5,1,0,2,20,Afternoon,No Alternate Route,5
2026-08-11 15:25:00,17.49376656000842,78.39225666971558,238,54,Moderate,0,3,1,0,15,11,8,2026,5,1,0,2,25,Afternoon,No Alternate Route,5
2026-08-11 15:30:00,17.42409028036574,78.4732136062978,325,30,High,0,4,2,0,15,11,8,2026,5,1,0,2,30,Afternoon,No Alternate Route,15
2026-08-11 15:35:00,17.41148484564892,78.44624278670622,229,52,Moderate,1,1,2,0,15,11,8,2026,5,1,0,2,35,Afternoon,No Alternate Route,5
2026-08-11 15:40:00,17.45121691322484,78.38156015023418,210,51,Moderate,3,2,1,0,15,11,8,2026,5,1,0,2,40,Afternoon,No Alternate Route,5
2026-08-11 15:45:00,17.45084556500958,78.38092757365277,330,23,High,1,2,1,0,15,11,8,2026,5,1,0,2,45,Afternoon,No Alternate Route,15
2026-08-11 15:50:00,17.41107159711892,78.44714237506727,267,41,Moderate,0,1,2,0,15,11,8,2026,5,1,0,2,50,Afternoon,No Alternate Route,5
2026-08-11 15:55:00,17.38640431712459,78.48676566521597,334,22,High,1,0,0,0,15,11,8,2026,5,1,0,2,55,Afternoon,No Alternate Route,15
2026-08-11 16:00:00,17.42268360797381,78.47402653837558,336,32,High,0,4,1,0,16,11,8,2026,5,1,0,2,0,Afternoon,No Alternate Route,15
2026-08-11 16:05:00,17.41283197780781,78.44640440038755,304,25,High,1,1,1,0,16,11,8,2026,5,1,0,2,5,Afternoon,No Alternate Route,15
2026-08-11 16:10:00,17.38687109013252,78.48639678216226,342,37,High,1,0,1,0,16,11,8,2026,5,1,0,2,10,Afternoon,No Alternate Route,15
2026-08-11 16:15:00,17.49440480831894,78.39337027228797,402,25,High,2,3,2,0,16,11,8,2026,5,1,0,2,15,Afternoon,No Alternate Route,15
2026-08-11 16:20:00,17.49574688146817,78.39103971001582,386,22,High,0,3,0,1,16,11,8,2026,5,1,0,2,20,Afternoon,No Alternate Route,15
2026-08-11 16:25:00,17.41308871339138,78.44836869019858,320,34,High,3,1,2,0,16,11,8,2026,5,1,0,2,25,Afternoon,No Alternate Route,15
2026-08-11 16:30:00,17.42405056570194,78.47188082886622,464,20,High,1,4,2,0,16,11,8,2026,5,1,0,2,30,Afternoon,No Alternate Route,15
2026-08-11 16:35:00,17.42478036903197,78.47240884217587,365,38,High,0,4,1,1,16,11,8,2026,5,1,0,2,35,Afternoon,No Alternate Route,15
2026-08-11 16:40:00,17.4522612680105,78.38103027879261,475,26,High,2,2,1,0,16,11,8,2026,5,1,0,2,40,Afternoon,No Alternate Route,15
2026-08-11 16:45:00,17.4134707999812,78.44762345175312,476,22,High,2,1,2,0,16,11,8,2026,5,1,0,2,45,Afternoon,No Alternate Route,15
2026-08-11 16:50:00,17.41234451766329,78.44725175488662,451,23,High,0,1,2,0,16,11,8,2026,5,1,0,2,50,Afternoon,No Alternate Route,15
2026-08-11 16:55:00,17.45123861947815,78.38115654373037,456,39,High,0,2,1,0,16,11,8,2026,5,1,0,2,55,Afternoon,No Alternate Route,15
2026-08-11 17:00:00,17.42225447224102,78.47369778593588,446,31,High,3,4,0,0,17,11,8,2026,5,1,0,0,0,Evening,No Alternate Route,15
2026-08-11 17:05:00,17.42364229110666,78.47237967746273,462,35,High,1,4,0,0,17,11,8,2026,5,1,0,0,5,Evening,No Alternate Route,15
2026-08-11 17:10:00,17.4252554454376,78.47316774539635,488,29,High,3,4,0,0,17,11,8,2026,5,1,0,0,10,Evening,No Alternate Route,15
2026-08-11 17:15:00,17.41317480213058,78.4488501445876,305,20,High,1,1,2,0,17,11,8,2026,5,1,0,0,15,Evening,No Alternate Route,15
2026-08-11 17:20:00,17.4136467422017,78.4475129718031,450,21,High,1,1,2,0,17,11,8,2026,5,1,0,0,20,Evening,No Alternate Route,15
2026-08-11 17:25:00,17.38497952438469,78.48602294458708,427,21,High,0,0,0,0,17,11,8,2026,5,1,0,0,25,Evening,No Alternate Route,15
2026-08-11 17:30:00,17.49287351331004,78.39211342063003,374,21,High,0,3,2,0,17,11,8,2026,5,1,0,0,30,Evening,No Alternate Route,15
2026-08-11 17:35:00,17.42371898271678,78.47234023822037,403,38,High,2,4,2,0,17,11,8,2026,5,1,0,0,35,Evening,No Alternate Route,15
2026-08-11 17:40:00,17.41096982376951,78.44778200673707,430,33,High,1,1,2,0,17,11,8,2026,5,1,0,0,40,Evening,No Alternate Route,15
2026-08-11 17:45:00,17.42315112951561,78.47512784127855,448,35,High,2,4,2,0,17,11,8,2026,5,1,0,0,45,Evening,No Alternate Route,15
2026-08-11 17:50:00,17.49391376564899,78.39222664466256,415,37,High,1,3,2,0,17,11,8,2026,5,1,0,0,50,Evening,No Alternate Route,15
2026-08-11 17:55:00,17.4126917822212,78.44864936976266,367,25,High,3,1,2,0,17,11,8,2026,5,1,0,0,55,Evening,No Alternate Route,15
2026-08-11 18:00:00,17.45234314981125,78.38159754554344,617,16,Severe,0,2,1,0,18,11,8,2026,5,1,0,0,0,Evening,No Alternate Route,30
2026-08-11 18:05:00,17.4932467498445,78.39304071971668,586,22,High,1,3,1,0,18,11,8,2026,5,1,0,0,5,Evening,No Alternate Route,15
2026-08-11 18:10:00,17.42429623392072,78.47441640469846,699,13,Severe,1,4,2,0,18,11,8,2026,5,1,0,0,10,Evening,No Alternate Route,30
2026-08-11 18:15:00,17.49616747285464,78.3919256671595,753,16,Severe,3,3,1,0,18,11,8,2026,5,1,0,0,15,Evening,No Alternate Route,30
2026-08-11 18:20:00,17.38448793713855,78.48563351801626,704,17,Severe,2,0,1,0,18,11,8,2026,5,1,0,0,20,Evening,No Alternate Route,30
2026-08-11 18:25:00,17.38485756831364,78.4867574982597,624,15,Severe,0,0,1,0,18,11,8,2026,5,1,0,0,25,Evening,No Alternate Route,30
2026-08-11 18:30:00,17.38560506201544,78.48533246291072,583,37,High,2,0,1,0,18,11,8,2026,5,1,0,0,30,Evening,No Alternate Route,15
2026-08-11 18:35:00,17.41374751704555,78.44920005428108,538,38,High,2,1,1,0,18,11,8,2026,5,1,0,0,35,Evening,No Alternate Route,15
2026-08-11 18:40:00,17.45026872675089,78.38147070116176,717,19,Severe,0,2,1,0,18,11,8,2026,5,1,0,0,40,Evening,No Alternate Route,30
2026-08-11 18:45:00,17.38516920931835,78.48854814553604,537,35,High,3,0,0,0,18,11,8,2026,5,1,0,0,45,Evening,No Alternate Route,15
2026-08-11 18:50:00,17.45119391325162,78.38094877062267,650,15,Severe,2,2,2,0,18,11,8,2026,5,1,0,0,50,Evening,No Alternate Route,30
2026-08-11 18:55:00,17.49287574277519,78.39162351907619,642,15,Severe,1,3,1,0,18,11,8,2026,5,1,0,0,55,Evening,No Alternate Route,30
2026-08-11 19:00:00,17.38665437082818,78.48767344408495,521,27,High,3,0,2,0,19,11,8,2026,5,1,0,0,0,Evening,No Alternate Route,15
2026-08-11 19:05:00,17.45057984860641,78.38430117135995,652,13,Severe,2,2,0,0,19,11,8,2026,5,1,0,0,5,Evening,No Alternate Route,30
2026-08-11 19:10:00,17.38559480961753,78.48582512126048,767,15,Severe,1,0,1,0,19,11,8,2026,5,1,0,0,10,Evening,No Alternate Route,30
2026-08-11 19:15:00,17.38653744407845,78.48559180035707,535,32,High,1,0,2,0,19,11,8,2026,5,1,0,0,15,Evening,No Alternate Route,15
2026-08-11 19:20:00,17.38589514674946,78.48550532177028,665,10,Severe,0,0,0,0,19,11,8,2026,5,1,0,0,20,Evening,No Alternate Route,30
2026-08-11 19:25:00,17.42211908186546,78.4723191204653,641,20,Severe,1,4,2,0,19,11,8,2026,5,1,0,0,25,Evening,No Alternate Route,30
2026-08-11 19:30:00,17.41161403082993,78.44706090790037,630,13,Severe,0,1,1,0,19,11,8,2026,5,1,0,0,30,Evening,No Alternate Route,30
2026-08-11 19:35:00,17.493508018682,78.3928575353274,739,19,Severe,1,3,1,0,19,11,8,2026,5,1,0,0,35,Evening,No Alternate Route,30
2026-08-11 19:40:00,17.49457135632621,78.39236014217741,572,20,High,0,3,2,0,19,11,8,2026,5,1,0,0,40,Evening,No Alternate Route,15
2026-08-11 19:45:00,17.44935715161654,78.38161614817362,620,20,Severe,1,2,1,0,19,11,8,2026,5,1,0,0,45,Evening,No Alternate Route,30
2026-08-11 19:50:00,17.41223096205539,78.44784426773123,677,15,Severe,3,1,0,0,19,11,8,2026,5,1,0,0,50,Evening,No Alternate Route,30
2026-08-11 19:55:00,17.4485053257908,78.38072244184822,554,36,High,1,2,0,0,19,11,8,2026,5,1,0,0,55,Evening,No Alternate Route,15
2026-08-11 20:00:00,17.38633606229722,78.48837927950764,556,39,High,0,0,0,0,20,11,8,2026,5,1,0,0,0,Evening,No Alternate Route,15
2026-08-11 20:05:00,17.42232230033223,78.47214296747576,727,19,Severe,3,4,1,0,20,11,8,2026,5,1,0,0,5,Evening,No Alternate Route,30
2026-08-11 20:10:00,17.38487111651589,78.48722850214573,726,11,Severe,2,0,0,0,20,11,8,2026,5,1,0,0,10,Evening,No Alternate Route,30
2026-08-11 20:15:00,17.49397087956954,78.39268993702991,516,26,High,0,3,2,0,20,11,8,2026,5,1,0,0,15,Evening,No Alternate Route,15
2026-08-11 20:20:00,17.49616606184142,78.39006644853093,587,28,High,1,3,1,0,20,11,8,2026,5,1,0,0,20,Evening,No Alternate Route,15
2026-08-11 20:25:00,17.49557106841983,78.39257205244296,650,13,Severe,1,3,2,0,20,11,8,2026,5,1,0,0,25,Evening,No Alternate Route,30
2026-08-11 20:30:00,17.45134951410316,78.38063512125109,584,34,High,3,2,1,0,20,11,8,2026,5,1,0,0,30,Evening,No Alternate Route,15
2026-08-11 20:35:00,17.44858481881222,78.38181094602162,779,14,Severe,3,2,1,0,20,11,8,2026,5,1,0,0,35,Evening,No Alternate Route,30
2026-08-11 20:40:00,17.42393543252441,78.47200137587348,597,35,High,3,4,1,0,20,11,8,2026,5,1,0,0,40,Evening,No Alternate Route,15
2026-08-11 20:45:00,17.44863443949013,78.38255120975148,593,32,High,2,2,1,0,20,11,8,2026,5,1,0,0,45,Evening,No Alternate Route,15
2026-08-11 20:50:00,17.49375841404765,78.39164215778554,601,15,Severe,2,3,0,0,20,11,8,2026,5,1,0,0,50,Evening,No Alternate Route,30
2026-08-11 20:55:00,17.41202251181413,78.44879059307166,516,39,High,2,1,1,0,20,11,8,2026,5,1,0,0,55,Evening,No Alternate Route,15
2026-08-11 21:00:00,17.38600235124689,78.48715891309318,133,56,Moderate,0,0,1,0,21,11,8,2026,5,1,0,0,0,Night,No Alternate Route,5
2026-08-11 21:05:00,17.3835892245323,78.4882248951834,150,56,Moderate,1,0,0,0,21,11,8,2026,5,1,0,0,5,Night,No Alternate Route,5
2026-08-11 21:10:00,17.38420553487893,78.48806368285939,80,70,Low,3,0,1,0,21,11,8,2026,5,1,0,0,10,Night,No Alternate Route,0
2026-08-11 21:15:00,17.49391235578251,78.39065533910785,132,60,Moderate,2,3,0,0,21,11,8,2026,5,1,0,0,15,Night,No Alternate Route,5
2026-08-11 21:20:00,17.4107422464204,78.44864171486925,138,46,Moderate,0,1,0,0,21,11,8,2026,5,1,0,0,20,Night,No Alternate Route,5
2026-08-11 21:25:00,17.42194318930467,78.47460699027519,98,65,Low,3,4,0,0,21,11,8,2026,5,1,0,0,25,Night,No Alternate Route,0
2026-08-11 21:30:00,17.41245002801858,78.44747933883683,135,52,Moderate,3,1,2,0,21,11,8,2026,5,1,0,0,30,Night,No Alternate Route,5
2026-08-11 21:35:00,17.49298801885883,78.39170004684574,131,56,Moderate,0,3,1,0,21,11,8,2026,5,1,0,0,35,Night,No Alternate Route,5
2026-08-11 21:40:00,17.45163897594363,78.38102498506356,125,55,Moderate,0,2,0,0,21,11,8,2026,5,1,0,0,40,Night,No Alternate Route,5
2026-08-11 21:45:00,17.42513307942755,78.47199580546418,135,52,Moderate,2,4,0,0,21,11,8,2026,5,1,0,0,45,Night,No Alternate Route,5
2026-08-11 21:50:00,17.41360014544413,78.44961738029113,143,55,Moderate,3,1,0,0,21,11,8,2026,5,1,0,0,50,Night,No Alternate Route,5
2026-08-11 21:55:00,17.41273750039839,78.44660306195176,139,54,Moderate,1,1,2,0,21,11,8,2026,5,1,0,0,55,Night,No Alternate Route,5
2026-08-11 22:00:00,17.41212639407981,78.44785397720197,151,45,Moderate,2,1,0,0,22,11,8,2026,5,1,0,2,0,Night,No Alternate Route,5
2026-08-11 22:05:00,17.49297600542686,78.39067533445741,99,77,Low,2,3,1,0,22,11,8,2026,5,1,0,2,5,Night,No Alternate Route,0
2026-08-11 22:10:00,17.41227881733921,78.44643458570573,126,54,Moderate,1,1,1,0,22,11,8,2026,5,1,0,2,10,Night,No Alternate Route,5
2026-08-11 22:15:00,17.41297326488417,78.44847603468061,128,51,Moderate,0,1,0,0,22,11,8,2026,5,1,0,2,15,Night,No Alternate Route,5
2026-08-11 22:20:00,17.4126449807622,78.44865045172757,173,50,Moderate,2,1,2,0,22,11,8,2026,5,1,0,2,20,Night,No Alternate Route,5
2026-08-11 22:25:00,17.41346282980149,78.44760013976297,92,78,Low,3,1,1,0,22,11,8,2026,5,1,0,2,25,Night,No Alternate Route,0
2026-08-11 22:30:00,17.41391282944416,78.44628839671648,111,51,Moderate,0,1,0,0,22,11,8,2026,5,1,0,2,30,Night,No Alternate Route,5
2026-08-11 22:35:00,17.38368693736187,78.48781285024141,138,59,Moderate,1,0,0,0,22,11,8,2026,5,1,0,2,35,Night,No Alternate Route,5
2026-08-11 22:40:00,17.41200452352047,78.44693741778872,95,77,Low,2,1,1,0,22,11,8,2026,5,1,0,2,40,Night,No Alternate Route,0
2026-08-11 22:45:00,17.41410217493502,78.44695983903428,140,46,Moderate,2,1,1,0,22,11,8,2026,5,1,0,2,45,Night,No Alternate Route,5
2026-08-11 22:50:00,17.38505949182666,78.48515516612288,92,69,Low,1,0,2,0,22,11,8,2026,5,1,0,2,50,Night,No Alternate Route,0
2026-08-11 22:55:00,17.42522348021249,78.47398442376813,145,52,Moderate,2,4,1,0,22,11,8,2026,5,1,0,2,55,Night,No Alternate Route,5
2026-08-11 23:00:00,17.38570862205322,78.48631811034711,143,57,Moderate,3,0,1,0,23,11,8,2026,5,1,0,2,0,Night,No Alternate Route,5
2026-08-11 23:05:00,17.42252129272683,78.4725229480873,174,51,Moderate,3,4,1,1,23,11,8,2026,5,1,0,2,5,Night,No Alternate Route,5
2026-08-11 23:10:00,17.45028118679256,78.3825199145331,139,56,Moderate,2,2,0,0,23,11,8,2026,5,1,0,2,10,Night,No Alternate Route,5
2026-08-11 23:15:00,17.45095546922065,78.38338632841652,116,42,Moderate,3,2,0,0,23,11,8,2026,5,1,0,2,15,Night,No Alternate Route,5
2026-08-11 23:20:00,17.49625019020149,78.39228601490035,158,50,Moderate,2,3,2,0,23,11,8,2026,5,1,0,2,20,Night,No Alternate Route,5
2026-08-11 23:25:00,17.38417730506465,78.48780988528655,102,48,Moderate,0,0,1,0,23,11,8,2026,5,1,0,2,25,Night,No Alternate Route,5
2026-08-11 23:30:00,17.38552758261035,78.48489787213342,179,51,Moderate,0,0,1,0,23,11,8,2026,5,1,0,2,30,Night,No Alternate Route,5
2026-08-11 23:35:00,17.42392579413513,78.47396352279934,105,47,Moderate,1,4,0,0,23,11,8,2026,5,1,0,2,35,Night,No Alternate Route,5
2026-08-11 23:40:00,17.41181331478518,78.4474738523254,162,46,Moderate,2,1,1,0,23,11,8,2026,5,1,0,2,40,Night,No Alternate Route,5
2026-08-11 23:45:00,17.44843942053249,78.38348115568364,137,51,Moderate,2,2,1,0,23,11,8,2026,5,1,0,2,45,Night,No Alternate Route,5
2026-08-11 23:50:00,17.44863621115616,78.38299763108948,114,42,Moderate,1,2,1,0,23,11,8,2026,5,1,0,2,50,Night,No Alternate Route,5
2026-08-11 23:55:00,17.4511058752593,78.38077009710965,106,43,Moderate,2,2,0,0,23,11,8,2026,5,1,0,2,55,Night,No Alternate Route,5
2026-08-12 00:00:00,17.49557052608631,78.39020188022751,58,61,Low,3,3,0,0,0,12,8,2026,6,2,0,2,0,Night,No Alternate Route,0
2026-08-12 00:05:00,17.42336993256204,78.47559091935275,46,72,Low,2,4,1,0,0,12,8,2026,6,2,0,2,5,Night,No Alternate Route,0
2026-08-12 00:10:00,17.45216705818857,78.38290575923703,43,73,Low,1,2,0,1,0,12,8,2026,6,2,0,2,10,Night,No Alternate Route,0
2026-08-12 00:15:00,17.42346501052113,78.47255898182307,73,79,Low,3,4,2,0,0,12,8,2026,6,2,0,2,15,Night,No Alternate Route,0
2026-08-12 00:20:00,17.45022123158407,78.38307774754878,60,80,Low,2,2,1,0,0,12,8,2026,6,2,0,2,20,Night,No Alternate Route,0
2026-08-12 00:25:00,17.42394606172426,78.47338125317569,60,72,Low,3,4,2,0,0,12,8,2026,6,2,0,2,25,Night,No Alternate Route,0
2026-08-12 00:30:00,17.44920932306831,78.38187732842859,31,66,Low,2,2,1,0,0,12,8,2026,6,2,0,2,30,Night,No Alternate Route,0
2026-08-12 00:35:00,17.41089220517622,78.44945945105432,58,80,Low,1,1,2,0,0,12,8,2026,6,2,0,2,35,Night,No Alternate Route,0
2026-08-12 00:40:00,17.49420026617381,78.39128324764711,46,76,Low,3,3,2,0,0,12,8,2026,6,2,0,2,40,Night,No Alternate Route,0
2026-08-12 00:45:00,17.49606018858789,78.39205551431571,77,72,Low,1,3,0,0,0,12,8,2026,6,2,0,2,45,Night,No Alternate Route,0
2026-08-12 00:50:00,17.49403104299261,78.39125279716968,53,65,Low,1,3,0,0,0,12,8,2026,6,2,0,2,50,Night,No Alternate Route,0
2026-08-12 00:55:00,17.49626383739845,78.3897691635562,25,62,Low,1,3,0,0,0,12,8,2026,6,2,0,2,55,Night,No Alternate Route,0
2026-08-12 01:00:00,17.38648480999072,78.48781125355816,66,64,Low,1,0,1,0,1,12,8,2026,6,2,0,2,0,Night,No Alternate Route,0
2026-08-12 01:05:00,17.4498847555525,78.38459911529452,80,63,Low,2,2,1,0,1,12,8,2026,6,2,0,2,5,Night,No Alternate Route,0
2026-08-12 01:10:00,17.38610576592145,78.4880832517389,71,68,Low,2,0,1,1,1,12,8,2026,6,2,0,2,10,Night,No Alternate Route,0
2026-08-12 01:15:00,17.45158167085926,78.38350563389034,80,67,Low,0,2,1,0,1,12,8,2026,6,2,0,2,15,Night,No Alternate Route,0
2026-08-12 01:20:00,17.44954287908989,78.38065889179663,51,69,Low,3,2,2,0,1,12,8,2026,6,2,0,2,20,Night,No Alternate Route,0
2026-08-12 01:25:00,17.49647298177755,78.39202709756528,33,65,Low,2,3,2,0,1,12,8,2026,6,2,0,2,25,Night,No Alternate Route,0
2026-08-12 01:30:00,17.42489105706179,78.47514148565584,24,67,Low,2,4,1,0,1,12,8,2026,6,2,0,2,30,Night,No Alternate Route,0
2026-08-12 01:35:00,17.41386525499956,78.44908458075362,62,74,Low,3,1,1,0,1,12,8,2026,6,2,0,2,35,Night,No Alternate Route,0
2026-08-12 01:40:00,17.49576644917813,78.39169726097774,74,77,Low,0,3,2,0,1,12,8,2026,6,2,0,2,40,Night,No Alternate Route,0
2026-08-12 01:45:00,17.44878621525021,78.3815814159927,58,73,Low,1,2,0,0,1,12,8,2026,6,2,0,2,45,Night,No Alternate Route,0
2026-08-12 01:50:00,17.38450072707958,78.48774786353259,62,80,Low,3,0,2,0,1,12,8,2026,6,2,0,2,50,Night,No Alternate Route,0
2026-08-12 01:55:00,17.42229926174413,78.47397175460223,42,62,Low,2,4,1,0,1,12,8,2026,6,2,0,2,55,Night,No Alternate Route,0
2026-08-12 02:00:00,17.44877820525615,78.38264225186307,79,60,Low,1,2,1,0,2,12,8,2026,6,2,0,2,0,Night,No Alternate Route,0
2026-08-12 02:05:00,17.42587305744041,78.47516773187445,74,68,Low,0,4,1,0,2,12,8,2026,6,2,0,2,5,Night,No Alternate Route,0
2026-08-12 02:10:00,17.41120206488557,78.45009902461277,56,74,Low,2,1,2,0,2,12,8,2026,6,2,0,2,10,Night,No Alternate Route,0
2026-08-12 02:15:00,17.49421676856039,78.39027105843844,28,78,Low,0,3,2,0,2,12,8,2026,6,2,0,2,15,Night,No Alternate Route,0
2026-08-12 02:20:00,17.42266949523468,78.47333578835067,78,64,Low,0,4,1,0,2,12,8,2026,6,2,0,2,20,Night,No Alternate Route,0
2026-08-12 02:25:00,17.42373418436366,78.47351960909448,34,74,Low,0,4,2,0,2,12,8,2026,6,2,0,2,25,Night,No Alternate Route,0
2026-08-12 02:30:00,17.42424759810056,78.47425749050782,69,60,Low,3,4,1,0,2,12,8,2026,6,2,0,2,30,Night,No Alternate Route,0
2026-08-12 02:35:00,17.4117174763637,78.44945517332577,50,63,Low,2,1,1,0,2,12,8,2026,6,2,0,2,35,Night,No Alternate Route,0
2026-08-12 02:40:00,17.38373688071645,78.48720009593177,43,63,Low,1,0,1,0,2,12,8,2026,6,2,0,2,40,Night,No Alternate Route,0
2026-08-12 02:45:00,17.44858959161376,78.38072671767769,22,63,Low,1,2,0,0,2,12,8,2026,6,2,0,2,45,Night,No Alternate Route,0
2026-08-12 02:50:00,17.49357049257709,78.39056912654733,30,72,Low,3,3,1,0,2,12,8,2026,6,2,0,2,50,Night,No Alternate Route,0
2026-08-12 02:55:00,17.4521261952724,78.38447990812037,25,65,Low,2,2,1,0,2,12,8,2026,6,2,0,2,55,Night,No Alternate Route,0
2026-08-12 03:00:00,17.45228380145607,78.38375782115209,51,63,Low,0,2,0,0,3,12,8,2026,6,2,0,2,0,Night,No Alternate Route,0
2026-08-12 03:05:00,17.41278199249443,78.44661831268685,59,68,Low,3,1,1,0,3,12,8,2026,6,2,0,2,5,Night,No Alternate Route,0
2026-08-12 03:10:00,17.42257473208773,78.47381376905238,73,75,Low,0,4,2,0,3,12,8,2026,6,2,0,2,10,Night,No Alternate Route,0
2026-08-12 03:15:00,17.38683127090797,78.48633441297,75,77,Low,0,0,0,0,3,12,8,2026,6,2,0,2,15,Night,No Alternate Route,0
2026-08-12 03:20:00,17.44934158870307,78.38402615307331,62,61,Low,0,2,0,0,3,12,8,2026,6,2,0,2,20,Night,No Alternate Route,0
2026-08-12 03:25:00,17.45132844243869,78.38170846125135,60,74,Low,0,2,0,1,3,12,8,2026,6,2,0,2,25,Night,No Alternate Route,0
2026-08-12 03:30:00,17.38508823153417,78.48519725993562,53,77,Low,3,0,1,0,3,12,8,2026,6,2,0,2,30,Night,No Alternate Route,0
2026-08-12 03:35:00,17.49517727771592,78.39212416426409,62,63,Low,2,3,2,0,3,12,8,2026,6,2,0,2,35,Night,No Alternate Route,0
2026-08-12 03:40:00,17.49670503853949,78.39023430731004,36,72,Low,0,3,0,0,3,12,8,2026,6,2,0,2,40,Night,No Alternate Route,0
2026-08-12 03:45:00,17.45047927291494,78.38097109223025,69,65,Low,2,2,1,0,3,12,8,2026,6,2,0,2,45,Night,No Alternate Route,0
2026-08-12 03:50:00,17.4499789337959,78.38328231023972,56,80,Low,1,2,2,0,3,12,8,2026,6,2,0,2,50,Night,No Alternate Route,0
2026-08-12 03:55:00,17.3861529065301,78.48631844536494,28,69,Low,3,0,2,0,3,12,8,2026,6,2,0,2,55,Night,No Alternate Route,0
2026-08-12 04:00:00,17.49280738927924,78.39243630533899,72,60,Low,0,3,1,0,4,12,8,2026,6,2,0,2,0,Night,No Alternate Route,0
2026-08-12 04:05:00,17.38565741295264,78.48682656105643,56,65,Low,0,0,1,0,4,12,8,2026,6,2,0,2,5,Night,No Alternate Route,0
2026-08-12 04:10:00,17.4946050075415,78.38996603578234,40,62,Low,2,3,2,0,4,12,8,2026,6,2,0,2,10,Night,No Alternate Route,0
2026-08-12 04:15:00,17.3831353344572,78.48616554006777,31,79,Low,3,0,2,0,4,12,8,2026,6,2,0,2,15,Night,No Alternate Route,0
2026-08-12 04:20:00,17.41455541353863,78.45010217965027,77,77,Low,0,1,2,0,4,12,8,2026,6,2,0,2,20,Night,No Alternate Route,0
2026-08-12 04:25:00,17.42322955960091,78.47495966350203,54,75,Low,2,4,2,0,4,12,8,2026,6,2,0,2,25,Night,No Alternate Route,0
2026-08-12 04:30:00,17.38539970110899,78.48633506614962,29,77,Low,3,0,0,0,4,12,8,2026,6,2,0,2,30,Night,No Alternate Route,0
2026-08-12 04:35:00,17.45230616966757,78.3840675897519,40,70,Low,3,2,1,0,4,12,8,2026,6,2,0,2,35,Night,No Alternate Route,0
2026-08-12 04:40:00,17.49521444850945,78.38991441949477,72,70,Low,0,3,0,0,4,12,8,2026,6,2,0,2,40,Night,No Alternate Route,0
2026-08-12 04:45:00,17.41434088999524,78.44880958963702,36,73,Low,3,1,2,0,4,12,8,2026,6,2,0,2,45,Night,No Alternate Route,0
2026-08-12 04:50:00,17.44880273335232,78.3814355746016,22,73,Low,2,2,2,0,4,12,8,2026,6,2,0,2,50,Night,No Alternate Route,0
2026-08-12 04:55:00,17.4139881120042,78.44935746268861,24,72,Low,3,1,2,0,4,12,8,2026,6,2,0,2,55,Night,No Alternate Route,0
2026-08-12 05:00:00,17.3830863640119,78.48815271486983,83,76,Low,3,0,1,0,5,12,8,2026,6,2,0,2,0,Morning,No Alternate Route,0
2026-08-12 05:05:00,17.42372743105941,78.47448369121567,99,68,Low,0,4,0,0,5,12,8,2026,6,2,0,2,5,Morning,No Alternate Route,0
2026-08-12 05:10:00,17.42478343099185,78.4755815747153,156,52,Moderate,0,4,2,0,5,12,8,2026,6,2,0,2,10,Morning,No Alternate Route,5
2026-08-12 05:15:00,17.38560340190443,78.48835096553705,162,42,Moderate,2,0,2,0,5,12,8,2026,6,2,0,2,15,Morning,No Alternate Route,5
2026-08-12 05:20:00,17.42433685430824,78.47450444622797,124,57,Moderate,1,4,1,0,5,12,8,2026,6,2,0,2,20,Morning,No Alternate Route,5
2026-08-12 05:25:00,17.45121464703848,78.38372741583855,156,59,Moderate,1,2,0,0,5,12,8,2026,6,2,0,2,25,Morning,No Alternate Route,5
2026-08-12 05:30:00,17.41084991072395,78.44664783234721,150,60,Moderate,0,1,0,0,5,12,8,2026,6,2,0,2,30,Morning,No Alternate Route,5
2026-08-12 05:35:00,17.49342738073778,78.39230060375483,135,57,Moderate,0,3,0,0,5,12,8,2026,6,2,0,2,35,Morning,No Alternate Route,5
2026-08-12 05:40:00,17.42490524529736,78.4718310994045,180,51,Moderate,2,4,0,0,5,12,8,2026,6,2,0,2,40,Morning,No Alternate Route,5
2026-08-12 05:45:00,17.49446891999689,78.39057915915727,152,45,Moderate,1,3,0,0,5,12,8,2026,6,2,0,2,45,Morning,No Alternate Route,5
2026-08-12 05:50:00,17.44982079791003,78.38093876428547,167,56,Moderate,3,2,0,0,5,12,8,2026,6,2,0,2,50,Morning,No Alternate Route,5
2026-08-12 05:55:00,17.38516986158355,78.48602363888986,95,75,Low,1,0,1,0,5,12,8,2026,6,2,0,2,55,Morning,No Alternate Route,0
2026-08-12 06:00:00,17.42534518717903,78.47525972277204,179,49,Moderate,0,4,1,0,6,12,8,2026,6,2,0,2,0,Morning,No Alternate Route,5
2026-08-12 06:05:00,17.49498593502595,78.39227100635816,124,57,Moderate,1,3,1,0,6,12,8,2026,6,2,0,2,5,Morning,No Alternate Route,5
2026-08-12 06:10:00,17.38468064088796,78.48709900441486,111,60,Moderate,2,0,1,0,6,12,8,2026,6,2,0,2,10,Morning,No Alternate Route,5
2026-08-12 06:15:00,17.3838481119191,78.48825051937462,165,59,Moderate,2,0,0,0,6,12,8,2026,6,2,0,2,15,Morning,No Alternate Route,5
2026-08-12 06:20:00,17.49468353387135,78.3928686180861,110,56,Moderate,1,3,0,0,6,12,8,2026,6,2,0,2,20,Morning,No Alternate Route,5
2026-08-12 06:25:00,17.38417193368392,78.4882401716964,175,58,Moderate,1,0,2,0,6,12,8,2026,6,2,0,2,25,Morning,No Alternate Route,5
2026-08-12 06:30:00,17.45058012662663,78.38281387932987,132,59,Moderate,1,2,1,0,6,12,8,2026,6,2,0,2,30,Morning,No Alternate Route,5
2026-08-12 06:35:00,17.4497316453189,78.3824445896231,166,50,Moderate,1,2,2,0,6,12,8,2026,6,2,0,2,35,Morning,No Alternate Route,5
2026-08-12 06:40:00,17.38318228476909,78.48710886661051,99,69,Low,1,0,0,0,6,12,8,2026,6,2,0,2,40,Morning,No Alternate Route,0
2026-08-12 06:45:00,17.44859042875788,78.38131407535244,107,58,Moderate,3,2,2,0,6,12,8,2026,6,2,0,2,45,Morning,No Alternate Route,5
2026-08-12 06:50:00,17.42332211723312,78.47239361433107,139,50,Moderate,1,4,1,0,6,12,8,2026,6,2,0,2,50,Morning,No Alternate Route,5
2026-08-12 06:55:00,17.49497357741641,78.39029865921951,179,44,Moderate,1,3,1,0,6,12,8,2026,6,2,0,2,55,Morning,No Alternate Route,5
2026-08-12 07:00:00,17.41240279717175,78.44634416476302,657,15,Severe,1,1,1,0,7,12,8,2026,6,2,0,1,0,Morning,No Alternate Route,30
2026-08-12 07:05:00,17.41217119412396,78.4496917454889,567,24,High,2,1,0,0,7,12,8,2026,6,2,0,1,5,Morning,No Alternate Route,15
2026-08-12 07:10:00,17.4249740566165,78.47254755299268,590,25,High,1,4,1,0,7,12,8,2026,6,2,0,1,10,Morning,No Alternate Route,15
2026-08-12 07:15:00,17.38668906543103,78.48656137434693,505,27,High,2,0,2,0,7,12,8,2026,6,2,0,1,15,Morning,No Alternate Route,15
2026-08-12 07:20:00,17.42313250017753,78.47192380021582,558,30,High,2,4,0,0,7,12,8,2026,6,2,0,1,20,Morning,No Alternate Route,15
2026-08-12 07:25:00,17.44965949444642,78.38443702758077,621,16,Severe,1,2,2,0,7,12,8,2026,6,2,0,1,25,Morning,No Alternate Route,30
2026-08-12 07:30:00,17.38692991154774,78.48843818913477,575,37,High,3,0,2,1,7,12,8,2026,6,2,0,1,30,Morning,No Alternate Route,15
2026-08-12 07:35:00,17.41104414835709,78.44778256476337,641,18,Severe,0,1,0,0,7,12,8,2026,6,2,0,1,35,Morning,No Alternate Route,30
2026-08-12 07:40:00,17.38598109577746,78.48549040225149,661,18,Severe,2,0,2,0,7,12,8,2026,6,2,0,1,40,Morning,No Alternate Route,30
2026-08-12 07:45:00,17.49446300476315,78.39365902741562,549,38,High,3,3,2,0,7,12,8,2026,6,2,0,1,45,Morning,No Alternate Route,15
2026-08-12 07:50:00,17.4932350677204,78.3911655807966,451,40,High,1,3,0,0,7,12,8,2026,6,2,0,1,50,Morning,No Alternate Route,15
2026-08-12 07:55:00,17.49593921020632,78.39143132989544,580,38,High,3,3,1,0,7,12,8,2026,6,2,0,1,55,Morning,No Alternate Route,15
2026-08-12 08:00:00,17.49486651412112,78.39321347869895,491,21,High,0,3,2,0,8,12,8,2026,6,2,0,1,0,Morning,No Alternate Route,15
2026-08-12 08:05:00,17.49320762310761,78.39082840137506,572,34,High,3,3,0,0,8,12,8,2026,6,2,0,1,5,Morning,No Alternate Route,15
2026-08-12 08:10:00,17.3864233862358,78.48761842010111,656,15,Severe,1,0,2,0,8,12,8,2026,6,2,0,1,10,Morning,No Alternate Route,30
2026-08-12 08:15:00,17.4144109432092,78.44778528914236,494,32,High,2,1,0,0,8,12,8,2026,6,2,0,1,15,Morning,No Alternate Route,15
2026-08-12 08:20:00,17.44986734989946,78.38075071022709,692,11,Severe,3,2,1,0,8,12,8,2026,6,2,0,1,20,Morning,No Alternate Route,30
2026-08-12 08:25:00,17.38447071274229,78.48493599761085,681,12,Severe,3,0,0,0,8,12,8,2026,6,2,0,1,25,Morning,No Alternate Route,30
2026-08-12 08:30:00,17.45159886706758,78.38420702601579,670,16,Severe,3,2,2,0,8,12,8,2026,6,2,0,1,30,Morning,No Alternate Route,30
2026-08-12 08:35:00,17.38499999399747,78.48744908941315,451,31,High,1,0,1,0,8,12,8,2026,6,2,0,1,35,Morning,No Alternate Route,15
2026-08-12 08:40:00,17.41168235275157,78.44822868563435,551,23,High,2,1,0,0,8,12,8,2026,6,2,0,1,40,Morning,No Alternate Route,15
2026-08-12 08:45:00,17.42536721764052,78.47237431279488,527,36,High,0,4,1,0,8,12,8,2026,6,2,0,1,45,Morning,No Alternate Route,15
2026-08-12 08:50:00,17.44937934983927,78.38333176018628,507,34,High,2,2,0,0,8,12,8,2026,6,2,0,1,50,Morning,No Alternate Route,15
2026-08-12 08:55:00,17.38423206606517,78.48597969172243,478,34,High,3,0,0,0,8,12,8,2026,6,2,0,1,55,Morning,No Alternate Route,15
2026-08-12 09:00:00,17.42216492754301,78.4720969624535,457,34,High,2,4,0,0,9,12,8,2026,6,2,0,1,0,Morning,No Alternate Route,15
2026-08-12 09:05:00,17.38305678617543,78.4851371624223,462,24,High,3,0,0,0,9,12,8,2026,6,2,0,1,5,Morning,No Alternate Route,15
2026-08-12 09:10:00,17.44916864496345,78.38259594035222,640,13,Severe,1,2,1,1,9,12,8,2026,6,2,0,1,10,Morning,No Alternate Route,30
2026-08-12 09:15:00,17.4141966080369,78.44630877471967,624,13,Severe,0,1,2,0,9,12,8,2026,6,2,0,1,15,Morning,No Alternate Route,30
2026-08-12 09:20:00,17.42502918050761,78.47257843537803,468,31,High,3,4,0,0,9,12,8,2026,6,2,0,1,20,Morning,No Alternate Route,15
2026-08-12 09:25:00,17.49622737446586,78.39247113892276,652,17,Severe,3,3,0,0,9,12,8,2026,6,2,0,1,25,Morning,No Alternate Route,30
2026-08-12 09:30:00,17.4127655985501,78.44824393545811,513,34,High,0,1,0,0,9,12,8,2026,6,2,0,1,30,Morning,No Alternate Route,15
2026-08-12 09:35:00,17.41406181828125,78.44637362788073,465,22,High,1,1,1,0,9,12,8,2026,6,2,0,1,35,Morning,No Alternate Route,15
2026-08-12 09:40:00,17.4137106415374,78.44883516003047,630,16,Severe,3,1,2,0,9,12,8,2026,6,2,0,1,40,Morning,No Alternate Route,30
2026-08-12 09:45:00,17.41316434431063,78.4498135520867,474,36,High,0,1,1,0,9,12,8,2026,6,2,0,1,45,Morning,No Alternate Route,15
2026-08-12 09:50:00,17.45221175780232,78.38084820544051,573,20,High,0,2,0,0,9,12,8,2026,6,2,0,1,50,Morning,No Alternate Route,15
2026-08-12 09:55:00,17.42524118896772,78.47492813797297,521,22,High,3,4,0,0,9,12,8,2026,6,2,0,1,55,Morning,No Alternate Route,15
2026-08-12 10:00:00,17.38321804981062,78.4870893845514,268,40,Moderate,1,0,0,0,10,12,8,2026,6,2,0,1,0,Morning,No Alternate Route,5
2026-08-12 10:05:00,17.45063888571176,78.38227682427997,266,50,Moderate,3,2,2,0,10,12,8,2026,6,2,0,1,5,Morning,No Alternate Route,5
2026-08-12 10:10:00,17.38636108916375,78.48783831238654,279,48,Moderate,3,0,1,0,10,12,8,2026,6,2,0,1,10,Morning,No Alternate Route,5
2026-08-12 10:15:00,17.45002210758521,78.38434680908382,255,46,Moderate,1,2,0,0,10,12,8,2026,6,2,0,1,15,Morning,No Alternate Route,5
2026-08-12 10:20:00,17.38405224946179,78.48535561771898,342,35,High,2,0,1,0,10,12,8,2026,6,2,0,1,20,Morning,No Alternate Route,15
2026-08-12 10:25:00,17.38416765604776,78.48835977745898,320,23,High,1,0,0,0,10,12,8,2026,6,2,0,1,25,Morning,No Alternate Route,15
2026-08-12 10:30:00,17.42518122031914,78.47292789864242,258,51,Moderate,3,4,0,0,10,12,8,2026,6,2,0,1,30,Morning,No Alternate Route,5
2026-08-12 10:35:00,17.41132627129577,78.44910575911393,261,46,Moderate,2,1,1,0,10,12,8,2026,6,2,0,1,35,Morning,No Alternate Route,5
2026-08-12 10:40:00,17.41143797641184,78.44971989670118,300,47,Moderate,3,1,2,0,10,12,8,2026,6,2,0,1,40,Morning,No Alternate Route,5
2026-08-12 10:45:00,17.45048804875099,78.38264880187224,231,56,Moderate,2,2,0,0,10,12,8,2026,6,2,0,1,45,Morning,No Alternate Route,5
2026-08-12 10:50:00,17.38304629542822,78.48519711418338,323,26,High,2,0,1,0,10,12,8,2026,6,2,0,1,50,Morning,No Alternate Route,15
2026-08-12 10:55:00,17.44967256995455,78.38157256529333,307,29,High,2,2,1,0,10,12,8,2026,6,2,0,1,55,Morning,No Alternate Route,15
2026-08-12 11:00:00,17.41191867052633,78.44943219484023,268,41,Moderate,2,1,1,0,11,12,8,2026,6,2,0,2,0,Morning,No Alternate Route,5
2026-08-12 11:05:00,17.49393516244091,78.39069235324772,200,45,Moderate,3,3,1,0,11,12,8,2026,6,2,0,2,5,Morning,No Alternate Route,5
2026-08-12 11:10:00,17.38389782286264,78.48824394848174,347,34,High,2,0,1,0,11,12,8,2026,6,2,0,2,10,Morning,No Alternate Route,15
2026-08-12 11:15:00,17.41296576714127,78.44690529794231,263,51,Moderate,1,1,1,0,11,12,8,2026,6,2,0,2,15,Morning,No Alternate Route,5
2026-08-12 11:20:00,17.38403415841472,78.48629341962585,261,41,Moderate,2,0,1,0,11,12,8,2026,6,2,0,2,20,Morning,No Alternate Route,5
2026-08-12 11:25:00,17.38489220258688,78.48810725339304,203,60,Moderate,0,0,1,0,11,12,8,2026,6,2,0,2,25,Morning,No Alternate Route,5
2026-08-12 11:30:00,17.38307391383818,78.48571163292631,260,49,Moderate,0,0,1,0,11,12,8,2026,6,2,0,2,30,Morning,No Alternate Route,5
2026-08-12 11:35:00,17.41251670850824,78.44864224260682,233,48,Moderate,1,1,1,0,11,12,8,2026,6,2,0,2,35,Morning,No Alternate Route,5
2026-08-12 11:40:00,17.4929069705933,78.39057474043094,303,35,High,1,3,2,0,11,12,8,2026,6,2,0,2,40,Morning,No Alternate Route,15
2026-08-12 11:45:00,17.41172163593928,78.45004404424053,248,60,Moderate,0,1,1,0,11,12,8,2026,6,2,0,2,45,Morning,No Alternate Route,5
2026-08-12 11:50:00,17.42312806992079,78.47446202388946,289,56,Moderate,0,4,0,0,11,12,8,2026,6,2,0,2,50,Morning,No Alternate Route,5
2026-08-12 11:55:00,17.49635838618326,78.39239653457415,241,53,Moderate,2,3,0,0,11,12,8,2026,6,2,0,2,55,Morning,No Alternate Route,5
2026-08-12 12:00:00,17.49350370269244,78.39195850292782,210,48,Moderate,1,3,0,0,12,12,8,2026,6,2,0,2,0,Afternoon,No Alternate Route,5
2026-08-12 12:05:00,17.3833670142586,78.48471296442416,262,49,Moderate,1,0,2,0,12,12,8,2026,6,2,0,2,5,Afternoon,No Alternate Route,5
2026-08-12 12:10:00,17.38594659987939,78.4861726097762,330,35,High,0,0,1,0,12,12,8,2026,6,2,0,2,10,Afternoon,No Alternate Route,15
2026-08-12 12:15:00,17.42243099321881,78.47564586930673,280,47,Moderate,0,4,1,0,12,12,8,2026,6,2,0,2,15,Afternoon,No Alternate Route,5
2026-08-12 12:20:00,17.38582850699892,78.4854333889388,229,43,Moderate,0,0,2,0,12,12,8,2026,6,2,0,2,20,Afternoon,No Alternate Route,5
2026-08-12 12:25:00,17.4226452453066,78.47464420375232,237,56,Moderate,2,4,1,0,12,12,8,2026,6,2,0,2,25,Afternoon,No Alternate Route,5
2026-08-12 12:30:00,17.38365258475639,78.48635316338583,194,50,Moderate,2,0,1,0,12,12,8,2026,6,2,0,2,30,Afternoon,No Alternate Route,5
2026-08-12 12:35:00,17.42504658250241,78.47223899299205,317,40,High,2,4,2,0,12,12,8,2026,6,2,0,2,35,Afternoon,No Alternate Route,15
2026-08-12 12:40:00,17.3863043041807,78.48514086505317,329,25,High,2,0,0,0,12,12,8,2026,6,2,0,2,40,Afternoon,No Alternate Route,15
2026-08-12 12:45:00,17.38399951955475,78.48564870540395,294,47,Moderate,3,0,2,0,12,12,8,2026,6,2,0,2,45,Afternoon,No Alternate Route,5
2026-08-12 12:50:00,17.45227420923094,78.38122388120772,229,45,Moderate,3,2,0,0,12,12,8,2026,6,2,0,2,50,Afternoon,No Alternate Route,5
2026-08-12 12:55:00,17.45068841581837,78.38099578030618,291,45,Moderate,2,2,0,0,12,12,8,2026,6,2,0,2,55,Afternoon,No Alternate Route,5
2026-08-12 13:00:00,17.49370950934889,78.39054003300733,220,46,Moderate,3,3,1,0,13,12,8,2026,6,2,0,2,0,Afternoon,No Alternate Route,5
2026-08-12 13:05:00,17.41347153920878,78.44929239496058,280,57,Moderate,1,1,2,0,13,12,8,2026,6,2,0,2,5,Afternoon,No Alternate Route,5
2026-08-12 13:10:00,17.41202782203032,78.44704934924614,248,41,Moderate,1,1,1,0,13,12,8,2026,6,2,0,2,10,Afternoon,No Alternate Route,5
2026-08-12 13:15:00,17.45107466501717,78.38308868182058,337,37,High,2,2,2,0,13,12,8,2026,6,2,0,2,15,Afternoon,No Alternate Route,15
2026-08-12 13:20:00,17.49359123641464,78.39226441665011,288,46,Moderate,2,3,0,0,13,12,8,2026,6,2,0,2,20,Afternoon,No Alternate Route,5
2026-08-12 13:25:00,17.4124115514363,78.44855303518463,202,49,Moderate,2,1,0,0,13,12,8,2026,6,2,0,2,25,Afternoon,No Alternate Route,5
2026-08-12 13:30:00,17.38605503587874,78.4869490257686,297,41,Moderate,0,0,0,0,13,12,8,2026,6,2,0,2,30,Afternoon,No Alternate Route,5
2026-08-12 13:35:00,17.42580326911353,78.47401088866651,210,41,Moderate,2,4,1,0,13,12,8,2026,6,2,0,2,35,Afternoon,No Alternate Route,5
2026-08-12 13:40:00,17.49530295743537,78.39318699865957,223,40,Moderate,1,3,2,0,13,12,8,2026,6,2,0,2,40,Afternoon,No Alternate Route,5
2026-08-12 13:45:00,17.45118112373994,78.38207346995272,268,41,Moderate,2,2,0,0,13,12,8,2026,6,2,0,2,45,Afternoon,No Alternate Route,5
2026-08-12 13:50:00,17.49429096443831,78.39225905145928,293,51,Moderate,2,3,1,0,13,12,8,2026,6,2,0,2,50,Afternoon,No Alternate Route,5
2026-08-12 13:55:00,17.49585588383452,78.3905308187708,321,31,High,0,3,1,0,13,12,8,2026,6,2,0,2,55,Afternoon,No Alternate Route,15
2026-08-12 14:00:00,17.49340666898809,78.39119510716526,213,54,Moderate,1,3,0,0,14,12,8,2026,6,2,0,2,0,Afternoon,No Alternate Route,5
2026-08-12 14:05:00,17.41085501887639,78.44869436407818,253,44,Moderate,1,1,1,1,14,12,8,2026,6,2,0,2,5,Afternoon,No Alternate Route,5
2026-08-12 14:10:00,17.42239132997829,78.47529296198347,347,27,High,3,4,2,0,14,12,8,2026,6,2,0,2,10,Afternoon,No Alternate Route,15
2026-08-12 14:15:00,17.41223036736551,78.44704942412316,224,49,Moderate,3,1,2,0,14,12,8,2026,6,2,0,2,15,Afternoon,No Alternate Route,5
2026-08-12 14:20:00,17.49321985131582,78.39362996158118,203,57,Moderate,3,3,0,0,14,12,8,2026,6,2,0,2,20,Afternoon,No Alternate Route,5
2026-08-12 14:25:00,17.49431402676476,78.39249856851681,228,58,Moderate,0,3,1,0,14,12,8,2026,6,2,0,2,25,Afternoon,No Alternate Route,5
2026-08-12 14:30:00,17.45117649792121,78.38283655388524,236,43,Moderate,2,2,0,0,14,12,8,2026,6,2,0,2,30,Afternoon,No Alternate Route,5
2026-08-12 14:35:00,17.41198411240093,78.44815379233,286,45,Moderate,3,1,2,0,14,12,8,2026,6,2,0,2,35,Afternoon,No Alternate Route,5
2026-08-12 14:40:00,17.44938862999417,78.38182296421897,287,57,Moderate,0,2,0,0,14,12,8,2026,6,2,0,2,40,Afternoon,No Alternate Route,5
2026-08-12 14:45:00,17.42355950236083,78.47352199630535,191,51,Moderate,1,4,1,0,14,12,8,2026,6,2,0,2,45,Afternoon,No Alternate Route,5
2026-08-12 14:50:00,17.44898696767505,78.38232449914177,204,47,Moderate,2,2,1,0,14,12,8,2026,6,2,0,2,50,Afternoon,No Alternate Route,5
2026-08-12 14:55:00,17.49659868242419,78.39051796727476,205,43,Moderate,3,3,1,0,14,12,8,2026,6,2,0,2,55,Afternoon,No Alternate Route,5
2026-08-12 15:00:00,17.41415589947584,78.44753333808825,310,34,High,2,1,1,0,15,12,8,2026,6,2,0,2,0,Afternoon,No Alternate Route,15
2026-08-12 15:05:00,17.49479740283569,78.39337678179342,349,29,High,2,3,0,0,15,12,8,2026,6,2,0,2,5,Afternoon,No Alternate Route,15
2026-08-12 15:10:00,17.44855887442123,78.38330199609078,295,58,Moderate,2,2,0,0,15,12,8,2026,6,2,0,2,10,Afternoon,No Alternate Route,5
2026-08-12 15:15:00,17.49443457874946,78.3897695038023,206,53,Moderate,3,3,2,0,15,12,8,2026,6,2,0,2,15,Afternoon,No Alternate Route,5
2026-08-12 15:20:00,17.44885747791479,78.38455358450264,341,24,High,3,2,2,0,15,12,8,2026,6,2,0,2,20,Afternoon,No Alternate Route,15
2026-08-12 15:25:00,17.49379074035054,78.39062358118578,313,36,High,3,3,2,0,15,12,8,2026,6,2,0,2,25,Afternoon,No Alternate Route,15
2026-08-12 15:30:00,17.38418596810639,78.48561207673117,274,57,Moderate,3,0,0,0,15,12,8,2026,6,2,0,2,30,Afternoon,No Alternate Route,5
2026-08-12 15:35:00,17.4121740773632,78.44687154652415,227,45,Moderate,0,1,2,0,15,12,8,2026,6,2,0,2,35,Afternoon,No Alternate Route,5
2026-08-12 15:40:00,17.45000907838807,78.38225651830483,239,53,Moderate,3,2,1,0,15,12,8,2026,6,2,0,2,40,Afternoon,No Alternate Route,5
2026-08-12 15:45:00,17.49482836185054,78.3920947397428,276,55,Moderate,0,3,1,0,15,12,8,2026,6,2,0,2,45,Afternoon,No Alternate Route,5
2026-08-12 15:50:00,17.41448392992345,78.44770363033673,285,44,Moderate,0,1,0,0,15,12,8,2026,6,2,0,2,50,Afternoon,No Alternate Route,5
2026-08-12 15:55:00,17.42304010711124,78.47395881358979,280,53,Moderate,2,4,2,0,15,12,8,2026,6,2,0,2,55,Afternoon,No Alternate Route,5
2026-08-12 16:00:00,17.38457286934382,78.48718581684949,364,29,High,2,0,2,0,16,12,8,2026,6,2,0,2,0,Afternoon,No Alternate Route,15
2026-08-12 16:05:00,17.45051706427971,78.38286830101586,354,20,High,1,2,2,0,16,12,8,2026,6,2,0,2,5,Afternoon,No Alternate Route,15
2026-08-12 16:10:00,17.41249267557682,78.44917634793566,458,34,High,3,1,1,0,16,12,8,2026,6,2,0,2,10,Afternoon,No Alternate Route,15
2026-08-12 16:15:00,17.41445933445512,78.44814657990891,379,39,High,3,1,2,0,16,12,8,2026,6,2,0,2,15,Afternoon,No Alternate Route,15
2026-08-12 16:20:00,17.41372153909447,78.44638210271503,435,24,High,3,1,2,0,16,12,8,2026,6,2,0,2,20,Afternoon,No Alternate Route,15
2026-08-12 16:25:00,17.41404311221365,78.44820172872652,475,30,High,2,1,0,0,16,12,8,2026,6,2,0,2,25,Afternoon,No Alternate Route,15
2026-08-12 16:30:00,17.3835834291175,78.48821356106517,388,21,High,2,0,0,1,16,12,8,2026,6,2,0,2,30,Afternoon,No Alternate Route,15
2026-08-12 16:35:00,17.49306667577051,78.3913656678653,489,22,High,2,3,1,0,16,12,8,2026,6,2,0,2,35,Afternoon,No Alternate Route,15
2026-08-12 16:40:00,17.38406028992893,78.48493884120387,409,20,High,0,0,2,0,16,12,8,2026,6,2,0,2,40,Afternoon,No Alternate Route,15
2026-08-12 16:45:00,17.4236426070015,78.47361246961238,485,30,High,3,4,0,1,16,12,8,2026,6,2,0,2,45,Afternoon,No Alternate Route,15
2026-08-12 16:50:00,17.44997931681182,78.38279804089679,464,24,High,2,2,0,0,16,12,8,2026,6,2,0,2,50,Afternoon,No Alternate Route,15
2026-08-12 16:55:00,17.45168730301554,78.38301194350801,482,37,High,3,2,0,0,16,12,8,2026,6,2,0,2,55,Afternoon,No Alternate Route,15
2026-08-12 17:00:00,17.45050459191439,78.38204843321965,313,21,High,3,2,0,0,17,12,8,2026,6,2,0,0,0,Evening,No Alternate Route,15
2026-08-12 17:05:00,17.45227491976487,78.38136206738281,475,35,High,2,2,1,0,17,12,8,2026,6,2,0,0,5,Evening,No Alternate Route,15
2026-08-12 17:10:00,17.4518431852826,78.38310292889368,410,39,High,2,2,0,0,17,12,8,2026,6,2,0,0,10,Evening,No Alternate Route,15
2026-08-12 17:15:00,17.41190973097884,78.44754852943421,330,40,High,3,1,1,0,17,12,8,2026,6,2,0,0,15,Evening,No Alternate Route,15
2026-08-12 17:20:00,17.41164497857456,78.44753714014098,389,36,High,1,1,2,0,17,12,8,2026,6,2,0,0,20,Evening,No Alternate Route,15
2026-08-12 17:25:00,17.42339297824619,78.47364207932549,481,35,High,0,4,0,0,17,12,8,2026,6,2,0,0,25,Evening,No Alternate Route,15
2026-08-12 17:30:00,17.42207301623533,78.47343040433476,464,23,High,1,4,0,0,17,12,8,2026,6,2,0,0,30,Evening,No Alternate Route,15
2026-08-12 17:35:00,17.45207073460133,78.381014226137,349,39,High,3,2,1,0,17,12,8,2026,6,2,0,0,35,Evening,No Alternate Route,15
2026-08-12 17:40:00,17.4957406091955,78.38999704180678,367,30,High,3,3,1,0,17,12,8,2026,6,2,0,0,40,Evening,No Alternate Route,15
2026-08-12 17:45:00,17.41414352512034,78.44929874283594,467,32,High,0,1,1,0,17,12,8,2026,6,2,0,0,45,Evening,No Alternate Route,15
2026-08-12 17:50:00,17.38630141264727,78.48750082938076,337,32,High,2,0,2,0,17,12,8,2026,6,2,0,0,50,Evening,No Alternate Route,15
2026-08-12 17:55:00,17.38302418437595,78.48773441966392,305,37,High,1,0,0,0,17,12,8,2026,6,2,0,0,55,Evening,No Alternate Route,15
2026-08-12 18:00:00,17.38424364987935,78.48718636888024,771,11,Severe,1,0,1,0,18,12,8,2026,6,2,0,0,0,Evening,No Alternate Route,30
2026-08-12 18:05:00,17.49593958572115,78.39162692037316,774,19,Severe,3,3,2,0,18,12,8,2026,6,2,0,0,5,Evening,No Alternate Route,30
2026-08-12 18:10:00,17.49453620296566,78.39114738304558,728,16,Severe,0,3,2,0,18,12,8,2026,6,2,0,0,10,Evening,No Alternate Route,30
2026-08-12 18:15:00,17.42192446717057,78.47570239770964,675,18,Severe,2,4,1,0,18,12,8,2026,6,2,0,0,15,Evening,No Alternate Route,30
2026-08-12 18:20:00,17.3847973054966,78.48842766915669,549,23,High,1,0,1,0,18,12,8,2026,6,2,0,0,20,Evening,No Alternate Route,15
2026-08-12 18:25:00,17.44939032282517,78.3837424165059,749,15,Severe,2,2,1,0,18,12,8,2026,6,2,0,0,25,Evening,No Alternate Route,30
2026-08-12 18:30:00,17.3847231428827,78.48804342231887,666,14,Severe,3,0,0,0,18,12,8,2026,6,2,0,0,30,Evening,No Alternate Route,30
2026-08-12 18:35:00,17.41091958262706,78.44649476234139,623,14,Severe,3,1,2,0,18,12,8,2026,6,2,0,0,35,Evening,No Alternate Route,30
2026-08-12 18:40:00,17.38602221893948,78.48567123263255,611,16,Severe,1,0,0,0,18,12,8,2026,6,2,0,0,40,Evening,No Alternate Route,30
2026-08-12 18:45:00,17.49306082581641,78.39082137005062,795,19,Severe,3,3,1,1,18,12,8,2026,6,2,0,0,45,Evening,No Alternate Route,30
2026-08-12 18:50:00,17.42566429778443,78.47403950097538,503,26,High,1,4,1,0,18,12,8,2026,6,2,0,0,50,Evening,No Alternate Route,15
2026-08-12 18:55:00,17.4122857838194,78.44902812750273,718,11,Severe,1,1,0,0,18,12,8,2026,6,2,0,0,55,Evening,No Alternate Route,30
2026-08-12 19:00:00,17.49626835314933,78.39299563290467,551,22,High,3,3,0,0,19,12,8,2026,6,2,0,0,0,Evening,No Alternate Route,15
2026-08-12 19:05:00,17.41459367744074,78.44899201957966,564,27,High,3,1,2,0,19,12,8,2026,6,2,0,0,5,Evening,No Alternate Route,15
2026-08-12 19:10:00,17.41412154810021,78.44733591294789,652,16,Severe,2,1,0,0,19,12,8,2026,6,2,0,0,10,Evening,No Alternate Route,30
2026-08-12 19:15:00,17.49584772398486,78.39031667642436,604,18,Severe,2,3,1,0,19,12,8,2026,6,2,0,0,15,Evening,No Alternate Route,30
2026-08-12 19:20:00,17.42491128245111,78.47531157122,693,20,Severe,3,4,1,0,19,12,8,2026,6,2,0,0,20,Evening,No Alternate Route,30
2026-08-12 19:25:00,17.45089592982749,78.38327192182946,757,12,Severe,3,2,0,0,19,12,8,2026,6,2,0,0,25,Evening,No Alternate Route,30
2026-08-12 19:30:00,17.44864146845545,78.3821883598963,631,13,Severe,1,2,0,0,19,12,8,2026,6,2,0,0,30,Evening,No Alternate Route,30
2026-08-12 19:35:00,17.49491290867529,78.391327117226,731,14,Severe,0,3,2,0,19,12,8,2026,6,2,0,0,35,Evening,No Alternate Route,30
2026-08-12 19:40:00,17.42545748897843,78.47396697939588,644,11,Severe,1,4,2,0,19,12,8,2026,6,2,0,0,40,Evening,No Alternate Route,30
2026-08-12 19:45:00,17.49347372477437,78.39214383397452,686,16,Severe,3,3,1,0,19,12,8,2026,6,2,0,0,45,Evening,No Alternate Route,30
2026-08-12 19:50:00,17.38662045884022,78.48564884474833,696,12,Severe,2,0,2,0,19,12,8,2026,6,2,0,0,50,Evening,No Alternate Route,30
2026-08-12 19:55:00,17.49286152332943,78.39100759229282,777,12,Severe,3,3,1,0,19,12,8,2026,6,2,0,0,55,Evening,No Alternate Route,30
2026-08-12 20:00:00,17.49424871451674,78.3931098906251,505,27,High,2,3,0,0,20,12,8,2026,6,2,0,0,0,Evening,No Alternate Route,15
2026-08-12 20:05:00,17.38524687745046,78.48684951677727,588,39,High,3,0,2,0,20,12,8,2026,6,2,0,0,5,Evening,No Alternate Route,15
2026-08-12 20:10:00,17.45116184999771,78.38376164685124,728,13,Severe,2,2,2,0,20,12,8,2026,6,2,0,0,10,Evening,No Alternate Route,30
2026-08-12 20:15:00,17.49551388373768,78.39241456252917,567,36,High,3,3,2,0,20,12,8,2026,6,2,0,0,15,Evening,No Alternate Route,15
2026-08-12 20:20:00,17.45005610192218,78.38106126278683,710,17,Severe,0,2,0,0,20,12,8,2026,6,2,0,0,20,Evening,No Alternate Route,30
2026-08-12 20:25:00,17.38686655045499,78.48725314585731,747,13,Severe,3,0,1,1,20,12,8,2026,6,2,0,0,25,Evening,No Alternate Route,30
2026-08-12 20:30:00,17.38519785720261,78.48479687336139,694,14,Severe,2,0,2,0,20,12,8,2026,6,2,0,0,30,Evening,No Alternate Route,30
2026-08-12 20:35:00,17.38546620658425,78.48659337791563,603,20,Severe,2,0,0,0,20,12,8,2026,6,2,0,0,35,Evening,No Alternate Route,30
2026-08-12 20:40:00,17.4111535872162,78.44686339209686,528,22,High,2,1,0,0,20,12,8,2026,6,2,0,0,40,Evening,No Alternate Route,15
2026-08-12 20:45:00,17.42379122704677,78.47322971029955,696,19,Severe,1,4,0,0,20,12,8,2026,6,2,0,0,45,Evening,No Alternate Route,30
2026-08-12 20:50:00,17.42258997591719,78.47454797710597,523,40,High,1,4,2,0,20,12,8,2026,6,2,0,0,50,Evening,No Alternate Route,15
2026-08-12 20:55:00,17.38668342769633,78.48630242052727,506,36,High,2,0,0,0,20,12,8,2026,6,2,0,0,55,Evening,No Alternate Route,15
2026-08-12 21:00:00,17.38522909833256,78.48569196473204,153,48,Moderate,3,0,2,0,21,12,8,2026,6,2,0,0,0,Night,No Alternate Route,5
2026-08-12 21:05:00,17.4941368886285,78.39290846297793,145,40,Moderate,1,3,2,0,21,12,8,2026,6,2,0,0,5,Night,No Alternate Route,5
2026-08-12 21:10:00,17.4522650549976,78.38384378470289,134,44,Moderate,2,2,2,0,21,12,8,2026,6,2,0,0,10,Night,No Alternate Route,5
2026-08-12 21:15:00,17.41343695187156,78.44699984905391,157,46,Moderate,1,1,2,0,21,12,8,2026,6,2,0,0,15,Night,No Alternate Route,5
2026-08-12 21:20:00,17.44990823393341,78.380838996362,97,65,Low,0,2,1,0,21,12,8,2026,6,2,0,0,20,Night,No Alternate Route,0
2026-08-12 21:25:00,17.45085922135995,78.38437905966389,159,50,Moderate,3,2,0,0,21,12,8,2026,6,2,0,0,25,Night,No Alternate Route,5
2026-08-12 21:30:00,17.44946818753553,78.38320207565573,106,49,Moderate,1,2,2,0,21,12,8,2026,6,2,0,0,30,Night,No Alternate Route,5
2026-08-12 21:35:00,17.42212648289931,78.47262604293634,145,58,Moderate,3,4,1,0,21,12,8,2026,6,2,0,0,35,Night,No Alternate Route,5
2026-08-12 21:40:00,17.4255196164833,78.471867445637,107,46,Moderate,1,4,1,0,21,12,8,2026,6,2,0,0,40,Night,No Alternate Route,5
2026-08-12 21:45:00,17.45102533521195,78.38210467133507,93,73,Low,2,2,2,0,21,12,8,2026,6,2,0,0,45,Night,No Alternate Route,0
2026-08-12 21:50:00,17.41325789117239,78.44808482686572,110,59,Moderate,1,1,1,0,21,12,8,2026,6,2,0,0,50,Night,No Alternate Route,5
2026-08-12 21:55:00,17.44868516010746,78.38082373536554,179,50,Moderate,0,2,1,0,21,12,8,2026,6,2,0,0,55,Night,No Alternate Route,5
2026-08-12 22:00:00,17.44856772849361,78.38451704166961,159,58,Moderate,1,2,0,0,22,12,8,2026,6,2,0,2,0,Night,No Alternate Route,5
2026-08-12 22:05:00,17.42369845312306,78.47360303604925,174,49,Moderate,0,4,2,0,22,12,8,2026,6,2,0,2,5,Night,No Alternate Route,5
2026-08-12 22:10:00,17.45090526077319,78.38412258011701,158,40,Moderate,0,2,1,0,22,12,8,2026,6,2,0,2,10,Night,No Alternate Route,5
2026-08-12 22:15:00,17.49337087436692,78.3927497976242,102,40,Moderate,3,3,1,0,22,12,8,2026,6,2,0,2,15,Night,No Alternate Route,5
2026-08-12 22:20:00,17.44876218994181,78.38258230234048,138,60,Moderate,0,2,0,0,22,12,8,2026,6,2,0,2,20,Night,No Alternate Route,5
2026-08-12 22:25:00,17.49474710940952,78.38971280903225,103,51,Moderate,1,3,2,0,22,12,8,2026,6,2,0,2,25,Night,No Alternate Route,5
2026-08-12 22:30:00,17.44887379236815,78.38395604744343,127,48,Moderate,2,2,0,0,22,12,8,2026,6,2,0,2,30,Night,No Alternate Route,5
2026-08-12 22:35:00,17.42447867665751,78.47526779264207,149,43,Moderate,3,4,0,0,22,12,8,2026,6,2,0,2,35,Night,No Alternate Route,5
2026-08-12 22:40:00,17.38453516438824,78.48782992384403,144,41,Moderate,3,0,2,0,22,12,8,2026,6,2,0,2,40,Night,No Alternate Route,5
2026-08-12 22:45:00,17.38400052231335,78.48863883304642,162,47,Moderate,2,0,0,0,22,12,8,2026,6,2,0,2,45,Night,No Alternate Route,5
2026-08-12 22:50:00,17.3832686155791,78.48682908232992,165,59,Moderate,2,0,1,0,22,12,8,2026,6,2,0,2,50,Night,No Alternate Route,5
2026-08-12 22:55:00,17.38431900448508,78.48476441351409,153,45,Moderate,2,0,1,0,22,12,8,2026,6,2,0,2,55,Night,No Alternate Route,5
2026-08-12 23:00:00,17.49358651070927,78.39319440040985,86,68,Low,0,3,0,0,23,12,8,2026,6,2,0,2,0,Night,No Alternate Route,0
2026-08-12 23:05:00,17.38338810309276,78.48713444830395,95,68,Low,2,0,1,0,23,12,8,2026,6,2,0,2,5,Night,No Alternate Route,0
2026-08-12 23:10:00,17.38546424874447,78.48664299011108,111,51,Moderate,0,0,2,0,23,12,8,2026,6,2,0,2,10,Night,No Alternate Route,5
2026-08-12 23:15:00,17.49585103870294,78.39301344710864,104,52,Moderate,1,3,0,0,23,12,8,2026,6,2,0,2,15,Night,No Alternate Route,5
2026-08-12 23:20:00,17.38539958372066,78.48846908774463,166,45,Moderate,1,0,0,0,23,12,8,2026,6,2,0,2,20,Night,No Alternate Route,5
2026-08-12 23:25:00,17.42532398759113,78.47340208716922,162,40,Moderate,3,4,2,0,23,12,8,2026,6,2,0,2,25,Night,No Alternate Route,5
2026-08-12 23:30:00,17.44995510923059,78.38326515047906,132,40,Moderate,3,2,1,0,23,12,8,2026,6,2,0,2,30,Night,No Alternate Route,5
2026-08-12 23:35:00,17.49340216141584,78.39070246995425,99,61,Low,1,3,0,0,23,12,8,2026,6,2,0,2,35,Night,No Alternate Route,0
2026-08-12 23:40:00,17.38623660458455,78.48653742104449,135,59,Moderate,3,0,2,0,23,12,8,2026,6,2,0,2,40,Night,No Alternate Route,5
2026-08-12 23:45:00,17.49519458523212,78.39291742106532,106,60,Moderate,2,3,0,0,23,12,8,2026,6,2,0,2,45,Night,No Alternate Route,5
2026-08-12 23:50:00,17.45194688358172,78.38295512100294,152,56,Moderate,1,2,0,0,23,12,8,2026,6,2,0,2,50,Night,No Alternate Route,5
2026-08-12 23:55:00,17.45089862132028,78.38384071516438,90,67,Low,1,2,0,0,23,12,8,2026,6,2,0,2,55,Night,No Alternate Route,0
2026-08-13 00:00:00,17.4963413191088,78.38976580540763,67,60,Low,2,3,2,0,0,13,8,2026,4,3,0,2,0,Night,No Alternate Route,0
2026-08-13 00:05:00,17.41324559476219,78.44673898198923,25,61,Low,0,1,0,0,0,13,8,2026,4,3,0,2,5,Night,No Alternate Route,0
2026-08-13 00:10:00,17.49485292047643,78.3928721302968,48,63,Low,0,3,0,0,0,13,8,2026,4,3,0,2,10,Night,No Alternate Route,0
2026-08-13 00:15:00,17.42344567789066,78.47527656437495,69,78,Low,3,4,1,0,0,13,8,2026,4,3,0,2,15,Night,No Alternate Route,0
2026-08-13 00:20:00,17.49461623338309,78.3935520731558,39,60,Low,1,3,2,0,0,13,8,2026,4,3,0,2,20,Night,No Alternate Route,0
2026-08-13 00:25:00,17.41074954993631,78.4498035997955,25,64,Low,3,1,0,0,0,13,8,2026,4,3,0,2,25,Night,No Alternate Route,0
2026-08-13 00:30:00,17.38501567764517,78.48692338644162,66,69,Low,1,0,2,0,0,13,8,2026,4,3,0,2,30,Night,No Alternate Route,0
2026-08-13 00:35:00,17.4499273854572,78.38258967069247,42,69,Low,2,2,0,0,0,13,8,2026,4,3,0,2,35,Night,No Alternate Route,0
2026-08-13 00:40:00,17.38619460097194,78.48593678211543,46,66,Low,0,0,2,0,0,13,8,2026,4,3,0,2,40,Night,No Alternate Route,0
2026-08-13 00:45:00,17.49342290286143,78.3897239012863,39,77,Low,1,3,0,0,0,13,8,2026,4,3,0,2,45,Night,No Alternate Route,0
2026-08-13 00:50:00,17.49589251192322,78.39257997684251,75,70,Low,0,3,1,0,0,13,8,2026,4,3,0,2,50,Night,No Alternate Route,0
2026-08-13 00:55:00,17.49353797023912,78.39163422387551,77,61,Low,3,3,0,0,0,13,8,2026,4,3,0,2,55,Night,No Alternate Route,0
2026-08-13 01:00:00,17.49557157533844,78.39104899266053,78,72,Low,1,3,1,0,1,13,8,2026,4,3,0,2,0,Night,No Alternate Route,0
2026-08-13 01:05:00,17.41358158283572,78.4466179311557,21,73,Low,2,1,2,0,1,13,8,2026,4,3,0,2,5,Night,No Alternate Route,0
2026-08-13 01:10:00,17.38333130936865,78.48493241432453,64,65,Low,2,0,0,0,1,13,8,2026,4,3,0,2,10,Night,No Alternate Route,0
2026-08-13 01:15:00,17.4506853986691,78.38178309017259,27,75,Low,0,2,1,0,1,13,8,2026,4,3,0,2,15,Night,No Alternate Route,0
2026-08-13 01:20:00,17.45141545343726,78.3837351975071,67,70,Low,2,2,2,0,1,13,8,2026,4,3,0,2,20,Night,No Alternate Route,0
2026-08-13 01:25:00,17.45168914288389,78.38424394066212,51,79,Low,3,2,2,0,1,13,8,2026,4,3,0,2,25,Night,No Alternate Route,0
2026-08-13 01:30:00,17.49375789450493,78.38982846858028,66,72,Low,2,3,2,0,1,13,8,2026,4,3,0,2,30,Night,No Alternate Route,0
2026-08-13 01:35:00,17.42433267979719,78.47490395554114,50,67,Low,2,4,2,0,1,13,8,2026,4,3,0,2,35,Night,No Alternate Route,0
2026-08-13 01:40:00,17.42227014828506,78.47403486228642,28,63,Low,2,4,0,0,1,13,8,2026,4,3,0,2,40,Night,No Alternate Route,0
2026-08-13 01:45:00,17.4136176853489,78.44912470877601,66,69,Low,3,1,1,0,1,13,8,2026,4,3,0,2,45,Night,No Alternate Route,0
2026-08-13 01:50:00,17.42552107553093,78.47487525475432,41,80,Low,1,4,0,0,1,13,8,2026,4,3,0,2,50,Night,No Alternate Route,0
2026-08-13 01:55:00,17.42229142300718,78.47242289961204,22,69,Low,1,4,0,0,1,13,8,2026,4,3,0,2,55,Night,No Alternate Route,0
2026-08-13 02:00:00,17.49384239317069,78.39346252420785,42,64,Low,0,3,0,0,2,13,8,2026,4,3,0,2,0,Night,No Alternate Route,0
2026-08-13 02:05:00,17.49627491225334,78.39187238993395,37,65,Low,2,3,1,0,2,13,8,2026,4,3,0,2,5,Night,No Alternate Route,0
2026-08-13 02:10:00,17.41412166562984,78.44903151479522,30,71,Low,2,1,1,0,2,13,8,2026,4,3,0,2,10,Night,No Alternate Route,0
2026-08-13 02:15:00,17.42449949709713,78.47359421045817,53,67,Low,0,4,0,0,2,13,8,2026,4,3,0,2,15,Night,No Alternate Route,0
2026-08-13 02:20:00,17.42486698401858,78.47392051839789,48,71,Low,0,4,0,0,2,13,8,2026,4,3,0,2,20,Night,No Alternate Route,0
2026-08-13 02:25:00,17.42554603571024,78.47451138476023,50,71,Low,0,4,1,0,2,13,8,2026,4,3,0,2,25,Night,No Alternate Route,0
2026-08-13 02:30:00,17.45234377828309,78.38226491284836,69,80,Low,3,2,1,0,2,13,8,2026,4,3,0,2,30,Night,No Alternate Route,0
2026-08-13 02:35:00,17.38331109729497,78.48536113428648,31,78,Low,2,0,1,0,2,13,8,2026,4,3,0,2,35,Night,No Alternate Route,0
2026-08-13 02:40:00,17.49349483367422,78.39212078652103,37,64,Low,2,3,1,0,2,13,8,2026,4,3,0,2,40,Night,No Alternate Route,0
2026-08-13 02:45:00,17.49624565751349,78.39078427599803,20,61,Low,2,3,1,0,2,13,8,2026,4,3,0,2,45,Night,No Alternate Route,0
2026-08-13 02:50:00,17.45212443313194,78.3831146619403,64,73,Low,2,2,1,1,2,13,8,2026,4,3,0,2,50,Night,No Alternate Route,0
2026-08-13 02:55:00,17.49366481096556,78.39293812532827,44,76,Low,0,3,2,0,2,13,8,2026,4,3,0,2,55,Night,No Alternate Route,0
2026-08-13 03:00:00,17.41382096670852,78.44931466534122,41,66,Low,2,1,1,0,3,13,8,2026,4,3,0,2,0,Night,No Alternate Route,0
2026-08-13 03:05:00,17.41369862366819,78.4466054930407,30,71,Low,1,1,2,0,3,13,8,2026,4,3,0,2,5,Night,No Alternate Route,0
2026-08-13 03:10:00,17.41141048610066,78.44632041160665,22,61,Low,1,1,0,0,3,13,8,2026,4,3,0,2,10,Night,No Alternate Route,0
2026-08-13 03:15:00,17.42346034520816,78.47217195923865,25,60,Low,0,4,2,0,3,13,8,2026,4,3,0,2,15,Night,No Alternate Route,0
2026-08-13 03:20:00,17.49592447804276,78.39045616424782,72,64,Low,0,3,0,0,3,13,8,2026,4,3,0,2,20,Night,No Alternate Route,0
2026-08-13 03:25:00,17.49660405369804,78.39147561651313,38,73,Low,3,3,2,0,3,13,8,2026,4,3,0,2,25,Night,No Alternate Route,0
2026-08-13 03:30:00,17.4512628664296,78.38356048503358,25,68,Low,3,2,0,0,3,13,8,2026,4,3,0,2,30,Night,No Alternate Route,0
2026-08-13 03:35:00,17.45058102606997,78.38102193813333,73,65,Low,2,2,1,0,3,13,8,2026,4,3,0,2,35,Night,No Alternate Route,0
2026-08-13 03:40:00,17.42532714680939,78.4750610712444,72,67,Low,0,4,2,0,3,13,8,2026,4,3,0,2,40,Night,No Alternate Route,0
2026-08-13 03:45:00,17.42357346143945,78.47365092582986,27,64,Low,3,4,0,0,3,13,8,2026,4,3,0,2,45,Night,No Alternate Route,0
2026-08-13 03:50:00,17.42286100377758,78.4748938122846,36,79,Low,1,4,1,0,3,13,8,2026,4,3,0,2,50,Night,No Alternate Route,0
2026-08-13 03:55:00,17.45028148795223,78.38305104831002,44,60,Low,2,2,1,0,3,13,8,2026,4,3,0,2,55,Night,No Alternate Route,0
2026-08-13 04:00:00,17.41336747443307,78.44813912027908,27,66,Low,2,1,2,0,4,13,8,2026,4,3,0,2,0,Night,No Alternate Route,0
2026-08-13 04:05:00,17.49282118507203,78.39132373783805,22,61,Low,1,3,2,0,4,13,8,2026,4,3,0,2,5,Night,No Alternate Route,0
2026-08-13 04:10:00,17.41342474714367,78.44839573731988,64,68,Low,2,1,1,0,4,13,8,2026,4,3,0,2,10,Night,No Alternate Route,0
2026-08-13 04:15:00,17.41429826086315,78.44775581576393,70,73,Low,3,1,0,0,4,13,8,2026,4,3,0,2,15,Night,No Alternate Route,0
2026-08-13 04:20:00,17.42510414001065,78.47560651443605,80,75,Low,1,4,1,1,4,13,8,2026,4,3,0,2,20,Night,No Alternate Route,0
2026-08-13 04:25:00,17.4254593045283,78.4720987788521,67,72,Low,0,4,0,0,4,13,8,2026,4,3,0,2,25,Night,No Alternate Route,0
2026-08-13 04:30:00,17.41282255452857,78.44955572169417,58,61,Low,2,1,1,0,4,13,8,2026,4,3,0,2,30,Night,No Alternate Route,0
2026-08-13 04:35:00,17.49505687031007,78.39152133933047,22,72,Low,1,3,0,0,4,13,8,2026,4,3,0,2,35,Night,No Alternate Route,0
2026-08-13 04:40:00,17.41393554014634,78.44770709382533,63,68,Low,0,1,1,1,4,13,8,2026,4,3,0,2,40,Night,No Alternate Route,0
2026-08-13 04:45:00,17.49449864809673,78.39328329334892,52,74,Low,0,3,0,0,4,13,8,2026,4,3,0,2,45,Night,No Alternate Route,0
2026-08-13 04:50:00,17.41370614866675,78.44660565342684,57,63,Low,0,1,0,0,4,13,8,2026,4,3,0,2,50,Night,No Alternate Route,0
2026-08-13 04:55:00,17.38322278609163,78.48648144069654,61,61,Low,0,0,0,0,4,13,8,2026,4,3,0,2,55,Night,No Alternate Route,0
2026-08-13 05:00:00,17.49484740900845,78.39330553501571,92,73,Low,2,3,2,0,5,13,8,2026,4,3,0,2,0,Morning,No Alternate Route,0
2026-08-13 05:05:00,17.41198981215125,78.44988635194882,122,45,Moderate,2,1,2,0,5,13,8,2026,4,3,0,2,5,Morning,No Alternate Route,5
2026-08-13 05:10:00,17.49613934977229,78.39087542111193,161,57,Moderate,3,3,1,0,5,13,8,2026,4,3,0,2,10,Morning,No Alternate Route,5
2026-08-13 05:15:00,17.49319647163838,78.3908503971427,112,43,Moderate,3,3,1,0,5,13,8,2026,4,3,0,2,15,Morning,No Alternate Route,5
2026-08-13 05:20:00,17.49459966655753,78.39051072581455,178,55,Moderate,1,3,1,0,5,13,8,2026,4,3,0,2,20,Morning,No Alternate Route,5
2026-08-13 05:25:00,17.38673570233447,78.48848417301807,150,53,Moderate,2,0,0,0,5,13,8,2026,4,3,0,2,25,Morning,No Alternate Route,5
2026-08-13 05:30:00,17.413729847202,78.44763119003012,173,55,Moderate,2,1,0,0,5,13,8,2026,4,3,0,2,30,Morning,No Alternate Route,5
2026-08-13 05:35:00,17.38442090890194,78.48507532385122,108,46,Moderate,3,0,2,0,5,13,8,2026,4,3,0,2,35,Morning,No Alternate Route,5
2026-08-13 05:40:00,17.42338615059377,78.47470717922022,152,46,Moderate,0,4,0,1,5,13,8,2026,4,3,0,2,40,Morning,No Alternate Route,5
2026-08-13 05:45:00,17.4242761523916,78.4749907520526,121,49,Moderate,1,4,2,0,5,13,8,2026,4,3,0,2,45,Morning,No Alternate Route,5
2026-08-13 05:50:00,17.42371866946688,78.47212240017078,133,41,Moderate,0,4,1,0,5,13,8,2026,4,3,0,2,50,Morning,No Alternate Route,5
2026-08-13 05:55:00,17.49587136098705,78.3919259309714,89,77,Low,2,3,2,0,5,13,8,2026,4,3,0,2,55,Morning,No Alternate Route,0
2026-08-13 06:00:00,17.41404998604744,78.44865965226882,102,49,Moderate,1,1,0,0,6,13,8,2026,4,3,0,2,0,Morning,No Alternate Route,5
2026-08-13 06:05:00,17.41324058415346,78.44650937366957,108,44,Moderate,1,1,2,0,6,13,8,2026,4,3,0,2,5,Morning,No Alternate Route,5
2026-08-13 06:10:00,17.42299042097227,78.47420354140756,180,54,Moderate,2,4,1,0,6,13,8,2026,4,3,0,2,10,Morning,No Alternate Route,5
2026-08-13 06:15:00,17.41337814748158,78.44959174075677,135,55,Moderate,2,1,1,0,6,13,8,2026,4,3,0,2,15,Morning,No Alternate Route,5
2026-08-13 06:20:00,17.49572881156782,78.39320325704173,141,44,Moderate,3,3,1,0,6,13,8,2026,4,3,0,2,20,Morning,No Alternate Route,5
2026-08-13 06:25:00,17.38681021536982,78.48683090510892,175,58,Moderate,0,0,1,0,6,13,8,2026,4,3,0,2,25,Morning,No Alternate Route,5
2026-08-13 06:30:00,17.4126354960141,78.45002014504892,110,43,Moderate,3,1,1,0,6,13,8,2026,4,3,0,2,30,Morning,No Alternate Route,5
2026-08-13 06:35:00,17.4966994346652,78.39276574331038,99,60,Low,0,3,0,0,6,13,8,2026,4,3,0,2,35,Morning,No Alternate Route,0
2026-08-13 06:40:00,17.38685965420066,78.48685510383531,141,49,Moderate,0,0,1,0,6,13,8,2026,4,3,0,2,40,Morning,No Alternate Route,5
2026-08-13 06:45:00,17.38539561281647,78.4852856799522,97,70,Low,2,0,0,0,6,13,8,2026,4,3,0,2,45,Morning,No Alternate Route,0
2026-08-13 06:50:00,17.44868652381294,78.38137181702162,150,47,Moderate,0,2,1,0,6,13,8,2026,4,3,0,2,50,Morning,No Alternate Route,5
2026-08-13 06:55:00,17.45198795966001,78.38360065666409,128,51,Moderate,0,2,2,0,6,13,8,2026,4,3,0,2,55,Morning,No Alternate Route,5
2026-08-13 07:00:00,17.41132683268114,78.44722825295155,453,29,High,1,1,1,0,7,13,8,2026,4,3,0,1,0,Morning,No Alternate Route,15
2026-08-13 07:05:00,17.49303073796094,78.39095172645713,671,10,Severe,2,3,2,0,7,13,8,2026,4,3,0,1,5,Morning,No Alternate Route,30
2026-08-13 07:10:00,17.42217307561043,78.4755133393849,559,21,High,1,4,2,0,7,13,8,2026,4,3,0,1,10,Morning,No Alternate Route,15
2026-08-13 07:15:00,17.42519877293432,78.47461649426806,468,24,High,3,4,2,0,7,13,8,2026,4,3,0,1,15,Morning,No Alternate Route,15
2026-08-13 07:20:00,17.41264862397724,78.44851630180567,645,18,Severe,3,1,1,0,7,13,8,2026,4,3,0,1,20,Morning,No Alternate Route,30
2026-08-13 07:25:00,17.44857430030535,78.38111220456285,471,24,High,3,2,2,0,7,13,8,2026,4,3,0,1,25,Morning,No Alternate Route,15
2026-08-13 07:30:00,17.49355667472788,78.39032033537885,525,25,High,1,3,1,0,7,13,8,2026,4,3,0,1,30,Morning,No Alternate Route,15
2026-08-13 07:35:00,17.45040850702881,78.38400011641639,620,17,Severe,0,2,0,0,7,13,8,2026,4,3,0,1,35,Morning,No Alternate Route,30
2026-08-13 07:40:00,17.49398423798069,78.39163959464173,475,39,High,2,3,0,0,7,13,8,2026,4,3,0,1,40,Morning,No Alternate Route,15
2026-08-13 07:45:00,17.41252110770301,78.44639007915895,523,31,High,3,1,0,0,7,13,8,2026,4,3,0,1,45,Morning,No Alternate Route,15
2026-08-13 07:50:00,17.41231952005932,78.44725897570936,479,28,High,2,1,1,0,7,13,8,2026,4,3,0,1,50,Morning,No Alternate Route,15
2026-08-13 07:55:00,17.41216279822084,78.44635653055832,544,24,High,3,1,2,0,7,13,8,2026,4,3,0,1,55,Morning,No Alternate Route,15
2026-08-13 08:00:00,17.42482550926315,78.47431757286981,615,14,Severe,2,4,1,0,8,13,8,2026,4,3,0,1,0,Morning,No Alternate Route,30
2026-08-13 08:05:00,17.42260471829805,78.47503030339017,641,14,Severe,3,4,0,0,8,13,8,2026,4,3,0,1,5,Morning,No Alternate Route,30
2026-08-13 08:10:00,17.38548608282243,78.48553906965988,503,35,High,0,0,2,0,8,13,8,2026,4,3,0,1,10,Morning,No Alternate Route,15
2026-08-13 08:15:00,17.41307134424222,78.4485592694633,606,17,Severe,1,1,0,0,8,13,8,2026,4,3,0,1,15,Morning,No Alternate Route,30
2026-08-13 08:20:00,17.49298531335956,78.39266676778576,496,31,High,3,3,2,0,8,13,8,2026,4,3,0,1,20,Morning,No Alternate Route,15
2026-08-13 08:25:00,17.41389477901729,78.44912640289562,526,37,High,3,1,1,0,8,13,8,2026,4,3,0,1,25,Morning,No Alternate Route,15
2026-08-13 08:30:00,17.42397922855421,78.47478072080953,626,16,Severe,0,4,2,0,8,13,8,2026,4,3,0,1,30,Morning,No Alternate Route,30
2026-08-13 08:35:00,17.41080656657616,78.44992262174924,676,12,Severe,1,1,1,0,8,13,8,2026,4,3,0,1,35,Morning,No Alternate Route,30
2026-08-13 08:40:00,17.42236697670326,78.47562545851393,604,17,Severe,0,4,0,0,8,13,8,2026,4,3,0,1,40,Morning,No Alternate Route,30
2026-08-13 08:45:00,17.49606322640895,78.39033493936215,654,10,Severe,3,3,1,0,8,13,8,2026,4,3,0,1,45,Morning,No Alternate Route,30
2026-08-13 08:50:00,17.4942035224175,78.3930981616894,457,29,High,0,3,2,0,8,13,8,2026,4,3,0,1,50,Morning,No Alternate Route,15
2026-08-13 08:55:00,17.44863226183472,78.38406255414057,675,20,Severe,2,2,0,0,8,13,8,2026,4,3,0,1,55,Morning,No Alternate Route,30
2026-08-13 09:00:00,17.38320789325666,78.4871566576542,606,16,Severe,1,0,0,0,9,13,8,2026,4,3,0,1,0,Morning,No Alternate Route,30
2026-08-13 09:05:00,17.42281877960496,78.4741203418436,697,12,Severe,0,4,2,0,9,13,8,2026,4,3,0,1,5,Morning,No Alternate Route,30
2026-08-13 09:10:00,17.41236659926866,78.44902842364118,549,40,High,0,1,0,0,9,13,8,2026,4,3,0,1,10,Morning,No Alternate Route,15
2026-08-13 09:15:00,17.42529498026179,78.47458139665196,537,37,High,1,4,0,0,9,13,8,2026,4,3,0,1,15,Morning,No Alternate Route,15
2026-08-13 09:20:00,17.41333458321174,78.44735207221723,600,24,High,2,1,0,0,9,13,8,2026,4,3,0,1,20,Morning,No Alternate Route,15
2026-08-13 09:25:00,17.38449517020948,78.48753383682511,521,35,High,2,0,0,1,9,13,8,2026,4,3,0,1,25,Morning,No Alternate Route,15
2026-08-13 09:30:00,17.38677857301076,78.48612046039946,563,38,High,1,0,1,1,9,13,8,2026,4,3,0,1,30,Morning,No Alternate Route,15
2026-08-13 09:35:00,17.49640310335658,78.39190858901507,477,39,High,3,3,2,0,9,13,8,2026,4,3,0,1,35,Morning,No Alternate Route,15
2026-08-13 09:40:00,17.49437039256967,78.39180445096449,660,20,Severe,0,3,1,0,9,13,8,2026,4,3,0,1,40,Morning,No Alternate Route,30
2026-08-13 09:45:00,17.41323610161976,78.44973497827694,586,32,High,1,1,2,0,9,13,8,2026,4,3,0,1,45,Morning,No Alternate Route,15
2026-08-13 09:50:00,17.38519846129558,78.48705584606124,676,10,Severe,2,0,2,0,9,13,8,2026,4,3,0,1,50,Morning,No Alternate Route,30
2026-08-13 09:55:00,17.41224417512791,78.44808917918816,461,32,High,2,1,1,0,9,13,8,2026,4,3,0,1,55,Morning,No Alternate Route,15
2026-08-13 10:00:00,17.38568167467656,78.48747599725407,342,28,High,1,0,1,0,10,13,8,2026,4,3,0,1,0,Morning,No Alternate Route,15
2026-08-13 10:05:00,17.49625541974072,78.39058718263018,247,48,Moderate,0,3,2,0,10,13,8,2026,4,3,0,1,5,Morning,No Alternate Route,5
2026-08-13 10:10:00,17.38646343062069,78.48815681672387,312,32,High,3,0,0,0,10,13,8,2026,4,3,0,1,10,Morning,No Alternate Route,15
2026-08-13 10:15:00,17.42376161748188,78.47506279961699,347,37,High,2,4,1,0,10,13,8,2026,4,3,0,1,15,Morning,No Alternate Route,15
2026-08-13 10:20:00,17.44948129525724,78.38239023096767,297,58,Moderate,0,2,2,0,10,13,8,2026,4,3,0,1,20,Morning,No Alternate Route,5
2026-08-13 10:25:00,17.4960814027139,78.39291472203905,253,44,Moderate,2,3,2,0,10,13,8,2026,4,3,0,1,25,Morning,No Alternate Route,5
2026-08-13 10:30:00,17.38386697035764,78.48518625222401,208,49,Moderate,0,0,0,0,10,13,8,2026,4,3,0,1,30,Morning,No Alternate Route,5
2026-08-13 10:35:00,17.4244991361021,78.47267455451262,290,44,Moderate,2,4,1,0,10,13,8,2026,4,3,0,1,35,Morning,No Alternate Route,5
2026-08-13 10:40:00,17.42481662725011,78.47200649427313,350,40,High,2,4,1,0,10,13,8,2026,4,3,0,1,40,Morning,No Alternate Route,15
2026-08-13 10:45:00,17.44955004013833,78.38205688102693,284,57,Moderate,3,2,2,0,10,13,8,2026,4,3,0,1,45,Morning,No Alternate Route,5
2026-08-13 10:50:00,17.49651444670933,78.39319450402388,277,48,Moderate,0,3,0,0,10,13,8,2026,4,3,0,1,50,Morning,No Alternate Route,5
2026-08-13 10:55:00,17.45019170165093,78.38287445325814,318,23,High,1,2,0,0,10,13,8,2026,4,3,0,1,55,Morning,No Alternate Route,15
2026-08-13 11:00:00,17.49335001533696,78.39294267175192,323,35,High,3,3,0,0,11,13,8,2026,4,3,0,2,0,Morning,No Alternate Route,15
2026-08-13 11:05:00,17.38346785331018,78.48781603849376,224,43,Moderate,2,0,0,0,11,13,8,2026,4,3,0,2,5,Morning,No Alternate Route,5
2026-08-13 11:10:00,17.49334213099135,78.39368022111466,329,23,High,1,3,0,0,11,13,8,2026,4,3,0,2,10,Morning,No Alternate Route,15
2026-08-13 11:15:00,17.38340173570536,78.4856510460809,306,30,High,2,0,2,0,11,13,8,2026,4,3,0,2,15,Morning,No Alternate Route,15
2026-08-13 11:20:00,17.38337930707333,78.48747043541897,252,59,Moderate,2,0,1,0,11,13,8,2026,4,3,0,2,20,Morning,No Alternate Route,5
2026-08-13 11:25:00,17.49581649141323,78.39135592402873,337,29,High,0,3,1,0,11,13,8,2026,4,3,0,2,25,Morning,No Alternate Route,15
2026-08-13 11:30:00,17.38658497631173,78.48573428951259,338,24,High,1,0,0,0,11,13,8,2026,4,3,0,2,30,Morning,No Alternate Route,15
2026-08-13 11:35:00,17.41155080121669,78.44708488637394,262,43,Moderate,3,1,0,0,11,13,8,2026,4,3,0,2,35,Morning,No Alternate Route,5
2026-08-13 11:40:00,17.3854206822653,78.48684516644532,197,44,Moderate,2,0,2,0,11,13,8,2026,4,3,0,2,40,Morning,No Alternate Route,5
2026-08-13 11:45:00,17.38661214590355,78.4885400862511,262,46,Moderate,2,0,0,0,11,13,8,2026,4,3,0,2,45,Morning,No Alternate Route,5
2026-08-13 11:50:00,17.49459953352369,78.39181421237687,211,60,Moderate,2,3,2,0,11,13,8,2026,4,3,0,2,50,Morning,No Alternate Route,5
2026-08-13 11:55:00,17.49654115015064,78.39003107331473,304,31,High,2,3,0,0,11,13,8,2026,4,3,0,2,55,Morning,No Alternate Route,15
2026-08-13 12:00:00,17.45138997885605,78.38115780287251,332,33,High,1,2,0,0,12,13,8,2026,4,3,0,2,0,Afternoon,No Alternate Route,15
2026-08-13 12:05:00,17.41203000943899,78.4462198571936,345,37,High,3,1,1,0,12,13,8,2026,4,3,0,2,5,Afternoon,No Alternate Route,15
2026-08-13 12:10:00,17.45026962279684,78.38343220104699,298,50,Moderate,3,2,0,0,12,13,8,2026,4,3,0,2,10,Afternoon,No Alternate Route,5
2026-08-13 12:15:00,17.45199962960053,78.38286602347716,249,56,Moderate,2,2,2,0,12,13,8,2026,4,3,0,2,15,Afternoon,No Alternate Route,5
2026-08-13 12:20:00,17.4132907861668,78.4472419839363,344,29,High,3,1,2,0,12,13,8,2026,4,3,0,2,20,Afternoon,No Alternate Route,15
2026-08-13 12:25:00,17.42582374241764,78.47410125144854,295,48,Moderate,0,4,0,0,12,13,8,2026,4,3,0,2,25,Afternoon,No Alternate Route,5
2026-08-13 12:30:00,17.41184289017871,78.44789372072039,316,31,High,1,1,2,0,12,13,8,2026,4,3,0,2,30,Afternoon,No Alternate Route,15
2026-08-13 12:35:00,17.41176432717503,78.44897542027766,258,57,Moderate,0,1,0,0,12,13,8,2026,4,3,0,2,35,Afternoon,No Alternate Route,5
2026-08-13 12:40:00,17.44896242468923,78.3826802300369,188,43,Moderate,2,2,0,0,12,13,8,2026,4,3,0,2,40,Afternoon,No Alternate Route,5
2026-08-13 12:45:00,17.38582313083761,78.48679692143365,277,50,Moderate,1,0,2,0,12,13,8,2026,4,3,0,2,45,Afternoon,No Alternate Route,5
2026-08-13 12:50:00,17.45236237373707,78.38261930554485,222,59,Moderate,1,2,2,0,12,13,8,2026,4,3,0,2,50,Afternoon,No Alternate Route,5
2026-08-13 12:55:00,17.38316301733581,78.48815412718862,187,44,Moderate,0,0,2,0,12,13,8,2026,4,3,0,2,55,Afternoon,No Alternate Route,5
2026-08-13 13:00:00,17.42324741670006,78.47432224572454,217,57,Moderate,1,4,0,0,13,13,8,2026,4,3,0,2,0,Afternoon,No Alternate Route,5
2026-08-13 13:05:00,17.42418211226819,78.47361147417838,292,41,Moderate,1,4,1,0,13,13,8,2026,4,3,0,2,5,Afternoon,No Alternate Route,5
2026-08-13 13:10:00,17.49617698806167,78.39262448177726,331,22,High,3,3,2,0,13,13,8,2026,4,3,0,2,10,Afternoon,No Alternate Route,15
2026-08-13 13:15:00,17.45149689348739,78.38350912065923,262,53,Moderate,1,2,2,0,13,13,8,2026,4,3,0,2,15,Afternoon,No Alternate Route,5
2026-08-13 13:20:00,17.41084566182618,78.44675857182925,260,44,Moderate,2,1,0,1,13,13,8,2026,4,3,0,2,20,Afternoon,No Alternate Route,5
2026-08-13 13:25:00,17.38531970374476,78.4861111833382,273,57,Moderate,1,0,0,0,13,13,8,2026,4,3,0,2,25,Afternoon,No Alternate Route,5
2026-08-13 13:30:00,17.41145654210964,78.44789513220506,328,22,High,2,1,0,0,13,13,8,2026,4,3,0,2,30,Afternoon,No Alternate Route,15
2026-08-13 13:35:00,17.41223737722195,78.449494982199,207,40,Moderate,2,1,0,0,13,13,8,2026,4,3,0,2,35,Afternoon,No Alternate Route,5
2026-08-13 13:40:00,17.42479032643356,78.47322198444313,331,38,High,0,4,2,0,13,13,8,2026,4,3,0,2,40,Afternoon,No Alternate Route,15
2026-08-13 13:45:00,17.38403172444468,78.48488154724926,325,27,High,3,0,0,0,13,13,8,2026,4,3,0,2,45,Afternoon,No Alternate Route,15
2026-08-13 13:50:00,17.3859036400395,78.48739707145363,228,40,Moderate,1,0,2,0,13,13,8,2026,4,3,0,2,50,Afternoon,No Alternate Route,5
2026-08-13 13:55:00,17.42530219997561,78.47286801826732,345,39,High,0,4,1,0,13,13,8,2026,4,3,0,2,55,Afternoon,No Alternate Route,15
2026-08-13 14:00:00,17.38310019355619,78.48808837920406,274,58,Moderate,0,0,0,0,14,13,8,2026,4,3,0,2,0,Afternoon,No Alternate Route,5
2026-08-13 14:05:00,17.41168200790376,78.44674634961395,232,55,Moderate,2,1,0,0,14,13,8,2026,4,3,0,2,5,Afternoon,No Alternate Route,5
2026-08-13 14:10:00,17.49366251530148,78.39079485427013,263,50,Moderate,3,3,1,0,14,13,8,2026,4,3,0,2,10,Afternoon,No Alternate Route,5
2026-08-13 14:15:00,17.49338315934052,78.38986812203527,201,46,Moderate,1,3,1,0,14,13,8,2026,4,3,0,2,15,Afternoon,No Alternate Route,5
2026-08-13 14:20:00,17.49522059563311,78.39065735438476,333,34,High,1,3,1,0,14,13,8,2026,4,3,0,2,20,Afternoon,No Alternate Route,15
2026-08-13 14:25:00,17.44986541165196,78.38308167728653,218,48,Moderate,0,2,0,0,14,13,8,2026,4,3,0,2,25,Afternoon,No Alternate Route,5
2026-08-13 14:30:00,17.38387366955036,78.48761038280176,253,59,Moderate,2,0,0,0,14,13,8,2026,4,3,0,2,30,Afternoon,No Alternate Route,5
2026-08-13 14:35:00,17.3856912044301,78.48484961851749,210,59,Moderate,2,0,1,0,14,13,8,2026,4,3,0,2,35,Afternoon,No Alternate Route,5
2026-08-13 14:40:00,17.49667477137157,78.39267176831837,206,59,Moderate,2,3,1,0,14,13,8,2026,4,3,0,2,40,Afternoon,No Alternate Route,5
2026-08-13 14:45:00,17.41163241680113,78.4477156691378,289,50,Moderate,3,1,0,0,14,13,8,2026,4,3,0,2,45,Afternoon,No Alternate Route,5
2026-08-13 14:50:00,17.38581075161215,78.48842165890875,192,43,Moderate,1,0,1,0,14,13,8,2026,4,3,0,2,50,Afternoon,No Alternate Route,5
2026-08-13 14:55:00,17.42325028672206,78.4722676697192,204,48,Moderate,2,4,2,0,14,13,8,2026,4,3,0,2,55,Afternoon,No Alternate Route,5
2026-08-13 15:00:00,17.41253484748067,78.44762854053015,253,46,Moderate,2,1,0,0,15,13,8,2026,4,3,0,2,0,Afternoon,No Alternate Route,5
2026-08-13 15:05:00,17.41457215616027,78.44694927128342,279,60,Moderate,0,1,0,0,15,13,8,2026,4,3,0,2,5,Afternoon,No Alternate Route,5
2026-08-13 15:10:00,17.38666182304101,78.48671061250141,260,42,Moderate,3,0,1,0,15,13,8,2026,4,3,0,2,10,Afternoon,No Alternate Route,5
2026-08-13 15:15:00,17.49662105418065,78.39071214563535,183,51,Moderate,2,3,1,0,15,13,8,2026,4,3,0,2,15,Afternoon,No Alternate Route,5
2026-08-13 15:20:00,17.42410411822072,78.47343120917117,246,58,Moderate,1,4,0,0,15,13,8,2026,4,3,0,2,20,Afternoon,No Alternate Route,5
2026-08-13 15:25:00,17.38476757361738,78.48819163091869,295,56,Moderate,0,0,0,0,15,13,8,2026,4,3,0,2,25,Afternoon,No Alternate Route,5
2026-08-13 15:30:00,17.49498324275747,78.39243477644554,259,45,Moderate,3,3,1,0,15,13,8,2026,4,3,0,2,30,Afternoon,No Alternate Route,5
2026-08-13 15:35:00,17.41171275882537,78.44747257051631,265,52,Moderate,2,1,0,0,15,13,8,2026,4,3,0,2,35,Afternoon,No Alternate Route,5
2026-08-13 15:40:00,17.44964036723953,78.38393857175947,271,51,Moderate,1,2,0,0,15,13,8,2026,4,3,0,2,40,Afternoon,No Alternate Route,5
2026-08-13 15:45:00,17.49565401933208,78.39355954663759,267,52,Moderate,3,3,2,0,15,13,8,2026,4,3,0,2,45,Afternoon,No Alternate Route,5
2026-08-13 15:50:00,17.42419998851716,78.47218437102231,273,60,Moderate,3,4,2,0,15,13,8,2026,4,3,0,2,50,Afternoon,No Alternate Route,5
2026-08-13 15:55:00,17.42232328847483,78.47385365149132,290,58,Moderate,3,4,1,0,15,13,8,2026,4,3,0,2,55,Afternoon,No Alternate Route,5
2026-08-13 16:00:00,17.42449338604184,78.47208398606944,333,20,High,0,4,1,0,16,13,8,2026,4,3,0,2,0,Afternoon,No Alternate Route,15
2026-08-13 16:05:00,17.38377558733928,78.48787033097905,312,20,High,0,0,2,0,16,13,8,2026,4,3,0,2,5,Afternoon,No Alternate Route,15
2026-08-13 16:10:00,17.38336640288268,78.48629814214158,459,32,High,0,0,2,0,16,13,8,2026,4,3,0,2,10,Afternoon,No Alternate Route,15
2026-08-13 16:15:00,17.49343046332364,78.39049354997145,346,23,High,1,3,2,1,16,13,8,2026,4,3,0,2,15,Afternoon,No Alternate Route,15
2026-08-13 16:20:00,17.42359901574194,78.47385674459316,408,38,High,1,4,0,0,16,13,8,2026,4,3,0,2,20,Afternoon,No Alternate Route,15
2026-08-13 16:25:00,17.42589526146937,78.47182598157033,379,27,High,1,4,1,0,16,13,8,2026,4,3,0,2,25,Afternoon,No Alternate Route,15
2026-08-13 16:30:00,17.45034402490476,78.38266365518538,421,40,High,1,2,2,0,16,13,8,2026,4,3,0,2,30,Afternoon,No Alternate Route,15
2026-08-13 16:35:00,17.49396930061309,78.3902650471457,492,34,High,3,3,0,0,16,13,8,2026,4,3,0,2,35,Afternoon,No Alternate Route,15
2026-08-13 16:40:00,17.38536195841564,78.48528402704952,328,25,High,1,0,0,0,16,13,8,2026,4,3,0,2,40,Afternoon,No Alternate Route,15
2026-08-13 16:45:00,17.45106900087463,78.38322122763279,336,26,High,1,2,2,0,16,13,8,2026,4,3,0,2,45,Afternoon,No Alternate Route,15
2026-08-13 16:50:00,17.45033875341888,78.38240506308883,500,23,High,1,2,1,0,16,13,8,2026,4,3,0,2,50,Afternoon,No Alternate Route,15
2026-08-13 16:55:00,17.42566914370256,78.47188345459875,383,25,High,3,4,1,0,16,13,8,2026,4,3,0,2,55,Afternoon,No Alternate Route,15
2026-08-13 17:00:00,17.44977172920574,78.38378464494076,418,34,High,2,2,2,0,17,13,8,2026,4,3,0,0,0,Evening,No Alternate Route,15
2026-08-13 17:05:00,17.49543278844745,78.3924634862534,455,31,High,3,3,0,0,17,13,8,2026,4,3,0,0,5,Evening,No Alternate Route,15
2026-08-13 17:10:00,17.41364354807904,78.44756418472295,340,40,High,0,1,1,0,17,13,8,2026,4,3,0,0,10,Evening,No Alternate Route,15
2026-08-13 17:15:00,17.4516150710595,78.38138820412082,465,30,High,2,2,0,0,17,13,8,2026,4,3,0,0,15,Evening,No Alternate Route,15
2026-08-13 17:20:00,17.49368110205837,78.39093039608841,492,20,High,3,3,0,0,17,13,8,2026,4,3,0,0,20,Evening,No Alternate Route,15
2026-08-13 17:25:00,17.45173825157386,78.38209396669065,383,21,High,1,2,0,0,17,13,8,2026,4,3,0,0,25,Evening,No Alternate Route,15
2026-08-13 17:30:00,17.45022915672915,78.38247778751663,436,39,High,1,2,0,0,17,13,8,2026,4,3,0,0,30,Evening,No Alternate Route,15
2026-08-13 17:35:00,17.45034772014333,78.38434543266074,438,38,High,0,2,2,0,17,13,8,2026,4,3,0,0,35,Evening,No Alternate Route,15
2026-08-13 17:40:00,17.44848878351903,78.38416536365509,411,38,High,0,2,2,0,17,13,8,2026,4,3,0,0,40,Evening,No Alternate Route,15
2026-08-13 17:45:00,17.49494868065094,78.39058688578476,344,39,High,0,3,1,0,17,13,8,2026,4,3,0,0,45,Evening,No Alternate Route,15
2026-08-13 17:50:00,17.45142432582701,78.38319623156876,438,22,High,1,2,1,0,17,13,8,2026,4,3,0,0,50,Evening,No Alternate Route,15
2026-08-13 17:55:00,17.42244207543567,78.47353209117621,457,37,High,2,4,1,0,17,13,8,2026,4,3,0,0,55,Evening,No Alternate Route,15
2026-08-13 18:00:00,17.44917498265648,78.38351662032153,613,16,Severe,1,2,1,0,18,13,8,2026,4,3,0,0,0,Evening,No Alternate Route,30
2026-08-13 18:05:00,17.44951419515899,78.38432841973771,651,13,Severe,1,2,0,0,18,13,8,2026,4,3,0,0,5,Evening,No Alternate Route,30
2026-08-13 18:10:00,17.44879837148244,78.38201518014328,720,19,Severe,2,2,0,0,18,13,8,2026,4,3,0,0,10,Evening,No Alternate Route,30
2026-08-13 18:15:00,17.4505226972018,78.38271282326299,663,18,Severe,1,2,2,0,18,13,8,2026,4,3,0,0,15,Evening,No Alternate Route,30
2026-08-13 18:20:00,17.42268424031662,78.473810098073,631,14,Severe,1,4,0,0,18,13,8,2026,4,3,0,0,20,Evening,No Alternate Route,30
2026-08-13 18:25:00,17.42468016424602,78.4722279176042,588,28,High,2,4,0,0,18,13,8,2026,4,3,0,0,25,Evening,No Alternate Route,15
2026-08-13 18:30:00,17.49679820509949,78.39056877089462,627,13,Severe,3,3,1,0,18,13,8,2026,4,3,0,0,30,Evening,No Alternate Route,30
2026-08-13 18:35:00,17.38319219253448,78.48494886456216,774,17,Severe,1,0,2,0,18,13,8,2026,4,3,0,0,35,Evening,No Alternate Route,30
2026-08-13 18:40:00,17.42222526309748,78.47401369637568,555,23,High,0,4,0,0,18,13,8,2026,4,3,0,0,40,Evening,No Alternate Route,15
2026-08-13 18:45:00,17.38691802259528,78.48623258802489,700,16,Severe,0,0,0,0,18,13,8,2026,4,3,0,0,45,Evening,No Alternate Route,30
2026-08-13 18:50:00,17.38390075932542,78.4879537312455,623,18,Severe,3,0,2,0,18,13,8,2026,4,3,0,0,50,Evening,No Alternate Route,30
2026-08-13 18:55:00,17.4250425691624,78.472977241462,656,19,Severe,1,4,0,0,18,13,8,2026,4,3,0,0,55,Evening,No Alternate Route,30
2026-08-13 19:00:00,17.41388010893122,78.44701076120894,577,38,High,1,1,2,0,19,13,8,2026,4,3,0,0,0,Evening,No Alternate Route,15
2026-08-13 19:05:00,17.38408425658975,78.48678492031665,625,13,Severe,3,0,1,0,19,13,8,2026,4,3,0,0,5,Evening,No Alternate Route,30
2026-08-13 19:10:00,17.45231454301341,78.38086347416146,550,35,High,2,2,0,0,19,13,8,2026,4,3,0,0,10,Evening,No Alternate Route,15
2026-08-13 19:15:00,17.44873687948099,78.38354300612562,589,20,High,2,2,0,0,19,13,8,2026,4,3,0,0,15,Evening,No Alternate Route,15
2026-08-13 19:20:00,17.38619154202155,78.48600828472696,614,18,Severe,0,0,1,0,19,13,8,2026,4,3,0,0,20,Evening,No Alternate Route,30
2026-08-13 19:25:00,17.38624133841074,78.48798680738335,740,19,Severe,2,0,0,0,19,13,8,2026,4,3,0,0,25,Evening,No Alternate Route,30
2026-08-13 19:30:00,17.41068717101618,78.44758623983111,531,39,High,0,1,1,0,19,13,8,2026,4,3,0,0,30,Evening,No Alternate Route,15
2026-08-13 19:35:00,17.38486354359733,78.48742665143199,537,32,High,2,0,1,0,19,13,8,2026,4,3,0,0,35,Evening,No Alternate Route,15
2026-08-13 19:40:00,17.49514049671469,78.39338930541956,502,24,High,1,3,2,0,19,13,8,2026,4,3,0,0,40,Evening,No Alternate Route,15
2026-08-13 19:45:00,17.49483291422149,78.39193837172624,552,23,High,0,3,1,0,19,13,8,2026,4,3,0,0,45,Evening,No Alternate Route,15
2026-08-13 19:50:00,17.4964864844557,78.39155482725504,511,25,High,2,3,1,0,19,13,8,2026,4,3,0,0,50,Evening,No Alternate Route,15
2026-08-13 19:55:00,17.41378924123666,78.44820254167456,521,24,High,0,1,0,1,19,13,8,2026,4,3,0,0,55,Evening,No Alternate Route,15
2026-08-13 20:00:00,17.38649455448666,78.48824725097828,720,15,Severe,3,0,0,0,20,13,8,2026,4,3,0,0,0,Evening,No Alternate Route,30
2026-08-13 20:05:00,17.42526668047725,78.4720343504958,506,20,High,2,4,2,0,20,13,8,2026,4,3,0,0,5,Evening,No Alternate Route,15
2026-08-13 20:10:00,17.49673130836198,78.39304944157539,512,29,High,1,3,0,0,20,13,8,2026,4,3,0,0,10,Evening,No Alternate Route,15
2026-08-13 20:15:00,17.41140379039318,78.44957962150622,768,13,Severe,1,1,1,0,20,13,8,2026,4,3,0,0,15,Evening,No Alternate Route,30
2026-08-13 20:20:00,17.42520841017939,78.4728892148541,790,10,Severe,2,4,1,0,20,13,8,2026,4,3,0,0,20,Evening,No Alternate Route,30
2026-08-13 20:25:00,17.49344198496006,78.39101599425788,617,13,Severe,2,3,1,0,20,13,8,2026,4,3,0,0,25,Evening,No Alternate Route,30
2026-08-13 20:30:00,17.42256430193876,78.47488663515637,546,40,High,1,4,1,0,20,13,8,2026,4,3,0,0,30,Evening,No Alternate Route,15
2026-08-13 20:35:00,17.42264406666145,78.47366452846568,800,16,Severe,1,4,1,0,20,13,8,2026,4,3,0,0,35,Evening,No Alternate Route,30
2026-08-13 20:40:00,17.45060822586394,78.38427283762266,566,32,High,2,2,1,0,20,13,8,2026,4,3,0,0,40,Evening,No Alternate Route,15
2026-08-13 20:45:00,17.38560079860403,78.48786873831497,677,18,Severe,3,0,1,0,20,13,8,2026,4,3,0,0,45,Evening,No Alternate Route,30
2026-08-13 20:50:00,17.49567384524143,78.39192059231308,500,35,High,1,3,1,0,20,13,8,2026,4,3,0,0,50,Evening,No Alternate Route,15
2026-08-13 20:55:00,17.42476531330964,78.47209889505395,679,19,Severe,2,4,0,0,20,13,8,2026,4,3,0,0,55,Evening,No Alternate Route,30
2026-08-13 21:00:00,17.4238449923288,78.47474537529317,86,80,Low,0,4,0,0,21,13,8,2026,4,3,0,0,0,Night,No Alternate Route,0
2026-08-13 21:05:00,17.49467972992699,78.39293862285204,173,58,Moderate,1,3,1,0,21,13,8,2026,4,3,0,0,5,Night,No Alternate Route,5
2026-08-13 21:10:00,17.49596689793668,78.3921509031175,167,40,Moderate,2,3,1,0,21,13,8,2026,4,3,0,0,10,Night,No Alternate Route,5
2026-08-13 21:15:00,17.42292584577429,78.47500771038617,152,45,Moderate,2,4,0,0,21,13,8,2026,4,3,0,0,15,Night,No Alternate Route,5
2026-08-13 21:20:00,17.41320665153873,78.44892436293657,80,75,Low,0,1,2,0,21,13,8,2026,4,3,0,0,20,Night,No Alternate Route,0
2026-08-13 21:25:00,17.38606067646869,78.48540417426334,155,44,Moderate,0,0,1,0,21,13,8,2026,4,3,0,0,25,Night,No Alternate Route,5
2026-08-13 21:30:00,17.42302423666426,78.47262192152496,104,56,Moderate,3,4,1,0,21,13,8,2026,4,3,0,0,30,Night,No Alternate Route,5
2026-08-13 21:35:00,17.38671733200515,78.48755661913258,98,67,Low,2,0,1,0,21,13,8,2026,4,3,0,0,35,Night,No Alternate Route,0
2026-08-13 21:40:00,17.41239870039829,78.4464491032134,143,45,Moderate,1,1,0,0,21,13,8,2026,4,3,0,0,40,Night,No Alternate Route,5
2026-08-13 21:45:00,17.42302637355937,78.47315658127965,175,60,Moderate,0,4,2,0,21,13,8,2026,4,3,0,0,45,Night,No Alternate Route,5
2026-08-13 21:50:00,17.41151942211723,78.44832321167037,128,51,Moderate,0,1,0,0,21,13,8,2026,4,3,0,0,50,Night,No Alternate Route,5
2026-08-13 21:55:00,17.49352956490142,78.39320991996189,152,45,Moderate,1,3,1,0,21,13,8,2026,4,3,0,0,55,Night,No Alternate Route,5
2026-08-13 22:00:00,17.38671728482366,78.48528530828716,177,59,Moderate,2,0,0,0,22,13,8,2026,4,3,0,2,0,Night,No Alternate Route,5
2026-08-13 22:05:00,17.49390988717141,78.39333591786854,138,54,Moderate,1,3,2,0,22,13,8,2026,4,3,0,2,5,Night,No Alternate Route,5
2026-08-13 22:10:00,17.41248522246991,78.44644847426041,124,40,Moderate,0,1,1,0,22,13,8,2026,4,3,0,2,10,Night,No Alternate Route,5
2026-08-13 22:15:00,17.44916904737513,78.38433659559374,99,69,Low,2,2,2,0,22,13,8,2026,4,3,0,2,15,Night,No Alternate Route,0
2026-08-13 22:20:00,17.42254594142275,78.47305389895712,102,54,Moderate,3,4,1,0,22,13,8,2026,4,3,0,2,20,Night,No Alternate Route,5
2026-08-13 22:25:00,17.41153524896598,78.44763852759337,91,77,Low,1,1,0,0,22,13,8,2026,4,3,0,2,25,Night,No Alternate Route,0
2026-08-13 22:30:00,17.38374341446345,78.48843050045998,110,56,Moderate,1,0,1,0,22,13,8,2026,4,3,0,2,30,Night,No Alternate Route,5
2026-08-13 22:35:00,17.4253023704322,78.47538756192856,129,60,Moderate,3,4,2,0,22,13,8,2026,4,3,0,2,35,Night,No Alternate Route,5
2026-08-13 22:40:00,17.49417155441615,78.3910829759704,128,60,Moderate,3,3,0,0,22,13,8,2026,4,3,0,2,40,Night,No Alternate Route,5
2026-08-13 22:45:00,17.49407152750893,78.39363796088084,148,58,Moderate,0,3,0,0,22,13,8,2026,4,3,0,2,45,Night,No Alternate Route,5
2026-08-13 22:50:00,17.42292850045144,78.47228044669681,145,42,Moderate,0,4,0,0,22,13,8,2026,4,3,0,2,50,Night,No Alternate Route,5
2026-08-13 22:55:00,17.49516932238243,78.39064818180637,86,67,Low,1,3,2,0,22,13,8,2026,4,3,0,2,55,Night,No Alternate Route,0
2026-08-13 23:00:00,17.42474815892288,78.47498186091136,165,46,Moderate,1,4,2,0,23,13,8,2026,4,3,0,2,0,Night,No Alternate Route,5
2026-08-13 23:05:00,17.44858480686099,78.3833768241809,164,40,Moderate,0,2,0,0,23,13,8,2026,4,3,0,2,5,Night,No Alternate Route,5
2026-08-13 23:10:00,17.42196858930921,78.4747445813998,126,46,Moderate,1,4,0,0,23,13,8,2026,4,3,0,2,10,Night,No Alternate Route,5
2026-08-13 23:15:00,17.38402802149395,78.48531427948238,92,74,Low,3,0,0,0,23,13,8,2026,4,3,0,2,15,Night,No Alternate Route,0
2026-08-13 23:20:00,17.42224207340026,78.4731750299395,80,78,Low,2,4,2,0,23,13,8,2026,4,3,0,2,20,Night,No Alternate Route,0
2026-08-13 23:25:00,17.49601502325652,78.39052542981953,159,50,Moderate,3,3,0,1,23,13,8,2026,4,3,0,2,25,Night,No Alternate Route,5
2026-08-13 23:30:00,17.422578328471,78.47294529778242,178,47,Moderate,1,4,1,0,23,13,8,2026,4,3,0,2,30,Night,No Alternate Route,5
2026-08-13 23:35:00,17.45168480939846,78.38233929178865,172,42,Moderate,2,2,0,0,23,13,8,2026,4,3,0,2,35,Night,No Alternate Route,5
2026-08-13 23:40:00,17.4520698403429,78.38075883639307,109,55,Moderate,1,2,2,0,23,13,8,2026,4,3,0,2,40,Night,No Alternate Route,5
2026-08-13 23:45:00,17.42585080247769,78.47288814185895,135,53,Moderate,2,4,1,0,23,13,8,2026,4,3,0,2,45,Night,No Alternate Route,5
2026-08-13 23:50:00,17.42505955619625,78.47266608180665,84,60,Low,3,4,2,0,23,13,8,2026,4,3,0,2,50,Night,No Alternate Route,0
2026-08-13 23:55:00,17.4929080182814,78.39122649163727,168,43,Moderate,1,3,0,0,23,13,8,2026,4,3,0,2,55,Night,No Alternate Route,5
2026-08-14 00:00:00,17.45009464291205,78.38200043739961,73,66,Low,1,2,1,0,0,14,8,2026,0,4,0,2,0,Night,No Alternate Route,0
2026-08-14 00:05:00,17.49590903305128,78.39125613811265,80,64,Low,0,3,2,0,0,14,8,2026,0,4,0,2,5,Night,No Alternate Route,0
2026-08-14 00:10:00,17.41323206053118,78.44999713547249,73,61,Low,0,1,2,0,0,14,8,2026,0,4,0,2,10,Night,No Alternate Route,0
2026-08-14 00:15:00,17.42482565461886,78.473350796502,42,79,Low,2,4,2,0,0,14,8,2026,0,4,0,2,15,Night,No Alternate Route,0
2026-08-14 00:20:00,17.42589854916607,78.47220795569285,73,75,Low,1,4,2,0,0,14,8,2026,0,4,0,2,20,Night,No Alternate Route,0
2026-08-14 00:25:00,17.41159304130431,78.44678080349738,73,68,Low,3,1,1,0,0,14,8,2026,0,4,0,2,25,Night,No Alternate Route,0
2026-08-14 00:30:00,17.49305919472815,78.39147229145225,21,78,Low,1,3,2,0,0,14,8,2026,0,4,0,2,30,Night,No Alternate Route,0
2026-08-14 00:35:00,17.41214315161153,78.44883440759904,52,63,Low,0,1,0,0,0,14,8,2026,0,4,0,2,35,Night,No Alternate Route,0
2026-08-14 00:40:00,17.49302111726575,78.39132042955652,53,61,Low,0,3,1,0,0,14,8,2026,0,4,0,2,40,Night,No Alternate Route,0
2026-08-14 00:45:00,17.41132760661063,78.44831867337024,48,68,Low,2,1,2,0,0,14,8,2026,0,4,0,2,45,Night,No Alternate Route,0
2026-08-14 00:50:00,17.45215907444957,78.38422557105362,43,61,Low,0,2,0,0,0,14,8,2026,0,4,0,2,50,Night,No Alternate Route,0
2026-08-14 00:55:00,17.41196291469839,78.44782474724694,43,69,Low,0,1,1,1,0,14,8,2026,0,4,0,2,55,Night,No Alternate Route,0
2026-08-14 01:00:00,17.45172654744416,78.38369203211644,80,80,Low,1,2,0,0,1,14,8,2026,0,4,0,2,0,Night,No Alternate Route,0
2026-08-14 01:05:00,17.38396541000888,78.48723373429425,27,78,Low,2,0,1,0,1,14,8,2026,0,4,0,2,5,Night,No Alternate Route,0
2026-08-14 01:10:00,17.49668576329191,78.38987764878834,78,63,Low,2,3,0,0,1,14,8,2026,0,4,0,2,10,Night,No Alternate Route,0
2026-08-14 01:15:00,17.38425976755212,78.48764834448816,31,62,Low,0,0,1,0,1,14,8,2026,0,4,0,2,15,Night,No Alternate Route,0
2026-08-14 01:20:00,17.3843050294299,78.48486597227071,71,63,Low,3,0,0,0,1,14,8,2026,0,4,0,2,20,Night,No Alternate Route,0
2026-08-14 01:25:00,17.3866920872547,78.48626957247069,80,65,Low,0,0,1,0,1,14,8,2026,0,4,0,2,25,Night,No Alternate Route,0
2026-08-14 01:30:00,17.45073749944606,78.38164818978619,43,74,Low,2,2,0,0,1,14,8,2026,0,4,0,2,30,Night,No Alternate Route,0
2026-08-14 01:35:00,17.44849964706967,78.38308403413741,49,74,Low,3,2,0,0,1,14,8,2026,0,4,0,2,35,Night,No Alternate Route,0
2026-08-14 01:40:00,17.38448463899342,78.4856090645211,43,67,Low,3,0,0,0,1,14,8,2026,0,4,0,2,40,Night,No Alternate Route,0
2026-08-14 01:45:00,17.41103109500109,78.44813901314305,41,76,Low,0,1,2,0,1,14,8,2026,0,4,0,2,45,Night,No Alternate Route,0
2026-08-14 01:50:00,17.38688112035264,78.48700691501791,61,72,Low,2,0,2,0,1,14,8,2026,0,4,0,2,50,Night,No Alternate Route,0
2026-08-14 01:55:00,17.41180512087429,78.45012428180154,23,70,Low,0,1,0,1,1,14,8,2026,0,4,0,2,55,Night,No Alternate Route,0
2026-08-14 02:00:00,17.42385688343478,78.47249984760589,76,74,Low,3,4,2,0,2,14,8,2026,0,4,0,2,0,Night,No Alternate Route,0
2026-08-14 02:05:00,17.45175244516373,78.38068219336881,41,62,Low,1,2,1,0,2,14,8,2026,0,4,0,2,5,Night,No Alternate Route,0
2026-08-14 02:10:00,17.38512884403821,78.48538418848041,56,73,Low,1,0,2,0,2,14,8,2026,0,4,0,2,10,Night,No Alternate Route,0
2026-08-14 02:15:00,17.42239349363208,78.47567451671922,21,72,Low,3,4,1,0,2,14,8,2026,0,4,0,2,15,Night,No Alternate Route,0
2026-08-14 02:20:00,17.38402124674031,78.48852497587997,30,64,Low,0,0,2,0,2,14,8,2026,0,4,0,2,20,Night,No Alternate Route,0
2026-08-14 02:25:00,17.42258189831716,78.47340188679716,35,63,Low,1,4,1,0,2,14,8,2026,0,4,0,2,25,Night,No Alternate Route,0
2026-08-14 02:30:00,17.45195173334836,78.38443819249026,64,68,Low,1,2,2,0,2,14,8,2026,0,4,0,2,30,Night,No Alternate Route,0
2026-08-14 02:35:00,17.4119228604603,78.44974180233504,77,64,Low,3,1,2,0,2,14,8,2026,0,4,0,2,35,Night,No Alternate Route,0
2026-08-14 02:40:00,17.44954141867393,78.38426532183753,77,72,Low,2,2,2,0,2,14,8,2026,0,4,0,2,40,Night,No Alternate Route,0
2026-08-14 02:45:00,17.41361930213818,78.4499545674633,56,77,Low,3,1,1,1,2,14,8,2026,0,4,0,2,45,Night,No Alternate Route,0
2026-08-14 02:50:00,17.44966828687143,78.38088289779009,65,73,Low,0,2,1,0,2,14,8,2026,0,4,0,2,50,Night,No Alternate Route,0
2026-08-14 02:55:00,17.38571877725143,78.48736665232553,52,72,Low,0,0,1,0,2,14,8,2026,0,4,0,2,55,Night,No Alternate Route,0
2026-08-14 03:00:00,17.45223969149765,78.38241772948551,58,76,Low,1,2,0,0,3,14,8,2026,0,4,0,2,0,Night,No Alternate Route,0
2026-08-14 03:05:00,17.38649327096664,78.48868967822835,79,71,Low,0,0,2,0,3,14,8,2026,0,4,0,2,5,Night,No Alternate Route,0
2026-08-14 03:10:00,17.38503560552233,78.48484206567765,72,67,Low,3,0,2,0,3,14,8,2026,0,4,0,2,10,Night,No Alternate Route,0
2026-08-14 03:15:00,17.49604050005698,78.39197237845922,70,66,Low,1,3,0,0,3,14,8,2026,0,4,0,2,15,Night,No Alternate Route,0
2026-08-14 03:20:00,17.41235176756559,78.4463085222825,51,69,Low,0,1,0,0,3,14,8,2026,0,4,0,2,20,Night,No Alternate Route,0
2026-08-14 03:25:00,17.42268940350099,78.47294989757508,64,69,Low,0,4,1,0,3,14,8,2026,0,4,0,2,25,Night,No Alternate Route,0
2026-08-14 03:30:00,17.41232363444717,78.45011344481776,29,69,Low,2,1,1,0,3,14,8,2026,0,4,0,2,30,Night,No Alternate Route,0
2026-08-14 03:35:00,17.4227107806841,78.47449819856607,75,79,Low,3,4,2,0,3,14,8,2026,0,4,0,2,35,Night,No Alternate Route,0
2026-08-14 03:40:00,17.49393652007982,78.39174216100892,47,80,Low,1,3,0,0,3,14,8,2026,0,4,0,2,40,Night,No Alternate Route,0
2026-08-14 03:45:00,17.42300544392242,78.47496055060584,80,73,Low,1,4,1,0,3,14,8,2026,0,4,0,2,45,Night,No Alternate Route,0
2026-08-14 03:50:00,17.38468707505508,78.48501724638842,47,60,Low,3,0,1,0,3,14,8,2026,0,4,0,2,50,Night,No Alternate Route,0
2026-08-14 03:55:00,17.42319095924141,78.47246387618638,22,78,Low,0,4,2,0,3,14,8,2026,0,4,0,2,55,Night,No Alternate Route,0
2026-08-14 04:00:00,17.49296435899173,78.39351618394133,29,73,Low,2,3,0,0,4,14,8,2026,0,4,0,2,0,Night,No Alternate Route,0
2026-08-14 04:05:00,17.38319505791737,78.4876340601069,65,80,Low,2,0,2,0,4,14,8,2026,0,4,0,2,5,Night,No Alternate Route,0
2026-08-14 04:10:00,17.41315618385815,78.44671837920328,38,73,Low,0,1,0,0,4,14,8,2026,0,4,0,2,10,Night,No Alternate Route,0
2026-08-14 04:15:00,17.41259312370878,78.44988222878861,39,68,Low,3,1,1,0,4,14,8,2026,0,4,0,2,15,Night,No Alternate Route,0
2026-08-14 04:20:00,17.41362681912619,78.44993168426869,76,61,Low,1,1,0,0,4,14,8,2026,0,4,0,2,20,Night,No Alternate Route,0
2026-08-14 04:25:00,17.45128749767432,78.38248363192659,47,68,Low,3,2,1,0,4,14,8,2026,0,4,0,2,25,Night,No Alternate Route,0
2026-08-14 04:30:00,17.44919159857116,78.38342378906152,34,77,Low,3,2,0,0,4,14,8,2026,0,4,0,2,30,Night,No Alternate Route,0
2026-08-14 04:35:00,17.49290144052997,78.39333740677536,42,62,Low,3,3,2,0,4,14,8,2026,0,4,0,2,35,Night,No Alternate Route,0
2026-08-14 04:40:00,17.38340231681337,78.48705661123051,32,69,Low,2,0,1,0,4,14,8,2026,0,4,0,2,40,Night,No Alternate Route,0
2026-08-14 04:45:00,17.49640840075925,78.39119936491348,24,75,Low,3,3,2,0,4,14,8,2026,0,4,0,2,45,Night,No Alternate Route,0
2026-08-14 04:50:00,17.45026911409679,78.38138132495068,61,66,Low,2,2,0,0,4,14,8,2026,0,4,0,2,50,Night,No Alternate Route,0
2026-08-14 04:55:00,17.38530831984933,78.48833140664219,45,77,Low,0,0,1,0,4,14,8,2026,0,4,0,2,55,Night,No Alternate Route,0
2026-08-14 05:00:00,17.45229693071805,78.38087586792773,89,60,Low,0,2,1,0,5,14,8,2026,0,4,0,2,0,Morning,No Alternate Route,0
2026-08-14 05:05:00,17.49304035268495,78.38983180640109,83,76,Low,0,3,2,0,5,14,8,2026,0,4,0,2,5,Morning,No Alternate Route,0
2026-08-14 05:10:00,17.42355306837681,78.4752879505434,148,50,Moderate,2,4,1,0,5,14,8,2026,0,4,0,2,10,Morning,No Alternate Route,5
2026-08-14 05:15:00,17.45199819574123,78.38456265886255,174,52,Moderate,2,2,2,0,5,14,8,2026,0,4,0,2,15,Morning,No Alternate Route,5
2026-08-14 05:20:00,17.3868580480178,78.48514197307048,97,67,Low,1,0,1,0,5,14,8,2026,0,4,0,2,20,Morning,No Alternate Route,0
2026-08-14 05:25:00,17.42456396026111,78.47473088809977,150,44,Moderate,2,4,1,0,5,14,8,2026,0,4,0,2,25,Morning,No Alternate Route,5
2026-08-14 05:30:00,17.42409457881309,78.474532896064,96,63,Low,1,4,1,0,5,14,8,2026,0,4,0,2,30,Morning,No Alternate Route,0
2026-08-14 05:35:00,17.4501503101753,78.38346049623016,147,45,Moderate,0,2,1,0,5,14,8,2026,0,4,0,2,35,Morning,No Alternate Route,5
2026-08-14 05:40:00,17.42260577974068,78.47303936381024,150,58,Moderate,1,4,1,0,5,14,8,2026,0,4,0,2,40,Morning,No Alternate Route,5
2026-08-14 05:45:00,17.41421387352183,78.44941645930173,96,61,Low,2,1,0,0,5,14,8,2026,0,4,0,2,45,Morning,No Alternate Route,0
2026-08-14 05:50:00,17.44925839775365,78.38355356283016,158,49,Moderate,0,2,1,0,5,14,8,2026,0,4,0,2,50,Morning,No Alternate Route,5
2026-08-14 05:55:00,17.49481295148557,78.39141873103169,95,78,Low,3,3,1,0,5,14,8,2026,0,4,0,2,55,Morning,No Alternate Route,0
2026-08-14 06:00:00,17.4497887572556,78.3816066943879,124,42,Moderate,2,2,2,0,6,14,8,2026,0,4,0,2,0,Morning,No Alternate Route,5
2026-08-14 06:05:00,17.42349328434433,78.47412075029932,93,62,Low,1,4,0,0,6,14,8,2026,0,4,0,2,5,Morning,No Alternate Route,0
2026-08-14 06:10:00,17.42549775173222,78.4720167876688,84,62,Low,1,4,0,0,6,14,8,2026,0,4,0,2,10,Morning,No Alternate Route,0
2026-08-14 06:15:00,17.41295750627424,78.44804887574104,90,80,Low,2,1,0,0,6,14,8,2026,0,4,0,2,15,Morning,No Alternate Route,0
2026-08-14 06:20:00,17.4108301862674,78.44890421593277,162,53,Moderate,0,1,0,0,6,14,8,2026,0,4,0,2,20,Morning,No Alternate Route,5
2026-08-14 06:25:00,17.4118191284872,78.44656390130628,134,54,Moderate,0,1,1,1,6,14,8,2026,0,4,0,2,25,Morning,No Alternate Route,5
2026-08-14 06:30:00,17.42557622070541,78.47254386083745,120,47,Moderate,3,4,0,0,6,14,8,2026,0,4,0,2,30,Morning,No Alternate Route,5
2026-08-14 06:35:00,17.41139212141374,78.44881055202633,125,42,Moderate,3,1,2,0,6,14,8,2026,0,4,0,2,35,Morning,No Alternate Route,5
2026-08-14 06:40:00,17.42427643040422,78.47436722964805,167,58,Moderate,3,4,2,0,6,14,8,2026,0,4,0,2,40,Morning,No Alternate Route,5
2026-08-14 06:45:00,17.49380912762074,78.39056466385605,175,52,Moderate,2,3,1,0,6,14,8,2026,0,4,0,2,45,Morning,No Alternate Route,5
2026-08-14 06:50:00,17.45053217165582,78.38241742868395,99,72,Low,1,2,2,0,6,14,8,2026,0,4,0,2,50,Morning,No Alternate Route,0
2026-08-14 06:55:00,17.42244659973289,78.47216117850705,114,46,Moderate,3,4,0,0,6,14,8,2026,0,4,0,2,55,Morning,No Alternate Route,5
2026-08-14 07:00:00,17.41284300445639,78.44779492055861,636,17,Severe,2,1,2,0,7,14,8,2026,0,4,0,1,0,Morning,No Alternate Route,30
2026-08-14 07:05:00,17.49357635708149,78.39263814423816,532,20,High,2,3,0,0,7,14,8,2026,0,4,0,1,5,Morning,No Alternate Route,15
2026-08-14 07:10:00,17.42522147564305,78.4741446837935,646,17,Severe,3,4,1,0,7,14,8,2026,0,4,0,1,10,Morning,No Alternate Route,30
2026-08-14 07:15:00,17.49582712197418,78.38999601041805,633,20,Severe,0,3,0,0,7,14,8,2026,0,4,0,1,15,Morning,No Alternate Route,30
2026-08-14 07:20:00,17.41129035672624,78.44796744141645,530,31,High,2,1,0,0,7,14,8,2026,0,4,0,1,20,Morning,No Alternate Route,15
2026-08-14 07:25:00,17.45178308278987,78.38089642706045,624,14,Severe,3,2,2,0,7,14,8,2026,0,4,0,1,25,Morning,No Alternate Route,30
2026-08-14 07:30:00,17.49346085032898,78.39258392177392,503,28,High,0,3,2,0,7,14,8,2026,0,4,0,1,30,Morning,No Alternate Route,15
2026-08-14 07:35:00,17.44864103566729,78.38108064175452,629,10,Severe,1,2,1,0,7,14,8,2026,0,4,0,1,35,Morning,No Alternate Route,30
2026-08-14 07:40:00,17.38668847427805,78.48783501060363,699,10,Severe,0,0,2,0,7,14,8,2026,0,4,0,1,40,Morning,No Alternate Route,30
2026-08-14 07:45:00,17.44986819841863,78.38391324767645,554,37,High,1,2,1,0,7,14,8,2026,0,4,0,1,45,Morning,No Alternate Route,15
2026-08-14 07:50:00,17.42255852069263,78.47502964923179,619,20,Severe,0,4,2,0,7,14,8,2026,0,4,0,1,50,Morning,No Alternate Route,30
2026-08-14 07:55:00,17.41429530828492,78.44873519707397,473,24,High,0,1,2,0,7,14,8,2026,0,4,0,1,55,Morning,No Alternate Route,15
2026-08-14 08:00:00,17.42268763956506,78.47574200197865,675,11,Severe,3,4,0,1,8,14,8,2026,0,4,0,1,0,Morning,No Alternate Route,30
2026-08-14 08:05:00,17.49424121935829,78.39239051434355,649,19,Severe,0,3,2,0,8,14,8,2026,0,4,0,1,5,Morning,No Alternate Route,30
2026-08-14 08:10:00,17.38449245875188,78.48744091211638,553,29,High,1,0,1,0,8,14,8,2026,0,4,0,1,10,Morning,No Alternate Route,15
2026-08-14 08:15:00,17.45064787676594,78.38146852844518,590,20,High,3,2,0,1,8,14,8,2026,0,4,0,1,15,Morning,No Alternate Route,15
2026-08-14 08:20:00,17.42215593332835,78.47578205025386,577,26,High,3,4,1,0,8,14,8,2026,0,4,0,1,20,Morning,No Alternate Route,15
2026-08-14 08:25:00,17.44880570761684,78.38107580917692,513,40,High,0,2,1,0,8,14,8,2026,0,4,0,1,25,Morning,No Alternate Route,15
2026-08-14 08:30:00,17.38618903207083,78.48525203197644,455,38,High,2,0,1,0,8,14,8,2026,0,4,0,1,30,Morning,No Alternate Route,15
2026-08-14 08:35:00,17.49396676274743,78.39240834674091,646,13,Severe,2,3,2,0,8,14,8,2026,0,4,0,1,35,Morning,No Alternate Route,30
2026-08-14 08:40:00,17.45015448654494,78.38237553042221,566,33,High,0,2,1,0,8,14,8,2026,0,4,0,1,40,Morning,No Alternate Route,15
2026-08-14 08:45:00,17.49658753661725,78.39003584389918,552,25,High,3,3,0,0,8,14,8,2026,0,4,0,1,45,Morning,No Alternate Route,15
2026-08-14 08:50:00,17.49519345688464,78.3912421294169,631,20,Severe,0,3,0,0,8,14,8,2026,0,4,0,1,50,Morning,No Alternate Route,30
2026-08-14 08:55:00,17.42362554996858,78.47305979442167,557,40,High,0,4,2,0,8,14,8,2026,0,4,0,1,55,Morning,No Alternate Route,15
2026-08-14 09:00:00,17.49401757281036,78.38991584274204,644,16,Severe,0,3,1,0,9,14,8,2026,0,4,0,1,0,Morning,No Alternate Route,30
2026-08-14 09:05:00,17.38398490443471,78.48630608553624,526,22,High,2,0,1,0,9,14,8,2026,0,4,0,1,5,Morning,No Alternate Route,15
2026-08-14 09:10:00,17.38652147111197,78.48639127454408,696,16,Severe,2,0,1,0,9,14,8,2026,0,4,0,1,10,Morning,No Alternate Route,30
2026-08-14 09:15:00,17.4504000160686,78.38319098068065,551,34,High,2,2,0,0,9,14,8,2026,0,4,0,1,15,Morning,No Alternate Route,15
2026-08-14 09:20:00,17.38560687512429,78.4865757192272,630,12,Severe,0,0,0,0,9,14,8,2026,0,4,0,1,20,Morning,No Alternate Route,30
2026-08-14 09:25:00,17.42586771646834,78.47349212801278,697,15,Severe,0,4,2,0,9,14,8,2026,0,4,0,1,25,Morning,No Alternate Route,30
2026-08-14 09:30:00,17.38477912703974,78.48487483035292,547,36,High,1,0,1,0,9,14,8,2026,0,4,0,1,30,Morning,No Alternate Route,15
2026-08-14 09:35:00,17.44918586661845,78.38168657881779,510,38,High,3,2,0,0,9,14,8,2026,0,4,0,1,35,Morning,No Alternate Route,15
2026-08-14 09:40:00,17.45103113985613,78.38245101062427,508,25,High,1,2,0,0,9,14,8,2026,0,4,0,1,40,Morning,No Alternate Route,15
2026-08-14 09:45:00,17.44983607808217,78.38087166703848,508,33,High,0,2,1,0,9,14,8,2026,0,4,0,1,45,Morning,No Alternate Route,15
2026-08-14 09:50:00,17.41280240498391,78.4485959786035,677,16,Severe,1,1,1,0,9,14,8,2026,0,4,0,1,50,Morning,No Alternate Route,30
2026-08-14 09:55:00,17.38484207329537,78.48641436552863,453,27,High,1,0,1,0,9,14,8,2026,0,4,0,1,55,Morning,No Alternate Route,15
2026-08-14 10:00:00,17.4950157436678,78.39217087521826,283,53,Moderate,2,3,0,0,10,14,8,2026,0,4,0,1,0,Morning,No Alternate Route,5
2026-08-14 10:05:00,17.41338412303687,78.44897309315925,285,40,Moderate,3,1,2,0,10,14,8,2026,0,4,0,1,5,Morning,No Alternate Route,5
2026-08-14 10:10:00,17.42426977704133,78.47268795182944,329,33,High,1,4,1,0,10,14,8,2026,0,4,0,1,10,Morning,No Alternate Route,15
2026-08-14 10:15:00,17.44945076489623,78.38396294083887,239,47,Moderate,1,2,1,0,10,14,8,2026,0,4,0,1,15,Morning,No Alternate Route,5
2026-08-14 10:20:00,17.41136107276968,78.44876146201157,187,50,Moderate,1,1,2,0,10,14,8,2026,0,4,0,1,20,Morning,No Alternate Route,5
2026-08-14 10:25:00,17.44961842994233,78.38182531904623,236,59,Moderate,0,2,2,0,10,14,8,2026,0,4,0,1,25,Morning,No Alternate Route,5
2026-08-14 10:30:00,17.49303202776537,78.39282835914527,269,58,Moderate,1,3,2,0,10,14,8,2026,0,4,0,1,30,Morning,No Alternate Route,5
2026-08-14 10:35:00,17.49360864567134,78.39103544627486,313,30,High,2,3,2,0,10,14,8,2026,0,4,0,1,35,Morning,No Alternate Route,15
2026-08-14 10:40:00,17.45232804194425,78.38389644916256,268,46,Moderate,3,2,0,0,10,14,8,2026,0,4,0,1,40,Morning,No Alternate Route,5
2026-08-14 10:45:00,17.38373646952285,78.48703368155073,283,52,Moderate,0,0,0,0,10,14,8,2026,0,4,0,1,45,Morning,No Alternate Route,5
2026-08-14 10:50:00,17.41265779999421,78.44723565709778,313,39,High,3,1,0,0,10,14,8,2026,0,4,0,1,50,Morning,No Alternate Route,15
2026-08-14 10:55:00,17.38424303264597,78.48862974782433,218,55,Moderate,0,0,1,0,10,14,8,2026,0,4,0,1,55,Morning,No Alternate Route,5
2026-08-14 11:00:00,17.38690830072006,78.48614087878622,328,20,High,2,0,2,0,11,14,8,2026,0,4,0,2,0,Morning,No Alternate Route,15
2026-08-14 11:05:00,17.49415313094333,78.39323784688746,226,44,Moderate,2,3,0,0,11,14,8,2026,0,4,0,2,5,Morning,No Alternate Route,5
2026-08-14 11:10:00,17.38524381792289,78.48579612963711,299,59,Moderate,3,0,2,0,11,14,8,2026,0,4,0,2,10,Morning,No Alternate Route,5
2026-08-14 11:15:00,17.42261323475139,78.47515729379117,349,25,High,2,4,2,0,11,14,8,2026,0,4,0,2,15,Morning,No Alternate Route,15
2026-08-14 11:20:00,17.49678869232232,78.39286179157033,271,55,Moderate,0,3,1,0,11,14,8,2026,0,4,0,2,20,Morning,No Alternate Route,5
2026-08-14 11:25:00,17.45046350764709,78.38293687921265,292,44,Moderate,1,2,0,0,11,14,8,2026,0,4,0,2,25,Morning,No Alternate Route,5
2026-08-14 11:30:00,17.4236616557528,78.47448518332035,336,38,High,3,4,1,0,11,14,8,2026,0,4,0,2,30,Morning,No Alternate Route,15
2026-08-14 11:35:00,17.42510068151039,78.47393444716988,261,45,Moderate,0,4,1,0,11,14,8,2026,0,4,0,2,35,Morning,No Alternate Route,5
2026-08-14 11:40:00,17.49590609063226,78.39173716619297,296,56,Moderate,2,3,0,0,11,14,8,2026,0,4,0,2,40,Morning,No Alternate Route,5
2026-08-14 11:45:00,17.42429217914108,78.47298283715274,183,55,Moderate,2,4,2,0,11,14,8,2026,0,4,0,2,45,Morning,No Alternate Route,5
2026-08-14 11:50:00,17.45101019924362,78.38303488878262,331,21,High,3,2,1,0,11,14,8,2026,0,4,0,2,50,Morning,No Alternate Route,15
2026-08-14 11:55:00,17.44967013868635,78.38131290444589,214,52,Moderate,3,2,1,0,11,14,8,2026,0,4,0,2,55,Morning,No Alternate Route,5
2026-08-14 12:00:00,17.49449213856557,78.3926765510579,349,38,High,3,3,2,0,12,14,8,2026,0,4,0,2,0,Afternoon,No Alternate Route,15
2026-08-14 12:05:00,17.49399131915718,78.39224930206508,214,55,Moderate,0,3,0,0,12,14,8,2026,0,4,0,2,5,Afternoon,No Alternate Route,5
2026-08-14 12:10:00,17.42198885396034,78.47468788400407,331,34,High,2,4,0,0,12,14,8,2026,0,4,0,2,10,Afternoon,No Alternate Route,15
2026-08-14 12:15:00,17.41326955469071,78.44776157408195,337,37,High,2,1,1,1,12,14,8,2026,0,4,0,2,15,Afternoon,No Alternate Route,15
2026-08-14 12:20:00,17.42581652179883,78.47397339554584,334,37,High,0,4,2,0,12,14,8,2026,0,4,0,2,20,Afternoon,No Alternate Route,15
2026-08-14 12:25:00,17.49551983448366,78.39068930302076,194,42,Moderate,1,3,2,0,12,14,8,2026,0,4,0,2,25,Afternoon,No Alternate Route,5
2026-08-14 12:30:00,17.49586702404608,78.39353539662787,339,22,High,3,3,0,0,12,14,8,2026,0,4,0,2,30,Afternoon,No Alternate Route,15
2026-08-14 12:35:00,17.45146565961751,78.38448184165057,252,40,Moderate,1,2,2,0,12,14,8,2026,0,4,0,2,35,Afternoon,No Alternate Route,5
2026-08-14 12:40:00,17.44966875669822,78.38416843727808,265,53,Moderate,1,2,0,0,12,14,8,2026,0,4,0,2,40,Afternoon,No Alternate Route,5
2026-08-14 12:45:00,17.49429784698386,78.393459559666,192,55,Moderate,2,3,1,0,12,14,8,2026,0,4,0,2,45,Afternoon,No Alternate Route,5
2026-08-14 12:50:00,17.494011457806,78.39256847817994,344,26,High,3,3,1,0,12,14,8,2026,0,4,0,2,50,Afternoon,No Alternate Route,15
2026-08-14 12:55:00,17.49647421944932,78.39028569607929,339,23,High,1,3,0,0,12,14,8,2026,0,4,0,2,55,Afternoon,No Alternate Route,15
2026-08-14 13:00:00,17.42305963185948,78.47456243530686,242,60,Moderate,0,4,2,0,13,14,8,2026,0,4,0,2,0,Afternoon,No Alternate Route,5
2026-08-14 13:05:00,17.4928429314738,78.39202796411813,236,58,Moderate,0,3,2,0,13,14,8,2026,0,4,0,2,5,Afternoon,No Alternate Route,5
2026-08-14 13:10:00,17.41359220911253,78.44696476482802,200,60,Moderate,2,1,2,0,13,14,8,2026,0,4,0,2,10,Afternoon,No Alternate Route,5
2026-08-14 13:15:00,17.42292386314814,78.47577196100445,313,34,High,1,4,1,0,13,14,8,2026,0,4,0,2,15,Afternoon,No Alternate Route,15
2026-08-14 13:20:00,17.42489239130665,78.47384678555674,262,51,Moderate,1,4,2,0,13,14,8,2026,0,4,0,2,20,Afternoon,No Alternate Route,5
2026-08-14 13:25:00,17.42298909570631,78.47402607612068,198,47,Moderate,2,4,2,0,13,14,8,2026,0,4,0,2,25,Afternoon,No Alternate Route,5
2026-08-14 13:30:00,17.42339099569181,78.47405437662863,212,46,Moderate,2,4,1,0,13,14,8,2026,0,4,0,2,30,Afternoon,No Alternate Route,5
2026-08-14 13:35:00,17.4948535923637,78.39333139483557,195,51,Moderate,2,3,1,0,13,14,8,2026,0,4,0,2,35,Afternoon,No Alternate Route,5
2026-08-14 13:40:00,17.41405962077105,78.44912242872255,182,44,Moderate,2,1,0,0,13,14,8,2026,0,4,0,2,40,Afternoon,No Alternate Route,5
2026-08-14 13:45:00,17.38638860863803,78.48508395134166,198,43,Moderate,2,0,1,0,13,14,8,2026,0,4,0,2,45,Afternoon,No Alternate Route,5
2026-08-14 13:50:00,17.42289379769566,78.4746469095131,265,57,Moderate,2,4,1,0,13,14,8,2026,0,4,0,2,50,Afternoon,No Alternate Route,5
2026-08-14 13:55:00,17.38569629538322,78.4868436499039,221,54,Moderate,2,0,2,0,13,14,8,2026,0,4,0,2,55,Afternoon,No Alternate Route,5
2026-08-14 14:00:00,17.38427309125247,78.48756479454498,334,36,High,2,0,1,0,14,14,8,2026,0,4,0,2,0,Afternoon,No Alternate Route,15
2026-08-14 14:05:00,17.45094940969985,78.38436310418768,302,37,High,1,2,0,0,14,14,8,2026,0,4,0,2,5,Afternoon,No Alternate Route,15
2026-08-14 14:10:00,17.38417304571393,78.48852663505356,343,33,High,3,0,1,0,14,14,8,2026,0,4,0,2,10,Afternoon,No Alternate Route,15
2026-08-14 14:15:00,17.41240163246995,78.4462268438143,212,47,Moderate,2,1,2,0,14,14,8,2026,0,4,0,2,15,Afternoon,No Alternate Route,5
2026-08-14 14:20:00,17.41257603355838,78.44815680820025,309,33,High,1,1,1,0,14,14,8,2026,0,4,0,2,20,Afternoon,No Alternate Route,15
2026-08-14 14:25:00,17.42282917312923,78.47224417589364,332,36,High,3,4,1,0,14,14,8,2026,0,4,0,2,25,Afternoon,No Alternate Route,15
2026-08-14 14:30:00,17.49307522716565,78.39247733075183,297,49,Moderate,3,3,0,0,14,14,8,2026,0,4,0,2,30,Afternoon,No Alternate Route,5
2026-08-14 14:35:00,17.41153420166177,78.44709582334151,209,40,Moderate,1,1,1,0,14,14,8,2026,0,4,0,2,35,Afternoon,No Alternate Route,5
2026-08-14 14:40:00,17.44842814225861,78.38296871350217,307,32,High,1,2,0,0,14,14,8,2026,0,4,0,2,40,Afternoon,No Alternate Route,15
2026-08-14 14:45:00,17.38635782970264,78.48624588623088,259,40,Moderate,1,0,0,0,14,14,8,2026,0,4,0,2,45,Afternoon,No Alternate Route,5
2026-08-14 14:50:00,17.44870822965257,78.38177910481181,239,52,Moderate,0,2,0,0,14,14,8,2026,0,4,0,2,50,Afternoon,No Alternate Route,5
2026-08-14 14:55:00,17.42293916357802,78.4725612275792,270,54,Moderate,1,4,1,0,14,14,8,2026,0,4,0,2,55,Afternoon,No Alternate Route,5
2026-08-14 15:00:00,17.4239121448007,78.47467925224615,192,41,Moderate,2,4,2,0,15,14,8,2026,0,4,0,2,0,Afternoon,No Alternate Route,5
2026-08-14 15:05:00,17.49454136921791,78.39112648773141,345,26,High,2,3,0,0,15,14,8,2026,0,4,0,2,5,Afternoon,No Alternate Route,15
2026-08-14 15:10:00,17.3848296473917,78.48626122697821,288,48,Moderate,3,0,1,0,15,14,8,2026,0,4,0,2,10,Afternoon,No Alternate Route,5
2026-08-14 15:15:00,17.42352300873333,78.47247613640931,208,50,Moderate,1,4,0,0,15,14,8,2026,0,4,0,2,15,Afternoon,No Alternate Route,5
2026-08-14 15:20:00,17.45069011936158,78.38070743428688,218,41,Moderate,2,2,0,0,15,14,8,2026,0,4,0,2,20,Afternoon,No Alternate Route,5
2026-08-14 15:25:00,17.4107102034596,78.44988527976827,331,38,High,0,1,1,0,15,14,8,2026,0,4,0,2,25,Afternoon,No Alternate Route,15
2026-08-14 15:30:00,17.45018586290738,78.38388384877562,277,53,Moderate,2,2,2,0,15,14,8,2026,0,4,0,2,30,Afternoon,No Alternate Route,5
2026-08-14 15:35:00,17.45192604771816,78.38425436414767,273,58,Moderate,0,2,1,0,15,14,8,2026,0,4,0,2,35,Afternoon,No Alternate Route,5
2026-08-14 15:40:00,17.42404416478031,78.4722018418908,240,47,Moderate,1,4,0,0,15,14,8,2026,0,4,0,2,40,Afternoon,No Alternate Route,5
2026-08-14 15:45:00,17.41417464102313,78.44631136855601,198,59,Moderate,3,1,1,0,15,14,8,2026,0,4,0,2,45,Afternoon,No Alternate Route,5
2026-08-14 15:50:00,17.42403676709289,78.47235479597065,308,34,High,2,4,2,1,15,14,8,2026,0,4,0,2,50,Afternoon,No Alternate Route,15
2026-08-14 15:55:00,17.42521112312946,78.47235740262059,349,23,High,0,4,2,0,15,14,8,2026,0,4,0,2,55,Afternoon,No Alternate Route,15
2026-08-14 16:00:00,17.49610681708832,78.39020530791012,310,21,High,3,3,1,0,16,14,8,2026,0,4,0,2,0,Afternoon,No Alternate Route,15
2026-08-14 16:05:00,17.4118041695456,78.4473500173805,372,34,High,1,1,1,0,16,14,8,2026,0,4,0,2,5,Afternoon,No Alternate Route,15
2026-08-14 16:10:00,17.4231156324873,78.47411669677525,443,26,High,2,4,1,0,16,14,8,2026,0,4,0,2,10,Afternoon,No Alternate Route,15
2026-08-14 16:15:00,17.45002923150459,78.38446771617342,397,30,High,1,2,1,1,16,14,8,2026,0,4,0,2,15,Afternoon,No Alternate Route,15
2026-08-14 16:20:00,17.41112074143369,78.44711617486847,452,31,High,0,1,1,0,16,14,8,2026,0,4,0,2,20,Afternoon,No Alternate Route,15
2026-08-14 16:25:00,17.38465109403052,78.48836372568607,390,20,High,1,0,0,0,16,14,8,2026,0,4,0,2,25,Afternoon,No Alternate Route,15
2026-08-14 16:30:00,17.49388839229951,78.3899411496466,333,33,High,3,3,1,0,16,14,8,2026,0,4,0,2,30,Afternoon,No Alternate Route,15
2026-08-14 16:35:00,17.49575619332645,78.39058200111621,304,24,High,1,3,0,0,16,14,8,2026,0,4,0,2,35,Afternoon,No Alternate Route,15
2026-08-14 16:40:00,17.49518959198756,78.39338528978153,374,39,High,0,3,1,0,16,14,8,2026,0,4,0,2,40,Afternoon,No Alternate Route,15
2026-08-14 16:45:00,17.49652300737526,78.39285500339115,373,31,High,2,3,1,0,16,14,8,2026,0,4,0,2,45,Afternoon,No Alternate Route,15
2026-08-14 16:50:00,17.42425729528599,78.47448822665115,455,26,High,1,4,2,0,16,14,8,2026,0,4,0,2,50,Afternoon,No Alternate Route,15
2026-08-14 16:55:00,17.42259247563142,78.47478130098236,377,32,High,0,4,1,0,16,14,8,2026,0,4,0,2,55,Afternoon,No Alternate Route,15
2026-08-14 17:00:00,17.38687523585086,78.48668233382952,390,24,High,1,0,1,0,17,14,8,2026,0,4,0,0,0,Evening,No Alternate Route,15
2026-08-14 17:05:00,17.44933833715476,78.38287540117634,407,39,High,1,2,1,0,17,14,8,2026,0,4,0,0,5,Evening,No Alternate Route,15
2026-08-14 17:10:00,17.450866442065,78.38418174342135,414,30,High,1,2,1,0,17,14,8,2026,0,4,0,0,10,Evening,No Alternate Route,15
2026-08-14 17:15:00,17.38547269681465,78.48814060889808,497,20,High,1,0,1,0,17,14,8,2026,0,4,0,0,15,Evening,No Alternate Route,15
2026-08-14 17:20:00,17.42201972641467,78.47331404082108,359,39,High,2,4,0,0,17,14,8,2026,0,4,0,0,20,Evening,No Alternate Route,15
2026-08-14 17:25:00,17.45131039847977,78.3824486053205,322,22,High,1,2,1,0,17,14,8,2026,0,4,0,0,25,Evening,No Alternate Route,15
2026-08-14 17:30:00,17.38570986958303,78.48640220810175,435,29,High,2,0,2,0,17,14,8,2026,0,4,0,0,30,Evening,No Alternate Route,15
2026-08-14 17:35:00,17.38456195600914,78.48596194534304,354,26,High,2,0,2,0,17,14,8,2026,0,4,0,0,35,Evening,No Alternate Route,15
2026-08-14 17:40:00,17.42439384738615,78.4755969747811,416,29,High,0,4,0,0,17,14,8,2026,0,4,0,0,40,Evening,No Alternate Route,15
2026-08-14 17:45:00,17.45215359592411,78.38062773010637,404,21,High,2,2,0,0,17,14,8,2026,0,4,0,0,45,Evening,No Alternate Route,15
2026-08-14 17:50:00,17.41198196555153,78.44976466037872,446,32,High,3,1,2,0,17,14,8,2026,0,4,0,0,50,Evening,No Alternate Route,15
2026-08-14 17:55:00,17.42331487641711,78.4736818630774,368,31,High,0,4,0,0,17,14,8,2026,0,4,0,0,55,Evening,No Alternate Route,15
2026-08-14 18:00:00,17.49391331421115,78.39110244761935,788,19,Severe,0,3,1,0,18,14,8,2026,0,4,0,0,0,Evening,No Alternate Route,30
2026-08-14 18:05:00,17.38559063195344,78.48475498613469,776,20,Severe,3,0,2,0,18,14,8,2026,0,4,0,0,5,Evening,No Alternate Route,30
2026-08-14 18:10:00,17.41200992023596,78.44662043504458,762,19,Severe,0,1,0,0,18,14,8,2026,0,4,0,0,10,Evening,No Alternate Route,30
2026-08-14 18:15:00,17.42560103085278,78.47542230801048,597,38,High,2,4,2,0,18,14,8,2026,0,4,0,0,15,Evening,No Alternate Route,15
2026-08-14 18:20:00,17.4955059306476,78.39060047587205,677,17,Severe,0,3,0,0,18,14,8,2026,0,4,0,0,20,Evening,No Alternate Route,30
2026-08-14 18:25:00,17.4251497333666,78.47306323392128,596,22,High,3,4,1,0,18,14,8,2026,0,4,0,0,25,Evening,No Alternate Route,15
2026-08-14 18:30:00,17.45094348649291,78.3817948024456,750,11,Severe,2,2,1,0,18,14,8,2026,0,4,0,0,30,Evening,No Alternate Route,30
2026-08-14 18:35:00,17.45194779165169,78.38389371313161,693,14,Severe,2,2,0,0,18,14,8,2026,0,4,0,0,35,Evening,No Alternate Route,30
2026-08-14 18:40:00,17.44899159287021,78.38132749690733,777,20,Severe,3,2,2,0,18,14,8,2026,0,4,0,0,40,Evening,No Alternate Route,30
2026-08-14 18:45:00,17.49656873290129,78.3935554160183,576,40,High,0,3,2,0,18,14,8,2026,0,4,0,0,45,Evening,No Alternate Route,15
2026-08-14 18:50:00,17.45020543267053,78.38342315979929,551,30,High,0,2,2,0,18,14,8,2026,0,4,0,0,50,Evening,No Alternate Route,15
2026-08-14 18:55:00,17.41372787253906,78.44715092288446,542,40,High,1,1,0,0,18,14,8,2026,0,4,0,0,55,Evening,No Alternate Route,15
2026-08-14 19:00:00,17.42380197604356,78.47396389934626,536,37,High,0,4,1,0,19,14,8,2026,0,4,0,0,0,Evening,No Alternate Route,15
2026-08-14 19:05:00,17.495819017593,78.39368039134945,514,32,High,0,3,1,0,19,14,8,2026,0,4,0,0,5,Evening,No Alternate Route,15
2026-08-14 19:10:00,17.45011752179498,78.38402493456793,775,13,Severe,0,2,1,0,19,14,8,2026,0,4,0,0,10,Evening,No Alternate Route,30
2026-08-14 19:15:00,17.41213308456305,78.44795751448575,774,10,Severe,3,1,1,0,19,14,8,2026,0,4,0,0,15,Evening,No Alternate Route,30
2026-08-14 19:20:00,17.44912536706634,78.3834458365319,670,13,Severe,3,2,1,0,19,14,8,2026,0,4,0,0,20,Evening,No Alternate Route,30
2026-08-14 19:25:00,17.42383748691652,78.47437926106656,752,11,Severe,2,4,0,0,19,14,8,2026,0,4,0,0,25,Evening,No Alternate Route,30
2026-08-14 19:30:00,17.49442454368443,78.39146893415288,751,17,Severe,1,3,2,0,19,14,8,2026,0,4,0,0,30,Evening,No Alternate Route,30
2026-08-14 19:35:00,17.45019409758967,78.38112967944704,644,14,Severe,1,2,1,0,19,14,8,2026,0,4,0,0,35,Evening,No Alternate Route,30
2026-08-14 19:40:00,17.41436498987167,78.44807977177531,679,18,Severe,1,1,1,0,19,14,8,2026,0,4,0,0,40,Evening,No Alternate Route,30
2026-08-14 19:45:00,17.41259781220808,78.44830192743844,640,20,Severe,1,1,1,0,19,14,8,2026,0,4,0,0,45,Evening,No Alternate Route,30
2026-08-14 19:50:00,17.49471247782272,78.39030743951551,692,20,Severe,0,3,0,0,19,14,8,2026,0,4,0,0,50,Evening,No Alternate Route,30
2026-08-14 19:55:00,17.4504168446634,78.38195388899835,616,16,Severe,1,2,0,0,19,14,8,2026,0,4,0,0,55,Evening,No Alternate Route,30
2026-08-14 20:00:00,17.41228434316634,78.44625750942184,701,13,Severe,2,1,1,0,20,14,8,2026,0,4,0,0,0,Evening,No Alternate Route,30
2026-08-14 20:05:00,17.42413139892157,78.47243990304685,536,40,High,0,4,2,0,20,14,8,2026,0,4,0,0,5,Evening,No Alternate Route,15
2026-08-14 20:10:00,17.38316792352649,78.48706090314018,677,16,Severe,3,0,1,0,20,14,8,2026,0,4,0,0,10,Evening,No Alternate Route,30
2026-08-14 20:15:00,17.38425096607962,78.48619144330848,666,14,Severe,0,0,2,0,20,14,8,2026,0,4,0,0,15,Evening,No Alternate Route,30
2026-08-14 20:20:00,17.41141555025314,78.44875476124365,620,10,Severe,0,1,1,0,20,14,8,2026,0,4,0,0,20,Evening,No Alternate Route,30
2026-08-14 20:25:00,17.4119415104345,78.44676024869189,652,16,Severe,1,1,1,0,20,14,8,2026,0,4,0,0,25,Evening,No Alternate Route,30
2026-08-14 20:30:00,17.42352918286244,78.47458440399852,699,15,Severe,3,4,1,0,20,14,8,2026,0,4,0,0,30,Evening,No Alternate Route,30
2026-08-14 20:35:00,17.49584021062532,78.39291838257796,600,21,High,1,3,0,0,20,14,8,2026,0,4,0,0,35,Evening,No Alternate Route,15
2026-08-14 20:40:00,17.49577719583003,78.39037733734452,623,15,Severe,1,3,0,0,20,14,8,2026,0,4,0,0,40,Evening,No Alternate Route,30
2026-08-14 20:45:00,17.41108714861706,78.44780317489395,584,39,High,1,1,0,0,20,14,8,2026,0,4,0,0,45,Evening,No Alternate Route,15
2026-08-14 20:50:00,17.45225133962878,78.38445078991266,737,16,Severe,2,2,1,0,20,14,8,2026,0,4,0,0,50,Evening,No Alternate Route,30
2026-08-14 20:55:00,17.4233563748372,78.47354223742323,652,11,Severe,1,4,1,0,20,14,8,2026,0,4,0,0,55,Evening,No Alternate Route,30
2026-08-14 21:00:00,17.4131304867683,78.44621420226204,88,79,Low,2,1,1,0,21,14,8,2026,0,4,0,0,0,Night,No Alternate Route,0
2026-08-14 21:05:00,17.38321791215358,78.4879020537586,175,46,Moderate,3,0,2,1,21,14,8,2026,0,4,0,0,5,Night,No Alternate Route,5
2026-08-14 21:10:00,17.38514149137395,78.48487993881345,96,68,Low,3,0,2,0,21,14,8,2026,0,4,0,0,10,Night,No Alternate Route,0
2026-08-14 21:15:00,17.49660833901345,78.3935881497575,140,58,Moderate,0,3,2,0,21,14,8,2026,0,4,0,0,15,Night,No Alternate Route,5
2026-08-14 21:20:00,17.44848863466703,78.38134412393778,83,65,Low,1,2,1,0,21,14,8,2026,0,4,0,0,20,Night,No Alternate Route,0
2026-08-14 21:25:00,17.42253917551446,78.47488078356498,161,41,Moderate,0,4,1,0,21,14,8,2026,0,4,0,0,25,Night,No Alternate Route,5
2026-08-14 21:30:00,17.42195223552358,78.47558507507408,167,44,Moderate,3,4,1,0,21,14,8,2026,0,4,0,0,30,Night,No Alternate Route,5
2026-08-14 21:35:00,17.45035714161953,78.38068701512819,90,71,Low,3,2,0,0,21,14,8,2026,0,4,0,0,35,Night,No Alternate Route,0
2026-08-14 21:40:00,17.41409642283266,78.44726050386254,171,51,Moderate,1,1,0,0,21,14,8,2026,0,4,0,0,40,Night,No Alternate Route,5
2026-08-14 21:45:00,17.42300987568561,78.4744962007422,81,73,Low,2,4,0,0,21,14,8,2026,0,4,0,0,45,Night,No Alternate Route,0
2026-08-14 21:50:00,17.41381177903114,78.44826685937855,153,58,Moderate,2,1,0,0,21,14,8,2026,0,4,0,0,50,Night,No Alternate Route,5
2026-08-14 21:55:00,17.41225185778263,78.44960409616964,139,58,Moderate,1,1,0,0,21,14,8,2026,0,4,0,0,55,Night,No Alternate Route,5
2026-08-14 22:00:00,17.38364510492684,78.48660998019355,161,51,Moderate,0,0,0,0,22,14,8,2026,0,4,0,2,0,Night,No Alternate Route,5
2026-08-14 22:05:00,17.42249344460776,78.47531871031431,142,42,Moderate,2,4,1,0,22,14,8,2026,0,4,0,2,5,Night,No Alternate Route,5
2026-08-14 22:10:00,17.41243614974973,78.44977952324369,123,60,Moderate,3,1,0,0,22,14,8,2026,0,4,0,2,10,Night,No Alternate Route,5
2026-08-14 22:15:00,17.41206031570563,78.44963202994568,145,50,Moderate,3,1,1,0,22,14,8,2026,0,4,0,2,15,Night,No Alternate Route,5
2026-08-14 22:20:00,17.45233518232289,78.3810795076983,81,68,Low,2,2,1,0,22,14,8,2026,0,4,0,2,20,Night,No Alternate Route,0
2026-08-14 22:25:00,17.42212692311502,78.47534956123259,175,59,Moderate,2,4,0,0,22,14,8,2026,0,4,0,2,25,Night,No Alternate Route,5
2026-08-14 22:30:00,17.49281261688619,78.39216925786764,140,56,Moderate,3,3,2,0,22,14,8,2026,0,4,0,2,30,Night,No Alternate Route,5
2026-08-14 22:35:00,17.44904571343585,78.38222506745822,124,42,Moderate,0,2,0,0,22,14,8,2026,0,4,0,2,35,Night,No Alternate Route,5
2026-08-14 22:40:00,17.45070767368765,78.38317545246088,106,40,Moderate,0,2,1,0,22,14,8,2026,0,4,0,2,40,Night,No Alternate Route,5
2026-08-14 22:45:00,17.49502948618184,78.39019506418902,174,44,Moderate,2,3,1,0,22,14,8,2026,0,4,0,2,45,Night,No Alternate Route,5
2026-08-14 22:50:00,17.42294010210192,78.47472171735653,149,43,Moderate,3,4,0,0,22,14,8,2026,0,4,0,2,50,Night,No Alternate Route,5
2026-08-14 22:55:00,17.45034419070974,78.38112103925008,140,45,Moderate,3,2,0,0,22,14,8,2026,0,4,0,2,55,Night,No Alternate Route,5
2026-08-14 23:00:00,17.38563775441977,78.48561523388972,141,58,Moderate,2,0,0,0,23,14,8,2026,0,4,0,2,0,Night,No Alternate Route,5
2026-08-14 23:05:00,17.38513743846476,78.48760878941138,101,41,Moderate,3,0,2,0,23,14,8,2026,0,4,0,2,5,Night,No Alternate Route,5
2026-08-14 23:10:00,17.41061795604197,78.44857298454764,105,52,Moderate,0,1,1,0,23,14,8,2026,0,4,0,2,10,Night,No Alternate Route,5
2026-08-14 23:15:00,17.45208726321379,78.38269910577733,176,48,Moderate,2,2,2,0,23,14,8,2026,0,4,0,2,15,Night,No Alternate Route,5
2026-08-14 23:20:00,17.38561072373171,78.4856030632109,102,47,Moderate,0,0,0,0,23,14,8,2026,0,4,0,2,20,Night,No Alternate Route,5
2026-08-14 23:25:00,17.42428425496955,78.4729031427418,165,56,Moderate,1,4,0,0,23,14,8,2026,0,4,0,2,25,Night,No Alternate Route,5
2026-08-14 23:30:00,17.41185916467433,78.44750456821986,169,41,Moderate,3,1,2,0,23,14,8,2026,0,4,0,2,30,Night,No Alternate Route,5
2026-08-14 23:35:00,17.4505227466216,78.38281558144341,101,50,Moderate,1,2,2,0,23,14,8,2026,0,4,0,2,35,Night,No Alternate Route,5
2026-08-14 23:40:00,17.49471032265601,78.39185099067826,134,52,Moderate,2,3,2,0,23,14,8,2026,0,4,0,2,40,Night,No Alternate Route,5
2026-08-14 23:45:00,17.41166822153023,78.44940774194997,81,60,Low,1,1,0,0,23,14,8,2026,0,4,0,2,45,Night,No Alternate Route,0
2026-08-14 23:50:00,17.41092595976202,78.44961495248634,85,69,Low,1,1,2,0,23,14,8,2026,0,4,0,2,50,Night,No Alternate Route,0
2026-08-14 23:55:00,17.3863797246628,78.48640461646771,153,56,Moderate,2,0,0,0,23,14,8,2026,0,4,0,2,55,Night,No Alternate Route,5
2026-08-15 00:00:00,17.4112884049306,78.44973183230178,64,61,Low,3,1,1,0,0,15,8,2026,2,5,1,2,0,Night,No Alternate Route,0
2026-08-15 00:05:00,17.42479409354193,78.47459034630145,31,77,Low,0,4,2,0,0,15,8,2026,2,5,1,2,5,Night,No Alternate Route,0
2026-08-15 00:10:00,17.41322639434824,78.45008223468265,25,65,Low,0,1,0,0,0,15,8,2026,2,5,1,2,10,Night,No Alternate Route,0
2026-08-15 00:15:00,17.42516844451573,78.47571353577484,25,61,Low,0,4,1,0,0,15,8,2026,2,5,1,2,15,Night,No Alternate Route,0
2026-08-15 00:20:00,17.42208206308086,78.47204127814173,20,72,Low,0,4,0,0,0,15,8,2026,2,5,1,2,20,Night,No Alternate Route,0
2026-08-15 00:25:00,17.41139029887999,78.44941798286791,74,70,Low,0,1,2,0,0,15,8,2026,2,5,1,2,25,Night,No Alternate Route,0
2026-08-15 00:30:00,17.3837744957342,78.48753017961624,40,61,Low,2,0,0,0,0,15,8,2026,2,5,1,2,30,Night,No Alternate Route,0
2026-08-15 00:35:00,17.41449112824711,78.4486274935561,71,60,Low,1,1,0,0,0,15,8,2026,2,5,1,2,35,Night,No Alternate Route,0
2026-08-15 00:40:00,17.45227267930093,78.38391919977562,44,78,Low,1,2,2,0,0,15,8,2026,2,5,1,2,40,Night,No Alternate Route,0
2026-08-15 00:45:00,17.41100418657043,78.44848579325453,22,74,Low,2,1,1,0,0,15,8,2026,2,5,1,2,45,Night,No Alternate Route,0
2026-08-15 00:50:00,17.42472072928283,78.47400362919846,71,66,Low,2,4,2,0,0,15,8,2026,2,5,1,2,50,Night,No Alternate Route,0
2026-08-15 00:55:00,17.42420551174797,78.47546743848582,78,72,Low,1,4,2,0,0,15,8,2026,2,5,1,2,55,Night,No Alternate Route,0
2026-08-15 01:00:00,17.42582003847625,78.47534090601631,57,74,Low,2,4,2,0,1,15,8,2026,2,5,1,2,0,Night,No Alternate Route,0
2026-08-15 01:05:00,17.41255236856345,78.44805538456856,60,68,Low,1,1,0,0,1,15,8,2026,2,5,1,2,5,Night,No Alternate Route,0
2026-08-15 01:10:00,17.42303498747074,78.47500684309837,78,62,Low,2,4,0,0,1,15,8,2026,2,5,1,2,10,Night,No Alternate Route,0
2026-08-15 01:15:00,17.38521365627457,78.48608490657425,49,70,Low,2,0,1,0,1,15,8,2026,2,5,1,2,15,Night,No Alternate Route,0
2026-08-15 01:20:00,17.38626697589142,78.48736743881487,39,66,Low,2,0,2,0,1,15,8,2026,2,5,1,2,20,Night,No Alternate Route,0
2026-08-15 01:25:00,17.49660836611935,78.3921065034365,35,63,Low,2,3,2,1,1,15,8,2026,2,5,1,2,25,Night,No Alternate Route,0
2026-08-15 01:30:00,17.38687572571384,78.4868825258922,35,65,Low,2,0,2,0,1,15,8,2026,2,5,1,2,30,Night,No Alternate Route,0
2026-08-15 01:35:00,17.38526317372822,78.48809305951521,48,73,Low,0,0,1,0,1,15,8,2026,2,5,1,2,35,Night,No Alternate Route,0
2026-08-15 01:40:00,17.38389507512945,78.4871667859246,73,64,Low,2,0,2,0,1,15,8,2026,2,5,1,2,40,Night,No Alternate Route,0
2026-08-15 01:45:00,17.38687891147448,78.4875617909117,50,62,Low,3,0,2,0,1,15,8,2026,2,5,1,2,45,Night,No Alternate Route,0
2026-08-15 01:50:00,17.49585059835197,78.38974430456459,53,71,Low,0,3,1,0,1,15,8,2026,2,5,1,2,50,Night,No Alternate Route,0
2026-08-15 01:55:00,17.45022198789508,78.38371879535772,38,76,Low,2,2,2,0,1,15,8,2026,2,5,1,2,55,Night,No Alternate Route,0
2026-08-15 02:00:00,17.49592892264968,78.39271175835779,59,71,Low,3,3,2,0,2,15,8,2026,2,5,1,2,0,Night,No Alternate Route,0
2026-08-15 02:05:00,17.38310882863747,78.48667256829913,25,68,Low,3,0,2,0,2,15,8,2026,2,5,1,2,5,Night,No Alternate Route,0
2026-08-15 02:10:00,17.45206078708304,78.3808434583731,72,69,Low,3,2,1,0,2,15,8,2026,2,5,1,2,10,Night,No Alternate Route,0
2026-08-15 02:15:00,17.44987450666551,78.38423682835696,51,63,Low,2,2,0,0,2,15,8,2026,2,5,1,2,15,Night,No Alternate Route,0
2026-08-15 02:20:00,17.49656221766693,78.39161598216764,65,76,Low,0,3,0,0,2,15,8,2026,2,5,1,2,20,Night,No Alternate Route,0
2026-08-15 02:25:00,17.38398436066518,78.4868156898716,58,63,Low,1,0,0,0,2,15,8,2026,2,5,1,2,25,Night,No Alternate Route,0
2026-08-15 02:30:00,17.3857232160042,78.48546548711369,31,70,Low,3,0,2,0,2,15,8,2026,2,5,1,2,30,Night,No Alternate Route,0
2026-08-15 02:35:00,17.49668419124023,78.39347073111131,69,70,Low,1,3,2,0,2,15,8,2026,2,5,1,2,35,Night,No Alternate Route,0
2026-08-15 02:40:00,17.41446780806448,78.44821536852176,73,64,Low,2,1,1,0,2,15,8,2026,2,5,1,2,40,Night,No Alternate Route,0
2026-08-15 02:45:00,17.44907963133778,78.38390672767788,22,75,Low,3,2,0,0,2,15,8,2026,2,5,1,2,45,Night,No Alternate Route,0
2026-08-15 02:50:00,17.42474428139623,78.4753417595308,74,66,Low,2,4,0,0,2,15,8,2026,2,5,1,2,50,Night,No Alternate Route,0
2026-08-15 02:55:00,17.42281761563999,78.47502257399324,59,61,Low,1,4,2,0,2,15,8,2026,2,5,1,2,55,Night,No Alternate Route,0
2026-08-15 03:00:00,17.45179328896186,78.38148186234645,60,61,Low,0,2,1,0,3,15,8,2026,2,5,1,2,0,Night,No Alternate Route,0
2026-08-15 03:05:00,17.41081893951843,78.44764267423865,37,77,Low,0,1,1,0,3,15,8,2026,2,5,1,2,5,Night,No Alternate Route,0
2026-08-15 03:10:00,17.49569490693532,78.39036524836837,54,69,Low,0,3,0,0,3,15,8,2026,2,5,1,2,10,Night,No Alternate Route,0
2026-08-15 03:15:00,17.38471182910781,78.48574973837826,32,60,Low,2,0,0,0,3,15,8,2026,2,5,1,2,15,Night,No Alternate Route,0
2026-08-15 03:20:00,17.42351069947957,78.47500981480198,46,63,Low,2,4,1,0,3,15,8,2026,2,5,1,2,20,Night,No Alternate Route,0
2026-08-15 03:25:00,17.49364466714283,78.39122158837903,71,78,Low,2,3,1,0,3,15,8,2026,2,5,1,2,25,Night,No Alternate Route,0
2026-08-15 03:30:00,17.41400249964198,78.44705375683404,64,72,Low,0,1,0,0,3,15,8,2026,2,5,1,2,30,Night,No Alternate Route,0
2026-08-15 03:35:00,17.38428746436495,78.48740959983115,59,69,Low,2,0,0,0,3,15,8,2026,2,5,1,2,35,Night,No Alternate Route,0
2026-08-15 03:40:00,17.45219440709057,78.38360827259781,42,71,Low,2,2,2,0,3,15,8,2026,2,5,1,2,40,Night,No Alternate Route,0
2026-08-15 03:45:00,17.38626835147482,78.48854728016674,26,80,Low,0,0,1,0,3,15,8,2026,2,5,1,2,45,Night,No Alternate Route,0
2026-08-15 03:50:00,17.4498084846818,78.38365420178934,50,73,Low,1,2,2,0,3,15,8,2026,2,5,1,2,50,Night,No Alternate Route,0
2026-08-15 03:55:00,17.49567044297762,78.39293401018557,38,73,Low,2,3,1,0,3,15,8,2026,2,5,1,2,55,Night,No Alternate Route,0
2026-08-15 04:00:00,17.49355625631365,78.39367646849679,46,73,Low,3,3,1,0,4,15,8,2026,2,5,1,2,0,Night,No Alternate Route,0
2026-08-15 04:05:00,17.45090085038951,78.38266345285692,43,63,Low,1,2,1,0,4,15,8,2026,2,5,1,2,5,Night,No Alternate Route,0
2026-08-15 04:10:00,17.44901613957441,78.38188704831582,69,73,Low,3,2,0,0,4,15,8,2026,2,5,1,2,10,Night,No Alternate Route,0
2026-08-15 04:15:00,17.4949506077121,78.39295555652383,57,74,Low,3,3,2,0,4,15,8,2026,2,5,1,2,15,Night,No Alternate Route,0
2026-08-15 04:20:00,17.44910898944461,78.38382416862724,22,71,Low,2,2,1,0,4,15,8,2026,2,5,1,2,20,Night,No Alternate Route,0
2026-08-15 04:25:00,17.38349823467674,78.48522673917952,48,60,Low,3,0,0,0,4,15,8,2026,2,5,1,2,25,Night,No Alternate Route,0
2026-08-15 04:30:00,17.38428151436855,78.48558382232888,55,80,Low,2,0,0,0,4,15,8,2026,2,5,1,2,30,Night,No Alternate Route,0
2026-08-15 04:35:00,17.42427378591719,78.47376821067961,78,79,Low,3,4,2,0,4,15,8,2026,2,5,1,2,35,Night,No Alternate Route,0
2026-08-15 04:40:00,17.38637134777332,78.48766600984985,67,79,Low,1,0,1,0,4,15,8,2026,2,5,1,2,40,Night,No Alternate Route,0
2026-08-15 04:45:00,17.38645880010423,78.48783341602578,67,73,Low,2,0,2,0,4,15,8,2026,2,5,1,2,45,Night,No Alternate Route,0
2026-08-15 04:50:00,17.45169524414363,78.38232120790924,35,75,Low,1,2,2,0,4,15,8,2026,2,5,1,2,50,Night,No Alternate Route,0
2026-08-15 04:55:00,17.42531848535705,78.47185826206355,34,69,Low,0,4,2,0,4,15,8,2026,2,5,1,2,55,Night,No Alternate Route,0
2026-08-15 05:00:00,17.38532418015492,78.48545581955985,116,51,Moderate,3,0,2,0,5,15,8,2026,2,5,1,2,0,Morning,No Alternate Route,5
2026-08-15 05:05:00,17.45210122064814,78.38216022396333,126,53,Moderate,3,2,1,0,5,15,8,2026,2,5,1,2,5,Morning,No Alternate Route,5
2026-08-15 05:10:00,17.38523178105856,78.48865904549125,111,57,Moderate,2,0,1,0,5,15,8,2026,2,5,1,2,10,Morning,No Alternate Route,5
2026-08-15 05:15:00,17.49411983358895,78.38994819789785,143,59,Moderate,3,3,0,0,5,15,8,2026,2,5,1,2,15,Morning,No Alternate Route,5
2026-08-15 05:20:00,17.42252467413865,78.47391900976493,180,58,Moderate,3,4,0,0,5,15,8,2026,2,5,1,2,20,Morning,No Alternate Route,5
2026-08-15 05:25:00,17.42396504686623,78.47357836992045,158,52,Moderate,0,4,0,0,5,15,8,2026,2,5,1,2,25,Morning,No Alternate Route,5
2026-08-15 05:30:00,17.42492563199326,78.4753205022837,127,53,Moderate,0,4,2,0,5,15,8,2026,2,5,1,2,30,Morning,No Alternate Route,5
2026-08-15 05:35:00,17.42380720963164,78.47416125033773,114,43,Moderate,0,4,0,0,5,15,8,2026,2,5,1,2,35,Morning,No Alternate Route,5
2026-08-15 05:40:00,17.42195319081104,78.47519078454015,141,50,Moderate,2,4,2,0,5,15,8,2026,2,5,1,2,40,Morning,No Alternate Route,5
2026-08-15 05:45:00,17.45224279185686,78.38422711420992,105,57,Moderate,0,2,1,0,5,15,8,2026,2,5,1,2,45,Morning,No Alternate Route,5
2026-08-15 05:50:00,17.44865992729999,78.38116226346011,138,46,Moderate,3,2,1,0,5,15,8,2026,2,5,1,2,50,Morning,No Alternate Route,5
2026-08-15 05:55:00,17.38630785418204,78.48470807751164,99,65,Low,0,0,1,0,5,15,8,2026,2,5,1,2,55,Morning,No Alternate Route,0
2026-08-15 06:00:00,17.38440255811805,78.48776171054368,123,60,Moderate,3,0,1,0,6,15,8,2026,2,5,1,2,0,Morning,No Alternate Route,5
2026-08-15 06:05:00,17.45100301583665,78.38216788515307,151,60,Moderate,1,2,0,0,6,15,8,2026,2,5,1,2,5,Morning,No Alternate Route,5
2026-08-15 06:10:00,17.45228596897054,78.38435690914913,141,54,Moderate,0,2,0,0,6,15,8,2026,2,5,1,2,10,Morning,No Alternate Route,5
2026-08-15 06:15:00,17.42333709135562,78.47567284708265,154,44,Moderate,0,4,1,0,6,15,8,2026,2,5,1,2,15,Morning,No Alternate Route,5
2026-08-15 06:20:00,17.49454526748424,78.39062262544782,175,40,Moderate,2,3,1,0,6,15,8,2026,2,5,1,2,20,Morning,No Alternate Route,5
2026-08-15 06:25:00,17.38634819652657,78.48713076099773,114,48,Moderate,1,0,1,0,6,15,8,2026,2,5,1,2,25,Morning,No Alternate Route,5
2026-08-15 06:30:00,17.49501544905911,78.39270206901601,97,77,Low,1,3,0,0,6,15,8,2026,2,5,1,2,30,Morning,No Alternate Route,0
2026-08-15 06:35:00,17.41427151069304,78.44723114739621,93,62,Low,2,1,2,0,6,15,8,2026,2,5,1,2,35,Morning,No Alternate Route,0
2026-08-15 06:40:00,17.42313522343601,78.4729034845994,119,42,Moderate,1,4,2,0,6,15,8,2026,2,5,1,2,40,Morning,No Alternate Route,5
2026-08-15 06:45:00,17.41142957292923,78.44900596791601,111,59,Moderate,3,1,2,0,6,15,8,2026,2,5,1,2,45,Morning,No Alternate Route,5
2026-08-15 06:50:00,17.42411057214671,78.47269283613183,172,41,Moderate,2,4,1,0,6,15,8,2026,2,5,1,2,50,Morning,No Alternate Route,5
2026-08-15 06:55:00,17.38317698333411,78.48546223565407,158,44,Moderate,2,0,0,0,6,15,8,2026,2,5,1,2,55,Morning,No Alternate Route,5
2026-08-15 07:00:00,17.45164900932749,78.38321027635405,518,34,High,1,2,2,0,7,15,8,2026,2,5,1,1,0,Morning,No Alternate Route,15
2026-08-15 07:05:00,17.42376006936728,78.47488681435443,618,10,Severe,0,4,0,0,7,15,8,2026,2,5,1,1,5,Morning,No Alternate Route,30
2026-08-15 07:10:00,17.44894863606484,78.3813448797292,491,33,High,1,2,1,0,7,15,8,2026,2,5,1,1,10,Morning,No Alternate Route,15
2026-08-15 07:15:00,17.49493445309983,78.39325087532852,523,36,High,3,3,0,0,7,15,8,2026,2,5,1,1,15,Morning,No Alternate Route,15
2026-08-15 07:20:00,17.42523981471121,78.4734242666204,681,19,Severe,1,4,0,0,7,15,8,2026,2,5,1,1,20,Morning,No Alternate Route,30
2026-08-15 07:25:00,17.42299549321799,78.47455449527739,657,17,Severe,3,4,0,0,7,15,8,2026,2,5,1,1,25,Morning,No Alternate Route,30
2026-08-15 07:30:00,17.44889167554336,78.38147313951764,699,17,Severe,3,2,0,0,7,15,8,2026,2,5,1,1,30,Morning,No Alternate Route,30
2026-08-15 07:35:00,17.42344665314289,78.47551982822482,602,13,Severe,3,4,0,0,7,15,8,2026,2,5,1,1,35,Morning,No Alternate Route,30
2026-08-15 07:40:00,17.49537045146036,78.39333842047253,528,37,High,2,3,1,0,7,15,8,2026,2,5,1,1,40,Morning,No Alternate Route,15
2026-08-15 07:45:00,17.49458206437244,78.39132963254579,695,15,Severe,3,3,1,0,7,15,8,2026,2,5,1,1,45,Morning,No Alternate Route,30
2026-08-15 07:50:00,17.45088393833413,78.38282300699976,521,31,High,0,2,0,0,7,15,8,2026,2,5,1,1,50,Morning,No Alternate Route,15
2026-08-15 07:55:00,17.42340276473622,78.47451335251421,478,24,High,0,4,1,0,7,15,8,2026,2,5,1,1,55,Morning,No Alternate Route,15
2026-08-15 08:00:00,17.41299448417046,78.44789308992426,625,17,Severe,0,1,2,0,8,15,8,2026,2,5,1,1,0,Morning,No Alternate Route,30
2026-08-15 08:05:00,17.49554092735456,78.39258102402738,625,18,Severe,0,3,1,0,8,15,8,2026,2,5,1,1,5,Morning,No Alternate Route,30
2026-08-15 08:10:00,17.38324798291615,78.4856495354535,498,23,High,1,0,0,0,8,15,8,2026,2,5,1,1,10,Morning,No Alternate Route,15
2026-08-15 08:15:00,17.49667268481301,78.39264225755267,534,22,High,0,3,0,0,8,15,8,2026,2,5,1,1,15,Morning,No Alternate Route,15
2026-08-15 08:20:00,17.42402390515515,78.47308902906917,661,20,Severe,3,4,1,0,8,15,8,2026,2,5,1,1,20,Morning,No Alternate Route,30
2026-08-15 08:25:00,17.41357869185773,78.44942548510373,468,38,High,2,1,2,0,8,15,8,2026,2,5,1,1,25,Morning,No Alternate Route,15
2026-08-15 08:30:00,17.38675288836788,78.48552882007776,623,19,Severe,2,0,2,0,8,15,8,2026,2,5,1,1,30,Morning,No Alternate Route,30
2026-08-15 08:35:00,17.44939964901726,78.38455717236714,482,23,High,3,2,0,0,8,15,8,2026,2,5,1,1,35,Morning,No Alternate Route,15
2026-08-15 08:40:00,17.49636112166277,78.39285268493242,629,10,Severe,3,3,2,0,8,15,8,2026,2,5,1,1,40,Morning,No Alternate Route,30
2026-08-15 08:45:00,17.42255065703788,78.47215561847858,623,20,Severe,2,4,1,0,8,15,8,2026,2,5,1,1,45,Morning,No Alternate Route,30
2026-08-15 08:50:00,17.44853236815887,78.38286371638507,530,33,High,2,2,1,0,8,15,8,2026,2,5,1,1,50,Morning,No Alternate Route,15
2026-08-15 08:55:00,17.38338404275214,78.48491978831423,685,19,Severe,1,0,2,0,8,15,8,2026,2,5,1,1,55,Morning,No Alternate Route,30
2026-08-15 09:00:00,17.4248979798188,78.47456171801255,499,21,High,1,4,0,0,9,15,8,2026,2,5,1,1,0,Morning,No Alternate Route,15
2026-08-15 09:05:00,17.41229446381261,78.44647808577515,594,33,High,2,1,1,0,9,15,8,2026,2,5,1,1,5,Morning,No Alternate Route,15
2026-08-15 09:10:00,17.49447246191692,78.39288528601855,666,16,Severe,0,3,2,0,9,15,8,2026,2,5,1,1,10,Morning,No Alternate Route,30
2026-08-15 09:15:00,17.45193134996863,78.38204139590157,640,10,Severe,0,2,0,0,9,15,8,2026,2,5,1,1,15,Morning,No Alternate Route,30
2026-08-15 09:20:00,17.49635326212374,78.38972498534754,579,33,High,1,3,1,0,9,15,8,2026,2,5,1,1,20,Morning,No Alternate Route,15
2026-08-15 09:25:00,17.45127620030254,78.38397457438869,646,11,Severe,3,2,0,0,9,15,8,2026,2,5,1,1,25,Morning,No Alternate Route,30
2026-08-15 09:30:00,17.38450352916416,78.48522899119287,673,19,Severe,2,0,1,1,9,15,8,2026,2,5,1,1,30,Morning,No Alternate Route,30
2026-08-15 09:35:00,17.4519011133658,78.38347187713757,488,37,High,3,2,1,0,9,15,8,2026,2,5,1,1,35,Morning,No Alternate Route,15
2026-08-15 09:40:00,17.41291834297214,78.4501737891798,577,23,High,0,1,0,0,9,15,8,2026,2,5,1,1,40,Morning,No Alternate Route,15
2026-08-15 09:45:00,17.41445722869841,78.44661111067406,562,30,High,2,1,0,0,9,15,8,2026,2,5,1,1,45,Morning,No Alternate Route,15
2026-08-15 09:50:00,17.41110799494982,78.45008591805096,607,19,Severe,2,1,1,0,9,15,8,2026,2,5,1,1,50,Morning,No Alternate Route,30
2026-08-15 09:55:00,17.44870079136014,78.38344482550221,497,34,High,1,2,1,0,9,15,8,2026,2,5,1,1,55,Morning,No Alternate Route,15
2026-08-15 10:00:00,17.4131631047731,78.44869710857037,338,26,High,2,1,0,0,10,15,8,2026,2,5,1,1,0,Morning,No Alternate Route,15
2026-08-15 10:05:00,17.4964986267938,78.39096829681003,188,59,Moderate,2,3,2,0,10,15,8,2026,2,5,1,1,5,Morning,No Alternate Route,5
2026-08-15 10:10:00,17.38394043723991,78.48718088939542,270,53,Moderate,2,0,2,0,10,15,8,2026,2,5,1,1,10,Morning,No Alternate Route,5
2026-08-15 10:15:00,17.38558245669174,78.48632920617239,181,49,Moderate,2,0,0,0,10,15,8,2026,2,5,1,1,15,Morning,No Alternate Route,5
2026-08-15 10:20:00,17.49646454489539,78.39230881186,211,49,Moderate,3,3,1,0,10,15,8,2026,2,5,1,1,20,Morning,No Alternate Route,5
2026-08-15 10:25:00,17.49612939613242,78.39359186328157,284,42,Moderate,3,3,0,0,10,15,8,2026,2,5,1,1,25,Morning,No Alternate Route,5
2026-08-15 10:30:00,17.4962355375413,78.39047976631959,350,30,High,1,3,2,0,10,15,8,2026,2,5,1,1,30,Morning,No Alternate Route,15
2026-08-15 10:35:00,17.42433469064622,78.47292340797122,333,31,High,1,4,1,0,10,15,8,2026,2,5,1,1,35,Morning,No Alternate Route,15
2026-08-15 10:40:00,17.49353830125357,78.3930872194646,229,41,Moderate,0,3,0,0,10,15,8,2026,2,5,1,1,40,Morning,No Alternate Route,5
2026-08-15 10:45:00,17.42341147743662,78.47398552356574,346,36,High,1,4,1,0,10,15,8,2026,2,5,1,1,45,Morning,No Alternate Route,15
2026-08-15 10:50:00,17.42584750987503,78.47431260043626,188,54,Moderate,3,4,0,0,10,15,8,2026,2,5,1,1,50,Morning,No Alternate Route,5
2026-08-15 10:55:00,17.49676183226838,78.39319508441363,316,40,High,1,3,0,0,10,15,8,2026,2,5,1,1,55,Morning,No Alternate Route,15
2026-08-15 11:00:00,17.41105796381994,78.44674058142381,323,37,High,2,1,1,0,11,15,8,2026,2,5,1,2,0,Morning,No Alternate Route,15
2026-08-15 11:05:00,17.38602880450263,78.48515907316771,332,40,High,1,0,2,0,11,15,8,2026,2,5,1,2,5,Morning,No Alternate Route,15
2026-08-15 11:10:00,17.4941758408673,78.39186940995629,255,49,Moderate,3,3,2,0,11,15,8,2026,2,5,1,2,10,Morning,No Alternate Route,5
2026-08-15 11:15:00,17.41439080381908,78.44802661631286,202,43,Moderate,1,1,1,0,11,15,8,2026,2,5,1,2,15,Morning,No Alternate Route,5
2026-08-15 11:20:00,17.45029562536479,78.3830848743895,250,46,Moderate,1,2,1,0,11,15,8,2026,2,5,1,2,20,Morning,No Alternate Route,5
2026-08-15 11:25:00,17.42470487448316,78.47354118699691,339,28,High,0,4,1,0,11,15,8,2026,2,5,1,2,25,Morning,No Alternate Route,15
2026-08-15 11:30:00,17.38361792655174,78.48828563911862,263,46,Moderate,1,0,0,1,11,15,8,2026,2,5,1,2,30,Morning,No Alternate Route,5
2026-08-15 11:35:00,17.44935529996826,78.3845679873409,182,54,Moderate,3,2,2,0,11,15,8,2026,2,5,1,2,35,Morning,No Alternate Route,5
2026-08-15 11:40:00,17.49475218842951,78.39283269275992,255,42,Moderate,0,3,0,0,11,15,8,2026,2,5,1,2,40,Morning,No Alternate Route,5
2026-08-15 11:45:00,17.44996048249254,78.38293078478213,279,54,Moderate,0,2,1,0,11,15,8,2026,2,5,1,2,45,Morning,No Alternate Route,5
2026-08-15 11:50:00,17.41209637735205,78.447631093048,328,28,High,1,1,2,0,11,15,8,2026,2,5,1,2,50,Morning,No Alternate Route,15
2026-08-15 11:55:00,17.45177826233294,78.38279540013625,225,45,Moderate,2,2,2,0,11,15,8,2026,2,5,1,2,55,Morning,No Alternate Route,5
2026-08-15 12:00:00,17.4486522840201,78.38311354272021,327,21,High,0,2,2,1,12,15,8,2026,2,5,1,2,0,Afternoon,No Alternate Route,15
2026-08-15 12:05:00,17.42269545852331,78.47576160709501,183,59,Moderate,3,4,1,0,12,15,8,2026,2,5,1,2,5,Afternoon,No Alternate Route,5
2026-08-15 12:10:00,17.41109077264507,78.45014872778323,234,47,Moderate,0,1,0,0,12,15,8,2026,2,5,1,2,10,Afternoon,No Alternate Route,5
2026-08-15 12:15:00,17.3851854335659,78.48802875848712,247,47,Moderate,2,0,2,0,12,15,8,2026,2,5,1,2,15,Afternoon,No Alternate Route,5
2026-08-15 12:20:00,17.42506369366488,78.47407506907216,187,54,Moderate,0,4,0,0,12,15,8,2026,2,5,1,2,20,Afternoon,No Alternate Route,5
2026-08-15 12:25:00,17.49583193265135,78.39271567137494,241,46,Moderate,3,3,0,0,12,15,8,2026,2,5,1,2,25,Afternoon,No Alternate Route,5
2026-08-15 12:30:00,17.45105533257411,78.38431623225186,247,50,Moderate,1,2,2,0,12,15,8,2026,2,5,1,2,30,Afternoon,No Alternate Route,5
2026-08-15 12:35:00,17.49298566293736,78.393684568141,297,48,Moderate,0,3,1,0,12,15,8,2026,2,5,1,2,35,Afternoon,No Alternate Route,5
2026-08-15 12:40:00,17.4499552157556,78.38292059932695,302,38,High,3,2,1,0,12,15,8,2026,2,5,1,2,40,Afternoon,No Alternate Route,15
2026-08-15 12:45:00,17.45190111701348,78.38237029842311,238,45,Moderate,2,2,0,0,12,15,8,2026,2,5,1,2,45,Afternoon,No Alternate Route,5
2026-08-15 12:50:00,17.42544923175661,78.47298116663332,285,42,Moderate,3,4,2,0,12,15,8,2026,2,5,1,2,50,Afternoon,No Alternate Route,5
2026-08-15 12:55:00,17.38538344717878,78.48846828317733,287,41,Moderate,2,0,0,0,12,15,8,2026,2,5,1,2,55,Afternoon,No Alternate Route,5
2026-08-15 13:00:00,17.49291870122784,78.39241948435777,246,57,Moderate,1,3,2,0,13,15,8,2026,2,5,1,2,0,Afternoon,No Alternate Route,5
2026-08-15 13:05:00,17.42435423541872,78.47200291898174,205,40,Moderate,0,4,1,0,13,15,8,2026,2,5,1,2,5,Afternoon,No Alternate Route,5
2026-08-15 13:10:00,17.42400817466459,78.47403308072077,272,46,Moderate,1,4,2,0,13,15,8,2026,2,5,1,2,10,Afternoon,No Alternate Route,5
2026-08-15 13:15:00,17.38478186640288,78.48540533226478,349,20,High,2,0,1,0,13,15,8,2026,2,5,1,2,15,Afternoon,No Alternate Route,15
2026-08-15 13:20:00,17.42207580130548,78.47345642412868,251,50,Moderate,0,4,1,1,13,15,8,2026,2,5,1,2,20,Afternoon,No Alternate Route,5
2026-08-15 13:25:00,17.38530254687403,78.48557818999356,295,47,Moderate,3,0,2,0,13,15,8,2026,2,5,1,2,25,Afternoon,No Alternate Route,5
2026-08-15 13:30:00,17.45138126254884,78.38070037954887,192,56,Moderate,1,2,1,0,13,15,8,2026,2,5,1,2,30,Afternoon,No Alternate Route,5
2026-08-15 13:35:00,17.42390999898889,78.47517100682026,315,20,High,3,4,0,0,13,15,8,2026,2,5,1,2,35,Afternoon,No Alternate Route,15
2026-08-15 13:40:00,17.41211698336145,78.45011019708552,272,45,Moderate,3,1,0,0,13,15,8,2026,2,5,1,2,40,Afternoon,No Alternate Route,5
2026-08-15 13:45:00,17.45166877912083,78.3838794189407,266,50,Moderate,0,2,2,0,13,15,8,2026,2,5,1,2,45,Afternoon,No Alternate Route,5
2026-08-15 13:50:00,17.41166032446701,78.44937017404065,323,29,High,0,1,2,0,13,15,8,2026,2,5,1,2,50,Afternoon,No Alternate Route,15
2026-08-15 13:55:00,17.38345369003269,78.4882694812348,263,43,Moderate,3,0,1,0,13,15,8,2026,2,5,1,2,55,Afternoon,No Alternate Route,5
2026-08-15 14:00:00,17.386036484101,78.48543119767731,260,43,Moderate,2,0,2,0,14,15,8,2026,2,5,1,2,0,Afternoon,No Alternate Route,5
2026-08-15 14:05:00,17.41334142069671,78.44634345645602,293,53,Moderate,2,1,1,0,14,15,8,2026,2,5,1,2,5,Afternoon,No Alternate Route,5
2026-08-15 14:10:00,17.41401933787137,78.44741057446497,299,53,Moderate,3,1,1,0,14,15,8,2026,2,5,1,2,10,Afternoon,No Alternate Route,5
2026-08-15 14:15:00,17.41182095222798,78.44833349198848,201,47,Moderate,3,1,2,0,14,15,8,2026,2,5,1,2,15,Afternoon,No Alternate Route,5
2026-08-15 14:20:00,17.41225488463027,78.44653516314365,232,42,Moderate,2,1,2,0,14,15,8,2026,2,5,1,2,20,Afternoon,No Alternate Route,5
2026-08-15 14:25:00,17.45081236187402,78.38279909559586,300,52,Moderate,1,2,0,0,14,15,8,2026,2,5,1,2,25,Afternoon,No Alternate Route,5
2026-08-15 14:30:00,17.49328620050462,78.39023919120761,281,41,Moderate,3,3,2,0,14,15,8,2026,2,5,1,2,30,Afternoon,No Alternate Route,5
2026-08-15 14:35:00,17.41259442069059,78.44722056399434,205,57,Moderate,0,1,1,0,14,15,8,2026,2,5,1,2,35,Afternoon,No Alternate Route,5
2026-08-15 14:40:00,17.41324230098626,78.44780242846744,196,59,Moderate,3,1,1,0,14,15,8,2026,2,5,1,2,40,Afternoon,No Alternate Route,5
2026-08-15 14:45:00,17.38512036120045,78.4867611349942,185,51,Moderate,2,0,2,0,14,15,8,2026,2,5,1,2,45,Afternoon,No Alternate Route,5
2026-08-15 14:50:00,17.45076937235145,78.38119075951548,290,45,Moderate,3,2,2,0,14,15,8,2026,2,5,1,2,50,Afternoon,No Alternate Route,5
2026-08-15 14:55:00,17.41134172529961,78.4481872983528,304,22,High,0,1,2,0,14,15,8,2026,2,5,1,2,55,Afternoon,No Alternate Route,15
2026-08-15 15:00:00,17.45080892471165,78.38376889315589,309,31,High,2,2,1,0,15,15,8,2026,2,5,1,2,0,Afternoon,No Alternate Route,15
2026-08-15 15:05:00,17.38310302453205,78.48759589337149,284,56,Moderate,0,0,0,0,15,15,8,2026,2,5,1,2,5,Afternoon,No Alternate Route,5
2026-08-15 15:10:00,17.49638020620352,78.39142070855596,186,58,Moderate,1,3,2,0,15,15,8,2026,2,5,1,2,10,Afternoon,No Alternate Route,5
2026-08-15 15:15:00,17.4250302150055,78.47572437529213,269,57,Moderate,0,4,1,0,15,15,8,2026,2,5,1,2,15,Afternoon,No Alternate Route,5
2026-08-15 15:20:00,17.42364918102184,78.47370154455237,228,47,Moderate,2,4,2,0,15,15,8,2026,2,5,1,2,20,Afternoon,No Alternate Route,5
2026-08-15 15:25:00,17.45223061378649,78.38332579386122,242,54,Moderate,3,2,0,0,15,15,8,2026,2,5,1,2,25,Afternoon,No Alternate Route,5
2026-08-15 15:30:00,17.49394459329163,78.3902043834116,295,43,Moderate,0,3,2,0,15,15,8,2026,2,5,1,2,30,Afternoon,No Alternate Route,5
2026-08-15 15:35:00,17.45197138489055,78.38255170938433,296,44,Moderate,0,2,1,0,15,15,8,2026,2,5,1,2,35,Afternoon,No Alternate Route,5
2026-08-15 15:40:00,17.49540566187295,78.39160664080093,295,56,Moderate,2,3,1,0,15,15,8,2026,2,5,1,2,40,Afternoon,No Alternate Route,5
2026-08-15 15:45:00,17.42561129053931,78.47200935083983,260,55,Moderate,3,4,1,0,15,15,8,2026,2,5,1,2,45,Afternoon,No Alternate Route,5
2026-08-15 15:50:00,17.49461188390238,78.39126342356127,334,20,High,2,3,1,0,15,15,8,2026,2,5,1,2,50,Afternoon,No Alternate Route,15
2026-08-15 15:55:00,17.45114437525223,78.38240465004783,219,45,Moderate,0,2,2,0,15,15,8,2026,2,5,1,2,55,Afternoon,No Alternate Route,5
2026-08-15 16:00:00,17.41132541438825,78.4469539779904,365,21,High,2,1,2,0,16,15,8,2026,2,5,1,2,0,Afternoon,No Alternate Route,15
2026-08-15 16:05:00,17.41266769044711,78.44705152093093,451,27,High,0,1,0,0,16,15,8,2026,2,5,1,2,5,Afternoon,No Alternate Route,15
2026-08-15 16:10:00,17.49532239811883,78.3922745037732,425,24,High,2,3,1,0,16,15,8,2026,2,5,1,2,10,Afternoon,No Alternate Route,15
2026-08-15 16:15:00,17.38658856023713,78.48753208483198,441,26,High,3,0,1,0,16,15,8,2026,2,5,1,2,15,Afternoon,No Alternate Route,15
2026-08-15 16:20:00,17.44885292789702,78.38208160643136,493,34,High,0,2,0,0,16,15,8,2026,2,5,1,2,20,Afternoon,No Alternate Route,15
2026-08-15 16:25:00,17.49583555761408,78.39054690702605,429,23,High,0,3,1,0,16,15,8,2026,2,5,1,2,25,Afternoon,No Alternate Route,15
2026-08-15 16:30:00,17.49353390504739,78.39052004093463,455,21,High,3,3,2,0,16,15,8,2026,2,5,1,2,30,Afternoon,No Alternate Route,15
2026-08-15 16:35:00,17.4234401048117,78.47500479773068,404,28,High,3,4,0,0,16,15,8,2026,2,5,1,2,35,Afternoon,No Alternate Route,15
2026-08-15 16:40:00,17.4936987468392,78.38974580984261,492,35,High,2,3,2,0,16,15,8,2026,2,5,1,2,40,Afternoon,No Alternate Route,15
2026-08-15 16:45:00,17.4486116712969,78.38141457755019,433,21,High,3,2,2,0,16,15,8,2026,2,5,1,2,45,Afternoon,No Alternate Route,15
2026-08-15 16:50:00,17.4515242224659,78.38285997564377,349,30,High,1,2,1,0,16,15,8,2026,2,5,1,2,50,Afternoon,No Alternate Route,15
2026-08-15 16:55:00,17.42252070805917,78.47539400283482,406,20,High,1,4,1,0,16,15,8,2026,2,5,1,2,55,Afternoon,No Alternate Route,15
2026-08-15 17:00:00,17.49337065822739,78.39190301051936,345,23,High,2,3,2,0,17,15,8,2026,2,5,1,0,0,Evening,No Alternate Route,15
2026-08-15 17:05:00,17.42571268036867,78.47373833210837,317,24,High,2,4,2,1,17,15,8,2026,2,5,1,0,5,Evening,No Alternate Route,15
2026-08-15 17:10:00,17.45018167827606,78.38195376008096,425,37,High,1,2,1,0,17,15,8,2026,2,5,1,0,10,Evening,No Alternate Route,15
2026-08-15 17:15:00,17.45097082219197,78.382228301184,333,33,High,2,2,2,0,17,15,8,2026,2,5,1,0,15,Evening,No Alternate Route,15
2026-08-15 17:20:00,17.41179249735298,78.44878050205803,496,22,High,0,1,2,0,17,15,8,2026,2,5,1,0,20,Evening,No Alternate Route,15
2026-08-15 17:25:00,17.41072265360776,78.44755392976153,321,23,High,3,1,2,0,17,15,8,2026,2,5,1,0,25,Evening,No Alternate Route,15
2026-08-15 17:30:00,17.42369303422927,78.47255222420465,482,30,High,1,4,2,0,17,15,8,2026,2,5,1,0,30,Evening,No Alternate Route,15
2026-08-15 17:35:00,17.42367309700254,78.472300915334,336,29,High,1,4,1,0,17,15,8,2026,2,5,1,0,35,Evening,No Alternate Route,15
2026-08-15 17:40:00,17.45098326230758,78.38310010222366,440,28,High,0,2,1,0,17,15,8,2026,2,5,1,0,40,Evening,No Alternate Route,15
2026-08-15 17:45:00,17.42227291482892,78.47548055360122,391,36,High,1,4,1,0,17,15,8,2026,2,5,1,0,45,Evening,No Alternate Route,15
2026-08-15 17:50:00,17.49354088446636,78.39281200564291,375,21,High,1,3,1,0,17,15,8,2026,2,5,1,0,50,Evening,No Alternate Route,15
2026-08-15 17:55:00,17.45071229558386,78.3827151919554,469,21,High,1,2,2,0,17,15,8,2026,2,5,1,0,55,Evening,No Alternate Route,15
2026-08-15 18:00:00,17.41457061690602,78.44790622101947,758,20,Severe,0,1,1,0,18,15,8,2026,2,5,1,0,0,Evening,No Alternate Route,30
2026-08-15 18:05:00,17.41181200951219,78.44685191581556,526,36,High,2,1,0,0,18,15,8,2026,2,5,1,0,5,Evening,No Alternate Route,15
2026-08-15 18:10:00,17.38349030825269,78.48491794485847,751,20,Severe,0,0,0,1,18,15,8,2026,2,5,1,0,10,Evening,No Alternate Route,30
2026-08-15 18:15:00,17.41234700402191,78.44759411559973,514,29,High,0,1,1,0,18,15,8,2026,2,5,1,0,15,Evening,No Alternate Route,15
2026-08-15 18:20:00,17.42491129321316,78.47389132027477,546,31,High,2,4,0,0,18,15,8,2026,2,5,1,0,20,Evening,No Alternate Route,15
2026-08-15 18:25:00,17.38562821632791,78.48685219671226,570,29,High,3,0,0,0,18,15,8,2026,2,5,1,0,25,Evening,No Alternate Route,15
2026-08-15 18:30:00,17.41196577244394,78.449477200888,518,40,High,0,1,0,0,18,15,8,2026,2,5,1,0,30,Evening,No Alternate Route,15
2026-08-15 18:35:00,17.38409167215526,78.48493147184494,703,19,Severe,0,0,0,0,18,15,8,2026,2,5,1,0,35,Evening,No Alternate Route,30
2026-08-15 18:40:00,17.4959013622834,78.39170333859504,740,11,Severe,1,3,1,0,18,15,8,2026,2,5,1,0,40,Evening,No Alternate Route,30
2026-08-15 18:45:00,17.41165154692899,78.4482084078009,689,17,Severe,0,1,2,0,18,15,8,2026,2,5,1,0,45,Evening,No Alternate Route,30
2026-08-15 18:50:00,17.49387636358203,78.39192733253034,685,16,Severe,0,3,1,0,18,15,8,2026,2,5,1,0,50,Evening,No Alternate Route,30
2026-08-15 18:55:00,17.41111284848012,78.44885360221154,600,32,High,1,1,2,0,18,15,8,2026,2,5,1,0,55,Evening,No Alternate Route,15
2026-08-15 19:00:00,17.4941369606397,78.3931481671722,732,20,Severe,3,3,2,0,19,15,8,2026,2,5,1,0,0,Evening,No Alternate Route,30
2026-08-15 19:05:00,17.42315254957742,78.47317584322967,766,14,Severe,3,4,2,0,19,15,8,2026,2,5,1,0,5,Evening,No Alternate Route,30
2026-08-15 19:10:00,17.4946982531779,78.39109661532262,676,11,Severe,2,3,1,0,19,15,8,2026,2,5,1,0,10,Evening,No Alternate Route,30
2026-08-15 19:15:00,17.45049784759515,78.38231283659606,618,13,Severe,2,2,1,0,19,15,8,2026,2,5,1,0,15,Evening,No Alternate Route,30
2026-08-15 19:20:00,17.38556782730148,78.4859524691858,769,14,Severe,1,0,0,0,19,15,8,2026,2,5,1,0,20,Evening,No Alternate Route,30
2026-08-15 19:25:00,17.41065592634729,78.44738040823722,647,12,Severe,3,1,2,0,19,15,8,2026,2,5,1,0,25,Evening,No Alternate Route,30
2026-08-15 19:30:00,17.45153099243106,78.38087053067709,687,14,Severe,3,2,0,0,19,15,8,2026,2,5,1,0,30,Evening,No Alternate Route,30
2026-08-15 19:35:00,17.38385232352131,78.48776121162403,732,14,Severe,3,0,2,0,19,15,8,2026,2,5,1,0,35,Evening,No Alternate Route,30
2026-08-15 19:40:00,17.44847619681808,78.38210087598698,515,21,High,1,2,1,0,19,15,8,2026,2,5,1,0,40,Evening,No Alternate Route,15
2026-08-15 19:45:00,17.41265388726268,78.44810292099498,567,21,High,0,1,0,0,19,15,8,2026,2,5,1,0,45,Evening,No Alternate Route,15
2026-08-15 19:50:00,17.49658044989306,78.39174731629822,775,14,Severe,0,3,0,0,19,15,8,2026,2,5,1,0,50,Evening,No Alternate Route,30
2026-08-15 19:55:00,17.49407453421009,78.39188418207335,589,29,High,1,3,1,0,19,15,8,2026,2,5,1,0,55,Evening,No Alternate Route,15
2026-08-15 20:00:00,17.49650371190336,78.39288484199038,587,20,High,0,3,2,0,20,15,8,2026,2,5,1,0,0,Evening,No Alternate Route,15
2026-08-15 20:05:00,17.49456704636224,78.39253021013958,698,13,Severe,0,3,0,0,20,15,8,2026,2,5,1,0,5,Evening,No Alternate Route,30
2026-08-15 20:10:00,17.42319976013375,78.47306995773609,654,19,Severe,1,4,1,0,20,15,8,2026,2,5,1,0,10,Evening,No Alternate Route,30
2026-08-15 20:15:00,17.38609008159793,78.48592585163863,672,16,Severe,2,0,1,0,20,15,8,2026,2,5,1,0,15,Evening,No Alternate Route,30
2026-08-15 20:20:00,17.41195216273146,78.44769835695607,672,19,Severe,0,1,2,0,20,15,8,2026,2,5,1,0,20,Evening,No Alternate Route,30
2026-08-15 20:25:00,17.4115986707947,78.44639651691467,774,18,Severe,0,1,1,0,20,15,8,2026,2,5,1,0,25,Evening,No Alternate Route,30
2026-08-15 20:30:00,17.42314629395813,78.4742829710164,577,39,High,2,4,1,0,20,15,8,2026,2,5,1,0,30,Evening,No Alternate Route,15
2026-08-15 20:35:00,17.45208589152438,78.3836146890954,603,20,Severe,3,2,0,0,20,15,8,2026,2,5,1,0,35,Evening,No Alternate Route,30
2026-08-15 20:40:00,17.42234198401503,78.47272910125818,541,27,High,2,4,0,1,20,15,8,2026,2,5,1,0,40,Evening,No Alternate Route,15
2026-08-15 20:45:00,17.42555888302335,78.47211443601101,518,22,High,1,4,2,0,20,15,8,2026,2,5,1,0,45,Evening,No Alternate Route,15
2026-08-15 20:50:00,17.41394155313765,78.44701549329938,550,35,High,2,1,1,0,20,15,8,2026,2,5,1,0,50,Evening,No Alternate Route,15
2026-08-15 20:55:00,17.42570452439183,78.47316232213514,575,33,High,1,4,1,0,20,15,8,2026,2,5,1,0,55,Evening,No Alternate Route,15
2026-08-15 21:00:00,17.38455408446551,78.48846796215642,85,61,Low,2,0,2,0,21,15,8,2026,2,5,1,0,0,Night,No Alternate Route,0
2026-08-15 21:05:00,17.38401265029391,78.48507067306439,93,64,Low,2,0,1,0,21,15,8,2026,2,5,1,0,5,Night,No Alternate Route,0
2026-08-15 21:10:00,17.41281510985775,78.44895639370195,167,41,Moderate,1,1,0,0,21,15,8,2026,2,5,1,0,10,Night,No Alternate Route,5
2026-08-15 21:15:00,17.49618591952351,78.39018038008983,90,73,Low,1,3,1,0,21,15,8,2026,2,5,1,0,15,Night,No Alternate Route,0
2026-08-15 21:20:00,17.4223926010023,78.475181288524,103,40,Moderate,0,4,1,0,21,15,8,2026,2,5,1,0,20,Night,No Alternate Route,5
2026-08-15 21:25:00,17.42341804001326,78.4752244198745,112,51,Moderate,3,4,1,0,21,15,8,2026,2,5,1,0,25,Night,No Alternate Route,5
2026-08-15 21:30:00,17.4255219860306,78.47537789280771,85,73,Low,2,4,2,0,21,15,8,2026,2,5,1,0,30,Night,No Alternate Route,0
2026-08-15 21:35:00,17.41138548711802,78.44703325431365,141,55,Moderate,1,1,2,0,21,15,8,2026,2,5,1,0,35,Night,No Alternate Route,5
2026-08-15 21:40:00,17.42239176033637,78.47474468213589,96,62,Low,3,4,1,0,21,15,8,2026,2,5,1,0,40,Night,No Alternate Route,0
2026-08-15 21:45:00,17.41411504626565,78.44745329214855,117,59,Moderate,3,1,2,0,21,15,8,2026,2,5,1,0,45,Night,No Alternate Route,5
2026-08-15 21:50:00,17.38592202485973,78.48573328322175,166,56,Moderate,2,0,1,0,21,15,8,2026,2,5,1,0,50,Night,No Alternate Route,5
2026-08-15 21:55:00,17.42264455112703,78.4736103641749,142,57,Moderate,2,4,0,0,21,15,8,2026,2,5,1,0,55,Night,No Alternate Route,5
2026-08-15 22:00:00,17.49563483889077,78.39270305693697,89,60,Low,1,3,0,0,22,15,8,2026,2,5,1,2,0,Night,No Alternate Route,0
2026-08-15 22:05:00,17.49547222990487,78.38994474434546,180,41,Moderate,3,3,2,0,22,15,8,2026,2,5,1,2,5,Night,No Alternate Route,5
2026-08-15 22:10:00,17.4112429676406,78.44916605126865,112,57,Moderate,3,1,0,0,22,15,8,2026,2,5,1,2,10,Night,No Alternate Route,5
2026-08-15 22:15:00,17.42339844670127,78.47306315339824,124,48,Moderate,0,4,2,0,22,15,8,2026,2,5,1,2,15,Night,No Alternate Route,5
2026-08-15 22:20:00,17.38609276329608,78.4866847464659,137,46,Moderate,3,0,2,0,22,15,8,2026,2,5,1,2,20,Night,No Alternate Route,5
2026-08-15 22:25:00,17.41271647509642,78.44672680780279,160,48,Moderate,3,1,2,0,22,15,8,2026,2,5,1,2,25,Night,No Alternate Route,5
2026-08-15 22:30:00,17.49662383508107,78.39122959165847,158,58,Moderate,0,3,2,0,22,15,8,2026,2,5,1,2,30,Night,No Alternate Route,5
2026-08-15 22:35:00,17.44919713633231,78.38301030017897,142,43,Moderate,1,2,2,0,22,15,8,2026,2,5,1,2,35,Night,No Alternate Route,5
2026-08-15 22:40:00,17.38370266845327,78.48718956217435,161,48,Moderate,3,0,1,0,22,15,8,2026,2,5,1,2,40,Night,No Alternate Route,5
2026-08-15 22:45:00,17.42376813111085,78.47326348167772,104,54,Moderate,1,4,0,0,22,15,8,2026,2,5,1,2,45,Night,No Alternate Route,5
2026-08-15 22:50:00,17.44924836333079,78.38191246844298,152,53,Moderate,3,2,2,0,22,15,8,2026,2,5,1,2,50,Night,No Alternate Route,5
2026-08-15 22:55:00,17.42425334465693,78.47314917337248,152,59,Moderate,3,4,1,0,22,15,8,2026,2,5,1,2,55,Night,No Alternate Route,5
2026-08-15 23:00:00,17.45121783950797,78.3835188383888,137,47,Moderate,0,2,0,0,23,15,8,2026,2,5,1,2,0,Night,No Alternate Route,5
2026-08-15 23:05:00,17.45149090514101,78.381403883425,179,44,Moderate,3,2,2,0,23,15,8,2026,2,5,1,2,5,Night,No Alternate Route,5
2026-08-15 23:10:00,17.4231074273797,78.47488501720234,82,72,Low,0,4,1,0,23,15,8,2026,2,5,1,2,10,Night,No Alternate Route,0
2026-08-15 23:15:00,17.42270156859305,78.47421771847421,97,66,Low,1,4,0,0,23,15,8,2026,2,5,1,2,15,Night,No Alternate Route,0
2026-08-15 23:20:00,17.42221671388412,78.47483913978655,160,51,Moderate,3,4,0,0,23,15,8,2026,2,5,1,2,20,Night,No Alternate Route,5
2026-08-15 23:25:00,17.42309414789532,78.4740676866088,152,40,Moderate,0,4,1,0,23,15,8,2026,2,5,1,2,25,Night,No Alternate Route,5
2026-08-15 23:30:00,17.3831927253281,78.48671707452243,128,48,Moderate,1,0,2,0,23,15,8,2026,2,5,1,2,30,Night,No Alternate Route,5
2026-08-15 23:35:00,17.45158668853363,78.38145221657015,160,45,Moderate,1,2,0,0,23,15,8,2026,2,5,1,2,35,Night,No Alternate Route,5
2026-08-15 23:40:00,17.38499461513766,78.48851018900248,165,44,Moderate,2,0,2,0,23,15,8,2026,2,5,1,2,40,Night,No Alternate Route,5
2026-08-15 23:45:00,17.45192624205692,78.38302497057383,180,54,Moderate,3,2,0,0,23,15,8,2026,2,5,1,2,45,Night,No Alternate Route,5
2026-08-15 23:50:00,17.45194187905099,78.38356678274594,137,47,Moderate,3,2,1,0,23,15,8,2026,2,5,1,2,50,Night,No Alternate Route,5
2026-08-15 23:55:00,17.45091915855484,78.38094016104363,101,43,Moderate,0,2,2,0,23,15,8,2026,2,5,1,2,55,Night,No Alternate Route,5
2026-08-16 00:00:00,17.38552892777204,78.48511654989838,39,67,Low,0,0,0,0,0,16,8,2026,3,6,1,2,0,Night,No Alternate Route,0
2026-08-16 00:05:00,17.42208552699606,78.47238554032288,51,65,Low,2,4,0,0,0,16,8,2026,3,6,1,2,5,Night,No Alternate Route,0
2026-08-16 00:10:00,17.4129423806208,78.44624224653163,49,79,Low,2,1,1,0,0,16,8,2026,3,6,1,2,10,Night,No Alternate Route,0
2026-08-16 00:15:00,17.38413613952871,78.48743263301442,44,79,Low,1,0,2,0,0,16,8,2026,3,6,1,2,15,Night,No Alternate Route,0
2026-08-16 00:20:00,17.41389409989307,78.44705545421664,67,69,Low,0,1,0,0,0,16,8,2026,3,6,1,2,20,Night,No Alternate Route,0
2026-08-16 00:25:00,17.41292696676412,78.45006853711631,26,69,Low,3,1,0,0,0,16,8,2026,3,6,1,2,25,Night,No Alternate Route,0
2026-08-16 00:30:00,17.49661950295059,78.39046637599459,66,69,Low,0,3,1,0,0,16,8,2026,3,6,1,2,30,Night,No Alternate Route,0
2026-08-16 00:35:00,17.38326742086092,78.48828831974036,65,69,Low,2,0,1,0,0,16,8,2026,3,6,1,2,35,Night,No Alternate Route,0
2026-08-16 00:40:00,17.49573022529321,78.39077024495859,26,65,Low,2,3,2,0,0,16,8,2026,3,6,1,2,40,Night,No Alternate Route,0
2026-08-16 00:45:00,17.44963177667538,78.3818173364221,78,77,Low,2,2,1,0,0,16,8,2026,3,6,1,2,45,Night,No Alternate Route,0
2026-08-16 00:50:00,17.41251140230289,78.4490297818769,21,63,Low,0,1,2,0,0,16,8,2026,3,6,1,2,50,Night,No Alternate Route,0
2026-08-16 00:55:00,17.4250373732352,78.47513765424634,22,69,Low,1,4,1,0,0,16,8,2026,3,6,1,2,55,Night,No Alternate Route,0
2026-08-16 01:00:00,17.42274522350178,78.47363062404733,78,62,Low,2,4,2,0,1,16,8,2026,3,6,1,2,0,Night,No Alternate Route,0
2026-08-16 01:05:00,17.45093456818526,78.38132051720322,41,75,Low,0,2,0,0,1,16,8,2026,3,6,1,2,5,Night,No Alternate Route,0
2026-08-16 01:10:00,17.4511905034469,78.38236723668024,44,66,Low,3,2,0,0,1,16,8,2026,3,6,1,2,10,Night,No Alternate Route,0
2026-08-16 01:15:00,17.41370668130208,78.44667706558354,73,64,Low,1,1,2,0,1,16,8,2026,3,6,1,2,15,Night,No Alternate Route,0
2026-08-16 01:20:00,17.4125365448786,78.44803409168587,40,60,Low,0,1,2,0,1,16,8,2026,3,6,1,2,20,Night,No Alternate Route,0
2026-08-16 01:25:00,17.42300140151212,78.47538235270432,72,65,Low,0,4,2,0,1,16,8,2026,3,6,1,2,25,Night,No Alternate Route,0
2026-08-16 01:30:00,17.49505180444865,78.39084657931006,23,78,Low,1,3,2,0,1,16,8,2026,3,6,1,2,30,Night,No Alternate Route,0
2026-08-16 01:35:00,17.41321287162323,78.4477598495989,64,73,Low,0,1,0,0,1,16,8,2026,3,6,1,2,35,Night,No Alternate Route,0
2026-08-16 01:40:00,17.38438046543906,78.4881026117358,56,60,Low,2,0,1,0,1,16,8,2026,3,6,1,2,40,Night,No Alternate Route,0
2026-08-16 01:45:00,17.4145538787518,78.44875484218684,53,71,Low,2,1,0,0,1,16,8,2026,3,6,1,2,45,Night,No Alternate Route,0
2026-08-16 01:50:00,17.38412836220897,78.48609169719336,56,70,Low,3,0,1,0,1,16,8,2026,3,6,1,2,50,Night,No Alternate Route,0
2026-08-16 01:55:00,17.38600641133369,78.48497487190062,42,66,Low,0,0,1,0,1,16,8,2026,3,6,1,2,55,Night,No Alternate Route,0
2026-08-16 02:00:00,17.45142493340322,78.38365283501027,39,77,Low,0,2,1,0,2,16,8,2026,3,6,1,2,0,Night,No Alternate Route,0
2026-08-16 02:05:00,17.45021624827302,78.38408941306398,42,76,Low,0,2,1,0,2,16,8,2026,3,6,1,2,5,Night,No Alternate Route,0
2026-08-16 02:10:00,17.42509919902261,78.47253769310504,27,71,Low,3,4,0,0,2,16,8,2026,3,6,1,2,10,Night,No Alternate Route,0
2026-08-16 02:15:00,17.38630648369449,78.48725364673071,71,66,Low,0,0,0,0,2,16,8,2026,3,6,1,2,15,Night,No Alternate Route,0
2026-08-16 02:20:00,17.41237116149696,78.44965977780728,26,69,Low,3,1,2,0,2,16,8,2026,3,6,1,2,20,Night,No Alternate Route,0
2026-08-16 02:25:00,17.49611171609471,78.38970315408753,71,80,Low,3,3,1,0,2,16,8,2026,3,6,1,2,25,Night,No Alternate Route,0
2026-08-16 02:30:00,17.44958211266394,78.38396300674016,39,65,Low,1,2,0,0,2,16,8,2026,3,6,1,2,30,Night,No Alternate Route,0
2026-08-16 02:35:00,17.42491518201011,78.47471707386171,44,67,Low,2,4,2,0,2,16,8,2026,3,6,1,2,35,Night,No Alternate Route,0
2026-08-16 02:40:00,17.41227433712148,78.44886773932498,63,78,Low,1,1,1,0,2,16,8,2026,3,6,1,2,40,Night,No Alternate Route,0
2026-08-16 02:45:00,17.44947008742232,78.38384384634708,63,69,Low,0,2,0,0,2,16,8,2026,3,6,1,2,45,Night,No Alternate Route,0
2026-08-16 02:50:00,17.49520132439805,78.39190274117526,31,62,Low,2,3,0,0,2,16,8,2026,3,6,1,2,50,Night,No Alternate Route,0
2026-08-16 02:55:00,17.41256380036997,78.449538117443,74,76,Low,1,1,1,1,2,16,8,2026,3,6,1,2,55,Night,No Alternate Route,0
2026-08-16 03:00:00,17.41339881540452,78.44791608738545,54,75,Low,0,1,0,0,3,16,8,2026,3,6,1,2,0,Night,No Alternate Route,0
2026-08-16 03:05:00,17.38515744951119,78.48763468612097,62,69,Low,1,0,2,0,3,16,8,2026,3,6,1,2,5,Night,No Alternate Route,0
2026-08-16 03:10:00,17.38422546021211,78.48777008240646,67,74,Low,3,0,0,0,3,16,8,2026,3,6,1,2,10,Night,No Alternate Route,0
2026-08-16 03:15:00,17.42548861331969,78.47412778111382,41,71,Low,1,4,2,0,3,16,8,2026,3,6,1,2,15,Night,No Alternate Route,0
2026-08-16 03:20:00,17.42535859911694,78.4747525907828,49,74,Low,3,4,0,0,3,16,8,2026,3,6,1,2,20,Night,No Alternate Route,0
2026-08-16 03:25:00,17.38490654420673,78.4847308006631,78,60,Low,3,0,1,0,3,16,8,2026,3,6,1,2,25,Night,No Alternate Route,0
2026-08-16 03:30:00,17.38582149760269,78.48772119049082,80,63,Low,3,0,2,0,3,16,8,2026,3,6,1,2,30,Night,No Alternate Route,0
2026-08-16 03:35:00,17.38556884542255,78.48588772756698,63,63,Low,2,0,2,0,3,16,8,2026,3,6,1,2,35,Night,No Alternate Route,0
2026-08-16 03:40:00,17.49574310031702,78.39138572121321,36,62,Low,3,3,2,1,3,16,8,2026,3,6,1,2,40,Night,No Alternate Route,0
2026-08-16 03:45:00,17.49653300457678,78.39024771939617,59,80,Low,3,3,0,0,3,16,8,2026,3,6,1,2,45,Night,No Alternate Route,0
2026-08-16 03:50:00,17.3836302382729,78.48574288510885,53,76,Low,2,0,1,0,3,16,8,2026,3,6,1,2,50,Night,No Alternate Route,0
2026-08-16 03:55:00,17.41303542438655,78.44976426948831,51,60,Low,2,1,1,0,3,16,8,2026,3,6,1,2,55,Night,No Alternate Route,0
2026-08-16 04:00:00,17.44892664916626,78.38337400920591,75,62,Low,3,2,0,0,4,16,8,2026,3,6,1,2,0,Night,No Alternate Route,0
2026-08-16 04:05:00,17.49391614795667,78.39225186598662,37,61,Low,1,3,0,0,4,16,8,2026,3,6,1,2,5,Night,No Alternate Route,0
2026-08-16 04:10:00,17.41150800186617,78.44711808331853,47,69,Low,0,1,1,0,4,16,8,2026,3,6,1,2,10,Night,No Alternate Route,0
2026-08-16 04:15:00,17.42478135378597,78.47525657485092,50,70,Low,0,4,1,0,4,16,8,2026,3,6,1,2,15,Night,No Alternate Route,0
2026-08-16 04:20:00,17.45125756574518,78.38190929037188,57,65,Low,0,2,2,0,4,16,8,2026,3,6,1,2,20,Night,No Alternate Route,0
2026-08-16 04:25:00,17.41152068483341,78.45004703427969,53,66,Low,0,1,2,0,4,16,8,2026,3,6,1,2,25,Night,No Alternate Route,0
2026-08-16 04:30:00,17.4521682227971,78.38202911690463,26,72,Low,0,2,2,0,4,16,8,2026,3,6,1,2,30,Night,No Alternate Route,0
2026-08-16 04:35:00,17.38545455366399,78.48516030036457,60,64,Low,1,0,1,0,4,16,8,2026,3,6,1,2,35,Night,No Alternate Route,0
2026-08-16 04:40:00,17.38519757884257,78.48648464620726,59,66,Low,2,0,2,0,4,16,8,2026,3,6,1,2,40,Night,No Alternate Route,0
2026-08-16 04:45:00,17.42224430865773,78.47408028302267,60,72,Low,3,4,2,0,4,16,8,2026,3,6,1,2,45,Night,No Alternate Route,0
2026-08-16 04:50:00,17.44902550272624,78.38072772262656,71,78,Low,2,2,2,0,4,16,8,2026,3,6,1,2,50,Night,No Alternate Route,0
2026-08-16 04:55:00,17.42538229957975,78.47328174837156,54,76,Low,0,4,0,0,4,16,8,2026,3,6,1,2,55,Night,No Alternate Route,0
2026-08-16 05:00:00,17.49515962539644,78.39081626157855,179,52,Moderate,2,3,0,0,5,16,8,2026,3,6,1,2,0,Morning,No Alternate Route,5
2026-08-16 05:05:00,17.45008477058586,78.38178653847952,179,44,Moderate,2,2,1,0,5,16,8,2026,3,6,1,2,5,Morning,No Alternate Route,5
2026-08-16 05:10:00,17.45059227390303,78.38263636864716,152,40,Moderate,2,2,2,0,5,16,8,2026,3,6,1,2,10,Morning,No Alternate Route,5
2026-08-16 05:15:00,17.45096943649453,78.38273418666212,167,52,Moderate,3,2,0,0,5,16,8,2026,3,6,1,2,15,Morning,No Alternate Route,5
2026-08-16 05:20:00,17.49409329635517,78.39007480770903,80,67,Low,1,3,2,0,5,16,8,2026,3,6,1,2,20,Morning,No Alternate Route,0
2026-08-16 05:25:00,17.38446273502083,78.48636748648778,121,42,Moderate,1,0,1,0,5,16,8,2026,3,6,1,2,25,Morning,No Alternate Route,5
2026-08-16 05:30:00,17.41431126246395,78.44970758117199,149,40,Moderate,1,1,0,0,5,16,8,2026,3,6,1,2,30,Morning,No Alternate Route,5
2026-08-16 05:35:00,17.41222440041533,78.44627559577685,165,60,Moderate,2,1,2,0,5,16,8,2026,3,6,1,2,35,Morning,No Alternate Route,5
2026-08-16 05:40:00,17.41369398821743,78.44896274024089,116,55,Moderate,3,1,0,0,5,16,8,2026,3,6,1,2,40,Morning,No Alternate Route,5
2026-08-16 05:45:00,17.38376919293582,78.4871544668583,176,44,Moderate,1,0,2,0,5,16,8,2026,3,6,1,2,45,Morning,No Alternate Route,5
2026-08-16 05:50:00,17.49432282477978,78.3914650590364,173,55,Moderate,1,3,1,0,5,16,8,2026,3,6,1,2,50,Morning,No Alternate Route,5
2026-08-16 05:55:00,17.41233006225708,78.44767770017832,99,68,Low,1,1,2,0,5,16,8,2026,3,6,1,2,55,Morning,No Alternate Route,0
2026-08-16 06:00:00,17.38526499600684,78.48570409937979,116,45,Moderate,0,0,0,0,6,16,8,2026,3,6,1,2,0,Morning,No Alternate Route,5
2026-08-16 06:05:00,17.3850429304725,78.48715023657897,174,41,Moderate,3,0,1,0,6,16,8,2026,3,6,1,2,5,Morning,No Alternate Route,5
2026-08-16 06:10:00,17.38357233871863,78.48658397007594,112,60,Moderate,3,0,2,0,6,16,8,2026,3,6,1,2,10,Morning,No Alternate Route,5
2026-08-16 06:15:00,17.42370259368213,78.4725834267364,108,50,Moderate,2,4,1,0,6,16,8,2026,3,6,1,2,15,Morning,No Alternate Route,5
2026-08-16 06:20:00,17.42345438226866,78.47358150396147,80,69,Low,1,4,2,0,6,16,8,2026,3,6,1,2,20,Morning,No Alternate Route,0
2026-08-16 06:25:00,17.38637281079513,78.48482456260244,174,54,Moderate,3,0,1,0,6,16,8,2026,3,6,1,2,25,Morning,No Alternate Route,5
2026-08-16 06:30:00,17.45148762236828,78.3812836635579,95,78,Low,3,2,2,0,6,16,8,2026,3,6,1,2,30,Morning,No Alternate Route,0
2026-08-16 06:35:00,17.45025723399961,78.3829367279481,149,55,Moderate,0,2,2,0,6,16,8,2026,3,6,1,2,35,Morning,No Alternate Route,5
2026-08-16 06:40:00,17.45125029348863,78.38217791986102,93,67,Low,2,2,0,0,6,16,8,2026,3,6,1,2,40,Morning,No Alternate Route,0
2026-08-16 06:45:00,17.45191508089832,78.38258707105899,170,42,Moderate,0,2,0,0,6,16,8,2026,3,6,1,2,45,Morning,No Alternate Route,5
2026-08-16 06:50:00,17.49651617765028,78.39259220997785,172,55,Moderate,1,3,2,0,6,16,8,2026,3,6,1,2,50,Morning,No Alternate Route,5
2026-08-16 06:55:00,17.4256771503956,78.47549307281201,87,64,Low,1,4,1,1,6,16,8,2026,3,6,1,2,55,Morning,No Alternate Route,0
2026-08-16 07:00:00,17.3857317828166,78.4877182263391,474,38,High,1,0,0,0,7,16,8,2026,3,6,1,1,0,Morning,No Alternate Route,15
2026-08-16 07:05:00,17.49570552829735,78.39303063541628,524,37,High,1,3,2,0,7,16,8,2026,3,6,1,1,5,Morning,No Alternate Route,15
2026-08-16 07:10:00,17.44927175771313,78.38190733310614,662,20,Severe,1,2,1,0,7,16,8,2026,3,6,1,1,10,Morning,No Alternate Route,30
2026-08-16 07:15:00,17.49418758676342,78.39158162758238,697,20,Severe,0,3,1,0,7,16,8,2026,3,6,1,1,15,Morning,No Alternate Route,30
2026-08-16 07:20:00,17.49626596424944,78.3935939694454,478,38,High,3,3,2,0,7,16,8,2026,3,6,1,1,20,Morning,No Alternate Route,15
2026-08-16 07:25:00,17.49663676127608,78.3913489085006,677,14,Severe,2,3,2,0,7,16,8,2026,3,6,1,1,25,Morning,No Alternate Route,30
2026-08-16 07:30:00,17.38347333893586,78.48863121666754,497,21,High,1,0,1,0,7,16,8,2026,3,6,1,1,30,Morning,No Alternate Route,15
2026-08-16 07:35:00,17.41252435823812,78.44832699604318,503,40,High,3,1,2,0,7,16,8,2026,3,6,1,1,35,Morning,No Alternate Route,15
2026-08-16 07:40:00,17.42211431960082,78.47551200888958,663,18,Severe,0,4,0,0,7,16,8,2026,3,6,1,1,40,Morning,No Alternate Route,30
2026-08-16 07:45:00,17.38364387115633,78.4881274761337,499,39,High,3,0,2,0,7,16,8,2026,3,6,1,1,45,Morning,No Alternate Route,15
2026-08-16 07:50:00,17.41273838993183,78.44992024971803,692,11,Severe,2,1,0,0,7,16,8,2026,3,6,1,1,50,Morning,No Alternate Route,30
2026-08-16 07:55:00,17.49597689463215,78.39000606900088,510,24,High,2,3,2,0,7,16,8,2026,3,6,1,1,55,Morning,No Alternate Route,15
2026-08-16 08:00:00,17.42520933768093,78.47454236420059,543,22,High,0,4,2,0,8,16,8,2026,3,6,1,1,0,Morning,No Alternate Route,15
2026-08-16 08:05:00,17.41426822903386,78.44652855240795,600,20,High,1,1,0,0,8,16,8,2026,3,6,1,1,5,Morning,No Alternate Route,15
2026-08-16 08:10:00,17.42441879560256,78.47543324269121,473,24,High,3,4,0,0,8,16,8,2026,3,6,1,1,10,Morning,No Alternate Route,15
2026-08-16 08:15:00,17.49526337498717,78.39099222142863,672,19,Severe,2,3,1,0,8,16,8,2026,3,6,1,1,15,Morning,No Alternate Route,30
2026-08-16 08:20:00,17.49632042106364,78.39098164346144,524,30,High,1,3,1,0,8,16,8,2026,3,6,1,1,20,Morning,No Alternate Route,15
2026-08-16 08:25:00,17.41113096065493,78.44620748631074,574,27,High,1,1,1,0,8,16,8,2026,3,6,1,1,25,Morning,No Alternate Route,15
2026-08-16 08:30:00,17.49380673472679,78.39150217304825,620,15,Severe,2,3,1,0,8,16,8,2026,3,6,1,1,30,Morning,No Alternate Route,30
2026-08-16 08:35:00,17.42309183100567,78.47538916599551,593,35,High,0,4,1,0,8,16,8,2026,3,6,1,1,35,Morning,No Alternate Route,15
2026-08-16 08:40:00,17.410681994322,78.4492837711689,687,15,Severe,1,1,2,0,8,16,8,2026,3,6,1,1,40,Morning,No Alternate Route,30
2026-08-16 08:45:00,17.38457897011794,78.4857083641612,635,14,Severe,2,0,1,0,8,16,8,2026,3,6,1,1,45,Morning,No Alternate Route,30
2026-08-16 08:50:00,17.42533982536902,78.4748898118488,452,32,High,3,4,2,0,8,16,8,2026,3,6,1,1,50,Morning,No Alternate Route,15
2026-08-16 08:55:00,17.41224425785174,78.44876776470802,663,13,Severe,2,1,0,0,8,16,8,2026,3,6,1,1,55,Morning,No Alternate Route,30
2026-08-16 09:00:00,17.45040585977834,78.38439975641933,524,25,High,3,2,1,0,9,16,8,2026,3,6,1,1,0,Morning,No Alternate Route,15
2026-08-16 09:05:00,17.38635863920268,78.48640309750462,636,11,Severe,3,0,2,0,9,16,8,2026,3,6,1,1,5,Morning,No Alternate Route,30
2026-08-16 09:10:00,17.42230493572633,78.47180088638027,521,37,High,3,4,0,0,9,16,8,2026,3,6,1,1,10,Morning,No Alternate Route,15
2026-08-16 09:15:00,17.41124933025753,78.44754892391768,629,14,Severe,3,1,0,0,9,16,8,2026,3,6,1,1,15,Morning,No Alternate Route,30
2026-08-16 09:20:00,17.41318622129904,78.44866849251191,655,20,Severe,1,1,1,0,9,16,8,2026,3,6,1,1,20,Morning,No Alternate Route,30
2026-08-16 09:25:00,17.4514354447647,78.381730049694,568,32,High,0,2,2,0,9,16,8,2026,3,6,1,1,25,Morning,No Alternate Route,15
2026-08-16 09:30:00,17.42322052410731,78.47514439904118,605,11,Severe,0,4,2,0,9,16,8,2026,3,6,1,1,30,Morning,No Alternate Route,30
2026-08-16 09:35:00,17.49471514538758,78.39032779893182,588,33,High,1,3,0,0,9,16,8,2026,3,6,1,1,35,Morning,No Alternate Route,15
2026-08-16 09:40:00,17.42458354396856,78.47350528784803,647,11,Severe,1,4,2,0,9,16,8,2026,3,6,1,1,40,Morning,No Alternate Route,30
2026-08-16 09:45:00,17.41421884178549,78.44860158521118,671,15,Severe,1,1,0,0,9,16,8,2026,3,6,1,1,45,Morning,No Alternate Route,30
2026-08-16 09:50:00,17.45095251030309,78.38104914114611,620,10,Severe,2,2,2,0,9,16,8,2026,3,6,1,1,50,Morning,No Alternate Route,30
2026-08-16 09:55:00,17.38673571848264,78.48698582076855,592,33,High,2,0,0,0,9,16,8,2026,3,6,1,1,55,Morning,No Alternate Route,15
2026-08-16 10:00:00,17.45183211270376,78.38235085957716,202,48,Moderate,0,2,1,0,10,16,8,2026,3,6,1,1,0,Morning,No Alternate Route,5
2026-08-16 10:05:00,17.45026367542563,78.38295930246393,223,58,Moderate,2,2,1,0,10,16,8,2026,3,6,1,1,5,Morning,No Alternate Route,5
2026-08-16 10:10:00,17.42577271244013,78.47282745373141,340,32,High,3,4,1,0,10,16,8,2026,3,6,1,1,10,Morning,No Alternate Route,15
2026-08-16 10:15:00,17.49524974159796,78.39063542580462,333,35,High,2,3,1,0,10,16,8,2026,3,6,1,1,15,Morning,No Alternate Route,15
2026-08-16 10:20:00,17.45215052233185,78.38336542904169,332,39,High,2,2,1,0,10,16,8,2026,3,6,1,1,20,Morning,No Alternate Route,15
2026-08-16 10:25:00,17.38350990429247,78.48571626477055,218,59,Moderate,2,0,2,0,10,16,8,2026,3,6,1,1,25,Morning,No Alternate Route,5
2026-08-16 10:30:00,17.38592268355861,78.48657030845861,199,55,Moderate,2,0,1,0,10,16,8,2026,3,6,1,1,30,Morning,No Alternate Route,5
2026-08-16 10:35:00,17.38533238884568,78.48751235341737,261,43,Moderate,0,0,2,0,10,16,8,2026,3,6,1,1,35,Morning,No Alternate Route,5
2026-08-16 10:40:00,17.45161081760959,78.38310923872194,214,50,Moderate,3,2,1,0,10,16,8,2026,3,6,1,1,40,Morning,No Alternate Route,5
2026-08-16 10:45:00,17.41432703086428,78.44720296572214,221,48,Moderate,1,1,1,0,10,16,8,2026,3,6,1,1,45,Morning,No Alternate Route,5
2026-08-16 10:50:00,17.38547603696933,78.48831905959811,252,46,Moderate,2,0,2,0,10,16,8,2026,3,6,1,1,50,Morning,No Alternate Route,5
2026-08-16 10:55:00,17.41458966151618,78.44674637519061,203,51,Moderate,1,1,0,0,10,16,8,2026,3,6,1,1,55,Morning,No Alternate Route,5
2026-08-16 11:00:00,17.41338789099214,78.44744016164523,206,58,Moderate,1,1,1,0,11,16,8,2026,3,6,1,2,0,Morning,No Alternate Route,5
2026-08-16 11:05:00,17.42345013715454,78.47538203189514,321,29,High,3,4,0,0,11,16,8,2026,3,6,1,2,5,Morning,No Alternate Route,15
2026-08-16 11:10:00,17.38300283524277,78.48602744977482,340,22,High,3,0,0,0,11,16,8,2026,3,6,1,2,10,Morning,No Alternate Route,15
2026-08-16 11:15:00,17.42220412050517,78.47245782844561,279,50,Moderate,0,4,2,0,11,16,8,2026,3,6,1,2,15,Morning,No Alternate Route,5
2026-08-16 11:20:00,17.38337068453449,78.48717562037031,220,40,Moderate,1,0,2,0,11,16,8,2026,3,6,1,2,20,Morning,No Alternate Route,5
2026-08-16 11:25:00,17.41169084966363,78.44699168439935,235,57,Moderate,1,1,0,0,11,16,8,2026,3,6,1,2,25,Morning,No Alternate Route,5
2026-08-16 11:30:00,17.49538326769928,78.39338284417168,240,56,Moderate,0,3,1,0,11,16,8,2026,3,6,1,2,30,Morning,No Alternate Route,5
2026-08-16 11:35:00,17.45164097704731,78.38145457894029,306,36,High,0,2,2,0,11,16,8,2026,3,6,1,2,35,Morning,No Alternate Route,15
2026-08-16 11:40:00,17.38651001260921,78.4873165901387,222,43,Moderate,1,0,2,0,11,16,8,2026,3,6,1,2,40,Morning,No Alternate Route,5
2026-08-16 11:45:00,17.38451651892732,78.48867875493225,208,52,Moderate,2,0,2,0,11,16,8,2026,3,6,1,2,45,Morning,No Alternate Route,5
2026-08-16 11:50:00,17.38634468705623,78.4857506599421,291,55,Moderate,1,0,0,0,11,16,8,2026,3,6,1,2,50,Morning,No Alternate Route,5
2026-08-16 11:55:00,17.4110724748676,78.4466663212285,303,28,High,0,1,1,0,11,16,8,2026,3,6,1,2,55,Morning,No Alternate Route,15
2026-08-16 12:00:00,17.45193358915928,78.38448479357523,251,58,Moderate,3,2,0,0,12,16,8,2026,3,6,1,2,0,Afternoon,No Alternate Route,5
2026-08-16 12:05:00,17.49338934691427,78.3912426424583,194,57,Moderate,0,3,2,0,12,16,8,2026,3,6,1,2,5,Afternoon,No Alternate Route,5
2026-08-16 12:10:00,17.49477234108015,78.39185808687827,211,49,Moderate,0,3,2,0,12,16,8,2026,3,6,1,2,10,Afternoon,No Alternate Route,5
2026-08-16 12:15:00,17.42504185390042,78.47460385281757,218,46,Moderate,2,4,0,0,12,16,8,2026,3,6,1,2,15,Afternoon,No Alternate Route,5
2026-08-16 12:20:00,17.41225974261591,78.44696523204006,228,51,Moderate,3,1,0,0,12,16,8,2026,3,6,1,2,20,Afternoon,No Alternate Route,5
2026-08-16 12:25:00,17.41236843101521,78.44807134988125,195,58,Moderate,2,1,2,0,12,16,8,2026,3,6,1,2,25,Afternoon,No Alternate Route,5
2026-08-16 12:30:00,17.38671977975538,78.48791582910553,212,42,Moderate,0,0,0,0,12,16,8,2026,3,6,1,2,30,Afternoon,No Alternate Route,5
2026-08-16 12:35:00,17.45235061974816,78.38437246642492,336,27,High,3,2,1,0,12,16,8,2026,3,6,1,2,35,Afternoon,No Alternate Route,15
2026-08-16 12:40:00,17.4236654989269,78.47500430471983,345,31,High,1,4,0,0,12,16,8,2026,3,6,1,2,40,Afternoon,No Alternate Route,15
2026-08-16 12:45:00,17.3844829266071,78.48799802427521,281,52,Moderate,0,0,2,0,12,16,8,2026,3,6,1,2,45,Afternoon,No Alternate Route,5
2026-08-16 12:50:00,17.42513740132575,78.47543673018083,325,23,High,1,4,0,0,12,16,8,2026,3,6,1,2,50,Afternoon,No Alternate Route,15
2026-08-16 12:55:00,17.49509302158115,78.39093395714386,219,52,Moderate,1,3,1,0,12,16,8,2026,3,6,1,2,55,Afternoon,No Alternate Route,5
2026-08-16 13:00:00,17.44977206838068,78.38297344265129,341,38,High,3,2,2,0,13,16,8,2026,3,6,1,2,0,Afternoon,No Alternate Route,15
2026-08-16 13:05:00,17.38537856157476,78.48668042830084,187,43,Moderate,1,0,0,1,13,16,8,2026,3,6,1,2,5,Afternoon,No Alternate Route,5
2026-08-16 13:10:00,17.4227588385599,78.47285396089526,269,40,Moderate,3,4,2,0,13,16,8,2026,3,6,1,2,10,Afternoon,No Alternate Route,5
2026-08-16 13:15:00,17.41221994005389,78.44916684054134,221,46,Moderate,2,1,1,0,13,16,8,2026,3,6,1,2,15,Afternoon,No Alternate Route,5
2026-08-16 13:20:00,17.42282169454177,78.47403765277726,242,40,Moderate,0,4,1,0,13,16,8,2026,3,6,1,2,20,Afternoon,No Alternate Route,5
2026-08-16 13:25:00,17.42510379927597,78.47279610423074,347,37,High,2,4,0,0,13,16,8,2026,3,6,1,2,25,Afternoon,No Alternate Route,15
2026-08-16 13:30:00,17.38491547343169,78.48553067143182,222,48,Moderate,1,0,1,0,13,16,8,2026,3,6,1,2,30,Afternoon,No Alternate Route,5
2026-08-16 13:35:00,17.38639587683731,78.48865382939562,195,46,Moderate,2,0,0,0,13,16,8,2026,3,6,1,2,35,Afternoon,No Alternate Route,5
2026-08-16 13:40:00,17.38359706292286,78.48476303293897,267,58,Moderate,0,0,2,0,13,16,8,2026,3,6,1,2,40,Afternoon,No Alternate Route,5
2026-08-16 13:45:00,17.49299051503888,78.39014070209925,337,38,High,3,3,0,0,13,16,8,2026,3,6,1,2,45,Afternoon,No Alternate Route,15
2026-08-16 13:50:00,17.42491105838965,78.47262597696808,249,55,Moderate,2,4,2,0,13,16,8,2026,3,6,1,2,50,Afternoon,No Alternate Route,5
2026-08-16 13:55:00,17.41163749087727,78.44970094827622,252,55,Moderate,3,1,2,0,13,16,8,2026,3,6,1,2,55,Afternoon,No Alternate Route,5
2026-08-16 14:00:00,17.42203982436597,78.47455098327434,221,43,Moderate,2,4,0,0,14,16,8,2026,3,6,1,2,0,Afternoon,No Alternate Route,5
2026-08-16 14:05:00,17.49388314549232,78.39142624287467,194,46,Moderate,2,3,0,0,14,16,8,2026,3,6,1,2,5,Afternoon,No Alternate Route,5
2026-08-16 14:10:00,17.38533513777049,78.48602277244893,281,53,Moderate,0,0,1,0,14,16,8,2026,3,6,1,2,10,Afternoon,No Alternate Route,5
2026-08-16 14:15:00,17.49591200238149,78.38981228071182,223,55,Moderate,1,3,0,0,14,16,8,2026,3,6,1,2,15,Afternoon,No Alternate Route,5
2026-08-16 14:20:00,17.45031517439613,78.38146462795112,221,54,Moderate,2,2,1,0,14,16,8,2026,3,6,1,2,20,Afternoon,No Alternate Route,5
2026-08-16 14:25:00,17.41169928523563,78.4471403121174,270,60,Moderate,2,1,1,0,14,16,8,2026,3,6,1,2,25,Afternoon,No Alternate Route,5
2026-08-16 14:30:00,17.49499939284254,78.39106363459496,299,55,Moderate,3,3,1,0,14,16,8,2026,3,6,1,2,30,Afternoon,No Alternate Route,5
2026-08-16 14:35:00,17.42522209951432,78.4756358578071,210,55,Moderate,2,4,1,0,14,16,8,2026,3,6,1,2,35,Afternoon,No Alternate Route,5
2026-08-16 14:40:00,17.41358616481467,78.44684105059567,210,59,Moderate,2,1,0,0,14,16,8,2026,3,6,1,2,40,Afternoon,No Alternate Route,5
2026-08-16 14:45:00,17.44870893132731,78.38174734475967,314,38,High,0,2,0,0,14,16,8,2026,3,6,1,2,45,Afternoon,No Alternate Route,15
2026-08-16 14:50:00,17.49648349087025,78.38987324772921,230,60,Moderate,2,3,1,0,14,16,8,2026,3,6,1,2,50,Afternoon,No Alternate Route,5
2026-08-16 14:55:00,17.3865709567715,78.4855919310718,245,55,Moderate,1,0,1,0,14,16,8,2026,3,6,1,2,55,Afternoon,No Alternate Route,5
2026-08-16 15:00:00,17.49473773713546,78.39337738328875,250,59,Moderate,1,3,1,0,15,16,8,2026,3,6,1,2,0,Afternoon,No Alternate Route,5
2026-08-16 15:05:00,17.4121018747635,78.44634253246244,326,38,High,2,1,1,0,15,16,8,2026,3,6,1,2,5,Afternoon,No Alternate Route,15
2026-08-16 15:10:00,17.4962341843055,78.39041766426867,349,29,High,2,3,1,0,15,16,8,2026,3,6,1,2,10,Afternoon,No Alternate Route,15
2026-08-16 15:15:00,17.41292471621265,78.44670481679636,246,42,Moderate,0,1,2,0,15,16,8,2026,3,6,1,2,15,Afternoon,No Alternate Route,5
2026-08-16 15:20:00,17.42421181176202,78.47227873352226,203,59,Moderate,3,4,2,0,15,16,8,2026,3,6,1,2,20,Afternoon,No Alternate Route,5
2026-08-16 15:25:00,17.44877440878723,78.38331230287794,243,51,Moderate,3,2,1,0,15,16,8,2026,3,6,1,2,25,Afternoon,No Alternate Route,5
2026-08-16 15:30:00,17.49416984502548,78.39065449538165,332,24,High,1,3,1,0,15,16,8,2026,3,6,1,2,30,Afternoon,No Alternate Route,15
2026-08-16 15:35:00,17.450528833073,78.38378420587357,350,28,High,0,2,2,0,15,16,8,2026,3,6,1,2,35,Afternoon,No Alternate Route,15
2026-08-16 15:40:00,17.42361682501691,78.47318886624888,291,57,Moderate,0,4,1,0,15,16,8,2026,3,6,1,2,40,Afternoon,No Alternate Route,5
2026-08-16 15:45:00,17.42368825698635,78.47570667947745,313,31,High,0,4,2,0,15,16,8,2026,3,6,1,2,45,Afternoon,No Alternate Route,15
2026-08-16 15:50:00,17.42475044149407,78.47303390018837,221,46,Moderate,3,4,2,0,15,16,8,2026,3,6,1,2,50,Afternoon,No Alternate Route,5
2026-08-16 15:55:00,17.38601328468687,78.48693938476247,247,45,Moderate,2,0,2,1,15,16,8,2026,3,6,1,2,55,Afternoon,No Alternate Route,5
2026-08-16 16:00:00,17.38531461312476,78.4870979815447,321,35,High,1,0,0,0,16,16,8,2026,3,6,1,2,0,Afternoon,No Alternate Route,15
2026-08-16 16:05:00,17.41316915522284,78.44762630758893,340,22,High,1,1,1,0,16,16,8,2026,3,6,1,2,5,Afternoon,No Alternate Route,15
2026-08-16 16:10:00,17.49561566781274,78.39270310254487,309,26,High,2,3,0,0,16,16,8,2026,3,6,1,2,10,Afternoon,No Alternate Route,15
2026-08-16 16:15:00,17.45067589749729,78.38450985463909,397,28,High,0,2,0,0,16,16,8,2026,3,6,1,2,15,Afternoon,No Alternate Route,15
2026-08-16 16:20:00,17.49318512786394,78.39260644342016,393,21,High,2,3,2,0,16,16,8,2026,3,6,1,2,20,Afternoon,No Alternate Route,15
2026-08-16 16:25:00,17.41063723318546,78.44739044887024,382,22,High,2,1,2,0,16,16,8,2026,3,6,1,2,25,Afternoon,No Alternate Route,15
2026-08-16 16:30:00,17.38349852959743,78.48552340605006,493,34,High,0,0,0,0,16,16,8,2026,3,6,1,2,30,Afternoon,No Alternate Route,15
2026-08-16 16:35:00,17.45123246666419,78.38398295450592,333,40,High,0,2,0,0,16,16,8,2026,3,6,1,2,35,Afternoon,No Alternate Route,15
2026-08-16 16:40:00,17.38449244030369,78.4865671631972,369,32,High,0,0,0,0,16,16,8,2026,3,6,1,2,40,Afternoon,No Alternate Route,15
2026-08-16 16:45:00,17.41367236552381,78.449577384932,316,29,High,1,1,0,0,16,16,8,2026,3,6,1,2,45,Afternoon,No Alternate Route,15
2026-08-16 16:50:00,17.42314536280238,78.47282754517155,313,33,High,2,4,1,0,16,16,8,2026,3,6,1,2,50,Afternoon,No Alternate Route,15
2026-08-16 16:55:00,17.49510443728608,78.39284755597131,428,38,High,2,3,2,0,16,16,8,2026,3,6,1,2,55,Afternoon,No Alternate Route,15
2026-08-16 17:00:00,17.45037483926246,78.38199176685191,396,32,High,1,2,0,0,17,16,8,2026,3,6,1,0,0,Evening,No Alternate Route,15
2026-08-16 17:05:00,17.38587450588821,78.48576328786581,454,23,High,0,0,1,0,17,16,8,2026,3,6,1,0,5,Evening,No Alternate Route,15
2026-08-16 17:10:00,17.42194894917145,78.47440692773546,457,21,High,2,4,1,0,17,16,8,2026,3,6,1,0,10,Evening,No Alternate Route,15
2026-08-16 17:15:00,17.38516476485961,78.48654690268135,352,30,High,2,0,0,0,17,16,8,2026,3,6,1,0,15,Evening,No Alternate Route,15
2026-08-16 17:20:00,17.44907446166492,78.38435636671467,445,22,High,0,2,0,0,17,16,8,2026,3,6,1,0,20,Evening,No Alternate Route,15
2026-08-16 17:25:00,17.42543112142377,78.47334305336211,430,24,High,1,4,2,0,17,16,8,2026,3,6,1,0,25,Evening,No Alternate Route,15
2026-08-16 17:30:00,17.42229991792719,78.47277828221843,480,20,High,2,4,1,0,17,16,8,2026,3,6,1,0,30,Evening,No Alternate Route,15
2026-08-16 17:35:00,17.41310022766692,78.44971659973,355,26,High,1,1,1,0,17,16,8,2026,3,6,1,0,35,Evening,No Alternate Route,15
2026-08-16 17:40:00,17.49664799006809,78.39028746321016,462,28,High,0,3,0,0,17,16,8,2026,3,6,1,0,40,Evening,No Alternate Route,15
2026-08-16 17:45:00,17.41224505347988,78.44971643753898,459,31,High,3,1,1,0,17,16,8,2026,3,6,1,0,45,Evening,No Alternate Route,15
2026-08-16 17:50:00,17.41208460209602,78.44808478454249,405,27,High,1,1,1,0,17,16,8,2026,3,6,1,0,50,Evening,No Alternate Route,15
2026-08-16 17:55:00,17.42386295377724,78.47348994919533,427,24,High,2,4,0,0,17,16,8,2026,3,6,1,0,55,Evening,No Alternate Route,15
2026-08-16 18:00:00,17.38638829028448,78.48619145031155,696,10,Severe,3,0,0,0,18,16,8,2026,3,6,1,0,0,Evening,No Alternate Route,30
2026-08-16 18:05:00,17.42225513902772,78.47368991974318,654,19,Severe,3,4,2,0,18,16,8,2026,3,6,1,0,5,Evening,No Alternate Route,30
2026-08-16 18:10:00,17.38552972528941,78.48796486239762,520,34,High,3,0,0,0,18,16,8,2026,3,6,1,0,10,Evening,No Alternate Route,15
2026-08-16 18:15:00,17.41076763288252,78.4489513983614,679,14,Severe,1,1,1,0,18,16,8,2026,3,6,1,0,15,Evening,No Alternate Route,30
2026-08-16 18:20:00,17.44869764909667,78.3816177237284,624,17,Severe,0,2,1,0,18,16,8,2026,3,6,1,0,20,Evening,No Alternate Route,30
2026-08-16 18:25:00,17.42555179753063,78.4725392556315,728,10,Severe,0,4,2,0,18,16,8,2026,3,6,1,0,25,Evening,No Alternate Route,30
2026-08-16 18:30:00,17.49511281919442,78.3913826253575,699,16,Severe,2,3,2,0,18,16,8,2026,3,6,1,0,30,Evening,No Alternate Route,30
2026-08-16 18:35:00,17.45196113929751,78.38341867544024,719,12,Severe,0,2,2,0,18,16,8,2026,3,6,1,0,35,Evening,No Alternate Route,30
2026-08-16 18:40:00,17.41151979915688,78.44815935642235,750,15,Severe,0,1,2,0,18,16,8,2026,3,6,1,0,40,Evening,No Alternate Route,30
2026-08-16 18:45:00,17.49387748220545,78.39231143136792,591,40,High,3,3,1,0,18,16,8,2026,3,6,1,0,45,Evening,No Alternate Route,15
2026-08-16 18:50:00,17.41218928313749,78.44958920802745,778,10,Severe,3,1,2,0,18,16,8,2026,3,6,1,0,50,Evening,No Alternate Route,30
2026-08-16 18:55:00,17.41147251010888,78.44896596423938,549,36,High,3,1,2,0,18,16,8,2026,3,6,1,0,55,Evening,No Alternate Route,15
2026-08-16 19:00:00,17.49640817975716,78.39154903174811,521,27,High,0,3,2,0,19,16,8,2026,3,6,1,0,0,Evening,No Alternate Route,15
2026-08-16 19:05:00,17.42262264936796,78.47461778278817,522,38,High,1,4,0,0,19,16,8,2026,3,6,1,0,5,Evening,No Alternate Route,15
2026-08-16 19:10:00,17.44842034754195,78.38237623746873,696,13,Severe,0,2,0,0,19,16,8,2026,3,6,1,0,10,Evening,No Alternate Route,30
2026-08-16 19:15:00,17.42299025781929,78.47284868272453,743,15,Severe,0,4,0,0,19,16,8,2026,3,6,1,0,15,Evening,No Alternate Route,30
2026-08-16 19:20:00,17.45145458103082,78.38320040502845,523,23,High,1,2,2,0,19,16,8,2026,3,6,1,0,20,Evening,No Alternate Route,15
2026-08-16 19:25:00,17.49409309364214,78.39228875010063,759,11,Severe,1,3,0,0,19,16,8,2026,3,6,1,0,25,Evening,No Alternate Route,30
2026-08-16 19:30:00,17.38543700649381,78.48572303810373,513,30,High,2,0,0,0,19,16,8,2026,3,6,1,0,30,Evening,No Alternate Route,15
2026-08-16 19:35:00,17.49629728489236,78.38990219077392,799,14,Severe,1,3,2,0,19,16,8,2026,3,6,1,0,35,Evening,No Alternate Route,30
2026-08-16 19:40:00,17.38578489182177,78.48824212121554,564,28,High,0,0,1,0,19,16,8,2026,3,6,1,0,40,Evening,No Alternate Route,15
2026-08-16 19:45:00,17.41367659856189,78.44642592206567,676,16,Severe,3,1,1,0,19,16,8,2026,3,6,1,0,45,Evening,No Alternate Route,30
2026-08-16 19:50:00,17.4966497971942,78.39202729446698,546,29,High,0,3,0,0,19,16,8,2026,3,6,1,0,50,Evening,No Alternate Route,15
2026-08-16 19:55:00,17.41241023223921,78.44639272845063,541,31,High,0,1,1,0,19,16,8,2026,3,6,1,0,55,Evening,No Alternate Route,15
2026-08-16 20:00:00,17.44970862726192,78.38316048203274,543,40,High,2,2,1,0,20,16,8,2026,3,6,1,0,0,Evening,No Alternate Route,15
2026-08-16 20:05:00,17.44914681994767,78.3829787833817,568,30,High,1,2,1,0,20,16,8,2026,3,6,1,0,5,Evening,No Alternate Route,15
2026-08-16 20:10:00,17.38420924054998,78.48757608053126,536,33,High,3,0,2,0,20,16,8,2026,3,6,1,0,10,Evening,No Alternate Route,15
2026-08-16 20:15:00,17.41356953698337,78.44981699259631,584,32,High,0,1,2,0,20,16,8,2026,3,6,1,0,15,Evening,No Alternate Route,15
2026-08-16 20:20:00,17.49617928211616,78.39130390781,669,20,Severe,0,3,0,0,20,16,8,2026,3,6,1,0,20,Evening,No Alternate Route,30
2026-08-16 20:25:00,17.49441401970527,78.39369743756805,642,19,Severe,2,3,0,0,20,16,8,2026,3,6,1,0,25,Evening,No Alternate Route,30
2026-08-16 20:30:00,17.44884108939611,78.38301178864963,700,20,Severe,3,2,1,0,20,16,8,2026,3,6,1,0,30,Evening,No Alternate Route,30
2026-08-16 20:35:00,17.41077845807252,78.44826504072876,514,23,High,1,1,0,0,20,16,8,2026,3,6,1,0,35,Evening,No Alternate Route,15
2026-08-16 20:40:00,17.49333830677796,78.39011444424925,778,10,Severe,2,3,0,0,20,16,8,2026,3,6,1,0,40,Evening,No Alternate Route,30
2026-08-16 20:45:00,17.42458934317211,78.47447416180674,509,20,High,3,4,0,0,20,16,8,2026,3,6,1,0,45,Evening,No Alternate Route,15
2026-08-16 20:50:00,17.45005968031099,78.3843482394524,762,11,Severe,0,2,2,0,20,16,8,2026,3,6,1,0,50,Evening,No Alternate Route,30
2026-08-16 20:55:00,17.49404819752266,78.39004701052258,634,15,Severe,3,3,1,0,20,16,8,2026,3,6,1,0,55,Evening,No Alternate Route,30
2026-08-16 21:00:00,17.42447167987713,78.47343151294575,176,46,Moderate,1,4,0,0,21,16,8,2026,3,6,1,0,0,Night,No Alternate Route,5
2026-08-16 21:05:00,17.38478726771402,78.4876791504673,112,58,Moderate,0,0,2,0,21,16,8,2026,3,6,1,0,5,Night,No Alternate Route,5
2026-08-16 21:10:00,17.42215099474296,78.47444848567018,103,49,Moderate,2,4,1,0,21,16,8,2026,3,6,1,0,10,Night,No Alternate Route,5
2026-08-16 21:15:00,17.41152352727142,78.44877121958169,150,45,Moderate,0,1,1,0,21,16,8,2026,3,6,1,0,15,Night,No Alternate Route,5
2026-08-16 21:20:00,17.42282038461373,78.47462531888638,164,51,Moderate,2,4,1,0,21,16,8,2026,3,6,1,0,20,Night,No Alternate Route,5
2026-08-16 21:25:00,17.38518593852009,78.48692575607313,176,54,Moderate,2,0,0,0,21,16,8,2026,3,6,1,0,25,Night,No Alternate Route,5
2026-08-16 21:30:00,17.45013336143611,78.38445430601817,148,50,Moderate,2,2,2,0,21,16,8,2026,3,6,1,0,30,Night,No Alternate Route,5
2026-08-16 21:35:00,17.3851809756494,78.4856859335595,110,48,Moderate,3,0,2,0,21,16,8,2026,3,6,1,0,35,Night,No Alternate Route,5
2026-08-16 21:40:00,17.42285523692031,78.47538540433698,89,77,Low,1,4,0,0,21,16,8,2026,3,6,1,0,40,Night,No Alternate Route,0
2026-08-16 21:45:00,17.44927946486178,78.38076267028288,124,59,Moderate,0,2,1,0,21,16,8,2026,3,6,1,0,45,Night,No Alternate Route,5
2026-08-16 21:50:00,17.4503763520853,78.38194211915312,124,56,Moderate,1,2,0,0,21,16,8,2026,3,6,1,0,50,Night,No Alternate Route,5
2026-08-16 21:55:00,17.49419291956067,78.39247482931123,113,52,Moderate,3,3,2,0,21,16,8,2026,3,6,1,0,55,Night,No Alternate Route,5
2026-08-16 22:00:00,17.45120032171368,78.3820650395519,154,52,Moderate,0,2,0,0,22,16,8,2026,3,6,1,2,0,Night,No Alternate Route,5
2026-08-16 22:05:00,17.41081482201461,78.44850460339674,136,42,Moderate,0,1,0,0,22,16,8,2026,3,6,1,2,5,Night,No Alternate Route,5
2026-08-16 22:10:00,17.42399661076609,78.47361114499279,160,55,Moderate,0,4,2,0,22,16,8,2026,3,6,1,2,10,Night,No Alternate Route,5
2026-08-16 22:15:00,17.49395353523242,78.39181246101289,103,41,Moderate,3,3,2,0,22,16,8,2026,3,6,1,2,15,Night,No Alternate Route,5
2026-08-16 22:20:00,17.38598204829225,78.48668876367742,114,44,Moderate,1,0,0,0,22,16,8,2026,3,6,1,2,20,Night,No Alternate Route,5
2026-08-16 22:25:00,17.38390062241655,78.48555911887536,155,45,Moderate,3,0,2,0,22,16,8,2026,3,6,1,2,25,Night,No Alternate Route,5
2026-08-16 22:30:00,17.49632847392265,78.39309729993842,135,45,Moderate,2,3,1,0,22,16,8,2026,3,6,1,2,30,Night,No Alternate Route,5
2026-08-16 22:35:00,17.4255540658301,78.47564691477068,131,50,Moderate,2,4,2,0,22,16,8,2026,3,6,1,2,35,Night,No Alternate Route,5
2026-08-16 22:40:00,17.38527577680288,78.48475833968988,88,73,Low,1,0,2,0,22,16,8,2026,3,6,1,2,40,Night,No Alternate Route,0
2026-08-16 22:45:00,17.4489699254366,78.38420020324651,91,79,Low,2,2,1,0,22,16,8,2026,3,6,1,2,45,Night,No Alternate Route,0
2026-08-16 22:50:00,17.42262511948178,78.47373299119421,111,55,Moderate,1,4,0,0,22,16,8,2026,3,6,1,2,50,Night,No Alternate Route,5
2026-08-16 22:55:00,17.4504819078335,78.38091735337467,97,78,Low,3,2,0,0,22,16,8,2026,3,6,1,2,55,Night,No Alternate Route,0
2026-08-16 23:00:00,17.38669016678205,78.4883185532923,84,78,Low,1,0,1,0,23,16,8,2026,3,6,1,2,0,Night,No Alternate Route,0
2026-08-16 23:05:00,17.3846387094972,78.48489147156486,103,42,Moderate,1,0,1,0,23,16,8,2026,3,6,1,2,5,Night,No Alternate Route,5
2026-08-16 23:10:00,17.38548280197021,78.48603635135426,168,44,Moderate,0,0,2,0,23,16,8,2026,3,6,1,2,10,Night,No Alternate Route,5
2026-08-16 23:15:00,17.45171561047491,78.38252151736067,94,77,Low,3,2,0,0,23,16,8,2026,3,6,1,2,15,Night,No Alternate Route,0
2026-08-16 23:20:00,17.38632454279044,78.48655788575502,142,49,Moderate,2,0,2,0,23,16,8,2026,3,6,1,2,20,Night,No Alternate Route,5
2026-08-16 23:25:00,17.49303752106568,78.39008944932529,131,54,Moderate,0,3,2,1,23,16,8,2026,3,6,1,2,25,Night,No Alternate Route,5
2026-08-16 23:30:00,17.41397444099534,78.4474276718491,157,42,Moderate,1,1,2,0,23,16,8,2026,3,6,1,2,30,Night,No Alternate Route,5
2026-08-16 23:35:00,17.49572610805344,78.39117090418007,124,40,Moderate,1,3,1,0,23,16,8,2026,3,6,1,2,35,Night,No Alternate Route,5
2026-08-16 23:40:00,17.42484956801416,78.47192364790034,165,59,Moderate,1,4,1,0,23,16,8,2026,3,6,1,2,40,Night,No Alternate Route,5
2026-08-16 23:45:00,17.38665884166895,78.48497846763254,124,51,Moderate,2,0,1,0,23,16,8,2026,3,6,1,2,45,Night,No Alternate Route,5
2026-08-16 23:50:00,17.41336719350526,78.44794818100482,158,44,Moderate,0,1,2,0,23,16,8,2026,3,6,1,2,50,Night,No Alternate Route,5
2026-08-16 23:55:00,17.38565515841535,78.4847842880025,160,44,Moderate,0,0,0,0,23,16,8,2026,3,6,1,2,55,Night,No Alternate Route,5
2026-08-17 00:00:00,17.42399909091097,78.47374204959276,41,66,Low,3,4,0,0,0,17,8,2026,1,0,0,2,0,Night,No Alternate Route,0
2026-08-17 00:05:00,17.38596753912327,78.48722715908572,58,80,Low,1,0,2,0,0,17,8,2026,1,0,0,2,5,Night,No Alternate Route,0
2026-08-17 00:10:00,17.42427675932415,78.47359814935821,51,67,Low,2,4,1,0,0,17,8,2026,1,0,0,2,10,Night,No Alternate Route,0
2026-08-17 00:15:00,17.49515049649134,78.39208620743754,56,75,Low,3,3,0,0,0,17,8,2026,1,0,0,2,15,Night,No Alternate Route,0
2026-08-17 00:20:00,17.38498747399984,78.48522270428356,45,60,Low,2,0,1,0,0,17,8,2026,1,0,0,2,20,Night,No Alternate Route,0
2026-08-17 00:25:00,17.49390900752035,78.3920763344026,37,73,Low,1,3,1,0,0,17,8,2026,1,0,0,2,25,Night,No Alternate Route,0
2026-08-17 00:30:00,17.44962202107932,78.38152314516479,62,73,Low,2,2,1,0,0,17,8,2026,1,0,0,2,30,Night,No Alternate Route,0
2026-08-17 00:35:00,17.45077137745621,78.3836924142405,32,60,Low,3,2,1,0,0,17,8,2026,1,0,0,2,35,Night,No Alternate Route,0
2026-08-17 00:40:00,17.38653156064486,78.48501324779272,80,73,Low,2,0,0,0,0,17,8,2026,1,0,0,2,40,Night,No Alternate Route,0
2026-08-17 00:45:00,17.41170565662917,78.44795790794731,43,76,Low,3,1,0,0,0,17,8,2026,1,0,0,2,45,Night,No Alternate Route,0
2026-08-17 00:50:00,17.38435230178488,78.48805673369334,36,77,Low,1,0,0,0,0,17,8,2026,1,0,0,2,50,Night,No Alternate Route,0
2026-08-17 00:55:00,17.45005712771411,78.38090433139342,62,63,Low,2,2,0,0,0,17,8,2026,1,0,0,2,55,Night,No Alternate Route,0
2026-08-17 01:00:00,17.4943038225271,78.39333591851504,52,78,Low,2,3,0,0,1,17,8,2026,1,0,0,2,0,Night,No Alternate Route,0
2026-08-17 01:05:00,17.41315739615368,78.44878550776333,55,76,Low,3,1,0,0,1,17,8,2026,1,0,0,2,5,Night,No Alternate Route,0
2026-08-17 01:10:00,17.42536725446308,78.47254979573341,29,70,Low,1,4,2,0,1,17,8,2026,1,0,0,2,10,Night,No Alternate Route,0
2026-08-17 01:15:00,17.49608195540514,78.39299464106318,22,75,Low,2,3,2,0,1,17,8,2026,1,0,0,2,15,Night,No Alternate Route,0
2026-08-17 01:20:00,17.38527632129701,78.48775733715689,65,67,Low,0,0,0,0,1,17,8,2026,1,0,0,2,20,Night,No Alternate Route,0
2026-08-17 01:25:00,17.42315805133077,78.47415923430553,37,70,Low,0,4,1,0,1,17,8,2026,1,0,0,2,25,Night,No Alternate Route,0
2026-08-17 01:30:00,17.45062569774354,78.38319133208009,41,73,Low,2,2,1,0,1,17,8,2026,1,0,0,2,30,Night,No Alternate Route,0
2026-08-17 01:35:00,17.41361124921327,78.44808377513485,27,61,Low,3,1,1,1,1,17,8,2026,1,0,0,2,35,Night,No Alternate Route,0
2026-08-17 01:40:00,17.42358497463713,78.47378288190566,24,65,Low,1,4,0,0,1,17,8,2026,1,0,0,2,40,Night,No Alternate Route,0
2026-08-17 01:45:00,17.41253576811106,78.447245926098,41,69,Low,2,1,0,0,1,17,8,2026,1,0,0,2,45,Night,No Alternate Route,0
2026-08-17 01:50:00,17.49323713842006,78.39126228807136,62,67,Low,3,3,1,0,1,17,8,2026,1,0,0,2,50,Night,No Alternate Route,0
2026-08-17 01:55:00,17.44906047074823,78.38367315703722,73,74,Low,0,2,1,0,1,17,8,2026,1,0,0,2,55,Night,No Alternate Route,0
2026-08-17 02:00:00,17.38619549859483,78.48728769739002,28,75,Low,3,0,2,0,2,17,8,2026,1,0,0,2,0,Night,No Alternate Route,0
2026-08-17 02:05:00,17.49591523013706,78.3913161339284,28,69,Low,2,3,1,0,2,17,8,2026,1,0,0,2,5,Night,No Alternate Route,0
2026-08-17 02:10:00,17.41302907843014,78.44801344069329,48,69,Low,0,1,2,0,2,17,8,2026,1,0,0,2,10,Night,No Alternate Route,0
2026-08-17 02:15:00,17.49332959955359,78.3935355497658,52,70,Low,2,3,0,0,2,17,8,2026,1,0,0,2,15,Night,No Alternate Route,0
2026-08-17 02:20:00,17.49447278015609,78.39083307960122,79,71,Low,2,3,1,0,2,17,8,2026,1,0,0,2,20,Night,No Alternate Route,0
2026-08-17 02:25:00,17.44877128367925,78.38353050077752,22,61,Low,1,2,1,0,2,17,8,2026,1,0,0,2,25,Night,No Alternate Route,0
2026-08-17 02:30:00,17.41281730776166,78.44756735218432,46,73,Low,2,1,1,0,2,17,8,2026,1,0,0,2,30,Night,No Alternate Route,0
2026-08-17 02:35:00,17.44986302946445,78.38404204143545,59,78,Low,0,2,1,0,2,17,8,2026,1,0,0,2,35,Night,No Alternate Route,0
2026-08-17 02:40:00,17.38304939998022,78.48486283635143,53,68,Low,1,0,0,0,2,17,8,2026,1,0,0,2,40,Night,No Alternate Route,0
2026-08-17 02:45:00,17.41087721115134,78.44985832937658,57,78,Low,1,1,2,0,2,17,8,2026,1,0,0,2,45,Night,No Alternate Route,0
2026-08-17 02:50:00,17.38552088762416,78.48659166846056,35,66,Low,3,0,2,0,2,17,8,2026,1,0,0,2,50,Night,No Alternate Route,0
2026-08-17 02:55:00,17.38645335857742,78.4855070694633,24,78,Low,2,0,2,0,2,17,8,2026,1,0,0,2,55,Night,No Alternate Route,0
2026-08-17 03:00:00,17.38319080381397,78.48724248998303,45,63,Low,2,0,1,0,3,17,8,2026,1,0,0,2,0,Night,No Alternate Route,0
2026-08-17 03:05:00,17.41247941845176,78.44848667200192,59,60,Low,1,1,0,0,3,17,8,2026,1,0,0,2,5,Night,No Alternate Route,0
2026-08-17 03:10:00,17.49497536104051,78.39096380932764,32,71,Low,1,3,2,0,3,17,8,2026,1,0,0,2,10,Night,No Alternate Route,0
2026-08-17 03:15:00,17.38595572036132,78.4847204235147,71,76,Low,3,0,1,0,3,17,8,2026,1,0,0,2,15,Night,No Alternate Route,0
2026-08-17 03:20:00,17.42505784681567,78.47241112019175,78,61,Low,1,4,0,0,3,17,8,2026,1,0,0,2,20,Night,No Alternate Route,0
2026-08-17 03:25:00,17.41087103324307,78.44871044947104,56,72,Low,0,1,1,0,3,17,8,2026,1,0,0,2,25,Night,No Alternate Route,0
2026-08-17 03:30:00,17.41352891189354,78.44707586171032,21,65,Low,2,1,0,0,3,17,8,2026,1,0,0,2,30,Night,No Alternate Route,0
2026-08-17 03:35:00,17.41449935418149,78.44816296186094,22,60,Low,2,1,0,0,3,17,8,2026,1,0,0,2,35,Night,No Alternate Route,0
2026-08-17 03:40:00,17.42507040878188,78.4721644671492,45,77,Low,3,4,0,0,3,17,8,2026,1,0,0,2,40,Night,No Alternate Route,0
2026-08-17 03:45:00,17.42268185315863,78.47275188855211,58,80,Low,0,4,2,0,3,17,8,2026,1,0,0,2,45,Night,No Alternate Route,0
2026-08-17 03:50:00,17.42283211836995,78.47472073451888,74,72,Low,1,4,1,0,3,17,8,2026,1,0,0,2,50,Night,No Alternate Route,0
2026-08-17 03:55:00,17.49472945967342,78.39165013178629,65,72,Low,2,3,1,0,3,17,8,2026,1,0,0,2,55,Night,No Alternate Route,0
2026-08-17 04:00:00,17.38491828856253,78.48772317671886,62,67,Low,0,0,0,0,4,17,8,2026,1,0,0,2,0,Night,No Alternate Route,0
2026-08-17 04:05:00,17.41396204024403,78.4481409884431,44,69,Low,1,1,2,0,4,17,8,2026,1,0,0,2,5,Night,No Alternate Route,0
2026-08-17 04:10:00,17.45153863606828,78.383939184034,58,80,Low,0,2,1,0,4,17,8,2026,1,0,0,2,10,Night,No Alternate Route,0
2026-08-17 04:15:00,17.49657093730389,78.39019816604956,21,64,Low,2,3,1,0,4,17,8,2026,1,0,0,2,15,Night,No Alternate Route,0
2026-08-17 04:20:00,17.49506674082928,78.39111413826984,34,77,Low,1,3,2,0,4,17,8,2026,1,0,0,2,20,Night,No Alternate Route,0
2026-08-17 04:25:00,17.38330975794049,78.48612530419467,78,77,Low,0,0,0,0,4,17,8,2026,1,0,0,2,25,Night,No Alternate Route,0
2026-08-17 04:30:00,17.49598014343545,78.39331450412845,60,79,Low,3,3,1,0,4,17,8,2026,1,0,0,2,30,Night,No Alternate Route,0
2026-08-17 04:35:00,17.44927874184754,78.38329002143213,54,67,Low,3,2,0,0,4,17,8,2026,1,0,0,2,35,Night,No Alternate Route,0
2026-08-17 04:40:00,17.49304572638901,78.39218770817762,62,71,Low,1,3,1,0,4,17,8,2026,1,0,0,2,40,Night,No Alternate Route,0
2026-08-17 04:45:00,17.42428392529206,78.47255744409263,76,70,Low,0,4,1,0,4,17,8,2026,1,0,0,2,45,Night,No Alternate Route,0
2026-08-17 04:50:00,17.45124621440774,78.38298073689887,37,61,Low,1,2,2,0,4,17,8,2026,1,0,0,2,50,Night,No Alternate Route,0
2026-08-17 04:55:00,17.42568500906412,78.47203014739364,66,65,Low,3,4,1,0,4,17,8,2026,1,0,0,2,55,Night,No Alternate Route,0
2026-08-17 05:00:00,17.45073749561555,78.38383675395696,179,51,Moderate,1,2,2,0,5,17,8,2026,1,0,0,2,0,Morning,No Alternate Route,5
2026-08-17 05:05:00,17.42369173034876,78.47548902257985,143,59,Moderate,0,4,1,0,5,17,8,2026,1,0,0,2,5,Morning,No Alternate Route,5
2026-08-17 05:10:00,17.38488772934446,78.4861509985443,142,46,Moderate,3,0,2,0,5,17,8,2026,1,0,0,2,10,Morning,No Alternate Route,5
2026-08-17 05:15:00,17.49285452411583,78.38971506965439,149,50,Moderate,2,3,1,0,5,17,8,2026,1,0,0,2,15,Morning,No Alternate Route,5
2026-08-17 05:20:00,17.44919679776797,78.38454948448143,110,41,Moderate,2,2,0,0,5,17,8,2026,1,0,0,2,20,Morning,No Alternate Route,5
2026-08-17 05:25:00,17.3865321279555,78.48826250057502,88,60,Low,1,0,1,0,5,17,8,2026,1,0,0,2,25,Morning,No Alternate Route,0
2026-08-17 05:30:00,17.49521708315706,78.3910212352103,144,43,Moderate,0,3,2,0,5,17,8,2026,1,0,0,2,30,Morning,No Alternate Route,5
2026-08-17 05:35:00,17.42281431397812,78.47208953652131,136,51,Moderate,3,4,2,0,5,17,8,2026,1,0,0,2,35,Morning,No Alternate Route,5
2026-08-17 05:40:00,17.41407682297618,78.44874141706127,126,57,Moderate,0,1,2,0,5,17,8,2026,1,0,0,2,40,Morning,No Alternate Route,5
2026-08-17 05:45:00,17.3866557463339,78.48728303134592,95,62,Low,0,0,1,0,5,17,8,2026,1,0,0,2,45,Morning,No Alternate Route,0
2026-08-17 05:50:00,17.41298513430093,78.44891987877479,147,41,Moderate,2,1,0,0,5,17,8,2026,1,0,0,2,50,Morning,No Alternate Route,5
2026-08-17 05:55:00,17.414443600376,78.44757766137221,156,44,Moderate,1,1,2,0,5,17,8,2026,1,0,0,2,55,Morning,No Alternate Route,5
2026-08-17 06:00:00,17.42369268241912,78.47419924249013,118,43,Moderate,0,4,0,0,6,17,8,2026,1,0,0,2,0,Morning,No Alternate Route,5
2026-08-17 06:05:00,17.38573763052941,78.48613402593273,143,51,Moderate,3,0,1,0,6,17,8,2026,1,0,0,2,5,Morning,No Alternate Route,5
2026-08-17 06:10:00,17.41088552272482,78.45017968901715,86,75,Low,3,1,2,0,6,17,8,2026,1,0,0,2,10,Morning,No Alternate Route,0
2026-08-17 06:15:00,17.41279028332227,78.44804660863501,86,67,Low,3,1,2,0,6,17,8,2026,1,0,0,2,15,Morning,No Alternate Route,0
2026-08-17 06:20:00,17.4953794878519,78.39034220219469,165,51,Moderate,0,3,2,0,6,17,8,2026,1,0,0,2,20,Morning,No Alternate Route,5
2026-08-17 06:25:00,17.45080446575991,78.38432579700424,90,66,Low,3,2,1,0,6,17,8,2026,1,0,0,2,25,Morning,No Alternate Route,0
2026-08-17 06:30:00,17.42439203948051,78.4732415501978,101,59,Moderate,0,4,1,0,6,17,8,2026,1,0,0,2,30,Morning,No Alternate Route,5
2026-08-17 06:35:00,17.41452424334791,78.4483304306449,94,69,Low,3,1,0,0,6,17,8,2026,1,0,0,2,35,Morning,No Alternate Route,0
2026-08-17 06:40:00,17.41093740152785,78.44664442928963,174,52,Moderate,0,1,1,0,6,17,8,2026,1,0,0,2,40,Morning,No Alternate Route,5
2026-08-17 06:45:00,17.42238852779828,78.47514373919181,100,71,Low,1,4,0,0,6,17,8,2026,1,0,0,2,45,Morning,No Alternate Route,0
2026-08-17 06:50:00,17.42359400182948,78.47504908513903,129,47,Moderate,1,4,0,0,6,17,8,2026,1,0,0,2,50,Morning,No Alternate Route,5
2026-08-17 06:55:00,17.42240522152492,78.47291161565704,170,41,Moderate,0,4,0,0,6,17,8,2026,1,0,0,2,55,Morning,No Alternate Route,5
2026-08-17 07:00:00,17.3854752323385,78.48605228724864,570,21,High,1,0,1,0,7,17,8,2026,1,0,0,1,0,Morning,No Alternate Route,15
2026-08-17 07:05:00,17.45201207445832,78.38376687679465,695,15,Severe,0,2,1,0,7,17,8,2026,1,0,0,1,5,Morning,No Alternate Route,30
2026-08-17 07:10:00,17.42290771316433,78.4730962121472,673,17,Severe,1,4,0,0,7,17,8,2026,1,0,0,1,10,Morning,No Alternate Route,30
2026-08-17 07:15:00,17.41355990194407,78.44854374887498,678,13,Severe,2,1,2,0,7,17,8,2026,1,0,0,1,15,Morning,No Alternate Route,30
2026-08-17 07:20:00,17.41400811249511,78.44911500920472,452,33,High,2,1,0,0,7,17,8,2026,1,0,0,1,20,Morning,No Alternate Route,15
2026-08-17 07:25:00,17.49643181317664,78.3897561497938,644,13,Severe,2,3,1,0,7,17,8,2026,1,0,0,1,25,Morning,No Alternate Route,30
2026-08-17 07:30:00,17.45056582346925,78.38259116217424,508,31,High,0,2,1,0,7,17,8,2026,1,0,0,1,30,Morning,No Alternate Route,15
2026-08-17 07:35:00,17.38542190666429,78.48681046618178,472,24,High,1,0,1,0,7,17,8,2026,1,0,0,1,35,Morning,No Alternate Route,15
2026-08-17 07:40:00,17.49554853607378,78.39356712163959,661,17,Severe,2,3,1,0,7,17,8,2026,1,0,0,1,40,Morning,No Alternate Route,30
2026-08-17 07:45:00,17.41440708913862,78.44741725933632,587,21,High,1,1,2,0,7,17,8,2026,1,0,0,1,45,Morning,No Alternate Route,15
2026-08-17 07:50:00,17.41315120669775,78.44823751738849,469,24,High,2,1,1,0,7,17,8,2026,1,0,0,1,50,Morning,No Alternate Route,15
2026-08-17 07:55:00,17.41217873769729,78.44637282714106,513,39,High,0,1,0,0,7,17,8,2026,1,0,0,1,55,Morning,No Alternate Route,15
2026-08-17 08:00:00,17.4488500057863,78.38304046616545,637,12,Severe,0,2,0,0,8,17,8,2026,1,0,0,1,0,Morning,No Alternate Route,30
2026-08-17 08:05:00,17.49410041464338,78.39198385954718,621,16,Severe,0,3,1,0,8,17,8,2026,1,0,0,1,5,Morning,No Alternate Route,30
2026-08-17 08:10:00,17.41247860419046,78.44723814604323,576,27,High,3,1,0,0,8,17,8,2026,1,0,0,1,10,Morning,No Alternate Route,15
2026-08-17 08:15:00,17.424415599987,78.47314366644683,479,20,High,3,4,0,0,8,17,8,2026,1,0,0,1,15,Morning,No Alternate Route,15
2026-08-17 08:20:00,17.4244723200345,78.47288344724387,599,25,High,0,4,0,0,8,17,8,2026,1,0,0,1,20,Morning,No Alternate Route,15
2026-08-17 08:25:00,17.495165046398,78.39363551901913,635,19,Severe,2,3,2,0,8,17,8,2026,1,0,0,1,25,Morning,No Alternate Route,30
2026-08-17 08:30:00,17.4231849196219,78.47190485446197,619,14,Severe,2,4,1,0,8,17,8,2026,1,0,0,1,30,Morning,No Alternate Route,30
2026-08-17 08:35:00,17.38479670461324,78.48683816919748,666,16,Severe,3,0,0,0,8,17,8,2026,1,0,0,1,35,Morning,No Alternate Route,30
2026-08-17 08:40:00,17.45185977133194,78.38353789374462,643,13,Severe,0,2,0,0,8,17,8,2026,1,0,0,1,40,Morning,No Alternate Route,30
2026-08-17 08:45:00,17.45009533743566,78.383311764519,559,23,High,0,2,2,0,8,17,8,2026,1,0,0,1,45,Morning,No Alternate Route,15
2026-08-17 08:50:00,17.41398008916794,78.44921285557723,641,17,Severe,0,1,0,0,8,17,8,2026,1,0,0,1,50,Morning,No Alternate Route,30
2026-08-17 08:55:00,17.42388699417564,78.47216740281722,648,12,Severe,1,4,1,0,8,17,8,2026,1,0,0,1,55,Morning,No Alternate Route,30
2026-08-17 09:00:00,17.38624429875171,78.48650764851043,655,12,Severe,2,0,1,0,9,17,8,2026,1,0,0,1,0,Morning,No Alternate Route,30
2026-08-17 09:05:00,17.41452771095478,78.44676558159814,572,39,High,3,1,0,0,9,17,8,2026,1,0,0,1,5,Morning,No Alternate Route,15
2026-08-17 09:10:00,17.44874393803067,78.38250230330719,455,28,High,1,2,1,0,9,17,8,2026,1,0,0,1,10,Morning,No Alternate Route,15
2026-08-17 09:15:00,17.41063800365107,78.44821013436909,569,24,High,1,1,0,0,9,17,8,2026,1,0,0,1,15,Morning,No Alternate Route,15
2026-08-17 09:20:00,17.38366950157251,78.4861047970324,556,28,High,3,0,2,0,9,17,8,2026,1,0,0,1,20,Morning,No Alternate Route,15
2026-08-17 09:25:00,17.49577349040321,78.39177645243599,617,14,Severe,2,3,1,0,9,17,8,2026,1,0,0,1,25,Morning,No Alternate Route,30
2026-08-17 09:30:00,17.41456388068428,78.44668069639519,514,26,High,0,1,2,0,9,17,8,2026,1,0,0,1,30,Morning,No Alternate Route,15
2026-08-17 09:35:00,17.38583990434553,78.48609010313002,652,10,Severe,2,0,2,0,9,17,8,2026,1,0,0,1,35,Morning,No Alternate Route,30
2026-08-17 09:40:00,17.4115543389688,78.44830456253725,648,18,Severe,2,1,2,0,9,17,8,2026,1,0,0,1,40,Morning,No Alternate Route,30
2026-08-17 09:45:00,17.45124652290491,78.38311201374876,604,15,Severe,1,2,1,0,9,17,8,2026,1,0,0,1,45,Morning,No Alternate Route,30
2026-08-17 09:50:00,17.44948502079605,78.3825228479904,636,10,Severe,0,2,0,0,9,17,8,2026,1,0,0,1,50,Morning,No Alternate Route,30
2026-08-17 09:55:00,17.41218595610187,78.44673380063524,486,27,High,0,1,0,0,9,17,8,2026,1,0,0,1,55,Morning,No Alternate Route,15
2026-08-17 10:00:00,17.42236872132827,78.47494279399594,261,49,Moderate,2,4,2,0,10,17,8,2026,1,0,0,1,0,Morning,No Alternate Route,5
2026-08-17 10:05:00,17.38595497604033,78.48673399849913,240,55,Moderate,2,0,2,0,10,17,8,2026,1,0,0,1,5,Morning,No Alternate Route,5
2026-08-17 10:10:00,17.42390644816786,78.47487165879089,254,51,Moderate,2,4,1,0,10,17,8,2026,1,0,0,1,10,Morning,No Alternate Route,5
2026-08-17 10:15:00,17.4957298517873,78.3919940970534,314,32,High,3,3,1,0,10,17,8,2026,1,0,0,1,15,Morning,No Alternate Route,15
2026-08-17 10:20:00,17.41093958478912,78.44658439553136,180,40,Moderate,0,1,2,0,10,17,8,2026,1,0,0,1,20,Morning,No Alternate Route,5
2026-08-17 10:25:00,17.42438487493311,78.47450396410615,201,41,Moderate,2,4,2,0,10,17,8,2026,1,0,0,1,25,Morning,No Alternate Route,5
2026-08-17 10:30:00,17.4485885141742,78.38367542395017,285,48,Moderate,0,2,1,0,10,17,8,2026,1,0,0,1,30,Morning,No Alternate Route,5
2026-08-17 10:35:00,17.38590721948776,78.48762820797963,248,55,Moderate,1,0,0,0,10,17,8,2026,1,0,0,1,35,Morning,No Alternate Route,5
2026-08-17 10:40:00,17.49542664112698,78.39103815305636,324,26,High,1,3,1,0,10,17,8,2026,1,0,0,1,40,Morning,No Alternate Route,15
2026-08-17 10:45:00,17.4958394524449,78.38989491071568,348,21,High,1,3,0,0,10,17,8,2026,1,0,0,1,45,Morning,No Alternate Route,15
2026-08-17 10:50:00,17.49482544025068,78.39061147723524,325,23,High,0,3,1,0,10,17,8,2026,1,0,0,1,50,Morning,No Alternate Route,15
2026-08-17 10:55:00,17.38386555274204,78.48537154101238,298,59,Moderate,0,0,1,0,10,17,8,2026,1,0,0,1,55,Morning,No Alternate Route,5
2026-08-17 11:00:00,17.45134997796549,78.38265258374577,291,45,Moderate,3,2,1,0,11,17,8,2026,1,0,0,2,0,Morning,No Alternate Route,5
2026-08-17 11:05:00,17.38480905173366,78.48780406511636,235,44,Moderate,0,0,1,0,11,17,8,2026,1,0,0,2,5,Morning,No Alternate Route,5
2026-08-17 11:10:00,17.4229489125275,78.47271124747587,282,44,Moderate,0,4,1,0,11,17,8,2026,1,0,0,2,10,Morning,No Alternate Route,5
2026-08-17 11:15:00,17.45004598943104,78.38262392621448,238,54,Moderate,1,2,2,0,11,17,8,2026,1,0,0,2,15,Morning,No Alternate Route,5
2026-08-17 11:20:00,17.49482958877952,78.39170275201978,296,58,Moderate,2,3,0,0,11,17,8,2026,1,0,0,2,20,Morning,No Alternate Route,5
2026-08-17 11:25:00,17.45052194595749,78.38132413803619,309,26,High,3,2,0,0,11,17,8,2026,1,0,0,2,25,Morning,No Alternate Route,15
2026-08-17 11:30:00,17.38515536829754,78.48670721900486,230,53,Moderate,3,0,0,0,11,17,8,2026,1,0,0,2,30,Morning,No Alternate Route,5
2026-08-17 11:35:00,17.42401132097589,78.47513271832148,250,53,Moderate,1,4,1,0,11,17,8,2026,1,0,0,2,35,Morning,No Alternate Route,5
2026-08-17 11:40:00,17.3834919420053,78.48817123617033,309,25,High,2,0,1,0,11,17,8,2026,1,0,0,2,40,Morning,No Alternate Route,15
2026-08-17 11:45:00,17.49626991237802,78.39192833671636,268,50,Moderate,3,3,0,0,11,17,8,2026,1,0,0,2,45,Morning,No Alternate Route,5
2026-08-17 11:50:00,17.45019487331865,78.38436601171496,324,25,High,2,2,1,0,11,17,8,2026,1,0,0,2,50,Morning,No Alternate Route,15
2026-08-17 11:55:00,17.38344789639993,78.48859755207216,327,27,High,0,0,0,0,11,17,8,2026,1,0,0,2,55,Morning,No Alternate Route,15
2026-08-17 12:00:00,17.49641222701306,78.39279707602094,205,41,Moderate,2,3,0,0,12,17,8,2026,1,0,0,2,0,Afternoon,No Alternate Route,5
2026-08-17 12:05:00,17.3836220095835,78.48613460814101,348,25,High,1,0,0,0,12,17,8,2026,1,0,0,2,5,Afternoon,No Alternate Route,15
2026-08-17 12:10:00,17.42433148993937,78.47551756281348,300,40,Moderate,0,4,0,0,12,17,8,2026,1,0,0,2,10,Afternoon,No Alternate Route,5
2026-08-17 12:15:00,17.41442393681356,78.44819638041642,315,29,High,1,1,0,0,12,17,8,2026,1,0,0,2,15,Afternoon,No Alternate Route,15
2026-08-17 12:20:00,17.49333631032283,78.38970633074537,197,43,Moderate,0,3,1,0,12,17,8,2026,1,0,0,2,20,Afternoon,No Alternate Route,5
2026-08-17 12:25:00,17.49316923984765,78.39340737244251,196,42,Moderate,2,3,1,0,12,17,8,2026,1,0,0,2,25,Afternoon,No Alternate Route,5
2026-08-17 12:30:00,17.38424685104911,78.48605712265577,199,56,Moderate,3,0,2,0,12,17,8,2026,1,0,0,2,30,Afternoon,No Alternate Route,5
2026-08-17 12:35:00,17.42467685900167,78.47328591597217,243,48,Moderate,2,4,2,0,12,17,8,2026,1,0,0,2,35,Afternoon,No Alternate Route,5
2026-08-17 12:40:00,17.41358806056416,78.4467765177485,277,55,Moderate,3,1,1,0,12,17,8,2026,1,0,0,2,40,Afternoon,No Alternate Route,5
2026-08-17 12:45:00,17.4123753988212,78.44727331879884,320,24,High,0,1,0,0,12,17,8,2026,1,0,0,2,45,Afternoon,No Alternate Route,15
2026-08-17 12:50:00,17.41185801251288,78.44769264882838,233,58,Moderate,3,1,1,0,12,17,8,2026,1,0,0,2,50,Afternoon,No Alternate Route,5
2026-08-17 12:55:00,17.41418353688254,78.44852296271118,282,43,Moderate,2,1,2,0,12,17,8,2026,1,0,0,2,55,Afternoon,No Alternate Route,5
2026-08-17 13:00:00,17.44842708463774,78.38360428742925,197,47,Moderate,0,2,0,0,13,17,8,2026,1,0,0,2,0,Afternoon,No Alternate Route,5
2026-08-17 13:05:00,17.42473150857764,78.47203503642693,226,49,Moderate,0,4,0,0,13,17,8,2026,1,0,0,2,5,Afternoon,No Alternate Route,5
2026-08-17 13:10:00,17.38354938216494,78.48854990792655,300,44,Moderate,1,0,2,0,13,17,8,2026,1,0,0,2,10,Afternoon,No Alternate Route,5
2026-08-17 13:15:00,17.49631376372505,78.39215808309409,335,26,High,2,3,0,0,13,17,8,2026,1,0,0,2,15,Afternoon,No Alternate Route,15
2026-08-17 13:20:00,17.41330583572622,78.44666685467668,219,40,Moderate,1,1,0,0,13,17,8,2026,1,0,0,2,20,Afternoon,No Alternate Route,5
2026-08-17 13:25:00,17.45104139007613,78.38306233750396,254,41,Moderate,3,2,2,0,13,17,8,2026,1,0,0,2,25,Afternoon,No Alternate Route,5
2026-08-17 13:30:00,17.41265317515179,78.45011039153034,198,55,Moderate,0,1,0,0,13,17,8,2026,1,0,0,2,30,Afternoon,No Alternate Route,5
2026-08-17 13:35:00,17.49660398565586,78.391139515413,288,56,Moderate,1,3,0,0,13,17,8,2026,1,0,0,2,35,Afternoon,No Alternate Route,5
2026-08-17 13:40:00,17.42460424397231,78.47275394447996,216,59,Moderate,2,4,0,0,13,17,8,2026,1,0,0,2,40,Afternoon,No Alternate Route,5
2026-08-17 13:45:00,17.42423451809326,78.47215067350852,331,37,High,3,4,2,0,13,17,8,2026,1,0,0,2,45,Afternoon,No Alternate Route,15
2026-08-17 13:50:00,17.38473193539015,78.48772450689638,254,46,Moderate,0,0,0,0,13,17,8,2026,1,0,0,2,50,Afternoon,No Alternate Route,5
2026-08-17 13:55:00,17.45048640673886,78.38427729489025,288,59,Moderate,2,2,2,0,13,17,8,2026,1,0,0,2,55,Afternoon,No Alternate Route,5
2026-08-17 14:00:00,17.49311049678259,78.3912080357906,181,59,Moderate,2,3,0,0,14,17,8,2026,1,0,0,2,0,Afternoon,No Alternate Route,5
2026-08-17 14:05:00,17.41211426003482,78.45014281240614,248,52,Moderate,1,1,1,0,14,17,8,2026,1,0,0,2,5,Afternoon,No Alternate Route,5
2026-08-17 14:10:00,17.41224352270553,78.45010429034292,269,46,Moderate,1,1,2,0,14,17,8,2026,1,0,0,2,10,Afternoon,No Alternate Route,5
2026-08-17 14:15:00,17.44905818145589,78.38182838693412,252,55,Moderate,1,2,1,0,14,17,8,2026,1,0,0,2,15,Afternoon,No Alternate Route,5
2026-08-17 14:20:00,17.42468012919198,78.47296496553666,309,23,High,1,4,2,0,14,17,8,2026,1,0,0,2,20,Afternoon,No Alternate Route,15
2026-08-17 14:25:00,17.49532056429644,78.39021741273778,202,59,Moderate,2,3,2,0,14,17,8,2026,1,0,0,2,25,Afternoon,No Alternate Route,5
2026-08-17 14:30:00,17.49589159112845,78.3919287343468,284,54,Moderate,1,3,2,0,14,17,8,2026,1,0,0,2,30,Afternoon,No Alternate Route,5
2026-08-17 14:35:00,17.4141407363507,78.44654888027995,272,51,Moderate,0,1,0,0,14,17,8,2026,1,0,0,2,35,Afternoon,No Alternate Route,5
2026-08-17 14:40:00,17.41437380879617,78.44685469917358,247,43,Moderate,1,1,2,0,14,17,8,2026,1,0,0,2,40,Afternoon,No Alternate Route,5
2026-08-17 14:45:00,17.38676808587338,78.48833991944299,334,34,High,2,0,2,0,14,17,8,2026,1,0,0,2,45,Afternoon,No Alternate Route,15
2026-08-17 14:50:00,17.45154799919482,78.38087633400193,181,54,Moderate,2,2,0,0,14,17,8,2026,1,0,0,2,50,Afternoon,No Alternate Route,5
2026-08-17 14:55:00,17.41172858524877,78.44850787415523,188,45,Moderate,0,1,1,0,14,17,8,2026,1,0,0,2,55,Afternoon,No Alternate Route,5
2026-08-17 15:00:00,17.41134357081925,78.4473069157325,195,51,Moderate,2,1,1,0,15,17,8,2026,1,0,0,2,0,Afternoon,No Alternate Route,5
2026-08-17 15:05:00,17.42368825762224,78.4740942972683,323,34,High,0,4,0,0,15,17,8,2026,1,0,0,2,5,Afternoon,No Alternate Route,15
2026-08-17 15:10:00,17.42338898291046,78.47298950359,197,50,Moderate,0,4,2,0,15,17,8,2026,1,0,0,2,10,Afternoon,No Alternate Route,5
2026-08-17 15:15:00,17.45216281733491,78.38157561309221,190,56,Moderate,3,2,0,0,15,17,8,2026,1,0,0,2,15,Afternoon,No Alternate Route,5
2026-08-17 15:20:00,17.42564912503178,78.4755949028342,320,35,High,0,4,1,0,15,17,8,2026,1,0,0,2,20,Afternoon,No Alternate Route,15
2026-08-17 15:25:00,17.41239671623523,78.44717105727669,248,42,Moderate,3,1,0,1,15,17,8,2026,1,0,0,2,25,Afternoon,No Alternate Route,5
2026-08-17 15:30:00,17.49511767746668,78.39012830056926,246,58,Moderate,0,3,0,0,15,17,8,2026,1,0,0,2,30,Afternoon,No Alternate Route,5
2026-08-17 15:35:00,17.38535875497535,78.4882205487415,308,32,High,3,0,0,0,15,17,8,2026,1,0,0,2,35,Afternoon,No Alternate Route,15
2026-08-17 15:40:00,17.4241904720416,78.47294318866139,330,22,High,3,4,0,0,15,17,8,2026,1,0,0,2,40,Afternoon,No Alternate Route,15
2026-08-17 15:45:00,17.41321008504896,78.4477584982858,186,47,Moderate,2,1,1,0,15,17,8,2026,1,0,0,2,45,Afternoon,No Alternate Route,5
2026-08-17 15:50:00,17.41194574905949,78.44904981912293,298,48,Moderate,3,1,2,0,15,17,8,2026,1,0,0,2,50,Afternoon,No Alternate Route,5
2026-08-17 15:55:00,17.49426252236587,78.39009358511107,199,42,Moderate,1,3,1,0,15,17,8,2026,1,0,0,2,55,Afternoon,No Alternate Route,5
2026-08-17 16:00:00,17.38486531661363,78.48770045954377,433,23,High,1,0,0,0,16,17,8,2026,1,0,0,2,0,Afternoon,No Alternate Route,15
2026-08-17 16:05:00,17.41064754863151,78.44981631420396,400,22,High,2,1,0,0,16,17,8,2026,1,0,0,2,5,Afternoon,No Alternate Route,15
2026-08-17 16:10:00,17.49576186022745,78.39310773275315,498,30,High,1,3,1,0,16,17,8,2026,1,0,0,2,10,Afternoon,No Alternate Route,15
2026-08-17 16:15:00,17.42266282973575,78.47283153228119,496,20,High,1,4,1,0,16,17,8,2026,1,0,0,2,15,Afternoon,No Alternate Route,15
2026-08-17 16:20:00,17.44909327414221,78.38085391951286,364,28,High,1,2,0,0,16,17,8,2026,1,0,0,2,20,Afternoon,No Alternate Route,15
2026-08-17 16:25:00,17.41298326546357,78.4462933047268,387,22,High,1,1,2,0,16,17,8,2026,1,0,0,2,25,Afternoon,No Alternate Route,15
2026-08-17 16:30:00,17.49620131052752,78.39342964991998,337,20,High,3,3,1,0,16,17,8,2026,1,0,0,2,30,Afternoon,No Alternate Route,15
2026-08-17 16:35:00,17.49311550221364,78.38997245904768,332,35,High,0,3,2,0,16,17,8,2026,1,0,0,2,35,Afternoon,No Alternate Route,15
2026-08-17 16:40:00,17.42535269281755,78.47247865184438,396,31,High,3,4,1,1,16,17,8,2026,1,0,0,2,40,Afternoon,No Alternate Route,15
2026-08-17 16:45:00,17.38455104236441,78.48509148227005,455,30,High,1,0,0,0,16,17,8,2026,1,0,0,2,45,Afternoon,No Alternate Route,15
2026-08-17 16:50:00,17.49501420832902,78.39065169190549,442,22,High,1,3,2,0,16,17,8,2026,1,0,0,2,50,Afternoon,No Alternate Route,15
2026-08-17 16:55:00,17.38506050437513,78.4852881729502,416,23,High,0,0,2,0,16,17,8,2026,1,0,0,2,55,Afternoon,No Alternate Route,15
2026-08-17 17:00:00,17.49409902386282,78.39170135590135,365,33,High,0,3,1,0,17,17,8,2026,1,0,0,0,0,Evening,No Alternate Route,15
2026-08-17 17:05:00,17.42443653148282,78.47494120082136,464,39,High,0,4,1,0,17,17,8,2026,1,0,0,0,5,Evening,No Alternate Route,15
2026-08-17 17:10:00,17.42427799722908,78.47467354521575,460,28,High,3,4,0,0,17,17,8,2026,1,0,0,0,10,Evening,No Alternate Route,15
2026-08-17 17:15:00,17.49280145124687,78.39346042174006,440,25,High,1,3,1,0,17,17,8,2026,1,0,0,0,15,Evening,No Alternate Route,15
2026-08-17 17:20:00,17.45141880077976,78.38131965022464,456,23,High,3,2,0,0,17,17,8,2026,1,0,0,0,20,Evening,No Alternate Route,15
2026-08-17 17:25:00,17.38693246915645,78.48539878971542,391,23,High,1,0,0,0,17,17,8,2026,1,0,0,0,25,Evening,No Alternate Route,15
2026-08-17 17:30:00,17.42261263888853,78.47305917914991,315,38,High,0,4,1,0,17,17,8,2026,1,0,0,0,30,Evening,No Alternate Route,15
2026-08-17 17:35:00,17.4488851555978,78.3813997782041,318,32,High,1,2,2,0,17,17,8,2026,1,0,0,0,35,Evening,No Alternate Route,15
2026-08-17 17:40:00,17.4248440209473,78.47537694867539,340,23,High,2,4,1,0,17,17,8,2026,1,0,0,0,40,Evening,No Alternate Route,15
2026-08-17 17:45:00,17.45001437044622,78.38307955412336,439,32,High,2,2,0,0,17,17,8,2026,1,0,0,0,45,Evening,No Alternate Route,15
2026-08-17 17:50:00,17.49479331816048,78.39315511420297,357,34,High,1,3,1,0,17,17,8,2026,1,0,0,0,50,Evening,No Alternate Route,15
2026-08-17 17:55:00,17.49497569875298,78.39153297197362,390,24,High,2,3,0,0,17,17,8,2026,1,0,0,0,55,Evening,No Alternate Route,15
2026-08-17 18:00:00,17.38423880177212,78.4860024749445,679,13,Severe,1,0,0,0,18,17,8,2026,1,0,0,0,0,Evening,No Alternate Route,30
2026-08-17 18:05:00,17.45235046680651,78.3830359009968,754,10,Severe,1,2,0,0,18,17,8,2026,1,0,0,0,5,Evening,No Alternate Route,30
2026-08-17 18:10:00,17.41410849743765,78.4467905345101,503,28,High,2,1,1,0,18,17,8,2026,1,0,0,0,10,Evening,No Alternate Route,15
2026-08-17 18:15:00,17.38642323955792,78.48845996951411,685,14,Severe,1,0,0,0,18,17,8,2026,1,0,0,0,15,Evening,No Alternate Route,30
2026-08-17 18:20:00,17.49440010674476,78.3921559237975,779,18,Severe,3,3,2,0,18,17,8,2026,1,0,0,0,20,Evening,No Alternate Route,30
2026-08-17 18:25:00,17.38397690222555,78.48586661478882,779,13,Severe,1,0,2,0,18,17,8,2026,1,0,0,0,25,Evening,No Alternate Route,30
2026-08-17 18:30:00,17.38356391174838,78.48609132265585,771,10,Severe,1,0,0,0,18,17,8,2026,1,0,0,0,30,Evening,No Alternate Route,30
2026-08-17 18:35:00,17.41459217184163,78.44683825909756,640,16,Severe,0,1,1,0,18,17,8,2026,1,0,0,0,35,Evening,No Alternate Route,30
2026-08-17 18:40:00,17.49528714333741,78.39348580244169,552,31,High,2,3,0,0,18,17,8,2026,1,0,0,0,40,Evening,No Alternate Route,15
2026-08-17 18:45:00,17.42523621656077,78.47527549278227,760,11,Severe,1,4,2,0,18,17,8,2026,1,0,0,0,45,Evening,No Alternate Route,30
2026-08-17 18:50:00,17.41417139694578,78.44634222182452,715,15,Severe,1,1,2,0,18,17,8,2026,1,0,0,0,50,Evening,No Alternate Route,30
2026-08-17 18:55:00,17.41364505049667,78.44803582437449,750,16,Severe,1,1,1,0,18,17,8,2026,1,0,0,0,55,Evening,No Alternate Route,30
2026-08-17 19:00:00,17.42333977628865,78.4753383415555,643,16,Severe,2,4,1,0,19,17,8,2026,1,0,0,0,0,Evening,No Alternate Route,30
2026-08-17 19:05:00,17.49592357572887,78.39047778117443,634,17,Severe,1,3,2,0,19,17,8,2026,1,0,0,0,5,Evening,No Alternate Route,30
2026-08-17 19:10:00,17.41176427873807,78.44960031137006,688,10,Severe,3,1,1,1,19,17,8,2026,1,0,0,0,10,Evening,No Alternate Route,30
2026-08-17 19:15:00,17.4499796452846,78.3830361687764,777,17,Severe,0,2,2,0,19,17,8,2026,1,0,0,0,15,Evening,No Alternate Route,30
2026-08-17 19:20:00,17.38537902419975,78.48504987580395,643,12,Severe,2,0,2,0,19,17,8,2026,1,0,0,0,20,Evening,No Alternate Route,30
2026-08-17 19:25:00,17.42221716006803,78.4724454079032,757,10,Severe,3,4,0,0,19,17,8,2026,1,0,0,0,25,Evening,No Alternate Route,30
2026-08-17 19:30:00,17.42257778732099,78.47192141697934,558,26,High,1,4,1,0,19,17,8,2026,1,0,0,0,30,Evening,No Alternate Route,15
2026-08-17 19:35:00,17.38677711281854,78.48692484859886,640,20,Severe,2,0,1,0,19,17,8,2026,1,0,0,0,35,Evening,No Alternate Route,30
2026-08-17 19:40:00,17.49381899489106,78.39012677560217,502,38,High,3,3,1,0,19,17,8,2026,1,0,0,0,40,Evening,No Alternate Route,15
2026-08-17 19:45:00,17.49579078170346,78.3930241574289,661,18,Severe,3,3,0,0,19,17,8,2026,1,0,0,0,45,Evening,No Alternate Route,30
2026-08-17 19:50:00,17.41330025164166,78.4464280202737,762,16,Severe,2,1,1,0,19,17,8,2026,1,0,0,0,50,Evening,No Alternate Route,30
2026-08-17 19:55:00,17.49413755951533,78.39318627464007,686,10,Severe,3,3,1,0,19,17,8,2026,1,0,0,0,55,Evening,No Alternate Route,30
2026-08-17 20:00:00,17.49677679169712,78.39224503404435,738,16,Severe,2,3,2,0,20,17,8,2026,1,0,0,0,0,Evening,No Alternate Route,30
2026-08-17 20:05:00,17.42231083035805,78.47337428019617,559,27,High,0,4,1,0,20,17,8,2026,1,0,0,0,5,Evening,No Alternate Route,15
2026-08-17 20:10:00,17.41136002436355,78.4477764463842,621,12,Severe,3,1,0,0,20,17,8,2026,1,0,0,0,10,Evening,No Alternate Route,30
2026-08-17 20:15:00,17.41391644337144,78.44922167168096,517,24,High,1,1,0,0,20,17,8,2026,1,0,0,0,15,Evening,No Alternate Route,15
2026-08-17 20:20:00,17.41241903272853,78.45009639688875,707,12,Severe,0,1,0,0,20,17,8,2026,1,0,0,0,20,Evening,No Alternate Route,30
2026-08-17 20:25:00,17.49603404238459,78.39020697908853,644,17,Severe,2,3,2,0,20,17,8,2026,1,0,0,0,25,Evening,No Alternate Route,30
2026-08-17 20:30:00,17.38504316240721,78.48552216495621,679,17,Severe,0,0,2,0,20,17,8,2026,1,0,0,0,30,Evening,No Alternate Route,30
2026-08-17 20:35:00,17.42471649376618,78.4730783966258,655,18,Severe,1,4,1,0,20,17,8,2026,1,0,0,0,35,Evening,No Alternate Route,30
2026-08-17 20:40:00,17.49547930510624,78.39192238435966,784,14,Severe,1,3,1,0,20,17,8,2026,1,0,0,0,40,Evening,No Alternate Route,30
2026-08-17 20:45:00,17.38505129039453,78.48835948634864,687,20,Severe,0,0,2,0,20,17,8,2026,1,0,0,0,45,Evening,No Alternate Route,30
2026-08-17 20:50:00,17.44985379247708,78.38140237793164,576,39,High,0,2,0,0,20,17,8,2026,1,0,0,0,50,Evening,No Alternate Route,15
2026-08-17 20:55:00,17.49379455904911,78.39175688895705,564,34,High,3,3,0,0,20,17,8,2026,1,0,0,0,55,Evening,No Alternate Route,15
2026-08-17 21:00:00,17.45204892068582,78.38159149954382,133,58,Moderate,2,2,2,0,21,17,8,2026,1,0,0,0,0,Night,No Alternate Route,5
2026-08-17 21:05:00,17.3864058587602,78.48730451503435,105,44,Moderate,1,0,0,0,21,17,8,2026,1,0,0,0,5,Night,No Alternate Route,5
2026-08-17 21:10:00,17.44967666734074,78.38087626287549,113,52,Moderate,2,2,1,0,21,17,8,2026,1,0,0,0,10,Night,No Alternate Route,5
2026-08-17 21:15:00,17.38406603308449,78.48595918615982,98,73,Low,1,0,2,0,21,17,8,2026,1,0,0,0,15,Night,No Alternate Route,0
2026-08-17 21:20:00,17.42429061372587,78.47527053484606,132,53,Moderate,3,4,0,0,21,17,8,2026,1,0,0,0,20,Night,No Alternate Route,5
2026-08-17 21:25:00,17.41143871775587,78.44693077770583,160,40,Moderate,2,1,0,0,21,17,8,2026,1,0,0,0,25,Night,No Alternate Route,5
2026-08-17 21:30:00,17.49440143214334,78.3925705469826,140,60,Moderate,1,3,2,0,21,17,8,2026,1,0,0,0,30,Night,No Alternate Route,5
2026-08-17 21:35:00,17.42394360059089,78.47486630629831,176,51,Moderate,2,4,0,0,21,17,8,2026,1,0,0,0,35,Night,No Alternate Route,5
2026-08-17 21:40:00,17.49327456285805,78.39226216999114,176,42,Moderate,1,3,1,0,21,17,8,2026,1,0,0,0,40,Night,No Alternate Route,5
2026-08-17 21:45:00,17.42482877507306,78.47325864202267,87,79,Low,0,4,1,0,21,17,8,2026,1,0,0,0,45,Night,No Alternate Route,0
2026-08-17 21:50:00,17.38379045105605,78.48641036446885,134,57,Moderate,3,0,2,0,21,17,8,2026,1,0,0,0,50,Night,No Alternate Route,5
2026-08-17 21:55:00,17.41354734138695,78.44929736232012,88,64,Low,0,1,2,0,21,17,8,2026,1,0,0,0,55,Night,No Alternate Route,0
2026-08-17 22:00:00,17.41145104388708,78.44873305687432,100,64,Low,0,1,1,0,22,17,8,2026,1,0,0,2,0,Night,No Alternate Route,0
2026-08-17 22:05:00,17.45046383263618,78.38138833691067,115,48,Moderate,3,2,1,0,22,17,8,2026,1,0,0,2,5,Night,No Alternate Route,5
2026-08-17 22:10:00,17.38514278951129,78.48503049331238,164,57,Moderate,1,0,0,0,22,17,8,2026,1,0,0,2,10,Night,No Alternate Route,5
2026-08-17 22:15:00,17.45205712422873,78.38218463182679,98,71,Low,1,2,2,0,22,17,8,2026,1,0,0,2,15,Night,No Alternate Route,0
2026-08-17 22:20:00,17.42422275973371,78.47466487766958,154,47,Moderate,3,4,0,0,22,17,8,2026,1,0,0,2,20,Night,No Alternate Route,5
2026-08-17 22:25:00,17.45003298750552,78.38323982032472,114,45,Moderate,2,2,0,0,22,17,8,2026,1,0,0,2,25,Night,No Alternate Route,5
2026-08-17 22:30:00,17.44894772656023,78.38199777717486,159,53,Moderate,3,2,1,0,22,17,8,2026,1,0,0,2,30,Night,No Alternate Route,5
2026-08-17 22:35:00,17.49551966238397,78.39200764930571,117,40,Moderate,1,3,1,0,22,17,8,2026,1,0,0,2,35,Night,No Alternate Route,5
2026-08-17 22:40:00,17.423802021924,78.4727581375405,106,50,Moderate,2,4,1,0,22,17,8,2026,1,0,0,2,40,Night,No Alternate Route,5
2026-08-17 22:45:00,17.38435408092332,78.48698636306968,117,46,Moderate,1,0,2,0,22,17,8,2026,1,0,0,2,45,Night,No Alternate Route,5
2026-08-17 22:50:00,17.38401800372791,78.48770878885105,141,53,Moderate,2,0,1,0,22,17,8,2026,1,0,0,2,50,Night,No Alternate Route,5
2026-08-17 22:55:00,17.42299656191665,78.47435201841243,172,47,Moderate,2,4,0,0,22,17,8,2026,1,0,0,2,55,Night,No Alternate Route,5
2026-08-17 23:00:00,17.4247282480735,78.47409557522684,133,60,Moderate,3,4,2,0,23,17,8,2026,1,0,0,2,0,Night,No Alternate Route,5
2026-08-17 23:05:00,17.45178034605948,78.38417990805195,161,40,Moderate,0,2,1,0,23,17,8,2026,1,0,0,2,5,Night,No Alternate Route,5
2026-08-17 23:10:00,17.44975332213093,78.38145534144381,90,60,Low,1,2,1,0,23,17,8,2026,1,0,0,2,10,Night,No Alternate Route,0
2026-08-17 23:15:00,17.41372740070965,78.44830448539753,139,50,Moderate,0,1,1,0,23,17,8,2026,1,0,0,2,15,Night,No Alternate Route,5
2026-08-17 23:20:00,17.49580946839553,78.39263147577368,145,48,Moderate,3,3,2,0,23,17,8,2026,1,0,0,2,20,Night,No Alternate Route,5
2026-08-17 23:25:00,17.38669868501952,78.48689280662052,116,43,Moderate,3,0,2,0,23,17,8,2026,1,0,0,2,25,Night,No Alternate Route,5
2026-08-17 23:30:00,17.42213041631517,78.47404181655928,148,48,Moderate,3,4,2,0,23,17,8,2026,1,0,0,2,30,Night,No Alternate Route,5
2026-08-17 23:35:00,17.42532545790024,78.47539545629975,145,56,Moderate,1,4,1,0,23,17,8,2026,1,0,0,2,35,Night,No Alternate Route,5
2026-08-17 23:40:00,17.41262045439105,78.44823193426473,176,50,Moderate,2,1,1,0,23,17,8,2026,1,0,0,2,40,Night,No Alternate Route,5
2026-08-17 23:45:00,17.49410770582829,78.39368190711946,102,55,Moderate,1,3,0,0,23,17,8,2026,1,0,0,2,45,Night,No Alternate Route,5
2026-08-17 23:50:00,17.38513423781254,78.48724490204063,160,57,Moderate,0,0,2,0,23,17,8,2026,1,0,0,2,50,Night,No Alternate Route,5
2026-08-17 23:55:00,17.4117056913877,78.448258310405,105,48,Moderate,2,1,1,0,23,17,8,2026,1,0,0,2,55,Night,No Alternate Route,5
2026-08-18 00:00:00,17.42419314660724,78.47230367232753,45,67,Low,0,4,1,0,0,18,8,2026,5,1,0,2,0,Night,No Alternate Route,0
2026-08-18 00:05:00,17.49478172737548,78.39233263086795,76,74,Low,1,3,2,0,0,18,8,2026,5,1,0,2,5,Night,No Alternate Route,0
2026-08-18 00:10:00,17.49568284537009,78.39109538371166,28,71,Low,3,3,2,0,0,18,8,2026,5,1,0,2,10,Night,No Alternate Route,0
2026-08-18 00:15:00,17.44886929909499,78.38079478503813,58,62,Low,3,2,0,0,0,18,8,2026,5,1,0,2,15,Night,No Alternate Route,0
2026-08-18 00:20:00,17.41195705873902,78.4487888778158,36,67,Low,2,1,1,1,0,18,8,2026,5,1,0,2,20,Night,No Alternate Route,0
2026-08-18 00:25:00,17.41193078284077,78.44682906539354,38,63,Low,1,1,1,0,0,18,8,2026,5,1,0,2,25,Night,No Alternate Route,0
2026-08-18 00:30:00,17.41122231442491,78.44967055479519,27,76,Low,2,1,2,0,0,18,8,2026,5,1,0,2,30,Night,No Alternate Route,0
2026-08-18 00:35:00,17.45134394876525,78.38178185769333,31,64,Low,3,2,1,0,0,18,8,2026,5,1,0,2,35,Night,No Alternate Route,0
2026-08-18 00:40:00,17.42391353983578,78.47457735536041,27,74,Low,1,4,1,0,0,18,8,2026,5,1,0,2,40,Night,No Alternate Route,0
2026-08-18 00:45:00,17.44931640953598,78.3834301116597,32,65,Low,2,2,1,0,0,18,8,2026,5,1,0,2,45,Night,No Alternate Route,0
2026-08-18 00:50:00,17.38652532018128,78.48795098299881,78,75,Low,2,0,1,0,0,18,8,2026,5,1,0,2,50,Night,No Alternate Route,0
2026-08-18 00:55:00,17.45100581071032,78.38382747394107,59,61,Low,2,2,1,0,0,18,8,2026,5,1,0,2,55,Night,No Alternate Route,0
2026-08-18 01:00:00,17.41435042939761,78.44859632923902,33,79,Low,2,1,0,0,1,18,8,2026,5,1,0,2,0,Night,No Alternate Route,0
2026-08-18 01:05:00,17.38323697712208,78.48674699900427,45,71,Low,2,0,1,0,1,18,8,2026,5,1,0,2,5,Night,No Alternate Route,0
2026-08-18 01:10:00,17.42382385515004,78.47424419629185,44,62,Low,1,4,0,0,1,18,8,2026,5,1,0,2,10,Night,No Alternate Route,0
2026-08-18 01:15:00,17.41350323438985,78.44907995368256,77,70,Low,1,1,0,0,1,18,8,2026,5,1,0,2,15,Night,No Alternate Route,0
2026-08-18 01:20:00,17.41130585669771,78.44769702880183,57,67,Low,3,1,2,0,1,18,8,2026,5,1,0,2,20,Night,No Alternate Route,0
2026-08-18 01:25:00,17.38533807423276,78.48690622176791,30,65,Low,2,0,2,0,1,18,8,2026,5,1,0,2,25,Night,No Alternate Route,0
2026-08-18 01:30:00,17.38331929929054,78.48748805704865,60,60,Low,0,0,2,0,1,18,8,2026,5,1,0,2,30,Night,No Alternate Route,0
2026-08-18 01:35:00,17.38560349862178,78.4882142800117,60,78,Low,1,0,1,0,1,18,8,2026,5,1,0,2,35,Night,No Alternate Route,0
2026-08-18 01:40:00,17.41107735604241,78.4471593694731,76,80,Low,0,1,0,1,1,18,8,2026,5,1,0,2,40,Night,No Alternate Route,0
2026-08-18 01:45:00,17.42365010434585,78.47465725048059,68,60,Low,1,4,2,0,1,18,8,2026,5,1,0,2,45,Night,No Alternate Route,0
2026-08-18 01:50:00,17.49645779080888,78.3919890629938,79,74,Low,2,3,2,0,1,18,8,2026,5,1,0,2,50,Night,No Alternate Route,0
2026-08-18 01:55:00,17.42328274066994,78.4748836664624,63,65,Low,2,4,0,0,1,18,8,2026,5,1,0,2,55,Night,No Alternate Route,0
2026-08-18 02:00:00,17.38533823881042,78.48756377980347,74,80,Low,3,0,1,0,2,18,8,2026,5,1,0,2,0,Night,No Alternate Route,0
2026-08-18 02:05:00,17.38581012006249,78.48551580134313,25,70,Low,3,0,2,0,2,18,8,2026,5,1,0,2,5,Night,No Alternate Route,0
2026-08-18 02:10:00,17.38363440962311,78.48816641646992,54,75,Low,2,0,0,0,2,18,8,2026,5,1,0,2,10,Night,No Alternate Route,0
2026-08-18 02:15:00,17.42341587306137,78.47196337129856,45,68,Low,3,4,0,0,2,18,8,2026,5,1,0,2,15,Night,No Alternate Route,0
2026-08-18 02:20:00,17.45099481674152,78.38235002454915,73,79,Low,2,2,0,0,2,18,8,2026,5,1,0,2,20,Night,No Alternate Route,0
2026-08-18 02:25:00,17.45080489725155,78.38340629514842,63,72,Low,3,2,1,0,2,18,8,2026,5,1,0,2,25,Night,No Alternate Route,0
2026-08-18 02:30:00,17.41209995930795,78.4480002258722,22,72,Low,1,1,2,0,2,18,8,2026,5,1,0,2,30,Night,No Alternate Route,0
2026-08-18 02:35:00,17.38381372447766,78.48485270677307,41,79,Low,0,0,1,0,2,18,8,2026,5,1,0,2,35,Night,No Alternate Route,0
2026-08-18 02:40:00,17.42573346869123,78.47413438146594,39,80,Low,2,4,1,0,2,18,8,2026,5,1,0,2,40,Night,No Alternate Route,0
2026-08-18 02:45:00,17.4504635201317,78.38157168095579,53,69,Low,1,2,2,0,2,18,8,2026,5,1,0,2,45,Night,No Alternate Route,0
2026-08-18 02:50:00,17.38397145735739,78.4874975841633,39,62,Low,1,0,1,0,2,18,8,2026,5,1,0,2,50,Night,No Alternate Route,0
2026-08-18 02:55:00,17.41083679122388,78.44932749231552,26,68,Low,3,1,1,0,2,18,8,2026,5,1,0,2,55,Night,No Alternate Route,0
2026-08-18 03:00:00,17.38434334132226,78.48810495298372,22,68,Low,2,0,1,1,3,18,8,2026,5,1,0,2,0,Night,No Alternate Route,0
2026-08-18 03:05:00,17.49620849271111,78.39306095602214,75,65,Low,1,3,1,1,3,18,8,2026,5,1,0,2,5,Night,No Alternate Route,0
2026-08-18 03:10:00,17.38482225673957,78.4857987431597,49,69,Low,0,0,0,0,3,18,8,2026,5,1,0,2,10,Night,No Alternate Route,0
2026-08-18 03:15:00,17.45058950433841,78.38441179065924,43,77,Low,0,2,1,0,3,18,8,2026,5,1,0,2,15,Night,No Alternate Route,0
2026-08-18 03:20:00,17.45151638997837,78.38226683881044,74,60,Low,3,2,2,0,3,18,8,2026,5,1,0,2,20,Night,No Alternate Route,0
2026-08-18 03:25:00,17.49548656548983,78.39159794619106,55,61,Low,3,3,0,0,3,18,8,2026,5,1,0,2,25,Night,No Alternate Route,0
2026-08-18 03:30:00,17.49400349210255,78.39272787194149,73,60,Low,3,3,0,0,3,18,8,2026,5,1,0,2,30,Night,No Alternate Route,0
2026-08-18 03:35:00,17.4945083911117,78.39170159836222,55,71,Low,2,3,1,0,3,18,8,2026,5,1,0,2,35,Night,No Alternate Route,0
2026-08-18 03:40:00,17.44896286074204,78.38112913028517,76,62,Low,0,2,2,0,3,18,8,2026,5,1,0,2,40,Night,No Alternate Route,0
2026-08-18 03:45:00,17.38436929962833,78.4880829252752,67,62,Low,3,0,0,0,3,18,8,2026,5,1,0,2,45,Night,No Alternate Route,0
2026-08-18 03:50:00,17.45165272866716,78.38452855738977,68,78,Low,2,2,0,0,3,18,8,2026,5,1,0,2,50,Night,No Alternate Route,0
2026-08-18 03:55:00,17.45071361658306,78.38183375981293,62,76,Low,3,2,2,0,3,18,8,2026,5,1,0,2,55,Night,No Alternate Route,0
2026-08-18 04:00:00,17.45155705567614,78.38272353857099,49,60,Low,2,2,2,0,4,18,8,2026,5,1,0,2,0,Night,No Alternate Route,0
2026-08-18 04:05:00,17.44997035646671,78.38217623954046,37,79,Low,0,2,2,0,4,18,8,2026,5,1,0,2,5,Night,No Alternate Route,0
2026-08-18 04:10:00,17.44904629002682,78.38103010579319,46,68,Low,1,2,2,0,4,18,8,2026,5,1,0,2,10,Night,No Alternate Route,0
2026-08-18 04:15:00,17.38569919262008,78.486957678496,37,67,Low,0,0,2,0,4,18,8,2026,5,1,0,2,15,Night,No Alternate Route,0
2026-08-18 04:20:00,17.42426591378163,78.47218273725515,57,61,Low,1,4,1,0,4,18,8,2026,5,1,0,2,20,Night,No Alternate Route,0
2026-08-18 04:25:00,17.4220053037783,78.47301470966244,77,62,Low,1,4,2,0,4,18,8,2026,5,1,0,2,25,Night,No Alternate Route,0
2026-08-18 04:30:00,17.49637241937921,78.3929227110053,48,63,Low,0,3,2,0,4,18,8,2026,5,1,0,2,30,Night,No Alternate Route,0
2026-08-18 04:35:00,17.4956984728016,78.39213230830836,39,79,Low,0,3,0,0,4,18,8,2026,5,1,0,2,35,Night,No Alternate Route,0
2026-08-18 04:40:00,17.42446044025761,78.47481899503913,52,61,Low,2,4,0,1,4,18,8,2026,5,1,0,2,40,Night,No Alternate Route,0
2026-08-18 04:45:00,17.42465550773726,78.47378883696395,47,63,Low,3,4,1,0,4,18,8,2026,5,1,0,2,45,Night,No Alternate Route,0
2026-08-18 04:50:00,17.38353435075516,78.48613148502004,63,66,Low,0,0,0,0,4,18,8,2026,5,1,0,2,50,Night,No Alternate Route,0
2026-08-18 04:55:00,17.41455998506763,78.44669061424071,54,64,Low,0,1,2,0,4,18,8,2026,5,1,0,2,55,Night,No Alternate Route,0
2026-08-18 05:00:00,17.38626776073013,78.4862243475797,119,60,Moderate,2,0,1,0,5,18,8,2026,5,1,0,2,0,Morning,No Alternate Route,5
2026-08-18 05:05:00,17.49430172547806,78.3912212863154,101,50,Moderate,2,3,1,0,5,18,8,2026,5,1,0,2,5,Morning,No Alternate Route,5
2026-08-18 05:10:00,17.49285466097808,78.39363143452206,171,52,Moderate,3,3,0,0,5,18,8,2026,5,1,0,2,10,Morning,No Alternate Route,5
2026-08-18 05:15:00,17.383300916634,78.48769783738646,104,54,Moderate,1,0,0,0,5,18,8,2026,5,1,0,2,15,Morning,No Alternate Route,5
2026-08-18 05:20:00,17.45044955901131,78.381108654718,142,52,Moderate,2,2,2,0,5,18,8,2026,5,1,0,2,20,Morning,No Alternate Route,5
2026-08-18 05:25:00,17.42279411821981,78.47288111827427,155,49,Moderate,0,4,1,0,5,18,8,2026,5,1,0,2,25,Morning,No Alternate Route,5
2026-08-18 05:30:00,17.42229026645091,78.47327148120287,142,57,Moderate,1,4,2,0,5,18,8,2026,5,1,0,2,30,Morning,No Alternate Route,5
2026-08-18 05:35:00,17.4145881917043,78.44801743090707,100,78,Low,0,1,0,0,5,18,8,2026,5,1,0,2,35,Morning,No Alternate Route,0
2026-08-18 05:40:00,17.38536216683065,78.4879245648516,86,66,Low,3,0,0,0,5,18,8,2026,5,1,0,2,40,Morning,No Alternate Route,0
2026-08-18 05:45:00,17.38625387441277,78.4850343540172,139,52,Moderate,3,0,1,0,5,18,8,2026,5,1,0,2,45,Morning,No Alternate Route,5
2026-08-18 05:50:00,17.4487889052006,78.38230211810664,129,49,Moderate,3,2,1,0,5,18,8,2026,5,1,0,2,50,Morning,No Alternate Route,5
2026-08-18 05:55:00,17.41092308026401,78.44759268100165,127,53,Moderate,2,1,1,0,5,18,8,2026,5,1,0,2,55,Morning,No Alternate Route,5
2026-08-18 06:00:00,17.49300802063465,78.39326135220423,151,52,Moderate,1,3,0,0,6,18,8,2026,5,1,0,2,0,Morning,No Alternate Route,5
2026-08-18 06:05:00,17.38579341249129,78.48636636610298,174,42,Moderate,1,0,1,0,6,18,8,2026,5,1,0,2,5,Morning,No Alternate Route,5
2026-08-18 06:10:00,17.42552066929537,78.47247189291951,109,43,Moderate,0,4,2,0,6,18,8,2026,5,1,0,2,10,Morning,No Alternate Route,5
2026-08-18 06:15:00,17.41327492268303,78.44816228655743,98,71,Low,3,1,1,0,6,18,8,2026,5,1,0,2,15,Morning,No Alternate Route,0
2026-08-18 06:20:00,17.38480513907052,78.48864664516697,128,60,Moderate,1,0,2,0,6,18,8,2026,5,1,0,2,20,Morning,No Alternate Route,5
2026-08-18 06:25:00,17.49405354574427,78.39366311801803,147,50,Moderate,1,3,2,0,6,18,8,2026,5,1,0,2,25,Morning,No Alternate Route,5
2026-08-18 06:30:00,17.44918058161304,78.38185018661461,94,65,Low,2,2,2,0,6,18,8,2026,5,1,0,2,30,Morning,No Alternate Route,0
2026-08-18 06:35:00,17.38692172973569,78.48736145575043,107,40,Moderate,2,0,1,0,6,18,8,2026,5,1,0,2,35,Morning,No Alternate Route,5
2026-08-18 06:40:00,17.3858464482745,78.48763065920295,101,40,Moderate,3,0,2,0,6,18,8,2026,5,1,0,2,40,Morning,No Alternate Route,5
2026-08-18 06:45:00,17.42438329860181,78.47305458253084,156,43,Moderate,2,4,0,0,6,18,8,2026,5,1,0,2,45,Morning,No Alternate Route,5
2026-08-18 06:50:00,17.38474880728454,78.48566736922541,122,43,Moderate,0,0,2,0,6,18,8,2026,5,1,0,2,50,Morning,No Alternate Route,5
2026-08-18 06:55:00,17.42325538547654,78.47542168620929,155,60,Moderate,1,4,2,0,6,18,8,2026,5,1,0,2,55,Morning,No Alternate Route,5
2026-08-18 07:00:00,17.42295268629061,78.472129262658,462,26,High,0,4,2,0,7,18,8,2026,5,1,0,1,0,Morning,No Alternate Route,15
2026-08-18 07:05:00,17.42252721825836,78.47211213865612,579,33,High,0,4,0,0,7,18,8,2026,5,1,0,1,5,Morning,No Alternate Route,15
2026-08-18 07:10:00,17.38658963074306,78.48568836053936,540,35,High,0,0,0,0,7,18,8,2026,5,1,0,1,10,Morning,No Alternate Route,15
2026-08-18 07:15:00,17.38459244959279,78.48831958091984,533,28,High,0,0,1,0,7,18,8,2026,5,1,0,1,15,Morning,No Alternate Route,15
2026-08-18 07:20:00,17.38597988964681,78.48481100747898,530,30,High,3,0,2,0,7,18,8,2026,5,1,0,1,20,Morning,No Alternate Route,15
2026-08-18 07:25:00,17.38378801868321,78.48789085054288,639,19,Severe,2,0,2,0,7,18,8,2026,5,1,0,1,25,Morning,No Alternate Route,30
2026-08-18 07:30:00,17.42258557098425,78.47577211566531,686,10,Severe,1,4,2,0,7,18,8,2026,5,1,0,1,30,Morning,No Alternate Route,30
2026-08-18 07:35:00,17.4511418667256,78.38137801772035,693,17,Severe,1,2,1,0,7,18,8,2026,5,1,0,1,35,Morning,No Alternate Route,30
2026-08-18 07:40:00,17.45073466131537,78.38165437019333,678,13,Severe,2,2,1,0,7,18,8,2026,5,1,0,1,40,Morning,No Alternate Route,30
2026-08-18 07:45:00,17.4523626893757,78.38312238363235,564,32,High,0,2,0,0,7,18,8,2026,5,1,0,1,45,Morning,No Alternate Route,15
2026-08-18 07:50:00,17.4495917708015,78.3825060972552,677,11,Severe,1,2,2,0,7,18,8,2026,5,1,0,1,50,Morning,No Alternate Route,30
2026-08-18 07:55:00,17.4123289892547,78.44738060679767,587,32,High,3,1,0,0,7,18,8,2026,5,1,0,1,55,Morning,No Alternate Route,15
2026-08-18 08:00:00,17.49409547820821,78.3906376797529,591,38,High,2,3,1,0,8,18,8,2026,5,1,0,1,0,Morning,No Alternate Route,15
2026-08-18 08:05:00,17.4131415236548,78.44840823853642,562,21,High,1,1,0,0,8,18,8,2026,5,1,0,1,5,Morning,No Alternate Route,15
2026-08-18 08:10:00,17.45108112186317,78.38157423592678,459,31,High,3,2,1,0,8,18,8,2026,5,1,0,1,10,Morning,No Alternate Route,15
2026-08-18 08:15:00,17.42452818314486,78.47289614344467,514,21,High,3,4,2,0,8,18,8,2026,5,1,0,1,15,Morning,No Alternate Route,15
2026-08-18 08:20:00,17.4128596176796,78.44844426218982,528,24,High,0,1,1,0,8,18,8,2026,5,1,0,1,20,Morning,No Alternate Route,15
2026-08-18 08:25:00,17.38678726791988,78.48649621833829,456,25,High,2,0,1,0,8,18,8,2026,5,1,0,1,25,Morning,No Alternate Route,15
2026-08-18 08:30:00,17.42504681208849,78.47370299004392,603,17,Severe,2,4,2,0,8,18,8,2026,5,1,0,1,30,Morning,No Alternate Route,30
2026-08-18 08:35:00,17.44874920453993,78.38220612317181,590,26,High,2,2,1,0,8,18,8,2026,5,1,0,1,35,Morning,No Alternate Route,15
